node_id	pagerank	tpagerank_ntr	tpagerank_ntk
0	0.000019480539583	0.000019452367441	0.000019480539583
1	0.000433442005726	0.000432815175558	0.000433442005726
2	0.000019480539583	0.000019452367441	0.000019480539583
3	0.000019480539583	0.000019452367441	0.000019480539583
4	0.000019480539583	0.000019452367441	0.000019480539583
5	0.000019480539583	0.000019452367441	0.000019480539583
6	0.000019480539583	0.000019452367441	0.000019480539583
7	0.000019480539583	0.000019452367441	0.000019480539583
8	0.000019480539583	0.000019452367441	0.000019480539583
9	0.000019480539583	0.000019452367441	0.000019480539583
10	0.000019480539583	0.000019452367441	0.000019480539583
11	0.000019480539583	0.000019452367441	0.000019480539583
12	0.000019480539583	0.000019452367441	0.000019480539583
13	0.000019480539583	0.000019452367441	0.000019480539583
14	0.000019480539583	0.000019452367441	0.000019480539583
15	0.000019480539583	0.000019452367441	0.000019480539583
16	0.000019480539583	0.000019452367441	0.000019480539583
17	0.000019480539583	0.000019452367441	0.000019480539583
18	0.000019480539583	0.000019452367441	0.000019480539583
19	0.000019480539583	0.000019452367441	0.000019480539583
20	0.000019480539583	0.000019452367441	0.000019480539583
21	0.000019480539583	0.000019452367441	0.000019480539583
22	0.000019480539583	0.000019452367441	0.000019480539583
23	0.000019480539583	0.000019452367441	0.000019480539583
24	0.000019480539583	0.000019452367441	0.000019480539583
25	0.000019480539583	0.000019452367441	0.000019480539583
26	0.000019480539583	0.000019452367441	0.000019480539583
27	0.001056610998104	0.001055082960579	0.001056610998104
28	0.000019480539583	0.000019452367441	0.000019480539583
29	0.000019480539583	0.000019452367441	0.000019480539583
30	0.000019480539583	0.000019452367441	0.000019480539583
31	0.000019480539583	0.000019452367441	0.000019480539583
32	0.000019480539583	0.000019452367441	0.000019480539583
33	0.000019480539583	0.000019452367441	0.000019480539583
34	0.000019480539583	0.000019452367441	0.000019480539583
35	0.000019480539583	0.000019452367441	0.000019480539583
36	0.000019480539583	0.000019452367441	0.000019480539583
37	0.000019480539583	0.000019452367441	0.000019480539583
38	0.000019480539583	0.000019452367441	0.000019480539583
39	0.000019480539583	0.000019452367441	0.000019480539583
40	0.000019480539583	0.000019452367441	0.000019480539583
41	0.000019480539583	0.000019452367441	0.000019480539583
42	0.000019480539583	0.000019452367441	0.000019480539583
43	0.000019480539583	0.000019452367441	0.000019480539583
44	0.000019480539583	0.000019452367441	0.000019480539583
45	0.000019480539583	0.000019452367441	0.000019480539583
46	0.000019480539583	0.000019452367441	0.000019480539583
47	0.000019480539583	0.000019452367441	0.000019480539583
48	0.000019480539583	0.000019452367441	0.000019480539583
49	0.000019480539583	0.000019452367441	0.000019480539583
50	0.000019480539583	0.000019452367441	0.000019480539583
51	0.000019480539583	0.000019452367441	0.000019480539583
52	0.000019480539583	0.000019452367441	0.000019480539583
53	0.000019480539583	0.000019452367441	0.000019480539583
54	0.000019480539583	0.000019452367441	0.000019480539583
55	0.000019480539583	0.000019452367441	0.000019480539583
56	0.000019480539583	0.000019452367441	0.000019480539583
57	0.000019480539583	0.000019452367441	0.000019480539583
58	0.000036038998229	0.000035986879765	0.000036038998229
59	0.000019480539583	0.000019452367441	0.000019480539583
60	0.000036038998229	0.000035986879765	0.000036038998229
61	0.000019480539583	0.000019452367441	0.000019480539583
62	0.000052597456875	0.000052521392090	0.000052597456875
63	0.000019480539583	0.000019452367441	0.000019480539583
64	0.000036038998229	0.000035986879765	0.000036038998229
65	0.000033879199275	0.000033830204245	0.000033879199275
66	0.000033879199275	0.000033830204245	0.000033879199275
67	0.000019480539583	0.000019452367441	0.000019480539583
68	0.000089610476269	0.000086348238158	0.000089610476269
69	0.000019480539583	0.000019452367441	0.000019480539583
70	0.000019480539583	0.000019452367441	0.000019480539583
71	0.000036038998229	0.000035986879765	0.000036038998229
72	0.000019480539583	0.000019452367441	0.000019480539583
73	0.000036038998229	0.000035986879765	0.000036038998229
74	0.000019480539583	0.000019452367441	0.000019480539583
75	0.000067257756856	0.000067113831826	0.000067257756856
76	0.000019480539583	0.000019452367441	0.000019480539583
77	0.000052597456875	0.000052521392090	0.000052597456875
78	0.000019480539583	0.000019452367441	0.000019480539583
79	0.000019480539583	0.000019452367441	0.000019480539583
80	0.000122825867789	0.000122478960249	0.000122825867789
81	0.000019480539583	0.000019452367441	0.000019480539583
82	0.000019480539583	0.000019452367441	0.000019480539583
83	0.000108004301482	0.000106190357176	0.000108004301482
84	0.000235622197477	0.000225529966383	0.000235622197477
85	0.000019480539583	0.000019452367441	0.000019480539583
86	0.000019480539583	0.000019452367441	0.000019480539583
87	0.000249590709305	0.000266260449410	0.000249590709305
88	0.000019480539583	0.000019452367441	0.000019480539583
89	0.000117301277768	0.000117131640357	0.000117301277768
90	0.000036038998229	0.000035986879765	0.000036038998229
91	0.000034797113830	0.000034746791341	0.000034797113830
92	0.000019480539583	0.000019452367441	0.000019480539583
93	0.000286088972173	0.000284947031838	0.000286088972173
94	0.000019480539583	0.000019452367441	0.000019480539583
95	0.000019480539583	0.000019452367441	0.000019480539583
96	0.000019480539583	0.000019452367441	0.000019480539583
97	0.000019480539583	0.000019452367441	0.000019480539583
98	0.000019480539583	0.000019452367441	0.000019480539583
99	0.000019480539583	0.000019452367441	0.000019480539583
100	0.000019480539583	0.000019452367441	0.000019480539583
101	0.000019480539583	0.000019452367441	0.000019480539583
102	0.000019480539583	0.000019452367441	0.000019480539583
103	0.000019480539583	0.000019452367441	0.000019480539583
104	0.000019480539583	0.000019452367441	0.000019480539583
105	0.000019480539583	0.000019452367441	0.000019480539583
106	0.000019480539583	0.000019452367441	0.000019480539583
107	0.000019480539583	0.000019452367441	0.000019480539583
108	0.000019480539583	0.000019452367441	0.000019480539583
109	0.000036038998229	0.000035986879765	0.000036038998229
110	0.000019480539583	0.000019452367441	0.000019480539583
111	0.000036038998229	0.000035986879765	0.000036038998229
112	0.000053041570433	0.000052964863385	0.000053041570433
113	0.000019480539583	0.000019452367441	0.000019480539583
114	0.000036038998229	0.000035986879765	0.000036038998229
115	0.000034831610619	0.000034781238242	0.000034831610619
116	0.000019480539583	0.000019452367441	0.000019480539583
117	0.000150587904583	0.000150184998699	0.000150587904583
118	0.000019480539583	0.000019452367441	0.000019480539583
119	0.000036038998229	0.000035986879765	0.000036038998229
120	0.000019480539583	0.000019452367441	0.000019480539583
121	0.000071627590316	0.000071042159161	0.000071627590316
122	0.000019480539583	0.000019452367441	0.000019480539583
123	0.000133128082453	0.000132807153186	0.000133128082453
124	0.000019480539583	0.000019452367441	0.000019480539583
125	0.000280616345530	0.000273999469471	0.000280616345530
126	0.000019480539583	0.000019452367441	0.000019480539583
127	0.000355133290791	0.000354619708219	0.000355133290791
128	0.000019480539583	0.000019452367441	0.000019480539583
129	0.000019480539583	0.000019452367441	0.000019480539583
130	0.000019480539583	0.000019452367441	0.000019480539583
131	0.000019480539583	0.000019452367441	0.000019480539583
132	0.000019480539583	0.000019452367441	0.000019480539583
133	0.000019480539583	0.000019452367441	0.000019480539583
134	0.000019480539583	0.000019452367441	0.000019480539583
135	0.000019480539583	0.000019452367441	0.000019480539583
136	0.000019480539583	0.000019452367441	0.000019480539583
137	0.000019480539583	0.000019452367441	0.000019480539583
138	0.000019480539583	0.000019452367441	0.000019480539583
139	0.000019480539583	0.000019452367441	0.000019480539583
140	0.000019480539583	0.000019452367441	0.000019480539583
141	0.000019480539583	0.000019452367441	0.000019480539583
142	0.000019480539583	0.000019452367441	0.000019480539583
143	0.000019480539583	0.000019452367441	0.000019480539583
144	0.000019480539583	0.000019452367441	0.000019480539583
145	0.000035058378851	0.000045643788673	0.000035058378851
146	0.000201595566989	0.000246507493950	0.000201595566989
147	0.000019480539583	0.000019452367441	0.000019480539583
148	0.000035058378851	0.000045643788673	0.000035058378851
149	0.000019480539583	0.000019452367441	0.000019480539583
150	0.000019480539583	0.000019452367441	0.000019480539583
151	0.000223433886182	0.000235764536957	0.000223433886182
152	0.000019480539583	0.000019452367441	0.000019480539583
153	0.000035058378851	0.000045643788673	0.000035058378851
154	0.000019480539583	0.000019452367441	0.000019480539583
155	0.000090228888090	0.000088053906742	0.000090228888090
156	0.000019480539583	0.000019452367441	0.000019480539583
157	0.000433442005726	0.000432815175558	0.000433442005726
158	0.000019480539583	0.000019452367441	0.000019480539583
159	0.000019480539583	0.000019452367441	0.000019480539583
160	0.000019480539583	0.000019452367441	0.000019480539583
161	0.000019480539583	0.000019452367441	0.000019480539583
162	0.000019480539583	0.000019452367441	0.000019480539583
163	0.000019480539583	0.000019452367441	0.000019480539583
164	0.000019480539583	0.000019452367441	0.000019480539583
165	0.000019480539583	0.000019452367441	0.000019480539583
166	0.000019480539583	0.000019452367441	0.000019480539583
167	0.000019480539583	0.000019452367441	0.000019480539583
168	0.000019480539583	0.000019452367441	0.000019480539583
169	0.000019480539583	0.000019452367441	0.000019480539583
170	0.000019480539583	0.000019452367441	0.000019480539583
171	0.000019480539583	0.000019452367441	0.000019480539583
172	0.000019480539583	0.000019452367441	0.000019480539583
173	0.000019480539583	0.000019452367441	0.000019480539583
174	0.000019480539583	0.000019452367441	0.000019480539583
175	0.000019480539583	0.000019452367441	0.000019480539583
176	0.000019480539583	0.000019452367441	0.000019480539583
177	0.000019480539583	0.000019452367441	0.000019480539583
178	0.000019480539583	0.000019452367441	0.000019480539583
179	0.000019480539583	0.000019452367441	0.000019480539583
180	0.000019480539583	0.000019452367441	0.000019480539583
181	0.000019480539583	0.000019452367441	0.000019480539583
182	0.000019480539583	0.000019452367441	0.000019480539583
183	0.000019480539583	0.000019452367441	0.000019480539583
184	0.000019480539583	0.000019452367441	0.000019480539583
185	0.000019480539583	0.000019452367441	0.000019480539583
186	0.000085714374166	0.000085590416739	0.000085714374166
187	0.000019480539583	0.000019452367441	0.000019480539583
188	0.000019480539583	0.000019452367441	0.000019480539583
189	0.000019480539583	0.000019452367441	0.000019480539583
190	0.000019480539583	0.000019452367441	0.000019480539583
191	0.000019480539583	0.000019452367441	0.000019480539583
192	0.000019480539583	0.000019452367441	0.000019480539583
193	0.000036038998229	0.000035986879765	0.000036038998229
194	0.000019480539583	0.000019452367441	0.000019480539583
195	0.000019480539583	0.000019452367441	0.000019480539583
196	0.000251298960623	0.000250935539986	0.000251298960623
197	0.000019480539583	0.000019452367441	0.000019480539583
198	0.000019480539583	0.000019452367441	0.000019480539583
199	0.000019480539583	0.000019452367441	0.000019480539583
200	0.000019480539583	0.000019452367441	0.000019480539583
201	0.000019480539583	0.000019452367441	0.000019480539583
202	0.000019480539583	0.000019452367441	0.000019480539583
203	0.000019480539583	0.000019452367441	0.000019480539583
204	0.000019480539583	0.000019452367441	0.000019480539583
205	0.000019480539583	0.000019452367441	0.000019480539583
206	0.000019480539583	0.000019452367441	0.000019480539583
207	0.000019480539583	0.000019452367441	0.000019480539583
208	0.000019480539583	0.000019452367441	0.000019480539583
209	0.000019480539583	0.000019452367441	0.000019480539583
210	0.000019480539583	0.000019452367441	0.000019480539583
211	0.000227454780173	0.000222826869034	0.000227454780173
212	0.000019480539583	0.000019452367441	0.000019480539583
213	0.000019480539583	0.000019452367441	0.000019480539583
214	0.000052597456875	0.000052521392090	0.000052597456875
215	0.000019480539583	0.000019452367441	0.000019480539583
216	0.000019480539583	0.000019452367441	0.000019480539583
217	0.000052597456875	0.000052521392090	0.000052597456875
218	0.000019480539583	0.000019452367441	0.000019480539583
219	0.001807689644727	0.001800250154458	0.001807689644727
220	0.000019480539583	0.000019452367441	0.000019480539583
221	0.000019480539583	0.000019452367441	0.000019480539583
222	0.000019480539583	0.000019452367441	0.000019480539583
223	0.000019480539583	0.000019452367441	0.000019480539583
224	0.000019480539583	0.000019452367441	0.000019480539583
225	0.000019480539583	0.000019452367441	0.000019480539583
226	0.000019480539583	0.000019452367441	0.000019480539583
227	0.000019480539583	0.000019452367441	0.000019480539583
228	0.000019480539583	0.000019452367441	0.000019480539583
229	0.000019480539583	0.000019452367441	0.000019480539583
230	0.000019480539583	0.000019452367441	0.000019480539583
231	0.000019480539583	0.000019452367441	0.000019480539583
232	0.000019480539583	0.000019452367441	0.000019480539583
233	0.000019480539583	0.000019452367441	0.000019480539583
234	0.000019480539583	0.000019452367441	0.000019480539583
235	0.000019480539583	0.000019452367441	0.000019480539583
236	0.000019480539583	0.000019452367441	0.000019480539583
237	0.000019480539583	0.000019452367441	0.000019480539583
238	0.000019480539583	0.000019452367441	0.000019480539583
239	0.000019480539583	0.000019452367441	0.000019480539583
240	0.000019480539583	0.000019452367441	0.000019480539583
241	0.000019480539583	0.000019452367441	0.000019480539583
242	0.000019480539583	0.000019452367441	0.000019480539583
243	0.000019480539583	0.000019452367441	0.000019480539583
244	0.000019480539583	0.000019452367441	0.000019480539583
245	0.000019480539583	0.000019452367441	0.000019480539583
246	0.000019480539583	0.000019452367441	0.000019480539583
247	0.000019480539583	0.000019452367441	0.000019480539583
248	0.000019480539583	0.000019452367441	0.000019480539583
249	0.000019480539583	0.000019452367441	0.000019480539583
250	0.000019480539583	0.000019452367441	0.000019480539583
251	0.000019480539583	0.000019452367441	0.000019480539583
252	0.000019480539583	0.000019452367441	0.000019480539583
253	0.000019480539583	0.000019452367441	0.000019480539583
254	0.000019480539583	0.000019452367441	0.000019480539583
255	0.000019480539583	0.000019452367441	0.000019480539583
256	0.000019480539583	0.000019452367441	0.000019480539583
257	0.000019480539583	0.000019452367441	0.000019480539583
258	0.000019480539583	0.000019452367441	0.000019480539583
259	0.000019480539583	0.000019452367441	0.000019480539583
260	0.000019480539583	0.000019452367441	0.000019480539583
261	0.000019480539583	0.000019452367441	0.000019480539583
262	0.000019480539583	0.000019452367441	0.000019480539583
263	0.000019480539583	0.000019452367441	0.000019480539583
264	0.000019480539583	0.000019452367441	0.000019480539583
265	0.000019480539583	0.000019452367441	0.000019480539583
266	0.000019480539583	0.000019452367441	0.000019480539583
267	0.000019480539583	0.000019452367441	0.000019480539583
268	0.000019480539583	0.000019452367441	0.000019480539583
269	0.000019480539583	0.000019452367441	0.000019480539583
270	0.000019480539583	0.000019452367441	0.000019480539583
271	0.000019480539583	0.000019452367441	0.000019480539583
272	0.000019480539583	0.000019452367441	0.000019480539583
273	0.000019480539583	0.000019452367441	0.000019480539583
274	0.000019480539583	0.000019452367441	0.000019480539583
275	0.000019480539583	0.000019452367441	0.000019480539583
276	0.000019480539583	0.000019452367441	0.000019480539583
277	0.000019480539583	0.000019452367441	0.000019480539583
278	0.000019480539583	0.000019452367441	0.000019480539583
279	0.000019480539583	0.000019452367441	0.000019480539583
280	0.000019480539583	0.000019452367441	0.000019480539583
281	0.000019480539583	0.000019452367441	0.000019480539583
282	0.000019480539583	0.000019452367441	0.000019480539583
283	0.000019480539583	0.000019452367441	0.000019480539583
284	0.000019480539583	0.000019452367441	0.000019480539583
285	0.000019480539583	0.000019452367441	0.000019480539583
286	0.000019480539583	0.000019452367441	0.000019480539583
287	0.000019480539583	0.000019452367441	0.000019480539583
288	0.000019480539583	0.000019452367441	0.000019480539583
289	0.000019480539583	0.000019452367441	0.000019480539583
290	0.000019480539583	0.000019452367441	0.000019480539583
291	0.000019480539583	0.000019452367441	0.000019480539583
292	0.000019480539583	0.000019452367441	0.000019480539583
293	0.000019480539583	0.000019452367441	0.000019480539583
294	0.000019480539583	0.000019452367441	0.000019480539583
295	0.000019480539583	0.000019452367441	0.000019480539583
296	0.000019480539583	0.000019452367441	0.000019480539583
297	0.000019480539583	0.000019452367441	0.000019480539583
298	0.000019480539583	0.000019452367441	0.000019480539583
299	0.000019480539583	0.000019452367441	0.000019480539583
300	0.000019480539583	0.000019452367441	0.000019480539583
301	0.000019480539583	0.000019452367441	0.000019480539583
302	0.000019480539583	0.000019452367441	0.000019480539583
303	0.000019480539583	0.000019452367441	0.000019480539583
304	0.000019480539583	0.000019452367441	0.000019480539583
305	0.000019480539583	0.000019452367441	0.000019480539583
306	0.000019480539583	0.000019452367441	0.000019480539583
307	0.000019480539583	0.000019452367441	0.000019480539583
308	0.000019480539583	0.000019452367441	0.000019480539583
309	0.000019480539583	0.000019452367441	0.000019480539583
310	0.000019480539583	0.000019452367441	0.000019480539583
311	0.000019480539583	0.000019452367441	0.000019480539583
312	0.000019480539583	0.000019452367441	0.000019480539583
313	0.000019480539583	0.000019452367441	0.000019480539583
314	0.000019480539583	0.000019452367441	0.000019480539583
315	0.000019480539583	0.000019452367441	0.000019480539583
316	0.000019480539583	0.000019452367441	0.000019480539583
317	0.000019480539583	0.000019452367441	0.000019480539583
318	0.000019480539583	0.000019452367441	0.000019480539583
319	0.000019480539583	0.000019452367441	0.000019480539583
320	0.000019480539583	0.000019452367441	0.000019480539583
321	0.000052597456875	0.000052521392090	0.000052597456875
322	0.000019480539583	0.000019452367441	0.000019480539583
323	0.000019480539583	0.000019452367441	0.000019480539583
324	0.000853269718801	0.000848197110493	0.000853269718802
325	0.000036038998229	0.000035986879765	0.000036038998229
326	0.000054246939122	0.000052749292886	0.000054246939122
327	0.000019480539583	0.000019452367441	0.000019480539583
328	0.000222959768894	0.000224391050173	0.000222959768894
329	0.000393363998304	0.000423276564303	0.000393363998304
330	0.000019480539583	0.000019452367441	0.000019480539583
331	0.000256442911699	0.000256732788761	0.000256442911699
332	0.000019480539583	0.000019452367441	0.000019480539583
333	0.000019480539583	0.000019452367441	0.000019480539583
334	0.000071598288171	0.000071494744983	0.000071598288171
335	0.000019480539583	0.000019452367441	0.000019480539583
336	0.000036038998229	0.000035986879765	0.000036038998229
337	0.000433442005726	0.000432815175558	0.000433442005726
338	0.000116983360738	0.000116623672867	0.000116983360738
339	0.000019480539583	0.000019452367441	0.000019480539583
340	0.000191936517702	0.000191358676606	0.000191936517702
341	0.000019480539583	0.000019452367441	0.000019480539583
342	0.001675326404153	0.001672903599908	0.001675326404154
343	0.000019480539583	0.000019452367441	0.000019480539583
344	0.000019480539583	0.000019452367441	0.000019480539583
345	0.000019480539583	0.000019452367441	0.000019480539583
346	0.000019480539583	0.000019452367441	0.000019480539583
347	0.000019480539583	0.000019452367441	0.000019480539583
348	0.000019480539583	0.000019452367441	0.000019480539583
349	0.000019480539583	0.000019452367441	0.000019480539583
350	0.000019480539583	0.000019452367441	0.000019480539583
351	0.000019480539583	0.000019452367441	0.000019480539583
352	0.000019480539583	0.000019452367441	0.000019480539583
353	0.000019480539583	0.000019452367441	0.000019480539583
354	0.000019480539583	0.000019452367441	0.000019480539583
355	0.000019480539583	0.000019452367441	0.000019480539583
356	0.000019480539583	0.000019452367441	0.000019480539583
357	0.000019480539583	0.000019452367441	0.000019480539583
358	0.000019480539583	0.000019452367441	0.000019480539583
359	0.000019480539583	0.000019452367441	0.000019480539583
360	0.000019480539583	0.000019452367441	0.000019480539583
361	0.000019480539583	0.000019452367441	0.000019480539583
362	0.000019480539583	0.000019452367441	0.000019480539583
363	0.000019480539583	0.000019452367441	0.000019480539583
364	0.000019480539583	0.000019452367441	0.000019480539583
365	0.000019480539583	0.000019452367441	0.000019480539583
366	0.000019480539583	0.000019452367441	0.000019480539583
367	0.000019480539583	0.000019452367441	0.000019480539583
368	0.000019480539583	0.000019452367441	0.000019480539583
369	0.000019480539583	0.000019452367441	0.000019480539583
370	0.000019480539583	0.000019452367441	0.000019480539583
371	0.000019480539583	0.000019452367441	0.000019480539583
372	0.000019480539583	0.000019452367441	0.000019480539583
373	0.000019480539583	0.000019452367441	0.000019480539583
374	0.000019480539583	0.000019452367441	0.000019480539583
375	0.000019480539583	0.000019452367441	0.000019480539583
376	0.000019480539583	0.000019452367441	0.000019480539583
377	0.000019480539583	0.000019452367441	0.000019480539583
378	0.000019480539583	0.000019452367441	0.000019480539583
379	0.000019480539583	0.000019452367441	0.000019480539583
380	0.000019480539583	0.000019452367441	0.000019480539583
381	0.000019480539583	0.000019452367441	0.000019480539583
382	0.000019480539583	0.000019452367441	0.000019480539583
383	0.000019480539583	0.000019452367441	0.000019480539583
384	0.000019480539583	0.000019452367441	0.000019480539583
385	0.000019480539583	0.000019452367441	0.000019480539583
386	0.000019480539583	0.000019452367441	0.000019480539583
387	0.000019480539583	0.000019452367441	0.000019480539583
388	0.000019480539583	0.000019452367441	0.000019480539583
389	0.000019480539583	0.000019452367441	0.000019480539583
390	0.000019480539583	0.000019452367441	0.000019480539583
391	0.000019480539583	0.000019452367441	0.000019480539583
392	0.000019480539583	0.000019452367441	0.000019480539583
393	0.000019480539583	0.000019452367441	0.000019480539583
394	0.000019480539583	0.000019452367441	0.000019480539583
395	0.000019480539583	0.000019452367441	0.000019480539583
396	0.000019480539583	0.000019452367441	0.000019480539583
397	0.000019480539583	0.000019452367441	0.000019480539583
398	0.000019480539583	0.000019452367441	0.000019480539583
399	0.000019480539583	0.000019452367441	0.000019480539583
400	0.000019480539583	0.000019452367441	0.000019480539583
401	0.000019480539583	0.000019452367441	0.000019480539583
402	0.000019480539583	0.000019452367441	0.000019480539583
403	0.000019480539583	0.000019452367441	0.000019480539583
404	0.000019480539583	0.000019452367441	0.000019480539583
405	0.000019480539583	0.000019452367441	0.000019480539583
406	0.000019480539583	0.000019452367441	0.000019480539583
407	0.000019480539583	0.000019452367441	0.000019480539583
408	0.000019480539583	0.000019452367441	0.000019480539583
409	0.000019480539583	0.000019452367441	0.000019480539583
410	0.000019480539583	0.000019452367441	0.000019480539583
411	0.000019480539583	0.000019452367441	0.000019480539583
412	0.000019480539583	0.000019452367441	0.000019480539583
413	0.000019480539583	0.000019452367441	0.000019480539583
414	0.000019480539583	0.000019452367441	0.000019480539583
415	0.000019480539583	0.000019452367441	0.000019480539583
416	0.000019480539583	0.000019452367441	0.000019480539583
417	0.000019480539583	0.000019452367441	0.000019480539583
418	0.000019480539583	0.000019452367441	0.000019480539583
419	0.000019480539583	0.000019452367441	0.000019480539583
420	0.000019480539583	0.000019452367441	0.000019480539583
421	0.000019480539583	0.000019452367441	0.000019480539583
422	0.000019480539583	0.000019452367441	0.000019480539583
423	0.000019480539583	0.000019452367441	0.000019480539583
424	0.000019480539583	0.000019452367441	0.000019480539583
425	0.000019480539583	0.000019452367441	0.000019480539583
426	0.000019480539583	0.000019452367441	0.000019480539583
427	0.000019480539583	0.000019452367441	0.000019480539583
428	0.000019480539583	0.000019452367441	0.000019480539583
429	0.000019480539583	0.000019452367441	0.000019480539583
430	0.000019480539583	0.000019452367441	0.000019480539583
431	0.000019480539583	0.000019452367441	0.000019480539583
432	0.000019480539583	0.000019452367441	0.000019480539583
433	0.000019480539583	0.000019452367441	0.000019480539583
434	0.000019480539583	0.000019452367441	0.000019480539583
435	0.000019480539583	0.000019452367441	0.000019480539583
436	0.000019480539583	0.000019452367441	0.000019480539583
437	0.000019480539583	0.000019452367441	0.000019480539583
438	0.000019480539583	0.000019452367441	0.000019480539583
439	0.000019480539583	0.000019452367441	0.000019480539583
440	0.000019480539583	0.000019452367441	0.000019480539583
441	0.000019480539583	0.000019452367441	0.000019480539583
442	0.000019480539583	0.000019452367441	0.000019480539583
443	0.000019480539583	0.000019452367441	0.000019480539583
444	0.000036038998229	0.000035986879765	0.000036038998229
445	0.000019480539583	0.000019452367441	0.000019480539583
446	0.000152500157370	0.000152279616449	0.000152500157370
447	0.000019480539583	0.000019452367441	0.000019480539583
448	0.000019480539583	0.000019452367441	0.000019480539583
449	0.000019480539583	0.000019452367441	0.000019480539583
450	0.000036038998229	0.000035986879765	0.000036038998229
451	0.000019480539583	0.000019452367441	0.000019480539583
452	0.000036038998229	0.000035986879765	0.000036038998229
453	0.000183857738431	0.000183591849164	0.000183857738431
454	0.000083411206205	0.000080788518785	0.000083411206205
455	0.000126882425446	0.000128184668939	0.000126882425446
456	0.000061305581383	0.000060872150945	0.000061305581383
457	0.000034831610619	0.000034781238242	0.000034831610619
458	0.000056401622945	0.000056572631961	0.000056401622945
459	0.000019480539583	0.000019452367441	0.000019480539583
460	0.000036038998229	0.000035986879765	0.000036038998229
461	0.000034831610619	0.000034781238242	0.000034831610619
462	0.000099390322521	0.000107481364781	0.000099390322521
463	0.000019480539583	0.000019452367441	0.000019480539583
464	0.000364188874419	0.000356334087347	0.000364188874419
465	0.000019480539583	0.000019452367441	0.000019480539583
466	0.000350649712497	0.000350142613934	0.000350649712497
467	0.000019480539583	0.000019452367441	0.000019480539583
468	0.000034831610619	0.000034781238242	0.000034831610619
469	0.000034831610619	0.000034781238242	0.000034831610619
470	0.000019480539583	0.000019452367441	0.000019480539583
471	0.000019480539583	0.000019452367441	0.000019480539583
472	0.000019480539583	0.000019452367441	0.000019480539583
473	0.000019480539583	0.000019452367441	0.000019480539583
474	0.000036038998229	0.000035986879765	0.000036038998229
475	0.000019480539583	0.000019452367441	0.000019480539583
476	0.000615318097655	0.000632724689772	0.000615318097655
477	0.000019480539583	0.000019452367441	0.000019480539583
478	0.000036038998229	0.000035986879765	0.000036038998229
479	0.000019480539583	0.000019452367441	0.000019480539583
480	0.000036038998229	0.000035986879765	0.000036038998229
481	0.000140435704750	0.000136826977099	0.000140435704750
482	0.000019480539583	0.000019452367441	0.000019480539583
483	0.000118831291457	0.000118659441389	0.000118831291457
484	0.000019480539583	0.000019452367441	0.000019480539583
485	0.000019480539583	0.000019452367441	0.000019480539583
486	0.000019480539583	0.000019452367441	0.000019480539583
487	0.000019480539583	0.000019452367441	0.000019480539583
488	0.000019480539583	0.000019452367441	0.000019480539583
489	0.000019480539583	0.000019452367441	0.000019480539583
490	0.000069155915520	0.000069055904415	0.000069155915520
491	0.000019480539583	0.000019452367441	0.000019480539583
492	0.000019480539583	0.000019452367441	0.000019480539583
493	0.000535960899769	0.000539469669298	0.000535960899769
494	0.000019480539583	0.000019452367441	0.000019480539583
495	0.000718642597778	0.000714402242104	0.000718642597778
496	0.000019480539583	0.000019452367441	0.000019480539583
497	0.000019480539583	0.000019452367441	0.000019480539583
498	0.000019480539583	0.000019452367441	0.000019480539583
499	0.000034508984539	0.000034459078733	0.000034508984539
500	0.000019480539583	0.000019452367441	0.000019480539583
501	0.000036038998229	0.000035986879765	0.000036038998229
502	0.000019480539583	0.000019452367441	0.000019480539583
503	0.000036038998229	0.000035986879765	0.000036038998229
504	0.000019480539583	0.000019452367441	0.000019480539583
505	0.000019480539583	0.000019452367441	0.000019480539583
506	0.000019480539583	0.000019452367441	0.000019480539583
507	0.000019480539583	0.000019452367441	0.000019480539583
508	0.000019480539583	0.000019452367441	0.000019480539583
509	0.000019480539583	0.000019452367441	0.000019480539583
510	0.000019480539583	0.000019452367441	0.000019480539583
511	0.000019480539583	0.000019452367441	0.000019480539583
512	0.000019480539583	0.000019452367441	0.000019480539583
513	0.000019480539583	0.000019452367441	0.000019480539583
514	0.000019480539583	0.000019452367441	0.000019480539583
515	0.000019480539583	0.000019452367441	0.000019480539583
516	0.000019480539583	0.000019452367441	0.000019480539583
517	0.000019480539583	0.000019452367441	0.000019480539583
518	0.000019480539583	0.000019452367441	0.000019480539583
519	0.000019480539583	0.000019452367441	0.000019480539583
520	0.000019480539583	0.000019452367441	0.000019480539583
521	0.000019480539583	0.000019452367441	0.000019480539583
522	0.000019480539583	0.000019452367441	0.000019480539583
523	0.000019480539583	0.000019452367441	0.000019480539583
524	0.000019480539583	0.000019452367441	0.000019480539583
525	0.000019480539583	0.000019452367441	0.000019480539583
526	0.000019480539583	0.000019452367441	0.000019480539583
527	0.000019480539583	0.000019452367441	0.000019480539583
528	0.000019480539583	0.000019452367441	0.000019480539583
529	0.000019480539583	0.000019452367441	0.000019480539583
530	0.000019480539583	0.000019452367441	0.000019480539583
531	0.000019480539583	0.000019452367441	0.000019480539583
532	0.000019480539583	0.000019452367441	0.000019480539583
533	0.000036038998229	0.000035986879765	0.000036038998229
534	0.000019480539583	0.000019452367441	0.000019480539583
535	0.000036038998229	0.000035986879765	0.000036038998229
536	0.000081073527341	0.000078593633451	0.000081073527341
537	0.000019480539583	0.000019452367441	0.000019480539583
538	0.000151948208749	0.000151728466038	0.000151948208749
539	0.000019480539583	0.000019452367441	0.000019480539583
540	0.000019480539583	0.000019452367441	0.000019480539583
541	0.000019480539583	0.000019452367441	0.000019480539583
542	0.000019480539583	0.000019452367441	0.000019480539583
543	0.000019480539583	0.000019452367441	0.000019480539583
544	0.000019480539583	0.000019452367441	0.000019480539583
545	0.000019480539583	0.000019452367441	0.000019480539583
546	0.000075944847005	0.000075580397898	0.000075944847005
547	0.000019480539583	0.000019452367441	0.000019480539583
548	0.000019480539583	0.000019452367441	0.000019480539583
549	0.000069155915520	0.000069055904415	0.000069155915520
550	0.000019480539583	0.000019452367441	0.000019480539583
551	0.000059861660338	0.000059252869742	0.000059861660338
552	0.000019480539583	0.000019452367441	0.000019480539583
553	0.000250512380584	0.000250137095731	0.000250512380584
554	0.000019480539583	0.000019452367441	0.000019480539583
555	0.000019480539583	0.000019452367441	0.000019480539583
556	0.000019480539583	0.000019452367441	0.000019480539583
557	0.000019480539583	0.000019452367441	0.000019480539583
558	0.000019480539583	0.000019452367441	0.000019480539583
559	0.000019480539583	0.000019452367441	0.000019480539583
560	0.000019480539583	0.000019452367441	0.000019480539583
561	0.000019480539583	0.000019452367441	0.000019480539583
562	0.000019480539583	0.000019452367441	0.000019480539583
563	0.000019480539583	0.000019452367441	0.000019480539583
564	0.000036038998229	0.000035986879765	0.000036038998229
565	0.000019480539583	0.000019452367441	0.000019480539583
566	0.000036038998229	0.000035986879765	0.000036038998229
567	0.000334091253852	0.000333608101610	0.000334091253852
568	0.000019480539583	0.000019452367441	0.000019480539583
569	0.000067948527911	0.000067850262891	0.000067948527911
570	0.000019480539583	0.000019452367441	0.000019480539583
571	0.000019480539583	0.000019452367441	0.000019480539583
572	0.001687947344661	0.001677725625074	0.001687947344661
573	0.000019480539583	0.000019452367441	0.000019480539583
574	0.000019480539583	0.000019452367441	0.000019480539583
575	0.000019480539583	0.000019452367441	0.000019480539583
576	0.000019480539583	0.000019452367441	0.000019480539583
577	0.000019480539583	0.000019452367441	0.000019480539583
578	0.000019480539583	0.000019452367441	0.000019480539583
579	0.000019480539583	0.000019452367441	0.000019480539583
580	0.000019480539583	0.000019452367441	0.000019480539583
581	0.000019480539583	0.000019452367441	0.000019480539583
582	0.000019480539583	0.000019452367441	0.000019480539583
583	0.000019480539583	0.000019452367441	0.000019480539583
584	0.000019480539583	0.000019452367441	0.000019480539583
585	0.000019480539583	0.000019452367441	0.000019480539583
586	0.000019480539583	0.000019452367441	0.000019480539583
587	0.000019480539583	0.000019452367441	0.000019480539583
588	0.000019480539583	0.000019452367441	0.000019480539583
589	0.000019480539583	0.000019452367441	0.000019480539583
590	0.000019480539583	0.000019452367441	0.000019480539583
591	0.000019480539583	0.000019452367441	0.000019480539583
592	0.000019480539583	0.000019452367441	0.000019480539583
593	0.000019480539583	0.000019452367441	0.000019480539583
594	0.000019480539583	0.000019452367441	0.000019480539583
595	0.000019480539583	0.000019452367441	0.000019480539583
596	0.000019480539583	0.000019452367441	0.000019480539583
597	0.000330693766714	0.000322756165717	0.000330693766715
598	0.000019480539583	0.000019452367441	0.000019480539583
599	0.000019480539583	0.000019452367441	0.000019480539583
600	0.000036038998229	0.000035986879765	0.000036038998229
601	0.000019480539583	0.000019452367441	0.000019480539583
602	0.000019480539583	0.000019452367441	0.000019480539583
603	0.000019480539583	0.000019452367441	0.000019480539583
604	0.000166000711161	0.000164860190457	0.000166000711161
605	0.000019480539583	0.000019452367441	0.000019480539583
606	0.000019480539583	0.000019452367441	0.000019480539583
607	0.000036038998229	0.000035986879765	0.000036038998229
608	0.000019480539583	0.000019452367441	0.000019480539583
609	0.000049072190197	0.000050559800817	0.000049072190197
610	0.000019480539583	0.000019452367441	0.000019480539583
611	0.000066672146723	0.000066575727566	0.000066672146723
612	0.000019480539583	0.000019452367441	0.000019480539583
613	0.000019480539583	0.000019452367441	0.000019480539583
614	0.000019480539583	0.000019452367441	0.000019480539583
615	0.000036038998229	0.000035986879765	0.000036038998229
616	0.001043658011314	0.001051599936445	0.001043658011314
617	0.000223091109909	0.000214803389443	0.000223091109909
618	0.000019480539583	0.000019452367441	0.000019480539583
619	0.000072863343083	0.000072643139891	0.000072863343083
620	0.000499675840309	0.000498953224856	0.000499675840309
621	0.000095924168645	0.000094576241919	0.000095924168645
622	0.000019480539583	0.000019452367441	0.000019480539583
623	0.000019480539583	0.000019452367441	0.000019480539583
624	0.000019480539583	0.000019452367441	0.000019480539583
625	0.000019480539583	0.000019452367441	0.000019480539583
626	0.000099222081612	0.000097556909470	0.000099222081612
627	0.000019480539583	0.000019452367441	0.000019480539583
628	0.000889673494505	0.000909657310788	0.000889673494505
629	0.000019480539583	0.000019452367441	0.000019480539583
630	0.000019480539583	0.000019452367441	0.000019480539583
631	0.000019480539583	0.000019452367441	0.000019480539583
632	0.000019480539583	0.000019452367441	0.000019480539583
633	0.000019480539583	0.000019452367441	0.000019480539583
634	0.000019480539583	0.000019452367441	0.000019480539583
635	0.000019480539583	0.000019452367441	0.000019480539583
636	0.000019480539583	0.000019452367441	0.000019480539583
637	0.000019480539583	0.000019452367441	0.000019480539583
638	0.000019480539583	0.000019452367441	0.000019480539583
639	0.000019480539583	0.000019452367441	0.000019480539583
640	0.000019480539583	0.000019452367441	0.000019480539583
641	0.000019480539583	0.000019452367441	0.000019480539583
642	0.000019480539583	0.000019452367441	0.000019480539583
643	0.000019480539583	0.000019452367441	0.000019480539583
644	0.000019480539583	0.000019452367441	0.000019480539583
645	0.000019480539583	0.000019452367441	0.000019480539583
646	0.000019480539583	0.000019452367441	0.000019480539583
647	0.000019480539583	0.000019452367441	0.000019480539583
648	0.000019480539583	0.000019452367441	0.000019480539583
649	0.000019480539583	0.000019452367441	0.000019480539583
650	0.000019480539583	0.000019452367441	0.000019480539583
651	0.000019480539583	0.000019452367441	0.000019480539583
652	0.000019480539583	0.000019452367441	0.000019480539583
653	0.000019480539583	0.000019452367441	0.000019480539583
654	0.000019480539583	0.000019452367441	0.000019480539583
655	0.000019480539583	0.000019452367441	0.000019480539583
656	0.000019480539583	0.000019452367441	0.000019480539583
657	0.000019480539583	0.000019452367441	0.000019480539583
658	0.000019480539583	0.000019452367441	0.000019480539583
659	0.000019480539583	0.000019452367441	0.000019480539583
660	0.000019480539583	0.000019452367441	0.000019480539583
661	0.000019480539583	0.000019452367441	0.000019480539583
662	0.000019480539583	0.000019452367441	0.000019480539583
663	0.000019480539583	0.000019452367441	0.000019480539583
664	0.000019480539583	0.000019452367441	0.000019480539583
665	0.000019480539583	0.000019452367441	0.000019480539583
666	0.000019480539583	0.000019452367441	0.000019480539583
667	0.000019480539583	0.000019452367441	0.000019480539583
668	0.000019480539583	0.000019452367441	0.000019480539583
669	0.000019480539583	0.000019452367441	0.000019480539583
670	0.000019480539583	0.000019452367441	0.000019480539583
671	0.000019480539583	0.000019452367441	0.000019480539583
672	0.000019480539583	0.000019452367441	0.000019480539583
673	0.000019480539583	0.000019452367441	0.000019480539583
674	0.000019480539583	0.000019452367441	0.000019480539583
675	0.000019480539583	0.000019452367441	0.000019480539583
676	0.000019480539583	0.000019452367441	0.000019480539583
677	0.000019480539583	0.000019452367441	0.000019480539583
678	0.001283019330194	0.001280840128865	0.001283019330194
679	0.000071388300729	0.000068357871360	0.000071388300729
680	0.000019480539583	0.000019452367441	0.000019480539583
681	0.000246154641495	0.000244088728782	0.000246154641495
682	0.000019480539583	0.000019452367441	0.000019480539583
683	0.000019480539583	0.000019452367441	0.000019480539583
684	0.000433442005726	0.000432815175558	0.000433442005726
685	0.000019480539583	0.000019452367441	0.000019480539583
686	0.000019480539583	0.000019452367441	0.000019480539583
687	0.000019480539583	0.000019452367441	0.000019480539583
688	0.000019480539583	0.000019452367441	0.000019480539583
689	0.000019480539583	0.000019452367441	0.000019480539583
690	0.000019480539583	0.000019452367441	0.000019480539583
691	0.000019480539583	0.000019452367441	0.000019480539583
692	0.000019480539583	0.000019452367441	0.000019480539583
693	0.000019480539583	0.000019452367441	0.000019480539583
694	0.000019480539583	0.000019452367441	0.000019480539583
695	0.000019480539583	0.000019452367441	0.000019480539583
696	0.000019480539583	0.000019452367441	0.000019480539583
697	0.000019480539583	0.000019452367441	0.000019480539583
698	0.000019480539583	0.000019452367441	0.000019480539583
699	0.000019480539583	0.000019452367441	0.000019480539583
700	0.000019480539583	0.000019452367441	0.000019480539583
701	0.000019480539583	0.000019452367441	0.000019480539583
702	0.000019480539583	0.000019452367441	0.000019480539583
703	0.000019480539583	0.000019452367441	0.000019480539583
704	0.000019480539583	0.000019452367441	0.000019480539583
705	0.000019480539583	0.000019452367441	0.000019480539583
706	0.000019480539583	0.000019452367441	0.000019480539583
707	0.000019480539583	0.000019452367441	0.000019480539583
708	0.000019480539583	0.000019452367441	0.000019480539583
709	0.001493183359051	0.001491023964337	0.001493183359051
710	0.000019480539583	0.000019452367441	0.000019480539583
711	0.000786793229251	0.000781197267582	0.000786793229251
712	0.000019480539583	0.000019452367441	0.000019480539583
713	0.000019480539583	0.000019452367441	0.000019480539583
714	0.000019480539583	0.000019452367441	0.000019480539583
715	0.000019480539583	0.000019452367441	0.000019480539583
716	0.000019480539583	0.000019452367441	0.000019480539583
717	0.000019480539583	0.000019452367441	0.000019480539583
718	0.000019480539583	0.000019452367441	0.000019480539583
719	0.000019480539583	0.000019452367441	0.000019480539583
720	0.000019480539583	0.000019452367441	0.000019480539583
721	0.000019480539583	0.000019452367441	0.000019480539583
722	0.000019480539583	0.000019452367441	0.000019480539583
723	0.000019480539583	0.000019452367441	0.000019480539583
724	0.000019480539583	0.000019452367441	0.000019480539583
725	0.000019480539583	0.000019452367441	0.000019480539583
726	0.000019480539583	0.000019452367441	0.000019480539583
727	0.000019480539583	0.000019452367441	0.000019480539583
728	0.000019480539583	0.000019452367441	0.000019480539583
729	0.000019480539583	0.000019452367441	0.000019480539583
730	0.000019480539583	0.000019452367441	0.000019480539583
731	0.000019480539583	0.000019452367441	0.000019480539583
732	0.000150586384728	0.000149132638508	0.000150586384728
733	0.000019480539583	0.000019452367441	0.000019480539583
734	0.000019480539583	0.000019452367441	0.000019480539583
735	0.000019480539583	0.000019452367441	0.000019480539583
736	0.000019480539583	0.000019452367441	0.000019480539583
737	0.000214540724117	0.000213179885087	0.000214540724117
738	0.000019480539583	0.000019452367441	0.000019480539583
739	0.000019480539583	0.000019452367441	0.000019480539583
740	0.000088439227875	0.000085566199239	0.000088439227875
741	0.000019480539583	0.000019452367441	0.000019480539583
742	0.000019480539583	0.000019452367441	0.000019480539583
743	0.000085714374166	0.000085590416739	0.000085714374166
744	0.000019480539583	0.000019452367441	0.000019480539583
745	0.000019480539583	0.000019452367441	0.000019480539583
746	0.000019480539583	0.000019452367441	0.000019480539583
747	0.000019480539583	0.000019452367441	0.000019480539583
748	0.000019480539583	0.000019452367441	0.000019480539583
749	0.000079693116477	0.000077323160577	0.000079693116477
750	0.000019480539583	0.000019452367441	0.000019480539583
751	0.000069155915520	0.000069055904415	0.000069155915520
752	0.000019480539583	0.000019452367441	0.000019480539583
753	0.000052597456875	0.000052521392090	0.000052597456875
754	0.000019480539583	0.000019452367441	0.000019480539583
755	0.000019480539583	0.000019452367441	0.000019480539583
756	0.000067846179827	0.000067505868228	0.000067846179827
757	0.000019480539583	0.000019452367441	0.000019480539583
758	0.000036227162532	0.000036174771951	0.000036227162532
759	0.000019480539583	0.000019452367441	0.000019480539583
760	0.000019480539583	0.000019452367441	0.000019480539583
761	0.000036038998229	0.000035986879765	0.000036038998229
762	0.000019480539583	0.000019452367441	0.000019480539583
763	0.000052597456875	0.000052521392090	0.000052597456875
764	0.000019480539583	0.000019452367441	0.000019480539583
765	0.000036038998229	0.000035986879765	0.000036038998229
766	0.000019480539583	0.000019452367441	0.000019480539583
767	0.000019480539583	0.000019452367441	0.000019480539583
768	0.000078404113733	0.000075788667412	0.000078404113733
769	0.000019480539583	0.000019452367441	0.000019480539583
770	0.000204049769950	0.000203224231855	0.000204049769950
771	0.000201623584686	0.000201332003012	0.000201623584686
772	0.000019480539583	0.000019452367441	0.000019480539583
773	0.000036038998229	0.000035986879765	0.000036038998229
774	0.000104075105418	0.000103642777459	0.000104075105418
775	0.000050782971496	0.000050669606572	0.000050782971496
776	0.000019480539583	0.000019452367441	0.000019480539583
777	0.000036038998229	0.000035986879765	0.000036038998229
778	0.000019480539583	0.000019452367441	0.000019480539583
779	0.000152048846612	0.000145956073614	0.000152048846612
780	0.000054027505576	0.000053949372700	0.000054027505576
781	0.000019480539583	0.000019452367441	0.000019480539583
782	0.000119547437536	0.000128690279649	0.000119547437536
783	0.000019480539583	0.000019452367441	0.000019480539583
784	0.000019480539583	0.000019452367441	0.000019480539583
785	0.000019480539583	0.000019452367441	0.000019480539583
786	0.000151948208749	0.000151728466038	0.000151948208749
787	0.000019480539583	0.000019452367441	0.000019480539583
788	0.000168506667394	0.000168262978363	0.000168506667395
789	0.000019480539583	0.000019452367441	0.000019480539583
790	0.000019480539583	0.000019452367441	0.000019480539583
791	0.000019480539583	0.000019452367441	0.000019480539583
792	0.000019480539583	0.000019452367441	0.000019480539583
793	0.000019480539583	0.000019452367441	0.000019480539583
794	0.000019480539583	0.000019452367441	0.000019480539583
795	0.000019480539583	0.000019452367441	0.000019480539583
796	0.000134419535362	0.000130308021500	0.000134419535362
797	0.000019480539583	0.000019452367441	0.000019480539583
798	0.000019480539583	0.000019452367441	0.000019480539583
799	0.000019480539583	0.000019452367441	0.000019480539583
800	0.000019480539583	0.000019452367441	0.000019480539583
801	0.000052597456875	0.000052521392090	0.000052597456875
802	0.000019480539583	0.000019452367441	0.000019480539583
803	0.002003158110009	0.001991566552057	0.002003158110009
804	0.000019480539583	0.000019452367441	0.000019480539583
805	0.000019480539583	0.000019452367441	0.000019480539583
806	0.000019480539583	0.000019452367441	0.000019480539583
807	0.000019480539583	0.000019452367441	0.000019480539583
808	0.000019480539583	0.000019452367441	0.000019480539583
809	0.000019480539583	0.000019452367441	0.000019480539583
810	0.000019480539583	0.000019452367441	0.000019480539583
811	0.000019480539583	0.000019452367441	0.000019480539583
812	0.000019480539583	0.000019452367441	0.000019480539583
813	0.000019480539583	0.000019452367441	0.000019480539583
814	0.000019480539583	0.000019452367441	0.000019480539583
815	0.000019480539583	0.000019452367441	0.000019480539583
816	0.000019480539583	0.000019452367441	0.000019480539583
817	0.000019480539583	0.000019452367441	0.000019480539583
818	0.000019480539583	0.000019452367441	0.000019480539583
819	0.000019480539583	0.000019452367441	0.000019480539583
820	0.000019480539583	0.000019452367441	0.000019480539583
821	0.000019480539583	0.000019452367441	0.000019480539583
822	0.000019480539583	0.000019452367441	0.000019480539583
823	0.000019480539583	0.000019452367441	0.000019480539583
824	0.000019480539583	0.000019452367441	0.000019480539583
825	0.000019480539583	0.000019452367441	0.000019480539583
826	0.000019480539583	0.000019452367441	0.000019480539583
827	0.000019480539583	0.000019452367441	0.000019480539583
828	0.000019480539583	0.000019452367441	0.000019480539583
829	0.000019480539583	0.000019452367441	0.000019480539583
830	0.000019480539583	0.000019452367441	0.000019480539583
831	0.000019480539583	0.000019452367441	0.000019480539583
832	0.000019480539583	0.000019452367441	0.000019480539583
833	0.000019480539583	0.000019452367441	0.000019480539583
834	0.000019480539583	0.000019452367441	0.000019480539583
835	0.000019480539583	0.000019452367441	0.000019480539583
836	0.000019480539583	0.000019452367441	0.000019480539583
837	0.000037403533199	0.000035273223228	0.000037403533199
838	0.000037403533199	0.000035273223228	0.000037403533199
839	0.000019480539583	0.000019452367441	0.000019480539583
840	0.000037403533199	0.000035273223228	0.000037403533199
841	0.000019480539583	0.000019452367441	0.000019480539583
842	0.000019480539583	0.000019452367441	0.000019480539583
843	0.000019480539583	0.000019452367441	0.000019480539583
844	0.000019480539583	0.000019452367441	0.000019480539583
845	0.000019480539583	0.000019452367441	0.000019480539583
846	0.000019480539583	0.000019452367441	0.000019480539583
847	0.000019480539583	0.000019452367441	0.000019480539583
848	0.000037403533199	0.000035273223228	0.000037403533199
849	0.000019480539583	0.000019452367441	0.000019480539583
850	0.000019480539583	0.000019452367441	0.000019480539583
851	0.000019480539583	0.000019452367441	0.000019480539583
852	0.000019480539583	0.000019452367441	0.000019480539583
853	0.000019480539583	0.000019452367441	0.000019480539583
854	0.000019480539583	0.000019452367441	0.000019480539583
855	0.000019480539583	0.000019452367441	0.000019480539583
856	0.000019480539583	0.000019452367441	0.000019480539583
857	0.000019480539583	0.000019452367441	0.000019480539583
858	0.000019480539583	0.000019452367441	0.000019480539583
859	0.000019480539583	0.000019452367441	0.000019480539583
860	0.000019480539583	0.000019452367441	0.000019480539583
861	0.000019480539583	0.000019452367441	0.000019480539583
862	0.000019480539583	0.000019452367441	0.000019480539583
863	0.000019480539583	0.000019452367441	0.000019480539583
864	0.000019480539583	0.000019452367441	0.000019480539583
865	0.000019480539583	0.000019452367441	0.000019480539583
866	0.000019480539583	0.000019452367441	0.000019480539583
867	0.000019480539583	0.000019452367441	0.000019480539583
868	0.000019480539583	0.000019452367441	0.000019480539583
869	0.000019480539583	0.000019452367441	0.000019480539583
870	0.000019480539583	0.000019452367441	0.000019480539583
871	0.000019480539583	0.000019452367441	0.000019480539583
872	0.000019480539583	0.000019452367441	0.000019480539583
873	0.000019480539583	0.000019452367441	0.000019480539583
874	0.000019480539583	0.000019452367441	0.000019480539583
875	0.000019480539583	0.000019452367441	0.000019480539583
876	0.000036038998229	0.000035986879765	0.000036038998229
877	0.000055319195045	0.000055239194169	0.000055319195045
878	0.000019480539583	0.000019452367441	0.000019480539583
879	0.000019480539583	0.000019452367441	0.000019480539583
880	0.000019480539583	0.000019452367441	0.000019480539583
881	0.000019480539583	0.000019452367441	0.000019480539583
882	0.000019480539583	0.000019452367441	0.000019480539583
883	0.000019480539583	0.000019452367441	0.000019480539583
884	0.000019480539583	0.000019452367441	0.000019480539583
885	0.000019480539583	0.000019452367441	0.000019480539583
886	0.000019480539583	0.000019452367441	0.000019480539583
887	0.000019480539583	0.000019452367441	0.000019480539583
888	0.000019480539583	0.000019452367441	0.000019480539583
889	0.000019480539583	0.000019452367441	0.000019480539583
890	0.000019480539583	0.000019452367441	0.000019480539583
891	0.000019480539583	0.000019452367441	0.000019480539583
892	0.000019480539583	0.000019452367441	0.000019480539583
893	0.000019480539583	0.000019452367441	0.000019480539583
894	0.000019480539583	0.000019452367441	0.000019480539583
895	0.000019480539583	0.000019452367441	0.000019480539583
896	0.000019480539583	0.000019452367441	0.000019480539583
897	0.000019480539583	0.000019452367441	0.000019480539583
898	0.000019480539583	0.000019452367441	0.000019480539583
899	0.000019480539583	0.000019452367441	0.000019480539583
900	0.000019480539583	0.000019452367441	0.000019480539583
901	0.000019480539583	0.000019452367441	0.000019480539583
902	0.000019480539583	0.000019452367441	0.000019480539583
903	0.000019480539583	0.000019452367441	0.000019480539583
904	0.000019480539583	0.000019452367441	0.000019480539583
905	0.000019480539583	0.000019452367441	0.000019480539583
906	0.000019480539583	0.000019452367441	0.000019480539583
907	0.000019480539583	0.000019452367441	0.000019480539583
908	0.000019480539583	0.000019452367441	0.000019480539583
909	0.000019480539583	0.000019452367441	0.000019480539583
910	0.000019480539583	0.000019452367441	0.000019480539583
911	0.000019480539583	0.000019452367441	0.000019480539583
912	0.000019480539583	0.000019452367441	0.000019480539583
913	0.000019480539583	0.000019452367441	0.000019480539583
914	0.000052597456875	0.000052521392090	0.000052597456875
915	0.000019480539583	0.000019452367441	0.000019480539583
916	0.000019480539583	0.000019452367441	0.000019480539583
917	0.000036038998229	0.000035986879765	0.000036038998229
918	0.000019480539583	0.000019452367441	0.000019480539583
919	0.000019480539583	0.000019452367441	0.000019480539583
920	0.000036038998229	0.000035986879765	0.000036038998229
921	0.000019480539583	0.000019452367441	0.000019480539583
922	0.000169829323733	0.000168401245318	0.000169829323733
923	0.000019480539583	0.000019452367441	0.000019480539583
924	0.000116174437150	0.000115988327905	0.000116174437150
925	0.000019480539583	0.000019452367441	0.000019480539583
926	0.000019480539583	0.000019452367441	0.000019480539583
927	0.000019480539583	0.000019452367441	0.000019480539583
928	0.000019480539583	0.000019452367441	0.000019480539583
929	0.000019480539583	0.000019452367441	0.000019480539583
930	0.000019480539583	0.000019452367441	0.000019480539583
931	0.000019480539583	0.000019452367441	0.000019480539583
932	0.000019480539583	0.000019452367441	0.000019480539583
933	0.000019480539583	0.000019452367441	0.000019480539583
934	0.000019480539583	0.000019452367441	0.000019480539583
935	0.000019480539583	0.000019452367441	0.000019480539583
936	0.000019480539583	0.000019452367441	0.000019480539583
937	0.000168506667394	0.000168262978363	0.000168506667395
938	0.000019480539583	0.000019452367441	0.000019480539583
939	0.000019480539583	0.000019452367441	0.000019480539583
940	0.000019480539583	0.000019452367441	0.000019480539583
941	0.000019480539583	0.000019452367441	0.000019480539583
942	0.000019480539583	0.000019452367441	0.000019480539583
943	0.000019480539583	0.000019452367441	0.000019480539583
944	0.000019480539583	0.000019452367441	0.000019480539583
945	0.000019480539583	0.000019452367441	0.000019480539583
946	0.000019480539583	0.000019452367441	0.000019480539583
947	0.000019480539583	0.000019452367441	0.000019480539583
948	0.000019480539583	0.000019452367441	0.000019480539583
949	0.000019480539583	0.000019452367441	0.000019480539583
950	0.000019480539583	0.000019452367441	0.000019480539583
951	0.000019480539583	0.000019452367441	0.000019480539583
952	0.000019480539583	0.000019452367441	0.000019480539583
953	0.000019480539583	0.000019452367441	0.000019480539583
954	0.000019480539583	0.000019452367441	0.000019480539583
955	0.000019480539583	0.000019452367441	0.000019480539583
956	0.000019480539583	0.000019452367441	0.000019480539583
957	0.000019480539583	0.000019452367441	0.000019480539583
958	0.000019480539583	0.000019452367441	0.000019480539583
959	0.000019480539583	0.000019452367441	0.000019480539583
960	0.000019480539583	0.000019452367441	0.000019480539583
961	0.000019480539583	0.000019452367441	0.000019480539583
962	0.000019480539583	0.000019452367441	0.000019480539583
963	0.000019480539583	0.000019452367441	0.000019480539583
964	0.000019480539583	0.000019452367441	0.000019480539583
965	0.000019480539583	0.000019452367441	0.000019480539583
966	0.000019480539583	0.000019452367441	0.000019480539583
967	0.000019480539583	0.000019452367441	0.000019480539583
968	0.000019480539583	0.000019452367441	0.000019480539583
969	0.000019480539583	0.000019452367441	0.000019480539583
970	0.000019480539583	0.000019452367441	0.000019480539583
971	0.000019480539583	0.000019452367441	0.000019480539583
972	0.000019480539583	0.000019452367441	0.000019480539583
973	0.000019480539583	0.000019452367441	0.000019480539583
974	0.000019480539583	0.000019452367441	0.000019480539583
975	0.000019480539583	0.000019452367441	0.000019480539583
976	0.000019480539583	0.000019452367441	0.000019480539583
977	0.000019480539583	0.000019452367441	0.000019480539583
978	0.000019480539583	0.000019452367441	0.000019480539583
979	0.000019480539583	0.000019452367441	0.000019480539583
980	0.000019480539583	0.000019452367441	0.000019480539583
981	0.000019480539583	0.000019452367441	0.000019480539583
982	0.000019480539583	0.000019452367441	0.000019480539583
983	0.000019480539583	0.000019452367441	0.000019480539583
984	0.000019480539583	0.000019452367441	0.000019480539583
985	0.000019480539583	0.000019452367441	0.000019480539583
986	0.000019480539583	0.000019452367441	0.000019480539583
987	0.000019480539583	0.000019452367441	0.000019480539583
988	0.000019480539583	0.000019452367441	0.000019480539583
989	0.000019480539583	0.000019452367441	0.000019480539583
990	0.000019480539583	0.000019452367441	0.000019480539583
991	0.000019480539583	0.000019452367441	0.000019480539583
992	0.000019480539583	0.000019452367441	0.000019480539583
993	0.000019480539583	0.000019452367441	0.000019480539583
994	0.000019480539583	0.000019452367441	0.000019480539583
995	0.000019480539583	0.000019452367441	0.000019480539583
996	0.000019480539583	0.000019452367441	0.000019480539583
997	0.000019480539583	0.000019452367441	0.000019480539583
998	0.000019480539583	0.000019452367441	0.000019480539583
999	0.000019480539583	0.000019452367441	0.000019480539583
1000	0.000019480539583	0.000019452367441	0.000019480539583
1001	0.000019480539583	0.000019452367441	0.000019480539583
1002	0.000019480539583	0.000019452367441	0.000019480539583
1003	0.000019480539583	0.000019452367441	0.000019480539583
1004	0.000019480539583	0.000019452367441	0.000019480539583
1005	0.000019480539583	0.000019452367441	0.000019480539583
1006	0.000019480539583	0.000019452367441	0.000019480539583
1007	0.000019480539583	0.000019452367441	0.000019480539583
1008	0.000019480539583	0.000019452367441	0.000019480539583
1009	0.000019480539583	0.000019452367441	0.000019480539583
1010	0.000019480539583	0.000019452367441	0.000019480539583
1011	0.000051248678479	0.000051173774863	0.000051248678479
1012	0.000019480539583	0.000019452367441	0.000019480539583
1013	0.000019480539583	0.000019452367441	0.000019480539583
1014	0.000036038998229	0.000035986879765	0.000036038998229
1015	0.000019480539583	0.000019452367441	0.000019480539583
1016	0.000019480539583	0.000019452367441	0.000019480539583
1017	0.000036038998229	0.000035986879765	0.000036038998229
1018	0.000019480539583	0.000019452367441	0.000019480539583
1019	0.000088335107695	0.000088416585358	0.000088335107695
1020	0.000019480539583	0.000019452367441	0.000019480539583
1021	0.000019480539583	0.000019452367441	0.000019480539583
1022	0.000036038998229	0.000035986879765	0.000036038998229
1023	0.000019480539583	0.000019452367441	0.000019480539583
1024	0.000119955307283	0.000117523859659	0.000119955307283
1025	0.000019480539583	0.000019452367441	0.000019480539583
1026	0.000019480539583	0.000019452367441	0.000019480539583
1027	0.000019480539583	0.000019452367441	0.000019480539583
1028	0.000019480539583	0.000019452367441	0.000019480539583
1029	0.000019480539583	0.000019452367441	0.000019480539583
1030	0.000019480539583	0.000019452367441	0.000019480539583
1031	0.000019480539583	0.000019452367441	0.000019480539583
1032	0.000019480539583	0.000019452367441	0.000019480539583
1033	0.000019480539583	0.000019452367441	0.000019480539583
1034	0.000019480539583	0.000019452367441	0.000019480539583
1035	0.000019480539583	0.000019452367441	0.000019480539583
1036	0.000019480539583	0.000019452367441	0.000019480539583
1037	0.000019480539583	0.000019452367441	0.000019480539583
1038	0.000019480539583	0.000019452367441	0.000019480539583
1039	0.000088446368926	0.000087080472487	0.000088446368926
1040	0.000019480539583	0.000019452367441	0.000019480539583
1041	0.000036038998229	0.000035986879765	0.000036038998229
1042	0.000019480539583	0.000019452367441	0.000019480539583
1043	0.000105479948823	0.000102910964391	0.000105479948823
1044	0.000039951601764	0.000038950373128	0.000039951601764
1045	0.000086584553636	0.000085384563770	0.000086584553636
1046	0.000019480539583	0.000019452367441	0.000019480539583
1047	0.000019480539583	0.000019452367441	0.000019480539583
1048	0.000019480539583	0.000019452367441	0.000019480539583
1049	0.000019480539583	0.000019452367441	0.000019480539583
1050	0.000019480539583	0.000019452367441	0.000019480539583
1051	0.000045141092394	0.000045075810769	0.000045141092394
1052	0.000019480539583	0.000019452367441	0.000019480539583
1053	0.000019480539583	0.000019452367441	0.000019480539583
1054	0.000019480539583	0.000019452367441	0.000019480539583
1055	0.000019480539583	0.000019452367441	0.000019480539583
1056	0.000019480539583	0.000019452367441	0.000019480539583
1057	0.000019480539583	0.000019452367441	0.000019480539583
1058	0.000019480539583	0.000019452367441	0.000019480539583
1059	0.000019480539583	0.000019452367441	0.000019480539583
1060	0.000019480539583	0.000019452367441	0.000019480539583
1061	0.000019480539583	0.000019452367441	0.000019480539583
1062	0.000019480539583	0.000019452367441	0.000019480539583
1063	0.000019480539583	0.000019452367441	0.000019480539583
1064	0.000019480539583	0.000019452367441	0.000019480539583
1065	0.000019480539583	0.000019452367441	0.000019480539583
1066	0.000019480539583	0.000019452367441	0.000019480539583
1067	0.000019480539583	0.000019452367441	0.000019480539583
1068	0.000019480539583	0.000019452367441	0.000019480539583
1069	0.000045141092394	0.000045075810769	0.000045141092394
1070	0.000019480539583	0.000019452367441	0.000019480539583
1071	0.000019480539583	0.000019452367441	0.000019480539583
1072	0.000019480539583	0.000019452367441	0.000019480539583
1073	0.000019480539583	0.000019452367441	0.000019480539583
1074	0.000019480539583	0.000019452367441	0.000019480539583
1075	0.000019480539583	0.000019452367441	0.000019480539583
1076	0.000019480539583	0.000019452367441	0.000019480539583
1077	0.000019480539583	0.000019452367441	0.000019480539583
1078	0.000081492634891	0.000080431330923	0.000081492634891
1079	0.000037280882627	0.000037226968190	0.000037280882627
1080	0.000156931020082	0.000157909647452	0.000156931020082
1081	0.000034831610619	0.000034781238242	0.000034831610619
1082	0.000073068519055	0.000072019397778	0.000073068519055
1083	0.000052743560921	0.000050165224084	0.000052743560921
1084	0.000019480539583	0.000019452367441	0.000019480539583
1085	0.000051108721525	0.000050791739853	0.000051108721525
1086	0.000019480539583	0.000019452367441	0.000019480539583
1087	0.000019480539583	0.000019452367441	0.000019480539583
1088	0.000215035018260	0.000207208166008	0.000215035018260
1089	0.000019480539583	0.000019452367441	0.000019480539583
1090	0.000492028461880	0.000495592182853	0.000492028461880
1091	0.000019480539583	0.000019452367441	0.000019480539583
1092	0.000019480539583	0.000019452367441	0.000019480539583
1093	0.000019480539583	0.000019452367441	0.000019480539583
1094	0.000082344355185	0.000082225271374	0.000082344355185
1095	0.000019480539583	0.000019452367441	0.000019480539583
1096	0.000019480539583	0.000019452367441	0.000019480539583
1097	0.000019480539583	0.000019452367441	0.000019480539583
1098	0.000019480539583	0.000019452367441	0.000019480539583
1099	0.000019480539583	0.000019452367441	0.000019480539583
1100	0.000255206175865	0.000254513266360	0.000255206175865
1101	0.000019480539583	0.000019452367441	0.000019480539583
1102	0.000019480539583	0.000019452367441	0.000019480539583
1103	0.000019480539583	0.000019452367441	0.000019480539583
1104	0.000096978515626	0.000095832726155	0.000096978515626
1105	0.000019480539583	0.000019452367441	0.000019480539583
1106	0.000036038998229	0.000035986879765	0.000036038998229
1107	0.000019480539583	0.000019452367441	0.000019480539583
1108	0.000019480539583	0.000019452367441	0.000019480539583
1109	0.000036038998229	0.000035986879765	0.000036038998229
1110	0.000019480539583	0.000019452367441	0.000019480539583
1111	0.000019480539583	0.000019452367441	0.000019480539583
1112	0.000036038998229	0.000035986879765	0.000036038998229
1113	0.000019480539583	0.000019452367441	0.000019480539583
1114	0.000019480539583	0.000019452367441	0.000019480539583
1115	0.000019480539583	0.000019452367441	0.000019480539583
1116	0.000019480539583	0.000019452367441	0.000019480539583
1117	0.000019480539583	0.000019452367441	0.000019480539583
1118	0.000019480539583	0.000019452367441	0.000019480539583
1119	0.000019480539583	0.000019452367441	0.000019480539583
1120	0.000064620257398	0.000079413598346	0.000064620257398
1121	0.000019480539583	0.000019452367441	0.000019480539583
1122	0.000019480539583	0.000019452367441	0.000019480539583
1123	0.000102272832812	0.000102124929064	0.000102272832812
1124	0.000714306644711	0.000740208276341	0.000714306644711
1125	0.000019480539583	0.000019452367441	0.000019480539583
1126	0.000157033951183	0.000161657540679	0.000157033951183
1127	0.000019480539583	0.000019452367441	0.000019480539583
1128	0.000036038998229	0.000035986879765	0.000036038998229
1129	0.000036227162532	0.000036174771951	0.000036227162532
1130	0.000019480539583	0.000019452367441	0.000019480539583
1131	0.000056076216197	0.000055256342604	0.000056076216197
1132	0.000374458636081	0.000372240255536	0.000374458636081
1133	0.000019480539583	0.000019452367441	0.000019480539583
1134	0.000019480539583	0.000019452367441	0.000019480539583
1135	0.000019480539583	0.000019452367441	0.000019480539583
1136	0.000128455663210	0.000140812441401	0.000128455663210
1137	0.000035757650489	0.000035462869052	0.000035757650489
1138	0.000035757650489	0.000035462869052	0.000035757650489
1139	0.000019480539583	0.000019452367441	0.000019480539583
1140	0.000019480539583	0.000019452367441	0.000019480539583
1141	0.000052597456875	0.000052521392090	0.000052597456875
1142	0.000019480539583	0.000019452367441	0.000019480539583
1143	0.000067914031122	0.000067815815990	0.000067914031122
1144	0.000019480539583	0.000019452367441	0.000019480539583
1145	0.000019480539583	0.000019452367441	0.000019480539583
1146	0.000019480539583	0.000019452367441	0.000019480539583
1147	0.000019480539583	0.000019452367441	0.000019480539583
1148	0.000019480539583	0.000019452367441	0.000019480539583
1149	0.000019480539583	0.000019452367441	0.000019480539583
1150	0.000035757650489	0.000035462869052	0.000035757650489
1151	0.000035757650489	0.000035462869052	0.000035757650489
1152	0.000019480539583	0.000019452367441	0.000019480539583
1153	0.000019480539583	0.000019452367441	0.000019480539583
1154	0.000019480539583	0.000019452367441	0.000019480539583
1155	0.000019480539583	0.000019452367441	0.000019480539583
1156	0.001013647497213	0.001042817988924	0.001013647497213
1157	0.000019480539583	0.000019452367441	0.000019480539583
1158	0.000019480539583	0.000019452367441	0.000019480539583
1159	0.000019480539583	0.000019452367441	0.000019480539583
1160	0.000135389750103	0.000135193953713	0.000135389750103
1161	0.000019480539583	0.000019452367441	0.000019480539583
1162	0.000034146858012	0.000034097475902	0.000034146858012
1163	0.000083448309521	0.000084480227238	0.000083448309521
1164	0.000199658235638	0.000196867435428	0.000199658235638
1165	0.000019480539583	0.000019452367441	0.000019480539583
1166	0.000408373774364	0.000407784705215	0.000408373774364
1167	0.000019480539583	0.000019452367441	0.000019480539583
1168	0.000052597456875	0.000052521392090	0.000052597456875
1169	0.000019480539583	0.000019452367441	0.000019480539583
1170	0.000102706222480	0.000102126325080	0.000102706222480
1171	0.000019480539583	0.000019452367441	0.000019480539583
1172	0.000052597456875	0.000052521392090	0.000052597456875
1173	0.000019480539583	0.000019452367441	0.000019480539583
1174	0.000019480539583	0.000019452367441	0.000019480539583
1175	0.000019480539583	0.000019452367441	0.000019480539583
1176	0.000019480539583	0.000019452367441	0.000019480539583
1177	0.000019480539583	0.000019452367441	0.000019480539583
1178	0.000019480539583	0.000019452367441	0.000019480539583
1179	0.000019480539583	0.000019452367441	0.000019480539583
1180	0.000019480539583	0.000019452367441	0.000019480539583
1181	0.000019480539583	0.000019452367441	0.000019480539583
1182	0.000019480539583	0.000019452367441	0.000019480539583
1183	0.000019480539583	0.000019452367441	0.000019480539583
1184	0.000019480539583	0.000019452367441	0.000019480539583
1185	0.000019480539583	0.000019452367441	0.000019480539583
1186	0.000019480539583	0.000019452367441	0.000019480539583
1187	0.000019480539583	0.000019452367441	0.000019480539583
1188	0.000019480539583	0.000019452367441	0.000019480539583
1189	0.000019480539583	0.000019452367441	0.000019480539583
1190	0.000019480539583	0.000019452367441	0.000019480539583
1191	0.000019480539583	0.000019452367441	0.000019480539583
1192	0.000019480539583	0.000019452367441	0.000019480539583
1193	0.000019480539583	0.000019452367441	0.000019480539583
1194	0.000019480539583	0.000019452367441	0.000019480539583
1195	0.000019480539583	0.000019452367441	0.000019480539583
1196	0.000019480539583	0.000019452367441	0.000019480539583
1197	0.000019480539583	0.000019452367441	0.000019480539583
1198	0.000019480539583	0.000019452367441	0.000019480539583
1199	0.000019480539583	0.000019452367441	0.000019480539583
1200	0.000019480539583	0.000019452367441	0.000019480539583
1201	0.000019480539583	0.000019452367441	0.000019480539583
1202	0.000019480539583	0.000019452367441	0.000019480539583
1203	0.000019480539583	0.000019452367441	0.000019480539583
1204	0.000019480539583	0.000019452367441	0.000019480539583
1205	0.000019480539583	0.000019452367441	0.000019480539583
1206	0.000019480539583	0.000019452367441	0.000019480539583
1207	0.000019480539583	0.000019452367441	0.000019480539583
1208	0.000072841404429	0.000072371282847	0.000072841404429
1209	0.000019480539583	0.000019452367441	0.000019480539583
1210	0.000019480539583	0.000019452367441	0.000019480539583
1211	0.000019480539583	0.000019452367441	0.000019480539583
1212	0.000036038998229	0.000035986879765	0.000036038998229
1213	0.000056997709263	0.000054839062812	0.000056997709263
1214	0.000019480539583	0.000019452367441	0.000019480539583
1215	0.000019480539583	0.000019452367441	0.000019480539583
1216	0.000019480539583	0.000019452367441	0.000019480539583
1217	0.000019480539583	0.000019452367441	0.000019480539583
1218	0.000036038998229	0.000035986879765	0.000036038998229
1219	0.000019480539583	0.000019452367441	0.000019480539583
1220	0.000052785621177	0.000052709284276	0.000052785621177
1221	0.000019480539583	0.000019452367441	0.000019480539583
1222	0.000082949257629	0.000082586229177	0.000082949257629
1223	0.000019480539583	0.000019452367441	0.000019480539583
1224	0.000052409292572	0.000052333499905	0.000052409292572
1225	0.000019480539583	0.000019452367441	0.000019480539583
1226	0.000036038998229	0.000035986879765	0.000036038998229
1227	0.000019480539583	0.000019452367441	0.000019480539583
1228	0.001029546516971	0.001028057619246	0.001029546516971
1229	0.000019480539583	0.000019452367441	0.000019480539583
1230	0.000019480539583	0.000019452367441	0.000019480539583
1231	0.000019480539583	0.000019452367441	0.000019480539583
1232	0.000019480539583	0.000019452367441	0.000019480539583
1233	0.000019480539583	0.000019452367441	0.000019480539583
1234	0.000019480539583	0.000019452367441	0.000019480539583
1235	0.000046206810928	0.000044990886592	0.000046206810928
1236	0.000019480539583	0.000019452367441	0.000019480539583
1237	0.000019480539583	0.000019452367441	0.000019480539583
1238	0.000019480539583	0.000019452367441	0.000019480539583
1239	0.000052597456875	0.000052521392090	0.000052597456875
1240	0.000019480539583	0.000019452367441	0.000019480539583
1241	0.000019480539583	0.000019452367441	0.000019480539583
1242	0.000036038998229	0.000035986879765	0.000036038998229
1243	0.000019480539583	0.000019452367441	0.000019480539583
1244	0.000019480539583	0.000019452367441	0.000019480539583
1245	0.000019480539583	0.000019452367441	0.000019480539583
1246	0.000050941611010	0.000050867940858	0.000050941611010
1247	0.000036185102276	0.000033630711759	0.000036185102276
1248	0.000019480539583	0.000019452367441	0.000019480539583
1249	0.000036038998229	0.000035986879765	0.000036038998229
1250	0.000019480539583	0.000019452367441	0.000019480539583
1251	0.000019480539583	0.000019452367441	0.000019480539583
1252	0.000019480539583	0.000019452367441	0.000019480539583
1253	0.000019480539583	0.000019452367441	0.000019480539583
1254	0.000019480539583	0.000019452367441	0.000019480539583
1255	0.000019480539583	0.000019452367441	0.000019480539583
1256	0.000019480539583	0.000019452367441	0.000019480539583
1257	0.000019480539583	0.000019452367441	0.000019480539583
1258	0.000019480539583	0.000019452367441	0.000019480539583
1259	0.000019480539583	0.000019452367441	0.000019480539583
1260	0.000019480539583	0.000019452367441	0.000019480539583
1261	0.000019480539583	0.000019452367441	0.000019480539583
1262	0.000019480539583	0.000019452367441	0.000019480539583
1263	0.000019480539583	0.000019452367441	0.000019480539583
1264	0.000019480539583	0.000019452367441	0.000019480539583
1265	0.000019480539583	0.000019452367441	0.000019480539583
1266	0.000019480539583	0.000019452367441	0.000019480539583
1267	0.000019480539583	0.000019452367441	0.000019480539583
1268	0.000036038998229	0.000035986879765	0.000036038998229
1269	0.000019480539583	0.000019452367441	0.000019480539583
1270	0.000019480539583	0.000019452367441	0.000019480539583
1271	0.000019480539583	0.000019452367441	0.000019480539583
1272	0.000019480539583	0.000019452367441	0.000019480539583
1273	0.000019480539583	0.000019452367441	0.000019480539583
1274	0.000019480539583	0.000019452367441	0.000019480539583
1275	0.000019480539583	0.000019452367441	0.000019480539583
1276	0.000019480539583	0.000019452367441	0.000019480539583
1277	0.000019480539583	0.000019452367441	0.000019480539583
1278	0.000019480539583	0.000019452367441	0.000019480539583
1279	0.000019480539583	0.000019452367441	0.000019480539583
1280	0.000019480539583	0.000019452367441	0.000019480539583
1281	0.000019480539583	0.000019452367441	0.000019480539583
1282	0.000019480539583	0.000019452367441	0.000019480539583
1283	0.000019480539583	0.000019452367441	0.000019480539583
1284	0.000019480539583	0.000019452367441	0.000019480539583
1285	0.000019480539583	0.000019452367441	0.000019480539583
1286	0.000019480539583	0.000019452367441	0.000019480539583
1287	0.000019480539583	0.000019452367441	0.000019480539583
1288	0.000019480539583	0.000019452367441	0.000019480539583
1289	0.000019480539583	0.000019452367441	0.000019480539583
1290	0.000019480539583	0.000019452367441	0.000019480539583
1291	0.000019480539583	0.000019452367441	0.000019480539583
1292	0.000019480539583	0.000019452367441	0.000019480539583
1293	0.000019480539583	0.000019452367441	0.000019480539583
1294	0.000351436748091	0.000346231569283	0.000351436748091
1295	0.000019480539583	0.000019452367441	0.000019480539583
1296	0.000076909714888	0.000076815198275	0.000076909714888
1297	0.000019480539583	0.000019452367441	0.000019480539583
1298	0.000019480539583	0.000019452367441	0.000019480539583
1299	0.000036038998229	0.000035986879765	0.000036038998229
1300	0.000019480539583	0.000019452367441	0.000019480539583
1301	0.000019480539583	0.000019452367441	0.000019480539583
1302	0.000019480539583	0.000019452367441	0.000019480539583
1303	0.000019480539583	0.000019452367441	0.000019480539583
1304	0.000019480539583	0.000019452367441	0.000019480539583
1305	0.000019480539583	0.000019452367441	0.000019480539583
1306	0.000019480539583	0.000019452367441	0.000019480539583
1307	0.000019480539583	0.000019452367441	0.000019480539583
1308	0.000019480539583	0.000019452367441	0.000019480539583
1309	0.000019480539583	0.000019452367441	0.000019480539583
1310	0.000019480539583	0.000019452367441	0.000019480539583
1311	0.000019480539583	0.000019452367441	0.000019480539583
1312	0.000019480539583	0.000019452367441	0.000019480539583
1313	0.000019480539583	0.000019452367441	0.000019480539583
1314	0.000019480539583	0.000019452367441	0.000019480539583
1315	0.000019480539583	0.000019452367441	0.000019480539583
1316	0.000034831610619	0.000034781238242	0.000034831610619
1317	0.000035757650489	0.000035462869052	0.000035757650489
1318	0.000019480539583	0.000019452367441	0.000019480539583
1319	0.000019480539583	0.000019452367441	0.000019480539583
1320	0.000019480539583	0.000019452367441	0.000019480539583
1321	0.000019480539583	0.000019452367441	0.000019480539583
1322	0.000118831291457	0.000118659441389	0.000118831291457
1323	0.000019480539583	0.000019452367441	0.000019480539583
1324	0.000036038998229	0.000035986879765	0.000036038998229
1325	0.000019480539583	0.000019452367441	0.000019480539583
1326	0.001261364938011	0.001259540791791	0.001261364938011
1327	0.000019480539583	0.000019452367441	0.000019480539583
1328	0.000019480539583	0.000019452367441	0.000019480539583
1329	0.000019480539583	0.000019452367441	0.000019480539583
1330	0.000019480539583	0.000019452367441	0.000019480539583
1331	0.000019480539583	0.000019452367441	0.000019480539583
1332	0.000019480539583	0.000019452367441	0.000019480539583
1333	0.000019480539583	0.000019452367441	0.000019480539583
1334	0.000019480539583	0.000019452367441	0.000019480539583
1335	0.000019480539583	0.000019452367441	0.000019480539583
1336	0.000019480539583	0.000019452367441	0.000019480539583
1337	0.000019480539583	0.000019452367441	0.000019480539583
1338	0.000019480539583	0.000019452367441	0.000019480539583
1339	0.000019480539583	0.000019452367441	0.000019480539583
1340	0.000019480539583	0.000019452367441	0.000019480539583
1341	0.000019480539583	0.000019452367441	0.000019480539583
1342	0.000019480539583	0.000019452367441	0.000019480539583
1343	0.000019480539583	0.000019452367441	0.000019480539583
1344	0.000019480539583	0.000019452367441	0.000019480539583
1345	0.000019480539583	0.000019452367441	0.000019480539583
1346	0.000019480539583	0.000019452367441	0.000019480539583
1347	0.000019480539583	0.000019452367441	0.000019480539583
1348	0.000019480539583	0.000019452367441	0.000019480539583
1349	0.000019480539583	0.000019452367441	0.000019480539583
1350	0.000019480539583	0.000019452367441	0.000019480539583
1351	0.000019480539583	0.000019452367441	0.000019480539583
1352	0.000019480539583	0.000019452367441	0.000019480539583
1353	0.000019480539583	0.000019452367441	0.000019480539583
1354	0.000019480539583	0.000019452367441	0.000019480539583
1355	0.000019480539583	0.000019452367441	0.000019480539583
1356	0.000019480539583	0.000019452367441	0.000019480539583
1357	0.000019480539583	0.000019452367441	0.000019480539583
1358	0.000019480539583	0.000019452367441	0.000019480539583
1359	0.000019480539583	0.000019452367441	0.000019480539583
1360	0.000019480539583	0.000019452367441	0.000019480539583
1361	0.000019480539583	0.000019452367441	0.000019480539583
1362	0.000019480539583	0.000019452367441	0.000019480539583
1363	0.000019480539583	0.000019452367441	0.000019480539583
1364	0.000019480539583	0.000019452367441	0.000019480539583
1365	0.000019480539583	0.000019452367441	0.000019480539583
1366	0.000019480539583	0.000019452367441	0.000019480539583
1367	0.000019480539583	0.000019452367441	0.000019480539583
1368	0.000019480539583	0.000019452367441	0.000019480539583
1369	0.000019480539583	0.000019452367441	0.000019480539583
1370	0.000019480539583	0.000019452367441	0.000019480539583
1371	0.000019480539583	0.000019452367441	0.000019480539583
1372	0.000019480539583	0.000019452367441	0.000019480539583
1373	0.000019480539583	0.000019452367441	0.000019480539583
1374	0.000019480539583	0.000019452367441	0.000019480539583
1375	0.000019480539583	0.000019452367441	0.000019480539583
1376	0.000019480539583	0.000019452367441	0.000019480539583
1377	0.000019480539583	0.000019452367441	0.000019480539583
1378	0.000019480539583	0.000019452367441	0.000019480539583
1379	0.000019480539583	0.000019452367441	0.000019480539583
1380	0.000019480539583	0.000019452367441	0.000019480539583
1381	0.000019480539583	0.000019452367441	0.000019480539583
1382	0.000019480539583	0.000019452367441	0.000019480539583
1383	0.000019480539583	0.000019452367441	0.000019480539583
1384	0.000019480539583	0.000019452367441	0.000019480539583
1385	0.000019480539583	0.000019452367441	0.000019480539583
1386	0.000019480539583	0.000019452367441	0.000019480539583
1387	0.000019480539583	0.000019452367441	0.000019480539583
1388	0.000019480539583	0.000019452367441	0.000019480539583
1389	0.000019480539583	0.000019452367441	0.000019480539583
1390	0.000019480539583	0.000019452367441	0.000019480539583
1391	0.000019480539583	0.000019452367441	0.000019480539583
1392	0.000019480539583	0.000019452367441	0.000019480539583
1393	0.000019480539583	0.000019452367441	0.000019480539583
1394	0.000019480539583	0.000019452367441	0.000019480539583
1395	0.000019480539583	0.000019452367441	0.000019480539583
1396	0.000019480539583	0.000019452367441	0.000019480539583
1397	0.000019480539583	0.000019452367441	0.000019480539583
1398	0.000019480539583	0.000019452367441	0.000019480539583
1399	0.000019480539583	0.000019452367441	0.000019480539583
1400	0.000019480539583	0.000019452367441	0.000019480539583
1401	0.000019480539583	0.000019452367441	0.000019480539583
1402	0.000019480539583	0.000019452367441	0.000019480539583
1403	0.000036038998229	0.000035986879765	0.000036038998229
1404	0.000034831610619	0.000034781238242	0.000034831610619
1405	0.000034831610619	0.000034781238242	0.000034831610619
1406	0.000034831610619	0.000034781238242	0.000034831610619
1407	0.000034831610619	0.000034781238242	0.000034831610619
1408	0.000019480539583	0.000019452367441	0.000019480539583
1409	0.000177350762271	0.000178255275524	0.000177350762271
1410	0.000203303491784	0.000196844356625	0.000203303491784
1411	0.000035757650489	0.000035462869052	0.000035757650489
1412	0.000019480539583	0.000019452367441	0.000019480539583
1413	0.000019480539583	0.000019452367441	0.000019480539583
1414	0.000236476928414	0.000235962674537	0.000236476928414
1415	0.000019480539583	0.000019452367441	0.000019480539583
1416	0.000019480539583	0.000019452367441	0.000019480539583
1417	0.000019480539583	0.000019452367441	0.000019480539583
1418	0.000019480539583	0.000019452367441	0.000019480539583
1419	0.000019480539583	0.000019452367441	0.000019480539583
1420	0.000344840557096	0.000339546234257	0.000344840557096
1421	0.000036185102276	0.000033630711759	0.000036185102276
1422	0.000019480539583	0.000019452367441	0.000019480539583
1423	0.000052597456875	0.000052521392090	0.000052597456875
1424	0.000019480539583	0.000019452367441	0.000019480539583
1425	0.000089577070976	0.000089146093060	0.000089577070976
1426	0.000519023947733	0.000540035023503	0.000519023947733
1427	0.000019480539583	0.000019452367441	0.000019480539583
1428	0.000244106834725	0.000243078493238	0.000244106834725
1429	0.000019480539583	0.000019452367441	0.000019480539583
1430	0.000019480539583	0.000019452367441	0.000019480539583
1431	0.000019480539583	0.000019452367441	0.000019480539583
1432	0.000019480539583	0.000019452367441	0.000019480539583
1433	0.000036038998229	0.000035986879765	0.000036038998229
1434	0.000019480539583	0.000019452367441	0.000019480539583
1435	0.000019480539583	0.000019452367441	0.000019480539583
1436	0.000135389750103	0.000135193953713	0.000135389750103
1437	0.000019480539583	0.000019452367441	0.000019480539583
1438	0.000019480539583	0.000019452367441	0.000019480539583
1439	0.000019480539583	0.000019452367441	0.000019480539583
1440	0.000019480539583	0.000019452367441	0.000019480539583
1441	0.000019480539583	0.000019452367441	0.000019480539583
1442	0.000019480539583	0.000019452367441	0.000019480539583
1443	0.000019480539583	0.000019452367441	0.000019480539583
1444	0.000019480539583	0.000019452367441	0.000019480539583
1445	0.000036038998229	0.000035986879765	0.000036038998229
1446	0.000019480539583	0.000019452367441	0.000019480539583
1447	0.000128925962369	0.000128116764903	0.000128925962369
1448	0.000019480539583	0.000019452367441	0.000019480539583
1449	0.000019480539583	0.000019452367441	0.000019480539583
1450	0.000019480539583	0.000019452367441	0.000019480539583
1451	0.000019480539583	0.000019452367441	0.000019480539583
1452	0.000019480539583	0.000019452367441	0.000019480539583
1453	0.000019480539583	0.000019452367441	0.000019480539583
1454	0.000036038998229	0.000035986879765	0.000036038998229
1455	0.000019480539583	0.000019452367441	0.000019480539583
1456	0.000036038998229	0.000035986879765	0.000036038998229
1457	0.000019480539583	0.000019452367441	0.000019480539583
1458	0.000069629092148	0.000068900435503	0.000069629092148
1459	0.000019480539583	0.000019452367441	0.000019480539583
1460	0.007969131867486	0.007910510119026	0.007969131867487
1461	0.000019480539583	0.000019452367441	0.000019480539583
1462	0.000019480539583	0.000019452367441	0.000019480539583
1463	0.000019480539583	0.000019452367441	0.000019480539583
1464	0.000019480539583	0.000019452367441	0.000019480539583
1465	0.000019480539583	0.000019452367441	0.000019480539583
1466	0.000019480539583	0.000019452367441	0.000019480539583
1467	0.000019480539583	0.000019452367441	0.000019480539583
1468	0.000019480539583	0.000019452367441	0.000019480539583
1469	0.000019480539583	0.000019452367441	0.000019480539583
1470	0.000019480539583	0.000019452367441	0.000019480539583
1471	0.000019480539583	0.000019452367441	0.000019480539583
1472	0.000019480539583	0.000019452367441	0.000019480539583
1473	0.000019480539583	0.000019452367441	0.000019480539583
1474	0.000019480539583	0.000019452367441	0.000019480539583
1475	0.000019480539583	0.000019452367441	0.000019480539583
1476	0.000019480539583	0.000019452367441	0.000019480539583
1477	0.000019480539583	0.000019452367441	0.000019480539583
1478	0.000019480539583	0.000019452367441	0.000019480539583
1479	0.000019480539583	0.000019452367441	0.000019480539583
1480	0.000019480539583	0.000019452367441	0.000019480539583
1481	0.000019480539583	0.000019452367441	0.000019480539583
1482	0.000019480539583	0.000019452367441	0.000019480539583
1483	0.000019480539583	0.000019452367441	0.000019480539583
1484	0.000019480539583	0.000019452367441	0.000019480539583
1485	0.000019480539583	0.000019452367441	0.000019480539583
1486	0.000019480539583	0.000019452367441	0.000019480539583
1487	0.000019480539583	0.000019452367441	0.000019480539583
1488	0.000019480539583	0.000019452367441	0.000019480539583
1489	0.000019480539583	0.000019452367441	0.000019480539583
1490	0.000019480539583	0.000019452367441	0.000019480539583
1491	0.000019480539583	0.000019452367441	0.000019480539583
1492	0.000019480539583	0.000019452367441	0.000019480539583
1493	0.000019480539583	0.000019452367441	0.000019480539583
1494	0.000019480539583	0.000019452367441	0.000019480539583
1495	0.000019480539583	0.000019452367441	0.000019480539583
1496	0.000019480539583	0.000019452367441	0.000019480539583
1497	0.000019480539583	0.000019452367441	0.000019480539583
1498	0.000019480539583	0.000019452367441	0.000019480539583
1499	0.000019480539583	0.000019452367441	0.000019480539583
1500	0.000019480539583	0.000019452367441	0.000019480539583
1501	0.000019480539583	0.000019452367441	0.000019480539583
1502	0.000019480539583	0.000019452367441	0.000019480539583
1503	0.000019480539583	0.000019452367441	0.000019480539583
1504	0.000019480539583	0.000019452367441	0.000019480539583
1505	0.000019480539583	0.000019452367441	0.000019480539583
1506	0.000019480539583	0.000019452367441	0.000019480539583
1507	0.000019480539583	0.000019452367441	0.000019480539583
1508	0.000019480539583	0.000019452367441	0.000019480539583
1509	0.000019480539583	0.000019452367441	0.000019480539583
1510	0.000019480539583	0.000019452367441	0.000019480539583
1511	0.000019480539583	0.000019452367441	0.000019480539583
1512	0.000019480539583	0.000019452367441	0.000019480539583
1513	0.000019480539583	0.000019452367441	0.000019480539583
1514	0.000019480539583	0.000019452367441	0.000019480539583
1515	0.000019480539583	0.000019452367441	0.000019480539583
1516	0.000019480539583	0.000019452367441	0.000019480539583
1517	0.000019480539583	0.000019452367441	0.000019480539583
1518	0.000019480539583	0.000019452367441	0.000019480539583
1519	0.000019480539583	0.000019452367441	0.000019480539583
1520	0.000019480539583	0.000019452367441	0.000019480539583
1521	0.000019480539583	0.000019452367441	0.000019480539583
1522	0.000019480539583	0.000019452367441	0.000019480539583
1523	0.000019480539583	0.000019452367441	0.000019480539583
1524	0.000019480539583	0.000019452367441	0.000019480539583
1525	0.000019480539583	0.000019452367441	0.000019480539583
1526	0.000019480539583	0.000019452367441	0.000019480539583
1527	0.000019480539583	0.000019452367441	0.000019480539583
1528	0.000019480539583	0.000019452367441	0.000019480539583
1529	0.000019480539583	0.000019452367441	0.000019480539583
1530	0.000019480539583	0.000019452367441	0.000019480539583
1531	0.000019480539583	0.000019452367441	0.000019480539583
1532	0.000019480539583	0.000019452367441	0.000019480539583
1533	0.000019480539583	0.000019452367441	0.000019480539583
1534	0.000019480539583	0.000019452367441	0.000019480539583
1535	0.000019480539583	0.000019452367441	0.000019480539583
1536	0.000019480539583	0.000019452367441	0.000019480539583
1537	0.000019480539583	0.000019452367441	0.000019480539583
1538	0.000019480539583	0.000019452367441	0.000019480539583
1539	0.000019480539583	0.000019452367441	0.000019480539583
1540	0.000019480539583	0.000019452367441	0.000019480539583
1541	0.000019480539583	0.000019452367441	0.000019480539583
1542	0.000019480539583	0.000019452367441	0.000019480539583
1543	0.000019480539583	0.000019452367441	0.000019480539583
1544	0.000019480539583	0.000019452367441	0.000019480539583
1545	0.000019480539583	0.000019452367441	0.000019480539583
1546	0.000019480539583	0.000019452367441	0.000019480539583
1547	0.000019480539583	0.000019452367441	0.000019480539583
1548	0.000019480539583	0.000019452367441	0.000019480539583
1549	0.000019480539583	0.000019452367441	0.000019480539583
1550	0.000019480539583	0.000019452367441	0.000019480539583
1551	0.000019480539583	0.000019452367441	0.000019480539583
1552	0.000019480539583	0.000019452367441	0.000019480539583
1553	0.000019480539583	0.000019452367441	0.000019480539583
1554	0.000019480539583	0.000019452367441	0.000019480539583
1555	0.000019480539583	0.000019452367441	0.000019480539583
1556	0.000019480539583	0.000019452367441	0.000019480539583
1557	0.000019480539583	0.000019452367441	0.000019480539583
1558	0.000019480539583	0.000019452367441	0.000019480539583
1559	0.000019480539583	0.000019452367441	0.000019480539583
1560	0.000019480539583	0.000019452367441	0.000019480539583
1561	0.001585338785512	0.001647433364551	0.001585338785513
1562	0.000039517757551	0.000038721830280	0.000039517757551
1563	0.000019480539583	0.000019452367441	0.000019480539583
1564	0.000036038998229	0.000035986879765	0.000036038998229
1565	0.000019480539583	0.000019452367441	0.000019480539583
1566	0.000019480539583	0.000019452367441	0.000019480539583
1567	0.000351271010186	0.000381970909211	0.000351271010186
1568	0.000034831610619	0.000034781238242	0.000034831610619
1569	0.000019480539583	0.000019452367441	0.000019480539583
1570	0.000069155915520	0.000069055904415	0.000069155915520
1571	0.000019480539583	0.000019452367441	0.000019480539583
1572	0.000019480539583	0.000019452367441	0.000019480539583
1573	0.000036038998229	0.000035986879765	0.000036038998229
1574	0.000019480539583	0.000019452367441	0.000019480539583
1575	0.000052597456875	0.000052521392090	0.000052597456875
1576	0.000019480539583	0.000019452367441	0.000019480539583
1577	0.000019480539583	0.000019452367441	0.000019480539583
1578	0.000019480539583	0.000019452367441	0.000019480539583
1579	0.000019480539583	0.000019452367441	0.000019480539583
1580	0.000019480539583	0.000019452367441	0.000019480539583
1581	0.000111316060792	0.000111047479411	0.000111316060792
1582	0.000019480539583	0.000019452367441	0.000019480539583
1583	0.000155770037356	0.000155540650924	0.000155770037356
1584	0.000019480539583	0.000019452367441	0.000019480539583
1585	0.000036038998229	0.000035986879765	0.000036038998229
1586	0.000067914031122	0.000067815815990	0.000067914031122
1587	0.000094946363876	0.000094809055437	0.000094946363876
1588	0.000019480539583	0.000019452367441	0.000019480539583
1589	0.000019480539583	0.000019452367441	0.000019480539583
1590	0.000019480539583	0.000019452367441	0.000019480539583
1591	0.000019480539583	0.000019452367441	0.000019480539583
1592	0.000019480539583	0.000019452367441	0.000019480539583
1593	0.000019480539583	0.000019452367441	0.000019480539583
1594	0.000052597456875	0.000052521392090	0.000052597456875
1595	0.000019480539583	0.000019452367441	0.000019480539583
1596	0.000019480539583	0.000019452367441	0.000019480539583
1597	0.000019480539583	0.000019452367441	0.000019480539583
1598	0.000019480539583	0.000019452367441	0.000019480539583
1599	0.000019480539583	0.000019452367441	0.000019480539583
1600	0.000019480539583	0.000019452367441	0.000019480539583
1601	0.000019480539583	0.000019452367441	0.000019480539583
1602	0.000019480539583	0.000019452367441	0.000019480539583
1603	0.000019480539583	0.000019452367441	0.000019480539583
1604	0.000019480539583	0.000019452367441	0.000019480539583
1605	0.000019480539583	0.000019452367441	0.000019480539583
1606	0.000019480539583	0.000019452367441	0.000019480539583
1607	0.000019480539583	0.000019452367441	0.000019480539583
1608	0.000019480539583	0.000019452367441	0.000019480539583
1609	0.000019480539583	0.000019452367441	0.000019480539583
1610	0.000019480539583	0.000019452367441	0.000019480539583
1611	0.000019480539583	0.000019452367441	0.000019480539583
1612	0.000019480539583	0.000019452367441	0.000019480539583
1613	0.000019480539583	0.000019452367441	0.000019480539583
1614	0.000019480539583	0.000019452367441	0.000019480539583
1615	0.000019480539583	0.000019452367441	0.000019480539583
1616	0.000019480539583	0.000019452367441	0.000019480539583
1617	0.000019480539583	0.000019452367441	0.000019480539583
1618	0.000019480539583	0.000019452367441	0.000019480539583
1619	0.000019480539583	0.000019452367441	0.000019480539583
1620	0.000019480539583	0.000019452367441	0.000019480539583
1621	0.000019480539583	0.000019452367441	0.000019480539583
1622	0.000069155915520	0.000069055904415	0.000069155915520
1623	0.000019480539583	0.000019452367441	0.000019480539583
1624	0.000219755540806	0.000231793042253	0.000219755540806
1625	0.000038290367606	0.000037911154907	0.000038290367606
1626	0.000039517757551	0.000038721830280	0.000039517757551
1627	0.000064014839631	0.000063873396872	0.000064014839631
1628	0.000078596376108	0.000077848789405	0.000078596376108
1629	0.000039517757551	0.000038721830280	0.000039517757551
1630	0.000019480539583	0.000019452367441	0.000019480539583
1631	0.000067016663557	0.000066919746170	0.000067016663557
1632	0.000019480539583	0.000019452367441	0.000019480539583
1633	0.000036038998229	0.000035986879765	0.000036038998229
1634	0.000019480539583	0.000019452367441	0.000019480539583
1635	0.000036038998229	0.000035986879765	0.000036038998229
1636	0.000019480539583	0.000019452367441	0.000019480539583
1637	0.000019480539583	0.000019452367441	0.000019480539583
1638	0.000019480539583	0.000019452367441	0.000019480539583
1639	0.000019480539583	0.000019452367441	0.000019480539583
1640	0.000019480539583	0.000019452367441	0.000019480539583
1641	0.000019480539583	0.000019452367441	0.000019480539583
1642	0.000019480539583	0.000019452367441	0.000019480539583
1643	0.000019480539583	0.000019452367441	0.000019480539583
1644	0.000019480539583	0.000019452367441	0.000019480539583
1645	0.000019480539583	0.000019452367441	0.000019480539583
1646	0.000019480539583	0.000019452367441	0.000019480539583
1647	0.000019480539583	0.000019452367441	0.000019480539583
1648	0.000019480539583	0.000019452367441	0.000019480539583
1649	0.000019480539583	0.000019452367441	0.000019480539583
1650	0.000019480539583	0.000019452367441	0.000019480539583
1651	0.000019480539583	0.000019452367441	0.000019480539583
1652	0.000019480539583	0.000019452367441	0.000019480539583
1653	0.000019480539583	0.000019452367441	0.000019480539583
1654	0.000019480539583	0.000019452367441	0.000019480539583
1655	0.000019480539583	0.000019452367441	0.000019480539583
1656	0.000019480539583	0.000019452367441	0.000019480539583
1657	0.000019480539583	0.000019452367441	0.000019480539583
1658	0.000019480539583	0.000019452367441	0.000019480539583
1659	0.000019480539583	0.000019452367441	0.000019480539583
1660	0.000019480539583	0.000019452367441	0.000019480539583
1661	0.000019480539583	0.000019452367441	0.000019480539583
1662	0.000019480539583	0.000019452367441	0.000019480539583
1663	0.000019480539583	0.000019452367441	0.000019480539583
1664	0.000019480539583	0.000019452367441	0.000019480539583
1665	0.000019480539583	0.000019452367441	0.000019480539583
1666	0.000019480539583	0.000019452367441	0.000019480539583
1667	0.000019480539583	0.000019452367441	0.000019480539583
1668	0.000019480539583	0.000019452367441	0.000019480539583
1669	0.000019480539583	0.000019452367441	0.000019480539583
1670	0.000019480539583	0.000019452367441	0.000019480539583
1671	0.000019480539583	0.000019452367441	0.000019480539583
1672	0.000019480539583	0.000019452367441	0.000019480539583
1673	0.000019480539583	0.000019452367441	0.000019480539583
1674	0.000019480539583	0.000019452367441	0.000019480539583
1675	0.000019480539583	0.000019452367441	0.000019480539583
1676	0.000019480539583	0.000019452367441	0.000019480539583
1677	0.000019480539583	0.000019452367441	0.000019480539583
1678	0.000019480539583	0.000019452367441	0.000019480539583
1679	0.000019480539583	0.000019452367441	0.000019480539583
1680	0.000019480539583	0.000019452367441	0.000019480539583
1681	0.000019480539583	0.000019452367441	0.000019480539583
1682	0.000019480539583	0.000019452367441	0.000019480539583
1683	0.000019480539583	0.000019452367441	0.000019480539583
1684	0.000019480539583	0.000019452367441	0.000019480539583
1685	0.000019480539583	0.000019452367441	0.000019480539583
1686	0.000019480539583	0.000019452367441	0.000019480539583
1687	0.000019480539583	0.000019452367441	0.000019480539583
1688	0.000019480539583	0.000019452367441	0.000019480539583
1689	0.000019480539583	0.000019452367441	0.000019480539583
1690	0.000019480539583	0.000019452367441	0.000019480539583
1691	0.000019480539583	0.000019452367441	0.000019480539583
1692	0.000019480539583	0.000019452367441	0.000019480539583
1693	0.000019480539583	0.000019452367441	0.000019480539583
1694	0.000019480539583	0.000019452367441	0.000019480539583
1695	0.000019480539583	0.000019452367441	0.000019480539583
1696	0.000019480539583	0.000019452367441	0.000019480539583
1697	0.000019480539583	0.000019452367441	0.000019480539583
1698	0.000019480539583	0.000019452367441	0.000019480539583
1699	0.000019480539583	0.000019452367441	0.000019480539583
1700	0.000019480539583	0.000019452367441	0.000019480539583
1701	0.000019480539583	0.000019452367441	0.000019480539583
1702	0.000019480539583	0.000019452367441	0.000019480539583
1703	0.000019480539583	0.000019452367441	0.000019480539583
1704	0.000019480539583	0.000019452367441	0.000019480539583
1705	0.000019480539583	0.000019452367441	0.000019480539583
1706	0.000019480539583	0.000019452367441	0.000019480539583
1707	0.000019480539583	0.000019452367441	0.000019480539583
1708	0.000019480539583	0.000019452367441	0.000019480539583
1709	0.000019480539583	0.000019452367441	0.000019480539583
1710	0.000019480539583	0.000019452367441	0.000019480539583
1711	0.000019480539583	0.000019452367441	0.000019480539583
1712	0.000019480539583	0.000019452367441	0.000019480539583
1713	0.000019480539583	0.000019452367441	0.000019480539583
1714	0.000019480539583	0.000019452367441	0.000019480539583
1715	0.000019480539583	0.000019452367441	0.000019480539583
1716	0.000019480539583	0.000019452367441	0.000019480539583
1717	0.000019480539583	0.000019452367441	0.000019480539583
1718	0.000019480539583	0.000019452367441	0.000019480539583
1719	0.000019480539583	0.000019452367441	0.000019480539583
1720	0.000019480539583	0.000019452367441	0.000019480539583
1721	0.000019480539583	0.000019452367441	0.000019480539583
1722	0.000019480539583	0.000019452367441	0.000019480539583
1723	0.000019480539583	0.000019452367441	0.000019480539583
1724	0.000019480539583	0.000019452367441	0.000019480539583
1725	0.000019480539583	0.000019452367441	0.000019480539583
1726	0.000019480539583	0.000019452367441	0.000019480539583
1727	0.000019480539583	0.000019452367441	0.000019480539583
1728	0.000019480539583	0.000019452367441	0.000019480539583
1729	0.000019480539583	0.000019452367441	0.000019480539583
1730	0.000019480539583	0.000019452367441	0.000019480539583
1731	0.000019480539583	0.000019452367441	0.000019480539583
1732	0.000019480539583	0.000019452367441	0.000019480539583
1733	0.000019480539583	0.000019452367441	0.000019480539583
1734	0.000019480539583	0.000019452367441	0.000019480539583
1735	0.000019480539583	0.000019452367441	0.000019480539583
1736	0.000019480539583	0.000019452367441	0.000019480539583
1737	0.000019480539583	0.000019452367441	0.000019480539583
1738	0.000019480539583	0.000019452367441	0.000019480539583
1739	0.000019480539583	0.000019452367441	0.000019480539583
1740	0.000036038998229	0.000035986879765	0.000036038998229
1741	0.000287170550288	0.000302206951733	0.000287170550288
1742	0.000019480539583	0.000019452367441	0.000019480539583
1743	0.000019480539583	0.000019452367441	0.000019480539583
1744	0.000019480539583	0.000019452367441	0.000019480539583
1745	0.000019480539583	0.000019452367441	0.000019480539583
1746	0.000132702105284	0.000132510195682	0.000132702105284
1747	0.000038219853030	0.000037741883498	0.000038219853030
1748	0.000160145340802	0.000155905076778	0.000160145340802
1749	0.000019480539583	0.000019452367441	0.000019480539583
1750	0.000019480539583	0.000019452367441	0.000019480539583
1751	0.000036038998229	0.000035986879765	0.000036038998229
1752	0.000019480539583	0.000019452367441	0.000019480539583
1753	0.000019480539583	0.000019452367441	0.000019480539583
1754	0.000019480539583	0.000019452367441	0.000019480539583
1755	0.000019480539583	0.000019452367441	0.000019480539583
1756	0.000019480539583	0.000019452367441	0.000019480539583
1757	0.000019480539583	0.000019452367441	0.000019480539583
1758	0.000019480539583	0.000019452367441	0.000019480539583
1759	0.000019480539583	0.000019452367441	0.000019480539583
1760	0.000019480539583	0.000019452367441	0.000019480539583
1761	0.000036038998229	0.000035986879765	0.000036038998229
1762	0.000019480539583	0.000019452367441	0.000019480539583
1763	0.000055164017965	0.000054174843323	0.000055164017965
1764	0.000019480539583	0.000019452367441	0.000019480539583
1765	0.000059666084258	0.000059577309126	0.000059666084258
1766	0.000019480539583	0.000019452367441	0.000019480539583
1767	0.000033879199275	0.000033830204245	0.000033879199275
1768	0.000033879199275	0.000033830204245	0.000033879199275
1769	0.000086076073866	0.000083632294004	0.000086076073866
1770	0.000019480539583	0.000019452367441	0.000019480539583
1771	0.000019480539583	0.000019452367441	0.000019480539583
1772	0.000019480539583	0.000019452367441	0.000019480539583
1773	0.000038269561650	0.000037206262807	0.000038269561650
1774	0.001193655519552	0.001211442272047	0.001193655519552
1775	0.000019480539583	0.000019452367441	0.000019480539583
1776	0.000038269561650	0.000054960158173	0.000038269561650
1777	0.000019480539583	0.000019452367441	0.000019480539583
1778	0.000019480539583	0.000019452367441	0.000019480539583
1779	0.000019480539583	0.000019452367441	0.000019480539583
1780	0.000019480539583	0.000019452367441	0.000019480539583
1781	0.000019480539583	0.000019452367441	0.000019480539583
1782	0.000019480539583	0.000019452367441	0.000019480539583
1783	0.000019480539583	0.000019452367441	0.000019480539583
1784	0.000019480539583	0.000019452367441	0.000019480539583
1785	0.000019480539583	0.000019452367441	0.000019480539583
1786	0.000019480539583	0.000019452367441	0.000019480539583
1787	0.000019480539583	0.000019452367441	0.000019480539583
1788	0.000019480539583	0.000019452367441	0.000019480539583
1789	0.000019480539583	0.000019452367441	0.000019480539583
1790	0.000019480539583	0.000019452367441	0.000019480539583
1791	0.000019480539583	0.000019452367441	0.000019480539583
1792	0.000019480539583	0.000019452367441	0.000019480539583
1793	0.000019480539583	0.000019452367441	0.000019480539583
1794	0.000019480539583	0.000019452367441	0.000019480539583
1795	0.000019480539583	0.000019452367441	0.000019480539583
1796	0.000019480539583	0.000019452367441	0.000019480539583
1797	0.000019480539583	0.000019452367441	0.000019480539583
1798	0.000019480539583	0.000019452367441	0.000019480539583
1799	0.000019480539583	0.000019452367441	0.000019480539583
1800	0.000019480539583	0.000019452367441	0.000019480539583
1801	0.000019480539583	0.000019452367441	0.000019480539583
1802	0.000019480539583	0.000019452367441	0.000019480539583
1803	0.000019480539583	0.000019452367441	0.000019480539583
1804	0.000019480539583	0.000019452367441	0.000019480539583
1805	0.000019480539583	0.000019452367441	0.000019480539583
1806	0.000019480539583	0.000019452367441	0.000019480539583
1807	0.000019480539583	0.000019452367441	0.000019480539583
1808	0.000019480539583	0.000019452367441	0.000019480539583
1809	0.000063913357086	0.000105693782708	0.000063913357086
1810	0.000038269561650	0.000037206262807	0.000038269561650
1811	0.000087063252754	0.000102398143252	0.000087063252754
1812	0.000038269561650	0.000037206262807	0.000038269561650
1813	0.000019480539583	0.000019452367441	0.000019480539583
1814	0.000019480539583	0.000019452367441	0.000019480539583
1815	0.000038269561650	0.000037206262807	0.000038269561650
1816	0.000019480539583	0.000019452367441	0.000019480539583
1817	0.000019480539583	0.000019452367441	0.000019480539583
1818	0.000019480539583	0.000019452367441	0.000019480539583
1819	0.000019480539583	0.000019452367441	0.000019480539583
1820	0.000019480539583	0.000019452367441	0.000019480539583
1821	0.000019480539583	0.000019452367441	0.000019480539583
1822	0.000019480539583	0.000019452367441	0.000019480539583
1823	0.000019480539583	0.000019452367441	0.000019480539583
1824	0.000019480539583	0.000019452367441	0.000019480539583
1825	0.000019480539583	0.000019452367441	0.000019480539583
1826	0.000019480539583	0.000019452367441	0.000019480539583
1827	0.000019480539583	0.000019452367441	0.000019480539583
1828	0.000019480539583	0.000019452367441	0.000019480539583
1829	0.000019480539583	0.000019452367441	0.000019480539583
1830	0.000019480539583	0.000019452367441	0.000019480539583
1831	0.000019480539583	0.000019452367441	0.000019480539583
1832	0.000019480539583	0.000019452367441	0.000019480539583
1833	0.000019480539583	0.000019452367441	0.000019480539583
1834	0.000019480539583	0.000019452367441	0.000019480539583
1835	0.000019480539583	0.000019452367441	0.000019480539583
1836	0.000019480539583	0.000019452367441	0.000019480539583
1837	0.000019480539583	0.000019452367441	0.000019480539583
1838	0.000019480539583	0.000019452367441	0.000019480539583
1839	0.000019480539583	0.000019452367441	0.000019480539583
1840	0.000019480539583	0.000019452367441	0.000019480539583
1841	0.000019480539583	0.000019452367441	0.000019480539583
1842	0.000019480539583	0.000019452367441	0.000019480539583
1843	0.000019480539583	0.000019452367441	0.000019480539583
1844	0.000019480539583	0.000019452367441	0.000019480539583
1845	0.000019480539583	0.000019452367441	0.000019480539583
1846	0.000019480539583	0.000019452367441	0.000019480539583
1847	0.000019480539583	0.000019452367441	0.000019480539583
1848	0.000019480539583	0.000019452367441	0.000019480539583
1849	0.000019480539583	0.000019452367441	0.000019480539583
1850	0.000019480539583	0.000019452367441	0.000019480539583
1851	0.000019480539583	0.000019452367441	0.000019480539583
1852	0.000019480539583	0.000019452367441	0.000019480539583
1853	0.000019480539583	0.000019452367441	0.000019480539583
1854	0.000019480539583	0.000019452367441	0.000019480539583
1855	0.000054848826252	0.000054445667231	0.000054848826252
1856	0.000019480539583	0.000019452367441	0.000019480539583
1857	0.000125538906380	0.000123450225666	0.000125538906380
1858	0.000019480539583	0.000019452367441	0.000019480539583
1859	0.000019480539583	0.000019452367441	0.000019480539583
1860	0.000019480539583	0.000019452367441	0.000019480539583
1861	0.000019480539583	0.000019452367441	0.000019480539583
1862	0.000019480539583	0.000019452367441	0.000019480539583
1863	0.000019480539583	0.000019452367441	0.000019480539583
1864	0.000019480539583	0.000019452367441	0.000019480539583
1865	0.000019480539583	0.000019452367441	0.000019480539583
1866	0.000034831610619	0.000034781238242	0.000034831610619
1867	0.000019480539583	0.000019452367441	0.000019480539583
1868	0.000136561752596	0.000129676527109	0.000136561752596
1869	0.000019480539583	0.000019452367441	0.000019480539583
1870	0.000036038998229	0.000035986879765	0.000036038998229
1871	0.000034831610619	0.000034781238242	0.000034831610619
1872	0.000034831610619	0.000034781238242	0.000034831610619
1873	0.000019480539583	0.000019452367441	0.000019480539583
1874	0.000104195453843	0.000101546221133	0.000104195453843
1875	0.000019480539583	0.000019452367441	0.000019480539583
1876	0.000019480539583	0.000019452367441	0.000019480539583
1877	0.000036038998229	0.000035986879765	0.000036038998229
1878	0.000019480539583	0.000019452367441	0.000019480539583
1879	0.000036038998229	0.000035986879765	0.000036038998229
1880	0.000019480539583	0.000019452367441	0.000019480539583
1881	0.000019480539583	0.000019452367441	0.000019480539583
1882	0.000019480539583	0.000019452367441	0.000019480539583
1883	0.000056263972718	0.000055264617999	0.000056263972718
1884	0.000019480539583	0.000019452367441	0.000019480539583
1885	0.000019480539583	0.000019452367441	0.000019480539583
1886	0.000019480539583	0.000019452367441	0.000019480539583
1887	0.000222240750913	0.000232652185012	0.000222240750913
1888	0.000070666554537	0.000065986079871	0.000070666554537
1889	0.000019480539583	0.000019452367441	0.000019480539583
1890	0.000036038998229	0.000035986879765	0.000036038998229
1891	0.000211438609292	0.000226048807984	0.000211438609292
1892	0.000019480539583	0.000019452367441	0.000019480539583
1893	0.000055764262091	0.000055104048468	0.000055764262091
1894	0.000019480539583	0.000019452367441	0.000019480539583
1895	0.000137922824824	0.000138488954588	0.000137922824824
1896	0.000019480539583	0.000019452367441	0.000019480539583
1897	0.000069155915520	0.000069055904415	0.000069155915520
1898	0.000019480539583	0.000019452367441	0.000019480539583
1899	0.000019480539583	0.000019452367441	0.000019480539583
1900	0.000052597456875	0.000052521392090	0.000052597456875
1901	0.000019480539583	0.000019452367441	0.000019480539583
1902	0.000019480539583	0.000019452367441	0.000019480539583
1903	0.000019480539583	0.000019452367441	0.000019480539583
1904	0.000019480539583	0.000019452367441	0.000019480539583
1905	0.000019480539583	0.000019452367441	0.000019480539583
1906	0.000019480539583	0.000019452367441	0.000019480539583
1907	0.000019480539583	0.000019452367441	0.000019480539583
1908	0.000036038998229	0.000035986879765	0.000036038998229
1909	0.000033992954238	0.000033943794699	0.000033992954238
1910	0.000019480539583	0.000019452367441	0.000019480539583
1911	0.000036038998229	0.000035986879765	0.000036038998229
1912	0.000019480539583	0.000019452367441	0.000019480539583
1913	0.000109319607344	0.000108370365176	0.000109319607344
1914	0.000036227162532	0.000036174771951	0.000036227162532
1915	0.000019480539583	0.000019452367441	0.000019480539583
1916	0.000136743286375	0.000136981183391	0.000136743286375
1917	0.000019480539583	0.000019452367441	0.000019480539583
1918	0.000019480539583	0.000019452367441	0.000019480539583
1919	0.000051390069265	0.000051315750566	0.000051390069265
1920	0.000039951601764	0.000038950373128	0.000039951601764
1921	0.000019480539583	0.000019452367441	0.000019480539583
1922	0.000019480539583	0.000019452367441	0.000019480539583
1923	0.000019480539583	0.000019452367441	0.000019480539583
1924	0.000019480539583	0.000019452367441	0.000019480539583
1925	0.000019480539583	0.000019452367441	0.000019480539583
1926	0.000019480539583	0.000019452367441	0.000019480539583
1927	0.000069155915520	0.000069055904415	0.000069155915520
1928	0.000019480539583	0.000019452367441	0.000019480539583
1929	0.000019480539583	0.000019452367441	0.000019480539583
1930	0.000036038998229	0.000035986879765	0.000036038998229
1931	0.000034797113830	0.000034746791341	0.000034797113830
1932	0.000019480539583	0.000019452367441	0.000019480539583
1933	0.000019480539583	0.000019452367441	0.000019480539583
1934	0.000019480539583	0.000019452367441	0.000019480539583
1935	0.000131900524413	0.000141453343476	0.000131900524413
1936	0.000019480539583	0.000019452367441	0.000019480539583
1937	0.000019480539583	0.000019452367441	0.000019480539583
1938	0.000760251637782	0.000785920016273	0.000760251637783
1939	0.000019480539583	0.000019452367441	0.000019480539583
1940	0.000019480539583	0.000019452367441	0.000019480539583
1941	0.000019480539583	0.000019452367441	0.000019480539583
1942	0.000019480539583	0.000019452367441	0.000019480539583
1943	0.000019480539583	0.000019452367441	0.000019480539583
1944	0.000019480539583	0.000019452367441	0.000019480539583
1945	0.000019480539583	0.000019452367441	0.000019480539583
1946	0.000019480539583	0.000019452367441	0.000019480539583
1947	0.000019480539583	0.000019452367441	0.000019480539583
1948	0.000019480539583	0.000019452367441	0.000019480539583
1949	0.000019480539583	0.000019452367441	0.000019480539583
1950	0.000019480539583	0.000019452367441	0.000019480539583
1951	0.000019480539583	0.000019452367441	0.000019480539583
1952	0.000019480539583	0.000019452367441	0.000019480539583
1953	0.000019480539583	0.000019452367441	0.000019480539583
1954	0.000019480539583	0.000019452367441	0.000019480539583
1955	0.000019480539583	0.000019452367441	0.000019480539583
1956	0.000019480539583	0.000019452367441	0.000019480539583
1957	0.000019480539583	0.000019452367441	0.000019480539583
1958	0.000019480539583	0.000019452367441	0.000019480539583
1959	0.000019480539583	0.000019452367441	0.000019480539583
1960	0.000019480539583	0.000019452367441	0.000019480539583
1961	0.000019480539583	0.000019452367441	0.000019480539583
1962	0.000019480539583	0.000019452367441	0.000019480539583
1963	0.000019480539583	0.000019452367441	0.000019480539583
1964	0.000019480539583	0.000019452367441	0.000019480539583
1965	0.000019480539583	0.000019452367441	0.000019480539583
1966	0.000019480539583	0.000019452367441	0.000019480539583
1967	0.000112491340909	0.000114633708862	0.000112491340909
1968	0.000019480539583	0.000019452367441	0.000019480539583
1969	0.000088047085543	0.000086369236476	0.000088047085543
1970	0.000102218305629	0.000101127028849	0.000102218305629
1971	0.000513735837104	0.000496409322078	0.000513735837104
1972	0.000055488823520	0.000053989381310	0.000055488823520
1973	0.000019480539583	0.000019452367441	0.000019480539583
1974	0.000052597456875	0.000052521392090	0.000052597456875
1975	0.000019480539583	0.000019452367441	0.000019480539583
1976	0.000019480539583	0.000019452367441	0.000019480539583
1977	0.000019480539583	0.000019452367441	0.000019480539583
1978	0.000019480539583	0.000019452367441	0.000019480539583
1979	0.000019480539583	0.000019452367441	0.000019480539583
1980	0.000019480539583	0.000019452367441	0.000019480539583
1981	0.000019480539583	0.000019452367441	0.000019480539583
1982	0.000053961991845	0.000051807735553	0.000053961991845
1983	0.000035757650489	0.000035462869052	0.000035757650489
1984	0.000035757650489	0.000035462869052	0.000035757650489
1985	0.000019480539583	0.000019452367441	0.000019480539583
1986	0.000283644653916	0.000288537674572	0.000283644653916
1987	0.000019480539583	0.000019452367441	0.000019480539583
1988	0.000085714374166	0.000085590416739	0.000085714374166
1989	0.000019480539583	0.000019452367441	0.000019480539583
1990	0.000019480539583	0.000019452367441	0.000019480539583
1991	0.000019480539583	0.000019452367441	0.000019480539583
1992	0.000019480539583	0.000019452367441	0.000019480539583
1993	0.000019480539583	0.000019452367441	0.000019480539583
1994	0.000019480539583	0.000019452367441	0.000019480539583
1995	0.000019480539583	0.000019452367441	0.000019480539583
1996	0.000019480539583	0.000019452367441	0.000019480539583
1997	0.000019480539583	0.000019452367441	0.000019480539583
1998	0.000019480539583	0.000019452367441	0.000019480539583
1999	0.000019480539583	0.000019452367441	0.000019480539583
2000	0.000019480539583	0.000019452367441	0.000019480539583
2001	0.000035757650489	0.000035462869052	0.000035757650489
2002	0.000035368800839	0.000035108331179	0.000035368800839
2003	0.000076315911016	0.000074129327191	0.000076315911016
2004	0.000153644576746	0.000151455215899	0.000153644576746
2005	0.000019480539583	0.000019452367441	0.000019480539583
2006	0.000019480539583	0.000019452367441	0.000019480539583
2007	0.000019480539583	0.000019452367441	0.000019480539583
2008	0.000036038998229	0.000035986879765	0.000036038998229
2009	0.000019480539583	0.000019452367441	0.000019480539583
2010	0.000036038998229	0.000035986879765	0.000036038998229
2011	0.000019480539583	0.000019452367441	0.000019480539583
2012	0.000245227324340	0.000243918542150	0.000245227324340
2013	0.000213182593093	0.000209859335027	0.000213182593093
2014	0.000019480539583	0.000019452367441	0.000019480539583
2015	0.000019480539583	0.000019452367441	0.000019480539583
2016	0.000019480539583	0.000019452367441	0.000019480539583
2017	0.000019480539583	0.000019452367441	0.000019480539583
2018	0.000019480539583	0.000019452367441	0.000019480539583
2019	0.000019480539583	0.000019452367441	0.000019480539583
2020	0.000450000464371	0.000449349687882	0.000450000464371
2021	0.000019480539583	0.000019452367441	0.000019480539583
2022	0.000019480539583	0.000019452367441	0.000019480539583
2023	0.000019480539583	0.000019452367441	0.000019480539583
2024	0.000019480539583	0.000019452367441	0.000019480539583
2025	0.000019480539583	0.000019452367441	0.000019480539583
2026	0.000019480539583	0.000019452367441	0.000019480539583
2027	0.000019480539583	0.000019452367441	0.000019480539583
2028	0.000019480539583	0.000019452367441	0.000019480539583
2029	0.000019480539583	0.000019452367441	0.000019480539583
2030	0.000019480539583	0.000019452367441	0.000019480539583
2031	0.000019480539583	0.000019452367441	0.000019480539583
2032	0.000019480539583	0.000019452367441	0.000019480539583
2033	0.000019480539583	0.000019452367441	0.000019480539583
2034	0.000019480539583	0.000019452367441	0.000019480539583
2035	0.000019480539583	0.000019452367441	0.000019480539583
2036	0.000019480539583	0.000019452367441	0.000019480539583
2037	0.000019480539583	0.000019452367441	0.000019480539583
2038	0.000019480539583	0.000019452367441	0.000019480539583
2039	0.000019480539583	0.000019452367441	0.000019480539583
2040	0.000019480539583	0.000019452367441	0.000019480539583
2041	0.000019480539583	0.000019452367441	0.000019480539583
2042	0.000019480539583	0.000019452367441	0.000019480539583
2043	0.000019480539583	0.000019452367441	0.000019480539583
2044	0.000019480539583	0.000019452367441	0.000019480539583
2045	0.000019480539583	0.000019452367441	0.000019480539583
2046	0.000033927545135	0.000033878480188	0.000033927545135
2047	0.000019480539583	0.000019452367441	0.000019480539583
2048	0.000019480539583	0.000019452367441	0.000019480539583
2049	0.000019480539583	0.000019452367441	0.000019480539583
2050	0.000069155915520	0.000069055904415	0.000069155915520
2051	0.006830449620533	0.006780162909459	0.006830449620533
2052	0.000019480539583	0.000019452367441	0.000019480539583
2053	0.000036038998229	0.000035986879765	0.000036038998229
2054	0.000214494310040	0.000215685475535	0.000214494310040
2055	0.000019480539583	0.000019452367441	0.000019480539583
2056	0.000019480539583	0.000019452367441	0.000019480539583
2057	0.000055467844707	0.000055064271795	0.000055467844707
2058	0.000019480539583	0.000019452367441	0.000019480539583
2059	0.000261661548344	0.000284751880105	0.000261661548344
2060	0.000019480539583	0.000019452367441	0.000019480539583
2061	0.000036038998229	0.000035986879765	0.000036038998229
2062	0.000019480539583	0.000019452367441	0.000019480539583
2063	0.000036038998229	0.000035986879765	0.000036038998229
2064	0.000019480539583	0.000019452367441	0.000019480539583
2065	0.000069155915520	0.000069055904415	0.000069155915520
2066	0.000019480539583	0.000019452367441	0.000019480539583
2067	0.000169550649162	0.000168981611980	0.000169550649162
2068	0.000019480539583	0.000019452367441	0.000019480539583
2069	0.000083959350033	0.000083837930668	0.000083959350033
2070	0.000019480539583	0.000019452367441	0.000019480539583
2071	0.000052597456875	0.000052521392090	0.000052597456875
2072	0.000019480539583	0.000019452367441	0.000019480539583
2073	0.000049781260810	0.000049709268720	0.000049781260810
2074	0.000019480539583	0.000019452367441	0.000019480539583
2075	0.000174107966660	0.000186860355486	0.000174107966660
2076	0.000019480539583	0.000019452367441	0.000019480539583
2077	0.000019480539583	0.000019452367441	0.000019480539583
2078	0.000019480539583	0.000019452367441	0.000019480539583
2079	0.000036038998229	0.000035986879765	0.000036038998229
2080	0.000019480539583	0.000019452367441	0.000019480539583
2081	0.000019480539583	0.000019452367441	0.000019480539583
2082	0.000019480539583	0.000019452367441	0.000019480539583
2083	0.000019480539583	0.000019452367441	0.000019480539583
2084	0.000019480539583	0.000019452367441	0.000019480539583
2085	0.000019480539583	0.000019452367441	0.000019480539583
2086	0.000019480539583	0.000019452367441	0.000019480539583
2087	0.000019480539583	0.000019452367441	0.000019480539583
2088	0.000036038998229	0.000035986879765	0.000036038998229
2089	0.000019480539583	0.000019452367441	0.000019480539583
2090	0.000019480539583	0.000019452367441	0.000019480539583
2091	0.000052597456875	0.000052521392090	0.000052597456875
2092	0.000019480539583	0.000019452367441	0.000019480539583
2093	0.000019480539583	0.000019452367441	0.000019480539583
2094	0.000019480539583	0.000019452367441	0.000019480539583
2095	0.000019480539583	0.000019452367441	0.000019480539583
2096	0.000019480539583	0.000019452367441	0.000019480539583
2097	0.000019480539583	0.000019452367441	0.000019480539583
2098	0.000019480539583	0.000019452367441	0.000019480539583
2099	0.000019480539583	0.000019452367441	0.000019480539583
2100	0.000019480539583	0.000019452367441	0.000019480539583
2101	0.000019480539583	0.000019452367441	0.000019480539583
2102	0.000019480539583	0.000019452367441	0.000019480539583
2103	0.000019480539583	0.000019452367441	0.000019480539583
2104	0.000019480539583	0.000019452367441	0.000019480539583
2105	0.000196882943250	0.000196315718007	0.000196882943250
2106	0.000036215589759	0.000036139203471	0.000036215589759
2107	0.000019480539583	0.000019452367441	0.000019480539583
2108	0.000019480539583	0.000019452367441	0.000019480539583
2109	0.000019480539583	0.000019452367441	0.000019480539583
2110	0.000019480539583	0.000019452367441	0.000019480539583
2111	0.000036038998229	0.000035986879765	0.000036038998229
2112	0.000019480539583	0.000019452367441	0.000019480539583
2113	0.000057779731996	0.000057199711774	0.000057779731996
2114	0.000019480539583	0.000019452367441	0.000019480539583
2115	0.000036038998229	0.000035986879765	0.000036038998229
2116	0.000019480539583	0.000019452367441	0.000019480539583
2117	0.000036038998229	0.000035986879765	0.000036038998229
2118	0.000019480539583	0.000019452367441	0.000019480539583
2119	0.000155359838816	0.000176537795236	0.000155359838816
2120	0.000019480539583	0.000019452367441	0.000019480539583
2121	0.000324541155634	0.000319767665006	0.000324541155634
2122	0.000019480539583	0.000019452367441	0.000019480539583
2123	0.000036038998229	0.000035986879765	0.000036038998229
2124	0.000019480539583	0.000019452367441	0.000019480539583
2125	0.000019480539583	0.000019452367441	0.000019480539583
2126	0.000019480539583	0.000019452367441	0.000019480539583
2127	0.000019480539583	0.000019452367441	0.000019480539583
2128	0.000019480539583	0.000019452367441	0.000019480539583
2129	0.000019480539583	0.000019452367441	0.000019480539583
2130	0.000019480539583	0.000019452367441	0.000019480539583
2131	0.000019480539583	0.000019452367441	0.000019480539583
2132	0.000019480539583	0.000019452367441	0.000019480539583
2133	0.000019480539583	0.000019452367441	0.000019480539583
2134	0.000019480539583	0.000019452367441	0.000019480539583
2135	0.000019480539583	0.000019452367441	0.000019480539583
2136	0.000019480539583	0.000019452367441	0.000019480539583
2137	0.000068063657863	0.000067713194331	0.000068063657863
2138	0.000019480539583	0.000019452367441	0.000019480539583
2139	0.000019480539583	0.000019452367441	0.000019480539583
2140	0.000084058528301	0.000083936965507	0.000084058528301
2141	0.000038605559319	0.000037640330998	0.000038605559319
2142	0.000019480539583	0.000019452367441	0.000019480539583
2143	0.000036038998229	0.000035986879765	0.000036038998229
2144	0.000057915972890	0.000056818205589	0.000057915972890
2145	0.000019480539583	0.000019452367441	0.000019480539583
2146	0.000111380286408	0.000126390329277	0.000111380286408
2147	0.000019480539583	0.000019452367441	0.000019480539583
2148	0.000069155915520	0.000069055904415	0.000069155915520
2149	0.000019480539583	0.000019452367441	0.000019480539583
2150	0.000019480539583	0.000019452367441	0.000019480539583
2151	0.000019480539583	0.000019452367441	0.000019480539583
2152	0.000038605559319	0.000037640330998	0.000038605559319
2153	0.000053149405496	0.000053072542501	0.000053149405496
2154	0.000056837112224	0.000055117310525	0.000056837112224
2155	0.000105170563075	0.000105018468721	0.000105170563075
2156	0.000097013598441	0.000096630230583	0.000097013598441
2157	0.000019480539583	0.000019452367441	0.000019480539583
2158	0.000019480539583	0.000019452367441	0.000019480539583
2159	0.000019480539583	0.000019452367441	0.000019480539583
2160	0.000019480539583	0.000019452367441	0.000019480539583
2161	0.000019480539583	0.000019452367441	0.000019480539583
2162	0.000019480539583	0.000019452367441	0.000019480539583
2163	0.000019480539583	0.000019452367441	0.000019480539583
2164	0.000019480539583	0.000019452367441	0.000019480539583
2165	0.000019480539583	0.000019452367441	0.000019480539583
2166	0.000019480539583	0.000019452367441	0.000019480539583
2167	0.000047199719374	0.000048644347200	0.000047199719374
2168	0.000019480539583	0.000019452367441	0.000019480539583
2169	0.000019480539583	0.000019452367441	0.000019480539583
2170	0.000019480539583	0.000019452367441	0.000019480539583
2171	0.000069155915520	0.000069055904415	0.000069155915520
2172	0.000019480539583	0.000019452367441	0.000019480539583
2173	0.000264728835988	0.000258222697473	0.000264728835988
2174	0.000257933676659	0.000257698111235	0.000257933676659
2175	0.000205277941724	0.000221733442299	0.000205277941724
2176	0.000019480539583	0.000019452367441	0.000019480539583
2177	0.000433442005726	0.000432815175558	0.000433442005726
2178	0.000019480539583	0.000019452367441	0.000019480539583
2179	0.000019480539583	0.000019452367441	0.000019480539583
2180	0.000019480539583	0.000019452367441	0.000019480539583
2181	0.000019480539583	0.000019452367441	0.000019480539583
2182	0.000019480539583	0.000019452367441	0.000019480539583
2183	0.000019480539583	0.000019452367441	0.000019480539583
2184	0.000019480539583	0.000019452367441	0.000019480539583
2185	0.000019480539583	0.000019452367441	0.000019480539583
2186	0.000019480539583	0.000019452367441	0.000019480539583
2187	0.000019480539583	0.000019452367441	0.000019480539583
2188	0.000019480539583	0.000019452367441	0.000019480539583
2189	0.000019480539583	0.000019452367441	0.000019480539583
2190	0.000019480539583	0.000019452367441	0.000019480539583
2191	0.000019480539583	0.000019452367441	0.000019480539583
2192	0.000019480539583	0.000019452367441	0.000019480539583
2193	0.000019480539583	0.000019452367441	0.000019480539583
2194	0.000019480539583	0.000019452367441	0.000019480539583
2195	0.000019480539583	0.000019452367441	0.000019480539583
2196	0.000019480539583	0.000019452367441	0.000019480539583
2197	0.000019480539583	0.000019452367441	0.000019480539583
2198	0.000019480539583	0.000019452367441	0.000019480539583
2199	0.000019480539583	0.000019452367441	0.000019480539583
2200	0.000019480539583	0.000019452367441	0.000019480539583
2201	0.000019480539583	0.000019452367441	0.000019480539583
2202	0.000085714374166	0.000085590416739	0.000085714374166
2203	0.000070647659805	0.000069806713450	0.000070647659805
2204	0.000038605559319	0.000037640330998	0.000038605559319
2205	0.000019480539583	0.000019452367441	0.000019480539583
2206	0.000019480539583	0.000019452367441	0.000019480539583
2207	0.000019480539583	0.000019452367441	0.000019480539583
2208	0.000038605559319	0.000037640330998	0.000038605559319
2209	0.000036185102276	0.000033630711759	0.000036185102276
2210	0.000055164017965	0.000054174843323	0.000055164017965
2211	0.000075282545219	0.000074264275797	0.000075282545219
2212	0.000019480539583	0.000019452367441	0.000019480539583
2213	0.000036038998229	0.000035986879765	0.000036038998229
2214	0.000019480539583	0.000019452367441	0.000019480539583
2215	0.000110270714394	0.000109868174513	0.000110270714394
2216	0.000097553672098	0.000092204221669	0.000097553672098
2217	0.000038605559319	0.000037640330998	0.000038605559319
2218	0.000019480539583	0.000019452367441	0.000019480539583
2219	0.000052597456875	0.000052521392090	0.000052597456875
2220	0.000038605559319	0.000037640330998	0.000038605559319
2221	0.000038605559319	0.000037640330998	0.000038605559319
2222	0.000019480539583	0.000019452367441	0.000019480539583
2223	0.000019480539583	0.000019452367441	0.000019480539583
2224	0.000019480539583	0.000019452367441	0.000019480539583
2225	0.000019480539583	0.000019452367441	0.000019480539583
2226	0.000019480539583	0.000019452367441	0.000019480539583
2227	0.000350649712497	0.000350142613934	0.000350649712497
2228	0.000019480539583	0.000019452367441	0.000019480539583
2229	0.000019480539583	0.000019452367441	0.000019480539583
2230	0.000019480539583	0.000019452367441	0.000019480539583
2231	0.000019480539583	0.000019452367441	0.000019480539583
2232	0.000019480539583	0.000019452367441	0.000019480539583
2233	0.000019480539583	0.000019452367441	0.000019480539583
2234	0.000019480539583	0.000019452367441	0.000019480539583
2235	0.000019480539583	0.000019452367441	0.000019480539583
2236	0.000019480539583	0.000019452367441	0.000019480539583
2237	0.000019480539583	0.000019452367441	0.000019480539583
2238	0.000019480539583	0.000019452367441	0.000019480539583
2239	0.000019480539583	0.000019452367441	0.000019480539583
2240	0.000019480539583	0.000019452367441	0.000019480539583
2241	0.000019480539583	0.000019452367441	0.000019480539583
2242	0.000019480539583	0.000019452367441	0.000019480539583
2243	0.000019480539583	0.000019452367441	0.000019480539583
2244	0.000019480539583	0.000019452367441	0.000019480539583
2245	0.000019480539583	0.000019452367441	0.000019480539583
2246	0.000019480539583	0.000019452367441	0.000019480539583
2247	0.000038605559319	0.000037640330998	0.000038605559319
2248	0.000038585758063	0.000038529956556	0.000038585758063
2249	0.000247244003857	0.000246886447371	0.000247244003857
2250	0.000019480539583	0.000019452367441	0.000019480539583
2251	0.000019480539583	0.000019452367441	0.000019480539583
2252	0.000067175595610	0.000067193114601	0.000067175595610
2253	0.000019480539583	0.000019452367441	0.000019480539583
2254	0.000038585758063	0.000038529956556	0.000038585758063
2255	0.000019480539583	0.000019452367441	0.000019480539583
2256	0.000038585758063	0.000038529956556	0.000038585758063
2257	0.000035879486760	0.000035827598977	0.000035879486760
2258	0.000038585758063	0.000038529956556	0.000038585758063
2259	0.000038585758063	0.000038529956556	0.000038585758063
2260	0.000019480539583	0.000019452367441	0.000019480539583
2261	0.000036038998229	0.000035986879765	0.000036038998229
2262	0.000045141092394	0.000045075810769	0.000045141092394
2263	0.000019480539583	0.000019452367441	0.000019480539583
2264	0.000135389750103	0.000135193953713	0.000135389750103
2265	0.000019480539583	0.000019452367441	0.000019480539583
2266	0.000019480539583	0.000019452367441	0.000019480539583
2267	0.000019480539583	0.000019452367441	0.000019480539583
2268	0.000019480539583	0.000019452367441	0.000019480539583
2269	0.000019480539583	0.000019452367441	0.000019480539583
2270	0.000019480539583	0.000019452367441	0.000019480539583
2271	0.000019480539583	0.000019452367441	0.000019480539583
2272	0.000102631782397	0.000102258302899	0.000102631782397
2273	0.000194179846214	0.000193814852813	0.000194179846214
2274	0.000019480539583	0.000019452367441	0.000019480539583
2275	0.000036038998229	0.000035986879765	0.000036038998229
2276	0.000019480539583	0.000019452367441	0.000019480539583
2277	0.000055844128254	0.000055535060420	0.000055844128254
2278	0.000019480539583	0.000019452367441	0.000019480539583
2279	0.000069155915520	0.000069055904415	0.000069155915520
2280	0.000019480539583	0.000019452367441	0.000019480539583
2281	0.000019480539583	0.000019452367441	0.000019480539583
2282	0.000019480539583	0.000019452367441	0.000019480539583
2283	0.000019480539583	0.000019452367441	0.000019480539583
2284	0.000019480539583	0.000019452367441	0.000019480539583
2285	0.000181622346513	0.000181359690000	0.000181622346513
2286	0.000019480539583	0.000019452367441	0.000019480539583
2287	0.000019480539583	0.000019452367441	0.000019480539583
2288	0.000019480539583	0.000019452367441	0.000019480539583
2289	0.000036038998229	0.000035986879765	0.000036038998229
2290	0.000053149405496	0.000053072542501	0.000053149405496
2291	0.000019480539583	0.000019452367441	0.000019480539583
2292	0.000019480539583	0.000019452367441	0.000019480539583
2293	0.000019480539583	0.000019452367441	0.000019480539583
2294	0.000019480539583	0.000019452367441	0.000019480539583
2295	0.000019480539583	0.000019452367441	0.000019480539583
2296	0.000499675840309	0.000498953224856	0.000499675840309
2297	0.000019480539583	0.000019452367441	0.000019480539583
2298	0.000019480539583	0.000019452367441	0.000019480539583
2299	0.000019480539583	0.000019452367441	0.000019480539583
2300	0.000019480539583	0.000019452367441	0.000019480539583
2301	0.000019480539583	0.000019452367441	0.000019480539583
2302	0.000019480539583	0.000019452367441	0.000019480539583
2303	0.000019480539583	0.000019452367441	0.000019480539583
2304	0.000019480539583	0.000019452367441	0.000019480539583
2305	0.000019480539583	0.000019452367441	0.000019480539583
2306	0.000019480539583	0.000019452367441	0.000019480539583
2307	0.000019480539583	0.000019452367441	0.000019480539583
2308	0.000019480539583	0.000019452367441	0.000019480539583
2309	0.000019480539583	0.000019452367441	0.000019480539583
2310	0.000019480539583	0.000019452367441	0.000019480539583
2311	0.000019480539583	0.000019452367441	0.000019480539583
2312	0.000019480539583	0.000019452367441	0.000019480539583
2313	0.000019480539583	0.000019452367441	0.000019480539583
2314	0.000019480539583	0.000019452367441	0.000019480539583
2315	0.000019480539583	0.000019452367441	0.000019480539583
2316	0.000019480539583	0.000019452367441	0.000019480539583
2317	0.000019480539583	0.000019452367441	0.000019480539583
2318	0.000019480539583	0.000019452367441	0.000019480539583
2319	0.000019480539583	0.000019452367441	0.000019480539583
2320	0.000019480539583	0.000019452367441	0.000019480539583
2321	0.000019480539583	0.000019452367441	0.000019480539583
2322	0.000019480539583	0.000019452367441	0.000019480539583
2323	0.000019480539583	0.000019452367441	0.000019480539583
2324	0.000019480539583	0.000019452367441	0.000019480539583
2325	0.000217953223138	0.000219448542146	0.000217953223138
2326	0.000019480539583	0.000019452367441	0.000019480539583
2327	0.000036038998229	0.000035986879765	0.000036038998229
2328	0.000019480539583	0.000019452367441	0.000019480539583
2329	0.000071407284898	0.000070980179556	0.000071407284898
2330	0.000019480539583	0.000019452367441	0.000019480539583
2331	0.000052597456875	0.000052521392090	0.000052597456875
2332	0.000019480539583	0.000019452367441	0.000019480539583
2333	0.000036038998229	0.000035986879765	0.000036038998229
2334	0.000019480539583	0.000019452367441	0.000019480539583
2335	0.000019480539583	0.000019452367441	0.000019480539583
2336	0.000019480539583	0.000019452367441	0.000019480539583
2337	0.000019480539583	0.000019452367441	0.000019480539583
2338	0.000036038998229	0.000035986879765	0.000036038998229
2339	0.000019480539583	0.000019452367441	0.000019480539583
2340	0.000019480539583	0.000019452367441	0.000019480539583
2341	0.000019480539583	0.000019452367441	0.000019480539583
2342	0.000127725051537	0.000127540339592	0.000127725051537
2343	0.000041193798344	0.000041134225171	0.000041193798344
2344	0.000019480539583	0.000019452367441	0.000019480539583
2345	0.000132905981306	0.000132713776865	0.000132905981306
2346	0.000019480539583	0.000019452367441	0.000019480539583
2347	0.000019480539583	0.000019452367441	0.000019480539583
2348	0.000019480539583	0.000019452367441	0.000019480539583
2349	0.000019480539583	0.000019452367441	0.000019480539583
2350	0.000019480539583	0.000019452367441	0.000019480539583
2351	0.000062093870317	0.000061857543917	0.000062093870317
2352	0.000019480539583	0.000019452367441	0.000019480539583
2353	0.000019480539583	0.000019452367441	0.000019480539583
2354	0.000019480539583	0.000019452367441	0.000019480539583
2355	0.000019480539583	0.000019452367441	0.000019480539583
2356	0.000113433285162	0.000113269241520	0.000113433285162
2357	0.000034058678319	0.000034124089952	0.000034058678319
2358	0.000019480539583	0.000019452367441	0.000019480539583
2359	0.000038605559319	0.000037640330998	0.000038605559319
2360	0.000019480539583	0.000019452367441	0.000019480539583
2361	0.000019480539583	0.000019452367441	0.000019480539583
2362	0.000203169539077	0.000198709508878	0.000203169539077
2363	0.000019480539583	0.000019452367441	0.000019480539583
2364	0.000066982617823	0.000066885749672	0.000066982617823
2365	0.000036038998229	0.000035986879765	0.000036038998229
2366	0.000019480539583	0.000019452367441	0.000019480539583
2367	0.000141451393158	0.000138784493136	0.000141451393158
2368	0.000052597456875	0.000052521392090	0.000052597456875
2369	0.000019480539583	0.000019452367441	0.000019480539583
2370	0.000072107448485	0.000071792650069	0.000072107448485
2371	0.000035757650489	0.000035462869052	0.000035757650489
2372	0.000019480539583	0.000019452367441	0.000019480539583
2373	0.000036038998229	0.000035986879765	0.000036038998229
2374	0.000019480539583	0.000019452367441	0.000019480539583
2375	0.000036038998229	0.000035986879765	0.000036038998229
2376	0.000019480539583	0.000019452367441	0.000019480539583
2377	0.000019480539583	0.000019452367441	0.000019480539583
2378	0.000019480539583	0.000019452367441	0.000019480539583
2379	0.000092934170708	0.000092771552287	0.000092934170709
2380	0.000019480539583	0.000019452367441	0.000019480539583
2381	0.000019480539583	0.000019452367441	0.000019480539583
2382	0.000111897671474	0.000111603048811	0.000111897671474
2383	0.000019480539583	0.000019452367441	0.000019480539583
2384	0.000159458996349	0.000165683868490	0.000159458996349
2385	0.000019480539583	0.000019452367441	0.000019480539583
2386	0.000019480539583	0.000019452367441	0.000019480539583
2387	0.000019480539583	0.000019452367441	0.000019480539583
2388	0.000052597456875	0.000052521392090	0.000052597456875
2389	0.000019480539583	0.000019452367441	0.000019480539583
2390	0.000019480539583	0.000019452367441	0.000019480539583
2391	0.000107237009956	0.000098218472182	0.000107237009956
2392	0.000019480539583	0.000019452367441	0.000019480539583
2393	0.000019480539583	0.000019452367441	0.000019480539583
2394	0.000019480539583	0.000019452367441	0.000019480539583
2395	0.000019480539583	0.000019452367441	0.000019480539583
2396	0.000019480539583	0.000019452367441	0.000019480539583
2397	0.000019480539583	0.000019452367441	0.000019480539583
2398	0.000052316109134	0.000051997381376	0.000052316109134
2399	0.000205293550374	0.000196056764558	0.000205293550374
2400	0.000052316109134	0.000051997381376	0.000052316109134
2401	0.000245504417630	0.000246602401882	0.000245504417630
2402	0.000097699171524	0.000097162552560	0.000097699171524
2403	0.000019480539583	0.000019452367441	0.000019480539583
2404	0.000019480539583	0.000019452367441	0.000019480539583
2405	0.000036038998229	0.000035986879765	0.000036038998229
2406	0.000052073092513	0.000051935399829	0.000052073092513
2407	0.000019480539583	0.000019452367441	0.000019480539583
2408	0.000019480539583	0.000019452367441	0.000019480539583
2409	0.000729249047026	0.000745363302864	0.000729249047027
2410	0.000019480539583	0.000019452367441	0.000019480539583
2411	0.000019480539583	0.000019452367441	0.000019480539583
2412	0.000019480539583	0.000019452367441	0.000019480539583
2413	0.000019480539583	0.000019452367441	0.000019480539583
2414	0.000019480539583	0.000019452367441	0.000019480539583
2415	0.000019480539583	0.000019452367441	0.000019480539583
2416	0.000019480539583	0.000019452367441	0.000019480539583
2417	0.000019480539583	0.000019452367441	0.000019480539583
2418	0.000019480539583	0.000019452367441	0.000019480539583
2419	0.000019480539583	0.000019452367441	0.000019480539583
2420	0.000019480539583	0.000019452367441	0.000019480539583
2421	0.000019480539583	0.000019452367441	0.000019480539583
2422	0.000019480539583	0.000019452367441	0.000019480539583
2423	0.000019480539583	0.000019452367441	0.000019480539583
2424	0.000019480539583	0.000019452367441	0.000019480539583
2425	0.000019480539583	0.000019452367441	0.000019480539583
2426	0.000019480539583	0.000019452367441	0.000019480539583
2427	0.000019480539583	0.000019452367441	0.000019480539583
2428	0.000019480539583	0.000019452367441	0.000019480539583
2429	0.000019480539583	0.000019452367441	0.000019480539583
2430	0.000036038998229	0.000035986879765	0.000036038998229
2431	0.000058462459624	0.000056513171097	0.000058462459624
2432	0.000019480539583	0.000019452367441	0.000019480539583
2433	0.000019480539583	0.000019452367441	0.000019480539583
2434	0.000122031914122	0.000121176683490	0.000122031914122
2435	0.000019480539583	0.000019452367441	0.000019480539583
2436	0.000019480539583	0.000019452367441	0.000019480539583
2437	0.000191048849541	0.000192749232987	0.000191048849541
2438	0.000019480539583	0.000019452367441	0.000019480539583
2439	0.000168506667394	0.000168262978363	0.000168506667395
2440	0.000019480539583	0.000019452367441	0.000019480539583
2441	0.000019480539583	0.000019452367441	0.000019480539583
2442	0.000019480539583	0.000019452367441	0.000019480539583
2443	0.000019480539583	0.000019452367441	0.000019480539583
2444	0.000019480539583	0.000019452367441	0.000019480539583
2445	0.000085658566277	0.000085186838738	0.000085658566277
2446	0.000019480539583	0.000019452367441	0.000019480539583
2447	0.000107202439036	0.000105152803567	0.000107202439036
2448	0.000019480539583	0.000019452367441	0.000019480539583
2449	0.000019480539583	0.000019452367441	0.000019480539583
2450	0.000238831550166	0.000236148025530	0.000238831550166
2451	0.000056076216197	0.000055256342604	0.000056076216197
2452	0.000019480539583	0.000019452367441	0.000019480539583
2453	0.000085714374166	0.000085590416739	0.000085714374166
2454	0.000688313880135	0.000853975991191	0.000688313880135
2455	0.000019480539583	0.000019452367441	0.000019480539583
2456	0.000104524202189	0.000104049204205	0.000104524202189
2457	0.000019480539583	0.000019452367441	0.000019480539583
2458	0.000019480539583	0.000019452367441	0.000019480539583
2459	0.000019480539583	0.000019452367441	0.000019480539583
2460	0.000052597456875	0.000052521392090	0.000052597456875
2461	0.000019480539583	0.000019452367441	0.000019480539583
2462	0.000019480539583	0.000019452367441	0.000019480539583
2463	0.000578191869726	0.000530698951187	0.000578191869726
2464	0.000019480539583	0.000019452367441	0.000019480539583
2465	0.000069155915520	0.000069055904415	0.000069155915520
2466	0.000019480539583	0.000019452367441	0.000019480539583
2467	0.000019480539583	0.000019452367441	0.000019480539583
2468	0.000019480539583	0.000019452367441	0.000019480539583
2469	0.000036038998229	0.000035986879765	0.000036038998229
2470	0.000019480539583	0.000019452367441	0.000019480539583
2471	0.000019480539583	0.000019452367441	0.000019480539583
2472	0.000071386478942	0.000070275287456	0.000071386478942
2473	0.000019480539583	0.000019452367441	0.000019480539583
2474	0.000044318227552	0.000044254135928	0.000044318227552
2475	0.000019480539583	0.000019452367441	0.000019480539583
2476	0.000019480539583	0.000019452367441	0.000019480539583
2477	0.000019480539583	0.000019452367441	0.000019480539583
2478	0.000019480539583	0.000019452367441	0.000019480539583
2479	0.000099729858415	0.000099386585486	0.000099729858415
2480	0.000019480539583	0.000019452367441	0.000019480539583
2481	0.000019480539583	0.000019452367441	0.000019480539583
2482	0.000019480539583	0.000019452367441	0.000019480539583
2483	0.000085378042749	0.000083656105606	0.000085378042749
2484	0.000044318227552	0.000044254135928	0.000044318227552
2485	0.000062549780456	0.000061731115455	0.000062549780456
2486	0.000019480539583	0.000019452367441	0.000019480539583
2487	0.000036038998229	0.000035986879765	0.000036038998229
2488	0.000246499004797	0.000245015217755	0.000246499004797
2489	0.000019480539583	0.000019452367441	0.000019480539583
2490	0.000077619296049	0.000077564361920	0.000077619296049
2491	0.000019480539583	0.000019452367441	0.000019480539583
2492	0.000019480539583	0.000019452367441	0.000019480539583
2493	0.000055760725849	0.000055287113077	0.000055760725849
2494	0.000019480539583	0.000019452367441	0.000019480539583
2495	0.000019480539583	0.000019452367441	0.000019480539583
2496	0.000179200671937	0.000193044078709	0.000179200671937
2497	0.000019480539583	0.000019452367441	0.000019480539583
2498	0.000019480539583	0.000019452367441	0.000019480539583
2499	0.000036038998229	0.000035986879765	0.000036038998229
2500	0.000065968208000	0.000065987473078	0.000065968208000
2501	0.000019480539583	0.000019452367441	0.000019480539583
2502	0.000019480539583	0.000019452367441	0.000019480539583
2503	0.000068147056150	0.000070380515974	0.000068147056150
2504	0.000019480539583	0.000019452367441	0.000019480539583
2505	0.000036038998229	0.000035986879765	0.000036038998229
2506	0.000052597456875	0.000052521392090	0.000052597456875
2507	0.000050941611010	0.000050867940858	0.000050941611010
2508	0.000019480539583	0.000019452367441	0.000019480539583
2509	0.000149195151313	0.000150207515732	0.000149195151313
2510	0.000019480539583	0.000019452367441	0.000019480539583
2511	0.000055004420608	0.000054937644896	0.000055004420608
2512	0.000019480539583	0.000019452367441	0.000019480539583
2513	0.000019480539583	0.000019452367441	0.000019480539583
2514	0.000019480539583	0.000019452367441	0.000019480539583
2515	0.000019480539583	0.000019452367441	0.000019480539583
2516	0.000019480539583	0.000019452367441	0.000019480539583
2517	0.000019480539583	0.000019452367441	0.000019480539583
2518	0.000019480539583	0.000019452367441	0.000019480539583
2519	0.000019480539583	0.000019452367441	0.000019480539583
2520	0.000077435144843	0.000077323160577	0.000077435144843
2521	0.000175762650234	0.000176021116565	0.000175762650234
2522	0.000019480539583	0.000019452367441	0.000019480539583
2523	0.000055662980776	0.000055588158989	0.000055662980776
2524	0.000019480539583	0.000019452367441	0.000019480539583
2525	0.000038930364875	0.000037454868985	0.000038930364875
2526	0.000019480539583	0.000019452367441	0.000019480539583
2527	0.000019480539583	0.000019452367441	0.000019480539583
2528	0.000019480539583	0.000019452367441	0.000019480539583
2529	0.000052597456875	0.000052521392090	0.000052597456875
2530	0.000135823449956	0.000135417705948	0.000135823449956
2531	0.000044318227552	0.000044254135928	0.000044318227552
2532	0.000019480539583	0.000019452367441	0.000019480539583
2533	0.000036038998229	0.000035986879765	0.000036038998229
2534	0.000019480539583	0.000019452367441	0.000019480539583
2535	0.000052597456875	0.000052521392090	0.000052597456875
2536	0.000019480539583	0.000019452367441	0.000019480539583
2537	0.000019480539583	0.000019452367441	0.000019480539583
2538	0.000052597456875	0.000052521392090	0.000052597456875
2539	0.000019480539583	0.000019452367441	0.000019480539583
2540	0.000212872528103	0.000212163711509	0.000212872528103
2541	0.000061699551040	0.000061610323094	0.000061699551040
2542	0.000019480539583	0.000019452367441	0.000019480539583
2543	0.000086957442110	0.000109127468266	0.000086957442110
2544	0.000019480539583	0.000019452367441	0.000019480539583
2545	0.000019480539583	0.000019452367441	0.000019480539583
2546	0.000138882935691	0.000132473106357	0.000138882935691
2547	0.000019480539583	0.000019452367441	0.000019480539583
2548	0.000056905762672	0.000055823956653	0.000056905762672
2549	0.000038269561650	0.000037206262807	0.000038269561650
2550	0.000019480539583	0.000019452367441	0.000019480539583
2551	0.000019480539583	0.000019452367441	0.000019480539583
2552	0.000036038998229	0.000035986879765	0.000036038998229
2553	0.000019480539583	0.000019452367441	0.000019480539583
2554	0.000036038998229	0.000035986879765	0.000036038998229
2555	0.000019480539583	0.000019452367441	0.000019480539583
2556	0.000019480539583	0.000019452367441	0.000019480539583
2557	0.000019480539583	0.000019452367441	0.000019480539583
2558	0.000019480539583	0.000019452367441	0.000019480539583
2559	0.000051390069265	0.000050702595734	0.000051390069265
2560	0.000019480539583	0.000019452367441	0.000019480539583
2561	0.000094277203102	0.000094132046188	0.000094277203102
2562	0.000019480539583	0.000019452367441	0.000019480539583
2563	0.000019480539583	0.000019452367441	0.000019480539583
2564	0.000140940204596	0.000138431514749	0.000140940204596
2565	0.000019480539583	0.000019452367441	0.000019480539583
2566	0.000019480539583	0.000019452367441	0.000019480539583
2567	0.000036247960733	0.000035039715330	0.000036247960733
2568	0.000019480539583	0.000019452367441	0.000019480539583
2569	0.000019480539583	0.000019452367441	0.000019480539583
2570	0.000019480539583	0.000019452367441	0.000019480539583
2571	0.000019480539583	0.000019452367441	0.000019480539583
2572	0.000198075055845	0.000197788605941	0.000198075055845
2573	0.000019480539583	0.000019452367441	0.000019480539583
2574	0.000019480539583	0.000019452367441	0.000019480539583
2575	0.000019480539583	0.000019452367441	0.000019480539583
2576	0.000019480539583	0.000019452367441	0.000019480539583
2577	0.000019480539583	0.000019452367441	0.000019480539583
2578	0.000019480539583	0.000019452367441	0.000019480539583
2579	0.000019480539583	0.000019452367441	0.000019480539583
2580	0.000019480539583	0.000019452367441	0.000019480539583
2581	0.000019480539583	0.000019452367441	0.000019480539583
2582	0.000036038998229	0.000035986879765	0.000036038998229
2583	0.000019480539583	0.000019452367441	0.000019480539583
2584	0.000102272832812	0.000102124929064	0.000102272832812
2585	0.000019480539583	0.000019452367441	0.000019480539583
2586	0.000019480539583	0.000019452367441	0.000019480539583
2587	0.000019480539583	0.000019452367441	0.000019480539583
2588	0.000019480539583	0.000019452367441	0.000019480539583
2589	0.000034786339353	0.000034736032445	0.000034786339353
2590	0.000019480539583	0.000019452367441	0.000019480539583
2591	0.000317050377808	0.000310928632106	0.000317050377808
2592	0.000019480539583	0.000019452367441	0.000019480539583
2593	0.000071093212583	0.000070616771525	0.000071093212583
2594	0.000019480539583	0.000019452367441	0.000019480539583
2595	0.000184012807316	0.000182518834965	0.000184012807316
2596	0.000019480539583	0.000019452367441	0.000019480539583
2597	0.000019480539583	0.000019452367441	0.000019480539583
2598	0.000019480539583	0.000019452367441	0.000019480539583
2599	0.000036038998229	0.000035986879765	0.000036038998229
2600	0.000019480539583	0.000019452367441	0.000019480539583
2601	0.000052073092513	0.000051935399829	0.000052073092513
2602	0.000019480539583	0.000019452367441	0.000019480539583
2603	0.000069155915520	0.000069055904415	0.000069155915520
2604	0.000019480539583	0.000019452367441	0.000019480539583
2605	0.000036038998229	0.000035986879765	0.000036038998229
2606	0.000019480539583	0.000019452367441	0.000019480539583
2607	0.000019480539583	0.000019452367441	0.000019480539583
2608	0.000019480539583	0.000019452367441	0.000019480539583
2609	0.000019480539583	0.000019452367441	0.000019480539583
2610	0.000019480539583	0.000019452367441	0.000019480539583
2611	0.000050424159177	0.000050351237348	0.000050424159177
2612	0.000019480539583	0.000019452367441	0.000019480539583
2613	0.000034831610619	0.000034781238242	0.000034831610619
2614	0.000441354215424	0.000434202191958	0.000441354215424
2615	0.000127304504088	0.000126897056217	0.000127304504088
2616	0.000019480539583	0.000019452367441	0.000019480539583
2617	0.000019480539583	0.000019452367441	0.000019480539583
2618	0.000019480539583	0.000019452367441	0.000019480539583
2619	0.000019480539583	0.000019452367441	0.000019480539583
2620	0.000019480539583	0.000019452367441	0.000019480539583
2621	0.000036038998229	0.000035986879765	0.000036038998229
2622	0.000019480539583	0.000019452367441	0.000019480539583
2623	0.000102272832812	0.000102124929064	0.000102272832812
2624	0.000019480539583	0.000019452367441	0.000019480539583
2625	0.000036038998229	0.000035986879765	0.000036038998229
2626	0.000019480539583	0.000019452367441	0.000019480539583
2627	0.000036098220600	0.000036046016491	0.000036098220600
2628	0.000019480539583	0.000019452367441	0.000019480539583
2629	0.000036038998229	0.000035986879765	0.000036038998229
2630	0.000019480539583	0.000019452367441	0.000019480539583
2631	0.000069155915520	0.000069055904415	0.000069155915520
2632	0.000019480539583	0.000019452367441	0.000019480539583
2633	0.000055637653591	0.000054385971115	0.000055637653591
2634	0.000019480539583	0.000019452367441	0.000019480539583
2635	0.000251298960623	0.000250935539986	0.000251298960623
2636	0.000042679328456	0.000042857631446	0.000042679328456
2637	0.000213078312952	0.000207849898041	0.000213078312952
2638	0.000019480539583	0.000019452367441	0.000019480539583
2639	0.000069155915520	0.000069055904415	0.000069155915520
2640	0.000019480539583	0.000019452367441	0.000019480539583
2641	0.000019480539583	0.000019452367441	0.000019480539583
2642	0.000019480539583	0.000019452367441	0.000019480539583
2643	0.000019480539583	0.000019452367441	0.000019480539583
2644	0.000019480539583	0.000019452367441	0.000019480539583
2645	0.000019480539583	0.000019452367441	0.000019480539583
2646	0.001540279309551	0.001514614102952	0.001540279309551
2647	0.000019480539583	0.000019452367441	0.000019480539583
2648	0.000036098220600	0.000036046016491	0.000036098220600
2649	0.000126968178087	0.000127452200611	0.000126968178087
2650	0.000034797113830	0.000034746791341	0.000034797113830
2651	0.000019480539583	0.000019452367441	0.000019480539583
2652	0.000019480539583	0.000019452367441	0.000019480539583
2653	0.000054316974781	0.000053599573876	0.000054316974781
2654	0.000471919613048	0.000479638146869	0.000471919613048
2655	0.000019480539583	0.000019452367441	0.000019480539583
2656	0.000019480539583	0.000019452367441	0.000019480539583
2657	0.000069155915520	0.000069055904415	0.000069155915520
2658	0.000033803606312	0.000033754720602	0.000033803606312
2659	0.000138936311080	0.000136873548379	0.000138936311080
2660	0.000019480539583	0.000019452367441	0.000019480539583
2661	0.000093514058836	0.000123851259779	0.000093514058835
2662	0.000019480539583	0.000019452367441	0.000019480539583
2663	0.000063134657831	0.000060788648252	0.000063134657831
2664	0.000019480539583	0.000019452367441	0.000019480539583
2665	0.000019480539583	0.000019452367441	0.000019480539583
2666	0.000019480539583	0.000019452367441	0.000019480539583
2667	0.000144972706905	0.000157315087534	0.000144972706905
2668	0.000034803372386	0.000034708305580	0.000034803372386
2669	0.000019480539583	0.000019452367441	0.000019480539583
2670	0.000036038998229	0.000035986879765	0.000036038998229
2671	0.000019480539583	0.000019452367441	0.000019480539583
2672	0.000036038998229	0.000035986879765	0.000036038998229
2673	0.000019480539583	0.000019452367441	0.000019480539583
2674	0.000019480539583	0.000019452367441	0.000019480539583
2675	0.000019480539583	0.000019452367441	0.000019480539583
2676	0.000019480539583	0.000019452367441	0.000019480539583
2677	0.000019480539583	0.000019452367441	0.000019480539583
2678	0.000019480539583	0.000019452367441	0.000019480539583
2679	0.000019480539583	0.000019452367441	0.000019480539583
2680	0.000019480539583	0.000019452367441	0.000019480539583
2681	0.000019480539583	0.000019452367441	0.000019480539583
2682	0.000019480539583	0.000019452367441	0.000019480539583
2683	0.000019480539583	0.000019452367441	0.000019480539583
2684	0.000019480539583	0.000019452367441	0.000019480539583
2685	0.000019480539583	0.000019452367441	0.000019480539583
2686	0.000052597456875	0.000052521392090	0.000052597456875
2687	0.000019480539583	0.000019452367441	0.000019480539583
2688	0.000036038998229	0.000035986879765	0.000036038998229
2689	0.000019480539583	0.000019452367441	0.000019480539583
2690	0.000051390069265	0.000050702595734	0.000051390069265
2691	0.000019480539583	0.000019452367441	0.000019480539583
2692	0.000036038998229	0.000035986879765	0.000036038998229
2693	0.000019480539583	0.000019452367441	0.000019480539583
2694	0.000019480539583	0.000019452367441	0.000019480539583
2695	0.000086124303108	0.000085905392313	0.000086124303108
2696	0.000019480539583	0.000019452367441	0.000019480539583
2697	0.000036038998229	0.000035986879765	0.000036038998229
2698	0.000019480539583	0.000019452367441	0.000019480539583
2699	0.000019480539583	0.000019452367441	0.000019480539583
2700	0.000036038998229	0.000035986879765	0.000036038998229
2701	0.000019480539583	0.000019452367441	0.000019480539583
2702	0.000080979861601	0.000083194763026	0.000080979861601
2703	0.000019480539583	0.000019452367441	0.000019480539583
2704	0.000036038998229	0.000035986879765	0.000036038998229
2705	0.000019480539583	0.000019452367441	0.000019480539583
2706	0.000019480539583	0.000019452367441	0.000019480539583
2707	0.001514772267737	0.001493594766481	0.001514772267737
2708	0.000019480539583	0.000019452367441	0.000019480539583
2709	0.000036038998229	0.000035986879765	0.000036038998229
2710	0.000019480539583	0.000019452367441	0.000019480539583
2711	0.000019480539583	0.000019452367441	0.000019480539583
2712	0.000019480539583	0.000019452367441	0.000019480539583
2713	0.000130560199665	0.000130371387619	0.000130560199665
2714	0.000058158094580	0.000057631346812	0.000058158094580
2715	0.000019480539583	0.000019452367441	0.000019480539583
2716	0.000019480539583	0.000019452367441	0.000019480539583
2717	0.000019480539583	0.000019452367441	0.000019480539583
2718	0.000052597456875	0.000052521392090	0.000052597456875
2719	0.000019480539583	0.000019452367441	0.000019480539583
2720	0.000019480539583	0.000019452367441	0.000019480539583
2721	0.000019480539583	0.000019452367441	0.000019480539583
2722	0.000036038998229	0.000035986879765	0.000036038998229
2723	0.000019480539583	0.000019452367441	0.000019480539583
2724	0.000060093900696	0.000055315264593	0.000060093900696
2725	0.000019480539583	0.000019452367441	0.000019480539583
2726	0.000019480539583	0.000019452367441	0.000019480539583
2727	0.000019480539583	0.000019452367441	0.000019480539583
2728	0.000053438181231	0.000052942702253	0.000053438181231
2729	0.000019480539583	0.000019452367441	0.000019480539583
2730	0.000036038998229	0.000035986879765	0.000036038998229
2731	0.000019480539583	0.000019452367441	0.000019480539583
2732	0.000093675885800	0.000090310534771	0.000093675885800
2733	0.000072597026159	0.000070213848676	0.000072597026159
2734	0.000019480539583	0.000019452367441	0.000019480539583
2735	0.000036038998229	0.000035986879765	0.000036038998229
2736	0.000034678694063	0.000034443412427	0.000034678694063
2737	0.000019480539583	0.000019452367441	0.000019480539583
2738	0.000036038998229	0.000035986879765	0.000036038998229
2739	0.000068391664630	0.000067653909352	0.000068391664630
2740	0.000019480539583	0.000019452367441	0.000019480539583
2741	0.000019480539583	0.000019452367441	0.000019480539583
2742	0.000036038998229	0.000035986879765	0.000036038998229
2743	0.000019480539583	0.000019452367441	0.000019480539583
2744	0.000072467607249	0.000072362806880	0.000072467607249
2745	0.000019480539583	0.000019452367441	0.000019480539583
2746	0.000087433892072	0.000086668598526	0.000087433892072
2747	0.000019480539583	0.000019452367441	0.000019480539583
2748	0.000019480539583	0.000019452367441	0.000019480539583
2749	0.000019480539583	0.000019452367441	0.000019480539583
2750	0.000019480539583	0.000019452367441	0.000019480539583
2751	0.000019480539583	0.000019452367441	0.000019480539583
2752	0.000057609010555	0.000057778273485	0.000057609010555
2753	0.000019480539583	0.000019452367441	0.000019480539583
2754	0.000253677328704	0.000252546780820	0.000253677328704
2755	0.000019480539583	0.000019452367441	0.000019480539583
2756	0.000019480539583	0.000019452367441	0.000019480539583
2757	0.000039572035902	0.000038318292317	0.000039572035902
2758	0.000019480539583	0.000019452367441	0.000019480539583
2759	0.000019480539583	0.000019452367441	0.000019480539583
2760	0.000036038998229	0.000035986879765	0.000036038998229
2761	0.000019480539583	0.000019452367441	0.000019480539583
2762	0.000019480539583	0.000019452367441	0.000019480539583
2763	0.000019480539583	0.000019452367441	0.000019480539583
2764	0.000019480539583	0.000019452367441	0.000019480539583
2765	0.000019480539583	0.000019452367441	0.000019480539583
2766	0.000069155915520	0.000069055904415	0.000069155915520
2767	0.000087433892072	0.000086668598526	0.000087433892072
2768	0.000036038998229	0.000035986879765	0.000036038998229
2769	0.000019480539583	0.000019452367441	0.000019480539583
2770	0.000019480539583	0.000019452367441	0.000019480539583
2771	0.000019480539583	0.000019452367441	0.000019480539583
2772	0.000019480539583	0.000019452367441	0.000019480539583
2773	0.000019480539583	0.000019452367441	0.000019480539583
2774	0.000019480539583	0.000019452367441	0.000019480539583
2775	0.000127777319414	0.000126976879128	0.000127777319414
2776	0.000019480539583	0.000019452367441	0.000019480539583
2777	0.000019480539583	0.000019452367441	0.000019480539583
2778	0.000034677541041	0.000034524086788	0.000034677541041
2779	0.000275900648567	0.000294145349092	0.000275900648567
2780	0.000019480539583	0.000019452367441	0.000019480539583
2781	0.000036038998229	0.000035986879765	0.000036038998229
2782	0.000019480539583	0.000019452367441	0.000019480539583
2783	0.000019480539583	0.000019452367441	0.000019480539583
2784	0.000098679605167	0.000097467369661	0.000098679605167
2785	0.000019480539583	0.000019452367441	0.000019480539583
2786	0.000072191632939	0.000072087231674	0.000072191632939
2787	0.000019480539583	0.000019452367441	0.000019480539583
2788	0.000050113688078	0.000050041215241	0.000050113688078
2789	0.000019480539583	0.000019452367441	0.000019480539583
2790	0.000019480539583	0.000019452367441	0.000019480539583
2791	0.000019480539583	0.000019452367441	0.000019480539583
2792	0.000019480539583	0.000019452367441	0.000019480539583
2793	0.000075828760759	0.000075684094719	0.000075828760759
2794	0.000019480539583	0.000019452367441	0.000019480539583
2795	0.000019480539583	0.000019452367441	0.000019480539583
2796	0.000019480539583	0.000019452367441	0.000019480539583
2797	0.000019480539583	0.000019452367441	0.000019480539583
2798	0.000019480539583	0.000019452367441	0.000019480539583
2799	0.000019480539583	0.000019452367441	0.000019480539583
2800	0.000019480539583	0.000019452367441	0.000019480539583
2801	0.000019480539583	0.000019452367441	0.000019480539583
2802	0.000176719366843	0.000206172908763	0.000176719366843
2803	0.000019480539583	0.000019452367441	0.000019480539583
2804	0.000047299215887	0.000047230813252	0.000047299215887
2805	0.000163639272378	0.000163402622419	0.000163639272378
2806	0.000039517757551	0.000038721830280	0.000039517757551
2807	0.000192619003802	0.000204526733799	0.000192619003802
2808	0.000288809890345	0.000283191784816	0.000288809890345
2809	0.000034831610619	0.000034781238242	0.000034831610619
2810	0.000034831610619	0.000034781238242	0.000034831610619
2811	0.000037403533199	0.000035273223228	0.000037403533199
2812	0.000052814817263	0.000054800273294	0.000052814817263
2813	0.000035757650489	0.000035462869052	0.000035757650489
2814	0.000065550873341	0.000062108579572	0.000065550873341
2815	0.000068082604686	0.000068428453390	0.000068082604686
2816	0.000090595781430	0.000089229188047	0.000090595781430
2817	0.000019480539583	0.000019452367441	0.000019480539583
2818	0.000036038998229	0.000035986879765	0.000036038998229
2819	0.000019480539583	0.000019452367441	0.000019480539583
2820	0.000062119825894	0.000069447181270	0.000062119825894
2821	0.000019480539583	0.000019452367441	0.000019480539583
2822	0.000019480539583	0.000019452367441	0.000019480539583
2823	0.000036038998229	0.000035986879765	0.000036038998229
2824	0.000019480539583	0.000019452367441	0.000019480539583
2825	0.000019480539583	0.000019452367441	0.000019480539583
2826	0.000019480539583	0.000019452367441	0.000019480539583
2827	0.000119082044435	0.000116764063277	0.000119082044435
2828	0.000019480539583	0.000019452367441	0.000019480539583
2829	0.000019480539583	0.000019452367441	0.000019480539583
2830	0.000019480539583	0.000019452367441	0.000019480539583
2831	0.000019480539583	0.000019452367441	0.000019480539583
2832	0.000031746684682	0.000031548513975	0.000031746684682
2833	0.000019480539583	0.000019452367441	0.000019480539583
2834	0.000019480539583	0.000019452367441	0.000019480539583
2835	0.000278877395163	0.000277051048886	0.000278877395163
2836	0.000019480539583	0.000019452367441	0.000019480539583
2837	0.000019480539583	0.000019452367441	0.000019480539583
2838	0.000019480539583	0.000019452367441	0.000019480539583
2839	0.000217773996127	0.000216088630410	0.000217773996127
2840	0.000019480539583	0.000019452367441	0.000019480539583
2841	0.000044318227552	0.000044254135928	0.000044318227552
2842	0.000047299215887	0.000047230813252	0.000047299215887
2843	0.000019480539583	0.000019452367441	0.000019480539583
2844	0.000036038998229	0.000035986879765	0.000036038998229
2845	0.000019480539583	0.000019452367441	0.000019480539583
2846	0.000036038998229	0.000035986879765	0.000036038998229
2847	0.000019480539583	0.000019452367441	0.000019480539583
2848	0.000052597456875	0.000052521392090	0.000052597456875
2849	0.000196372009618	0.000195540062974	0.000196372009618
2850	0.000019480539583	0.000019452367441	0.000019480539583
2851	0.000019480539583	0.000019452367441	0.000019480539583
2852	0.000019480539583	0.000019452367441	0.000019480539583
2853	0.000586416224733	0.000575122653928	0.000586416224733
2854	0.000019480539583	0.000019452367441	0.000019480539583
2855	0.000036038998229	0.000035986879765	0.000036038998229
2856	0.000019480539583	0.000019452367441	0.000019480539583
2857	0.000036038998229	0.000035986879765	0.000036038998229
2858	0.000019480539583	0.000019452367441	0.000019480539583
2859	0.000019480539583	0.000019452367441	0.000019480539583
2860	0.000019480539583	0.000019452367441	0.000019480539583
2861	0.000019480539583	0.000019452367441	0.000019480539583
2862	0.000019480539583	0.000019452367441	0.000019480539583
2863	0.000019480539583	0.000019452367441	0.000019480539583
2864	0.000019480539583	0.000019452367441	0.000019480539583
2865	0.000115024384519	0.000114823604984	0.000115024384519
2866	0.000019480539583	0.000019452367441	0.000019480539583
2867	0.000204954848285	0.000203355975410	0.000204954848285
2868	0.000039951601764	0.000038950373128	0.000039951601764
2869	0.000019480539583	0.000019452367441	0.000019480539583
2870	0.000102918393701	0.000103569453782	0.000102918393701
2871	0.000233330582569	0.000263556068321	0.000233330582569
2872	0.000019480539583	0.000019452367441	0.000019480539583
2873	0.000019480539583	0.000019452367441	0.000019480539583
2874	0.000019480539583	0.000019452367441	0.000019480539583
2875	0.000019480539583	0.000019452367441	0.000019480539583
2876	0.000019480539583	0.000019452367441	0.000019480539583
2877	0.000019480539583	0.000019452367441	0.000019480539583
2878	0.000019480539583	0.000019452367441	0.000019480539583
2879	0.000019480539583	0.000019452367441	0.000019480539583
2880	0.000019480539583	0.000019452367441	0.000019480539583
2881	0.000019480539583	0.000019452367441	0.000019480539583
2882	0.000019480539583	0.000019452367441	0.000019480539583
2883	0.000019480539583	0.000019452367441	0.000019480539583
2884	0.000056642391928	0.000058340416486	0.000056642391928
2885	0.000078566107721	0.000079111046361	0.000078566107721
2886	0.000087799866537	0.000085617141550	0.000087799866537
2887	0.000048344002810	0.000048274089237	0.000048344002810
2888	0.000019480539583	0.000019452367441	0.000019480539583
2889	0.000036038998229	0.000035986879765	0.000036038998229
2890	0.000090430476091	0.000090733784560	0.000090430476091
2891	0.000019480539583	0.000019452367441	0.000019480539583
2892	0.000039951601764	0.000038950373128	0.000039951601764
2893	0.000019480539583	0.000019452367441	0.000019480539583
2894	0.000039951601764	0.000038950373128	0.000039951601764
2895	0.000187633820170	0.000181858861719	0.000187633820170
2896	0.000039313639102	0.000060183759818	0.000039313639102
2897	0.000019480539583	0.000019452367441	0.000019480539583
2898	0.000156959762429	0.000156985347433	0.000156959762429
2899	0.000019480539583	0.000019452367441	0.000019480539583
2900	0.000036866921161	0.000036813605382	0.000036866921161
2901	0.000019480539583	0.000019452367441	0.000019480539583
2902	0.000051355572476	0.000051281303666	0.000051355572476
2903	0.000036038998229	0.000035986879765	0.000036038998229
2904	0.000019480539583	0.000019452367441	0.000019480539583
2905	0.000036038998229	0.000035986879765	0.000036038998229
2906	0.000019480539583	0.000019452367441	0.000019480539583
2907	0.000019480539583	0.000019452367441	0.000019480539583
2908	0.000019480539583	0.000019452367441	0.000019480539583
2909	0.000019480539583	0.000019452367441	0.000019480539583
2910	0.000019480539583	0.000019452367441	0.000019480539583
2911	0.000019480539583	0.000019452367441	0.000019480539583
2912	0.000036038998229	0.000035986879765	0.000036038998229
2913	0.000019480539583	0.000019452367441	0.000019480539583
2914	0.000036038998229	0.000035986879765	0.000036038998229
2915	0.000019480539583	0.000019452367441	0.000019480539583
2916	0.000019480539583	0.000019452367441	0.000019480539583
2917	0.000116274182259	0.000113878853596	0.000116274182259
2918	0.000019480539583	0.000019452367441	0.000019480539583
2919	0.000036038998229	0.000035986879765	0.000036038998229
2920	0.000019480539583	0.000019452367441	0.000019480539583
2921	0.000052597456875	0.000052521392090	0.000052597456875
2922	0.000019480539583	0.000019452367441	0.000019480539583
2923	0.000019480539583	0.000019452367441	0.000019480539583
2924	0.000036038998229	0.000035986879765	0.000036038998229
2925	0.000019480539583	0.000019452367441	0.000019480539583
2926	0.000099789064015	0.000099644752215	0.000099789064015
2927	0.000019480539583	0.000019452367441	0.000019480539583
2928	0.000052597456875	0.000052521392090	0.000052597456875
2929	0.000019480539583	0.000019452367441	0.000019480539583
2930	0.000034678694063	0.000034443412427	0.000034678694063
2931	0.000019480539583	0.000019452367441	0.000019480539583
2932	0.000036038998229	0.000035986879765	0.000036038998229
2933	0.000241392362245	0.000238053185424	0.000241392362245
2934	0.000019480539583	0.000019452367441	0.000019480539583
2935	0.000019480539583	0.000019452367441	0.000019480539583
2936	0.000019480539583	0.000019452367441	0.000019480539583
2937	0.000019480539583	0.000019452367441	0.000019480539583
2938	0.000062922474772	0.000062513108513	0.000062922474772
2939	0.000019480539583	0.000019452367441	0.000019480539583
2940	0.000054991086935	0.000054697882841	0.000054991086935
2941	0.000019480539583	0.000019452367441	0.000019480539583
2942	0.000019480539583	0.000019452367441	0.000019480539583
2943	0.000037403533199	0.000035273223228	0.000037403533199
2944	0.000019480539583	0.000019452367441	0.000019480539583
2945	0.000019480539583	0.000019452367441	0.000019480539583
2946	0.000019480539583	0.000019452367441	0.000019480539583
2947	0.000019480539583	0.000019452367441	0.000019480539583
2948	0.000019480539583	0.000019452367441	0.000019480539583
2949	0.000019480539583	0.000019452367441	0.000019480539583
2950	0.000019480539583	0.000019452367441	0.000019480539583
2951	0.000019480539583	0.000019452367441	0.000019480539583
2952	0.000019480539583	0.000019452367441	0.000019480539583
2953	0.000019480539583	0.000019452367441	0.000019480539583
2954	0.000019480539583	0.000019452367441	0.000019480539583
2955	0.000019480539583	0.000019452367441	0.000019480539583
2956	0.000019480539583	0.000019452367441	0.000019480539583
2957	0.000019480539583	0.000019452367441	0.000019480539583
2958	0.000019480539583	0.000019452367441	0.000019480539583
2959	0.000019480539583	0.000019452367441	0.000019480539583
2960	0.000019480539583	0.000019452367441	0.000019480539583
2961	0.000019480539583	0.000019452367441	0.000019480539583
2962	0.000019480539583	0.000019452367441	0.000019480539583
2963	0.000033865700532	0.000033816725023	0.000033865700532
2964	0.000019480539583	0.000019452367441	0.000019480539583
2965	0.000052598238483	0.000052231481588	0.000052598238483
2966	0.000019480539583	0.000019452367441	0.000019480539583
2967	0.000069997859728	0.000069094696924	0.000069997859728
2968	0.000019480539583	0.000019452367441	0.000019480539583
2969	0.000036038998229	0.000035986879765	0.000036038998229
2970	0.000075541072527	0.000074988396653	0.000075541072527
2971	0.000043352317464	0.000043289622709	0.000043352317464
2972	0.000019480539583	0.000019452367441	0.000019480539583
2973	0.000036038998229	0.000035986879765	0.000036038998229
2974	0.000019480539583	0.000019452367441	0.000019480539583
2975	0.000036038998229	0.000035986879765	0.000036038998229
2976	0.000036038998229	0.000035986879765	0.000036038998229
2977	0.000076294535517	0.000075771279655	0.000076294535517
2978	0.000019480539583	0.000019452367441	0.000019480539583
2979	0.000102272832812	0.000102124929064	0.000102272832812
2980	0.000019480539583	0.000019452367441	0.000019480539583
2981	0.000019480539583	0.000019452367441	0.000019480539583
2982	0.000138559964963	0.000136260884410	0.000138559964963
2983	0.000019480539583	0.000019452367441	0.000019480539583
2984	0.000156166264461	0.000149857333701	0.000156166264461
2985	0.000019480539583	0.000019452367441	0.000019480539583
2986	0.000036038998229	0.000035986879765	0.000036038998229
2987	0.000019480539583	0.000019452367441	0.000019480539583
2988	0.000019480539583	0.000019452367441	0.000019480539583
2989	0.000034176171631	0.000034126747129	0.000034176171631
2990	0.000019480539583	0.000019452367441	0.000019480539583
2991	0.000019480539583	0.000019452367441	0.000019480539583
2992	0.000019480539583	0.000019452367441	0.000019480539583
2993	0.000019480539583	0.000019452367441	0.000019480539583
2994	0.000019480539583	0.000019452367441	0.000019480539583
2995	0.000036038998229	0.000035986879765	0.000036038998229
2996	0.000244008543064	0.000233818866380	0.000244008543064
2997	0.000019480539583	0.000019452367441	0.000019480539583
2998	0.000019480539583	0.000019452367441	0.000019480539583
2999	0.000036247960733	0.000035039715330	0.000036247960733
3000	0.000019480539583	0.000019452367441	0.000019480539583
3001	0.000069155915520	0.000069055904415	0.000069155915520
3002	0.000019480539583	0.000019452367441	0.000019480539583
3003	0.000036038998229	0.000035986879765	0.000036038998229
3004	0.000019480539583	0.000019452367441	0.000019480539583
3005	0.000019480539583	0.000019452367441	0.000019480539583
3006	0.000089437196515	0.000090241191857	0.000089437196515
3007	0.000070216943971	0.000069998701499	0.000070216943971
3008	0.000019480539583	0.000019452367441	0.000019480539583
3009	0.000312506152487	0.000293073178706	0.000312506152487
3010	0.000019480539583	0.000019452367441	0.000019480539583
3011	0.000099634353634	0.000099342225621	0.000099634353634
3012	0.000019480539583	0.000019452367441	0.000019480539583
3013	0.000062818022728	0.000062727177284	0.000062818022728
3014	0.000245406091003	0.000249867720274	0.000245406091004
3015	0.000019480539583	0.000019452367441	0.000019480539583
3016	0.000069155915520	0.000069055904415	0.000069155915520
3017	0.000019480539583	0.000019452367441	0.000019480539583
3018	0.000019480539583	0.000019452367441	0.000019480539583
3019	0.000036038998229	0.000035986879765	0.000036038998229
3020	0.000019480539583	0.000019452367441	0.000019480539583
3021	0.000019480539583	0.000019452367441	0.000019480539583
3022	0.000019480539583	0.000019452367441	0.000019480539583
3023	0.000036038998229	0.000035986879765	0.000036038998229
3024	0.000019480539583	0.000019452367441	0.000019480539583
3025	0.000101858871346	0.000101711566256	0.000101858871346
3026	0.000073251806735	0.000074026547749	0.000073251806735
3027	0.000019480539583	0.000019452367441	0.000019480539583
3028	0.000019480539583	0.000019452367441	0.000019480539583
3029	0.000036038998229	0.000035986879765	0.000036038998229
3030	0.000019480539583	0.000019452367441	0.000019480539583
3031	0.000036038998229	0.000035986879765	0.000036038998229
3032	0.000036038998229	0.000035986879765	0.000036038998229
3033	0.000089958189654	0.000089828094955	0.000089958189654
3034	0.000176222137049	0.000170311897686	0.000176222137049
3035	0.000041587414706	0.000038083519523	0.000041587414706
3036	0.000019480539583	0.000019452367441	0.000019480539583
3037	0.000344708718648	0.000363669531554	0.000344708718648
3038	0.000066936784868	0.000066885053401	0.000066936784868
3039	0.000019480539583	0.000019452367441	0.000019480539583
3040	0.000115421875775	0.000114752633573	0.000115421875775
3041	0.000019480539583	0.000019452367441	0.000019480539583
3042	0.000019480539583	0.000019452367441	0.000019480539583
3043	0.000019480539583	0.000019452367441	0.000019480539583
3044	0.000036038998229	0.000035986879765	0.000036038998229
3045	0.000019480539583	0.000019452367441	0.000019480539583
3046	0.000036038998229	0.000035986879765	0.000036038998229
3047	0.000073386971933	0.000073118558365	0.000073386971933
3048	0.000019480539583	0.000019452367441	0.000019480539583
3049	0.000277332276710	0.000277752641726	0.000277332276710
3050	0.000019480539583	0.000019452367441	0.000019480539583
3051	0.000063455841731	0.000065081711354	0.000063455841731
3052	0.000019480539583	0.000019452367441	0.000019480539583
3053	0.000435040225123	0.000418881935467	0.000435040225123
3054	0.000039155622139	0.000038219390841	0.000039155622139
3055	0.000019480539583	0.000019452367441	0.000019480539583
3056	0.000082344355185	0.000082225271374	0.000082344355185
3057	0.000050113688078	0.000050041215241	0.000050113688078
3058	0.000019480539583	0.000019452367441	0.000019480539583
3059	0.000218223736405	0.000217358834899	0.000218223736405
3060	0.000019480539583	0.000019452367441	0.000019480539583
3061	0.000019480539583	0.000019452367441	0.000019480539583
3062	0.000109221153765	0.000127617755374	0.000109221153765
3063	0.000223164642790	0.000220032912579	0.000223164642790
3064	0.000019480539583	0.000019452367441	0.000019480539583
3065	0.000160125043896	0.000159541149853	0.000160125043896
3066	0.000019480539583	0.000019452367441	0.000019480539583
3067	0.000019480539583	0.000019452367441	0.000019480539583
3068	0.000019480539583	0.000019452367441	0.000019480539583
3069	0.000019480539583	0.000019452367441	0.000019480539583
3070	0.000036038998229	0.000035986879765	0.000036038998229
3071	0.000019480539583	0.000019452367441	0.000019480539583
3072	0.000019480539583	0.000019452367441	0.000019480539583
3073	0.000019480539583	0.000019452367441	0.000019480539583
3074	0.000019480539583	0.000019452367441	0.000019480539583
3075	0.000019480539583	0.000019452367441	0.000019480539583
3076	0.000039951601764	0.000038950373128	0.000039951601764
3077	0.000019480539583	0.000019452367441	0.000019480539583
3078	0.000062190017379	0.000062877679081	0.000062190017379
3079	0.000019480539583	0.000019452367441	0.000019480539583
3080	0.000019480539583	0.000019452367441	0.000019480539583
3081	0.000039951601764	0.000038950373128	0.000039951601764
3082	0.000101065445202	0.000100306132708	0.000101065445202
3083	0.000019480539583	0.000019452367441	0.000019480539583
3084	0.000056510060409	0.000055484885453	0.000056510060409
3085	0.000029045414945	0.000028847352501	0.000029045414945
3086	0.000039951601764	0.000038950373128	0.000039951601764
3087	0.000023546680509	0.000023405532864	0.000023546680509
3088	0.000039951601764	0.000038950373128	0.000039951601764
3089	0.000023546680509	0.000023405532864	0.000023546680509
3090	0.000039951601764	0.000038950373128	0.000039951601764
3091	0.000019480539583	0.000019452367441	0.000019480539583
3092	0.000036038998229	0.000035986879765	0.000036038998229
3093	0.000034831610619	0.000034168083410	0.000034831610619
3094	0.000035952715403	0.000033280513949	0.000035952715403
3095	0.000019480539583	0.000019452367441	0.000019480539583
3096	0.000036038998229	0.000035986879765	0.000036038998229
3097	0.000019480539583	0.000019452367441	0.000019480539583
3098	0.000067903256644	0.000067805057095	0.000067903256644
3099	0.000111991765158	0.000110717932195	0.000111991765158
3100	0.004082197738306	0.004072894365969	0.004082197738306
3101	0.000019480539583	0.000019452367441	0.000019480539583
3102	0.000036038998229	0.000035986879765	0.000036038998229
3103	0.000019480539583	0.000019452367441	0.000019480539583
3104	0.000036038998229	0.000035986879765	0.000036038998229
3105	0.000217776380965	0.000211071062887	0.000217776380965
3106	0.000019480539583	0.000019452367441	0.000019480539583
3107	0.000019480539583	0.000019452367441	0.000019480539583
3108	0.000019480539583	0.000019452367441	0.000019480539583
3109	0.000176963200453	0.000171120996897	0.000176963200453
3110	0.000019480539583	0.000019452367441	0.000019480539583
3111	0.000019480539583	0.000019452367441	0.000019480539583
3112	0.000019480539583	0.000019452367441	0.000019480539583
3113	0.000036038998229	0.000035986879765	0.000036038998229
3114	0.000185499488167	0.000183317727400	0.000185499488167
3115	0.000053439401082	0.000052560184600	0.000053439401082
3116	0.000076883196222	0.000076772010166	0.000076883196222
3117	0.000019480539583	0.000019452367441	0.000019480539583
3118	0.000019480539583	0.000019452367441	0.000019480539583
3119	0.000156327717958	0.000153886397509	0.000156327717958
3120	0.000049729438396	0.000047066964375	0.000049729438396
3121	0.000108798562991	0.000106443408439	0.000108798562991
3122	0.000507397622865	0.000497366244319	0.000507397622865
3123	0.000052656538001	0.000051972468031	0.000052656538001
3124	0.000019480539583	0.000019452367441	0.000019480539583
3125	0.000019480539583	0.000019452367441	0.000019480539583
3126	0.000019480539583	0.000019452367441	0.000019480539583
3127	0.000019480539583	0.000019452367441	0.000019480539583
3128	0.000046877306587	0.000041232217474	0.000046877306587
3129	0.000019480539583	0.000019452367441	0.000019480539583
3130	0.000091094510016	0.000090962772006	0.000091094510016
3131	0.000019480539583	0.000019452367441	0.000019480539583
3132	0.000019480539583	0.000019452367441	0.000019480539583
3133	0.000019480539583	0.000019452367441	0.000019480539583
3134	0.000036434615514	0.000036348086973	0.000036434615514
3135	0.000133143482109	0.000133910871262	0.000133143482109
3136	0.000019480539583	0.000019452367441	0.000019480539583
3137	0.000050323755825	0.000049227202492	0.000050323755825
3138	0.000069258548681	0.000068890914611	0.000069258548681
3139	0.000086173672811	0.000087550629036	0.000086173672811
3140	0.000215541922205	0.000218467531914	0.000215541922205
3141	0.000019480539583	0.000019452367441	0.000019480539583
3142	0.000091262790643	0.000087687056497	0.000091262790643
3143	0.000019480539583	0.000019452367441	0.000019480539583
3144	0.000019480539583	0.000019452367441	0.000019480539583
3145	0.000080933119232	0.000080816076306	0.000080933119232
3146	0.000019480539583	0.000019452367441	0.000019480539583
3147	0.000019480539583	0.000019452367441	0.000019480539583
3148	0.000083230605369	0.000083110239891	0.000083230605369
3149	0.000019480539583	0.000019452367441	0.000019480539583
3150	0.000019480539583	0.000019452367441	0.000019480539583
3151	0.000019480539583	0.000019452367441	0.000019480539583
3152	0.000108654746356	0.000101644803501	0.000108654746356
3153	0.000019480539583	0.000019452367441	0.000019480539583
3154	0.000044242679584	0.000043985450103	0.000044242679584
3155	0.000019480539583	0.000019452367441	0.000019480539583
3156	0.000036038998229	0.000035986879765	0.000036038998229
3157	0.000127920890627	0.000127099631833	0.000127920890627
3158	0.000019480539583	0.000019452367441	0.000019480539583
3159	0.000019480539583	0.000019452367441	0.000019480539583
3160	0.000019480539583	0.000019452367441	0.000019480539583
3161	0.000304057467132	0.000301246209699	0.000304057467132
3162	0.000019480539583	0.000019452367441	0.000019480539583
3163	0.000019480539583	0.000019452367441	0.000019480539583
3164	0.000019480539583	0.000019452367441	0.000019480539583
3165	0.000019480539583	0.000019452367441	0.000019480539583
3166	0.000036038998229	0.000035986879765	0.000036038998229
3167	0.000019480539583	0.000019452367441	0.000019480539583
3168	0.000201623584686	0.000201332003012	0.000201623584686
3169	0.000019480539583	0.000019452367441	0.000019480539583
3170	0.000019480539583	0.000019452367441	0.000019480539583
3171	0.000019480539583	0.000019452367441	0.000019480539583
3172	0.000019480539583	0.000019452367441	0.000019480539583
3173	0.000019480539583	0.000019452367441	0.000019480539583
3174	0.000019480539583	0.000019452367441	0.000019480539583
3175	0.000019480539583	0.000019452367441	0.000019480539583
3176	0.000019480539583	0.000019452367441	0.000019480539583
3177	0.000019480539583	0.000019452367441	0.000019480539583
3178	0.000019480539583	0.000019452367441	0.000019480539583
3179	0.000019480539583	0.000019452367441	0.000019480539583
3180	0.000019480539583	0.000019452367441	0.000019480539583
3181	0.000036038998229	0.000035986879765	0.000036038998229
3182	0.000019480539583	0.000019452367441	0.000019480539583
3183	0.000036038998229	0.000035986879765	0.000036038998229
3184	0.000019480539583	0.000019452367441	0.000019480539583
3185	0.000036038998229	0.000035986879765	0.000036038998229
3186	0.000019480539583	0.000019452367441	0.000019480539583
3187	0.000019480539583	0.000019452367441	0.000019480539583
3188	0.000036038998229	0.000035986879765	0.000036038998229
3189	0.000019480539583	0.000019452367441	0.000019480539583
3190	0.000036038998229	0.000035986879765	0.000036038998229
3191	0.000036038998229	0.000035986879765	0.000036038998229
3192	0.000019480539583	0.000019452367441	0.000019480539583
3193	0.000036038998229	0.000035986879765	0.000036038998229
3194	0.000019480539583	0.000019452367441	0.000019480539583
3195	0.000019480539583	0.000019452367441	0.000019480539583
3196	0.000120716851730	0.000119978627836	0.000120716851730
3197	0.000046192413795	0.000046123113861	0.000046192413796
3198	0.000019480539583	0.000019452367441	0.000019480539583
3199	0.000117589407059	0.000117419352964	0.000117589407059
3200	0.000060464243713	0.000059642811114	0.000060464243713
3201	0.000080362586891	0.000077655812176	0.000080362586891
3202	0.000019480539583	0.000019452367441	0.000019480539583
3203	0.000091550567872	0.000091266718473	0.000091550567872
3204	0.000019480539583	0.000019452367441	0.000019480539583
3205	0.000063405108050	0.000063261406168	0.000063405108050
3206	0.000019480539583	0.000019452367441	0.000019480539583
3207	0.000068339510064	0.000069000921862	0.000068339510064
3208	0.000019480539583	0.000019452367441	0.000019480539583
3209	0.000038269561650	0.000037206262807	0.000038269561650
3210	0.000038269561650	0.000037206262807	0.000038269561650
3211	0.000019480539583	0.000019452367441	0.000019480539583
3212	0.000019480539583	0.000019452367441	0.000019480539583
3213	0.000038269561650	0.000037206262807	0.000038269561650
3214	0.000038269561650	0.000037206262807	0.000038269561650
3215	0.000157160576945	0.000160616929966	0.000157160576945
3216	0.000038269561650	0.000037206262807	0.000038269561650
3217	0.000036038998229	0.000035986879765	0.000036038998229
3218	0.000019480539583	0.000019452367441	0.000019480539583
3219	0.000036038998229	0.000035986879765	0.000036038998229
3220	0.000019480539583	0.000019452367441	0.000019480539583
3221	0.000036038998229	0.000035986879765	0.000036038998229
3222	0.000019480539583	0.000019452367441	0.000019480539583
3223	0.000064797884028	0.000064212335409	0.000064797884028
3224	0.000019480539583	0.000019452367441	0.000019480539583
3225	0.000019480539583	0.000019452367441	0.000019480539583
3226	0.000019480539583	0.000019452367441	0.000019480539583
3227	0.000019480539583	0.000019452367441	0.000019480539583
3228	0.000019480539583	0.000019452367441	0.000019480539583
3229	0.000019480539583	0.000019452367441	0.000019480539583
3230	0.000036038998229	0.000035986879765	0.000036038998229
3231	0.000019480539583	0.000019452367441	0.000019480539583
3232	0.000019480539583	0.000019452367441	0.000019480539583
3233	0.000019480539583	0.000019452367441	0.000019480539583
3234	0.000019480539583	0.000019452367441	0.000019480539583
3235	0.000019480539583	0.000019452367441	0.000019480539583
3236	0.000229174927378	0.000223447606873	0.000229174927378
3237	0.000019480539583	0.000019452367441	0.000019480539583
3238	0.000052597456875	0.000052521392090	0.000052597456875
3239	0.000019480539583	0.000019452367441	0.000019480539583
3240	0.000105433344708	0.000105484891144	0.000105433344708
3241	0.000019480539583	0.000019452367441	0.000019480539583
3242	0.000095546719802	0.000094137633453	0.000095546719802
3243	0.000019480539583	0.000019452367441	0.000019480539583
3244	0.000083851547568	0.000083730284103	0.000083851547568
3245	0.000019480539583	0.000019452367441	0.000019480539583
3246	0.000036038998229	0.000035986879765	0.000036038998229
3247	0.000019480539583	0.000019452367441	0.000019480539583
3248	0.000019480539583	0.000019452367441	0.000019480539583
3249	0.000019480539583	0.000019452367441	0.000019480539583
3250	0.000036038998229	0.000035986879765	0.000036038998229
3251	0.000019480539583	0.000019452367441	0.000019480539583
3252	0.000122118262487	0.000120390728446	0.000122118262487
3253	0.000019480539583	0.000019452367441	0.000019480539583
3254	0.000019480539583	0.000019452367441	0.000019480539583
3255	0.000036038998229	0.000035986879765	0.000036038998229
3256	0.000019480539583	0.000019452367441	0.000019480539583
3257	0.000036038998229	0.000035986879765	0.000036038998229
3258	0.000019480539583	0.000019452367441	0.000019480539583
3259	0.000202020644974	0.000198713934722	0.000202020644974
3260	0.000019480539583	0.000019452367441	0.000019480539583
3261	0.000036038998229	0.000035986879765	0.000036038998229
3262	0.000019480539583	0.000019452367441	0.000019480539583
3263	0.000069155915520	0.000069055904415	0.000069155915520
3264	0.000019480539583	0.000019452367441	0.000019480539583
3265	0.000019480539583	0.000019452367441	0.000019480539583
3266	0.000019480539583	0.000019452367441	0.000019480539583
3267	0.000019480539583	0.000019452367441	0.000019480539583
3268	0.000052597456875	0.000052521392090	0.000052597456875
3269	0.000019480539583	0.000019452367441	0.000019480539583
3270	0.000070535787074	0.000070433780442	0.000070535787074
3271	0.000019480539583	0.000019452367441	0.000019480539583
3272	0.000036038998229	0.000035986879765	0.000036038998229
3273	0.000019480539583	0.000019452367441	0.000019480539583
3274	0.000036038998229	0.000035986879765	0.000036038998229
3275	0.000019480539583	0.000019452367441	0.000019480539583
3276	0.000479979642662	0.000479513348848	0.000479979642662
3277	0.000068495786227	0.000068402406041	0.000068495786227
3278	0.000019480539583	0.000019452367441	0.000019480539583
3279	0.000019480539583	0.000019452367441	0.000019480539583
3280	0.000037828531406	0.000036088049516	0.000037828531406
3281	0.000019480539583	0.000019452367441	0.000019480539583
3282	0.000019480539583	0.000019452367441	0.000019480539583
3283	0.000069155915520	0.000069055904415	0.000069155915520
3284	0.000019480539583	0.000019452367441	0.000019480539583
3285	0.000112618689145	0.000112558589750	0.000112618689145
3286	0.000019480539583	0.000019452367441	0.000019480539583
3287	0.000019480539583	0.000019452367441	0.000019480539583
3288	0.000088914678759	0.000087383265883	0.000088914678759
3289	0.000019480539583	0.000019452367441	0.000019480539583
3290	0.000036038998229	0.000035986879765	0.000036038998229
3291	0.000019480539583	0.000019452367441	0.000019480539583
3292	0.000019480539583	0.000019452367441	0.000019480539583
3293	0.000019480539583	0.000019452367441	0.000019480539583
3294	0.000019480539583	0.000019452367441	0.000019480539583
3295	0.000019480539583	0.000019452367441	0.000019480539583
3296	0.000019480539583	0.000019452367441	0.000019480539583
3297	0.000052597456875	0.000052521392090	0.000052597456875
3298	0.000019480539583	0.000019452367441	0.000019480539583
3299	0.000036038998229	0.000035986879765	0.000036038998229
3300	0.000019480539583	0.000019452367441	0.000019480539583
3301	0.000036038998229	0.000035986879765	0.000036038998229
3302	0.000019480539583	0.000019452367441	0.000019480539583
3303	0.000019480539583	0.000019452367441	0.000019480539583
3304	0.000019480539583	0.000019452367441	0.000019480539583
3305	0.000019480539583	0.000019452367441	0.000019480539583
3306	0.000050936755157	0.000050801269437	0.000050936755157
3307	0.000019480539583	0.000019452367441	0.000019480539583
3308	0.000019480539583	0.000019452367441	0.000019480539583
3309	0.000069470300015	0.000069504696494	0.000069470300015
3310	0.000038290367606	0.000037911154907	0.000038290367606
3311	0.000019480539583	0.000019452367441	0.000019480539583
3312	0.000019480539583	0.000019452367441	0.000019480539583
3313	0.000235335382844	0.000236032716586	0.000235335382844
3314	0.000019480539583	0.000019452367441	0.000019480539583
3315	0.000036038998229	0.000035986879765	0.000036038998229
3316	0.000019480539583	0.000019452367441	0.000019480539583
3317	0.000096497117991	0.000086144230960	0.000096497117991
3318	0.000037044090092	0.000038550912901	0.000037044090092
3319	0.000019480539583	0.000019452367441	0.000019480539583
3320	0.000019480539583	0.000019452367441	0.000019480539583
3321	0.000019480539583	0.000019452367441	0.000019480539583
3322	0.000019480539583	0.000019452367441	0.000019480539583
3323	0.000019480539583	0.000019452367441	0.000019480539583
3324	0.000036038998229	0.000035986879765	0.000036038998229
3325	0.000019480539583	0.000019452367441	0.000019480539583
3326	0.000069155915520	0.000069055904415	0.000069155915520
3327	0.000019480539583	0.000019452367441	0.000019480539583
3328	0.000019480539583	0.000019452367441	0.000019480539583
3329	0.000036038998229	0.000035986879765	0.000036038998229
3330	0.000019480539583	0.000019452367441	0.000019480539583
3331	0.000052675528555	0.000052275512489	0.000052675528555
3332	0.000019480539583	0.000019452367441	0.000019480539583
3333	0.000051355572476	0.000051281303666	0.000051355572476
3334	0.000019480539583	0.000019452367441	0.000019480539583
3335	0.000053286409972	0.000053154455926	0.000053286409972
3336	0.000019480539583	0.000019452367441	0.000019480539583
3337	0.000019480539583	0.000019452367441	0.000019480539583
3338	0.000019480539583	0.000019452367441	0.000019480539583
3339	0.000019480539583	0.000019452367441	0.000019480539583
3340	0.000052682200061	0.000052071892325	0.000052682200061
3341	0.000019480539583	0.000019452367441	0.000019480539583
3342	0.000168506667394	0.000168262978363	0.000168506667395
3343	0.000019480539583	0.000019452367441	0.000019480539583
3344	0.000019480539583	0.000019452367441	0.000019480539583
3345	0.000019480539583	0.000019452367441	0.000019480539583
3346	0.000019480539583	0.000019452367441	0.000019480539583
3347	0.000036038998229	0.000035986879765	0.000036038998229
3348	0.000019480539583	0.000019452367441	0.000019480539583
3349	0.000221285033786	0.000220866118633	0.000221285033786
3350	0.000019480539583	0.000019452367441	0.000019480539583
3351	0.000019480539583	0.000019452367441	0.000019480539583
3352	0.000036038998229	0.000035986879765	0.000036038998229
3353	0.000781256552985	0.000774173731964	0.000781256552985
3354	0.000019480539583	0.000019452367441	0.000019480539583
3355	0.000036038998229	0.000035986879765	0.000036038998229
3356	0.000019480539583	0.000019452367441	0.000019480539583
3357	0.000061699551040	0.000061610323094	0.000061699551040
3358	0.000019480539583	0.000019452367441	0.000019480539583
3359	0.000093008728750	0.000092528014776	0.000093008728750
3360	0.000019480539583	0.000019452367441	0.000019480539583
3361	0.000069539896421	0.000069414925325	0.000069539896421
3362	0.000019480539583	0.000019452367441	0.000019480539583
3363	0.000019480539583	0.000019452367441	0.000019480539583
3364	0.000019480539583	0.000019452367441	0.000019480539583
3365	0.000114989147499	0.000114374461314	0.000114989147499
3366	0.000019480539583	0.000019452367441	0.000019480539583
3367	0.000036038998229	0.000035986879765	0.000036038998229
3368	0.000019480539583	0.000019452367441	0.000019480539583
3369	0.000423515408028	0.000424780990323	0.000423515408028
3370	0.000019480539583	0.000019452367441	0.000019480539583
3371	0.000036038998229	0.000035986879765	0.000036038998229
3372	0.000019480539583	0.000019452367441	0.000019480539583
3373	0.000036038998229	0.000035986879765	0.000036038998229
3374	0.000019480539583	0.000019452367441	0.000019480539583
3375	0.000036038998229	0.000035986879765	0.000036038998229
3376	0.000019480539583	0.000019452367441	0.000019480539583
3377	0.000102272832812	0.000102124929064	0.000102272832812
3378	0.000019480539583	0.000019452367441	0.000019480539583
3379	0.000019480539583	0.000019452367441	0.000019480539583
3380	0.000036038998229	0.000035986879765	0.000036038998229
3381	0.000019480539583	0.000019452367441	0.000019480539583
3382	0.000116382019449	0.000116213711441	0.000116382019449
3383	0.000046576199185	0.000044254135928	0.000046576199185
3384	0.000019480539583	0.000019452367441	0.000019480539583
3385	0.000036038998229	0.000035986879765	0.000036038998229
3386	0.000057232706054	0.000056375059571	0.000057232706054
3387	0.000133242940485	0.000130315383989	0.000133242940485
3388	0.000019480539583	0.000019452367441	0.000019480539583
3389	0.000019480539583	0.000019452367441	0.000019480539583
3390	0.000036038998229	0.000035986879765	0.000036038998229
3391	0.000019480539583	0.000019452367441	0.000019480539583
3392	0.000074533461067	0.000074686930481	0.000074533461067
3393	0.000019480539583	0.000019452367441	0.000019480539583
3394	0.000019480539583	0.000019452367441	0.000019480539583
3395	0.000019480539583	0.000019452367441	0.000019480539583
3396	0.000069155915520	0.000069055904415	0.000069155915520
3397	0.000019480539583	0.000019452367441	0.000019480539583
3398	0.000019480539583	0.000019452367441	0.000019480539583
3399	0.000108785839268	0.000108628516616	0.000108785839268
3400	0.000046576199185	0.000044254135928	0.000046576199185
3401	0.000019480539583	0.000019452367441	0.000019480539583
3402	0.000019480539583	0.000019452367441	0.000019480539583
3403	0.000019480539583	0.000019452367441	0.000019480539583
3404	0.000036038998229	0.000035986879765	0.000036038998229
3405	0.000019480539583	0.000019452367441	0.000019480539583
3406	0.000093001867992	0.000086507209107	0.000093001867992
3407	0.000019480539583	0.000019452367441	0.000019480539583
3408	0.000069210822773	0.000069110732262	0.000069210822773
3409	0.000019480539583	0.000019452367441	0.000019480539583
3410	0.000080099080277	0.000079659243043	0.000080099080277
3411	0.000019480539583	0.000019452367441	0.000019480539583
3412	0.000019480539583	0.000019452367441	0.000019480539583
3413	0.000052776804916	0.000053144788386	0.000052776804916
3414	0.000019480539583	0.000019452367441	0.000019480539583
3415	0.000108480701644	0.000112739995024	0.000108480701644
3416	0.000019480539583	0.000019452367441	0.000019480539583
3417	0.000019480539583	0.000019452367441	0.000019480539583
3418	0.000439040168167	0.000437008840648	0.000439040168167
3419	0.000019480539583	0.000019452367441	0.000019480539583
3420	0.000019480539583	0.000019452367441	0.000019480539583
3421	0.000019480539583	0.000019452367441	0.000019480539583
3422	0.000019480539583	0.000019452367441	0.000019480539583
3423	0.000019480539583	0.000019452367441	0.000019480539583
3424	0.000036038998229	0.000035986879765	0.000036038998229
3425	0.000019480539583	0.000019452367441	0.000019480539583
3426	0.000019480539583	0.000019452367441	0.000019480539583
3427	0.000019480539583	0.000019452367441	0.000019480539583
3428	0.000041587414706	0.000038083519523	0.000041587414706
3429	0.000033803606312	0.000033754720602	0.000033803606312
3430	0.000041587414706	0.000038083519523	0.000041587414706
3431	0.000019480539583	0.000019452367441	0.000019480539583
3432	0.000069155915520	0.000069055904415	0.000069155915520
3433	0.000019480539583	0.000019452367441	0.000019480539583
3434	0.000036038998229	0.000035986879765	0.000036038998229
3435	0.000019480539583	0.000019452367441	0.000019480539583
3436	0.000052084265073	0.000052294576759	0.000052084265073
3437	0.000019480539583	0.000019452367441	0.000019480539583
3438	0.000350649712497	0.000350142613934	0.000350649712497
3439	0.000019480539583	0.000019452367441	0.000019480539583
3440	0.000019480539583	0.000019452367441	0.000019480539583
3441	0.000019480539583	0.000019452367441	0.000019480539583
3442	0.000019480539583	0.000019452367441	0.000019480539583
3443	0.000019480539583	0.000019452367441	0.000019480539583
3444	0.000019480539583	0.000019452367441	0.000019480539583
3445	0.000019480539583	0.000019452367441	0.000019480539583
3446	0.000019480539583	0.000019452367441	0.000019480539583
3447	0.000019480539583	0.000019452367441	0.000019480539583
3448	0.000019480539583	0.000019452367441	0.000019480539583
3449	0.000019480539583	0.000019452367441	0.000019480539583
3450	0.000019480539583	0.000019452367441	0.000019480539583
3451	0.000019480539583	0.000019452367441	0.000019480539583
3452	0.000019480539583	0.000019452367441	0.000019480539583
3453	0.000019480539583	0.000019452367441	0.000019480539583
3454	0.000036038998229	0.000035986879765	0.000036038998229
3455	0.000019480539583	0.000019452367441	0.000019480539583
3456	0.000019480539583	0.000019452367441	0.000019480539583
3457	0.000019480539583	0.000019452367441	0.000019480539583
3458	0.000019480539583	0.000019452367441	0.000019480539583
3459	0.000019480539583	0.000019452367441	0.000019480539583
3460	0.000019480539583	0.000019452367441	0.000019480539583
3461	0.000130154742012	0.000135443360126	0.000130154742012
3462	0.000019480539583	0.000019452367441	0.000019480539583
3463	0.000019480539583	0.000019452367441	0.000019480539583
3464	0.000036038998229	0.000035986879765	0.000036038998229
3465	0.000019480539583	0.000019452367441	0.000019480539583
3466	0.000019480539583	0.000019452367441	0.000019480539583
3467	0.000019480539583	0.000019452367441	0.000019480539583
3468	0.000019480539583	0.000019452367441	0.000019480539583
3469	0.000052597456875	0.000052521392090	0.000052597456875
3470	0.000019480539583	0.000019452367441	0.000019480539583
3471	0.000019480539583	0.000019452367441	0.000019480539583
3472	0.000082344355185	0.000082225271374	0.000082344355185
3473	0.000019480539583	0.000019452367441	0.000019480539583
3474	0.000146735888154	0.000147405695037	0.000146735888154
3475	0.000019480539583	0.000019452367441	0.000019480539583
3476	0.000061151143661	0.000060838710904	0.000061151143661
3477	0.000035480342961	0.000035297710282	0.000035480342961
3478	0.000019480539583	0.000019452367441	0.000019480539583
3479	0.000019480539583	0.000019452367441	0.000019480539583
3480	0.000019480539583	0.000019452367441	0.000019480539583
3481	0.000075245887321	0.000075126847643	0.000075245887321
3482	0.000019480539583	0.000019452367441	0.000019480539583
3483	0.000019480539583	0.000019452367441	0.000019480539583
3484	0.000019480539583	0.000019452367441	0.000019480539583
3485	0.000019480539583	0.000019452367441	0.000019480539583
3486	0.000050424159177	0.000050351237348	0.000050424159177
3487	0.000019480539583	0.000019452367441	0.000019480539583
3488	0.000019480539583	0.000019452367441	0.000019480539583
3489	0.000036038998229	0.000035986879765	0.000036038998229
3490	0.000019480539583	0.000019452367441	0.000019480539583
3491	0.000019480539583	0.000019452367441	0.000019480539583
3492	0.000019480539583	0.000019452367441	0.000019480539583
3493	0.000019480539583	0.000019452367441	0.000019480539583
3494	0.000019480539583	0.000019452367441	0.000019480539583
3495	0.000019480539583	0.000019452367441	0.000019480539583
3496	0.000019480539583	0.000019452367441	0.000019480539583
3497	0.000038990531193	0.000038723625419	0.000038990531193
3498	0.000019480539583	0.000019452367441	0.000019480539583
3499	0.000083230605369	0.000083110239891	0.000083230605369
3500	0.000019480539583	0.000019452367441	0.000019480539583
3501	0.000019480539583	0.000019452367441	0.000019480539583
3502	0.000019480539583	0.000019452367441	0.000019480539583
3503	0.000118272636189	0.000117970271906	0.000118272636189
3504	0.000019480539583	0.000019452367441	0.000019480539583
3505	0.000019480539583	0.000019452367441	0.000019480539583
3506	0.000036038998229	0.000035986879765	0.000036038998229
3507	0.000019480539583	0.000019452367441	0.000019480539583
3508	0.000019480539583	0.000019452367441	0.000019480539583
3509	0.000036038998229	0.000035986879765	0.000036038998229
3510	0.000019480539583	0.000019452367441	0.000019480539583
3511	0.000571054581096	0.000585387470578	0.000571054581096
3512	0.000019480539583	0.000019452367441	0.000019480539583
3513	0.000036038998229	0.000035986879765	0.000036038998229
3514	0.000019480539583	0.000019452367441	0.000019480539583
3515	0.000036038998229	0.000035986879765	0.000036038998229
3516	0.000115416971781	0.000115250059394	0.000115416971781
3517	0.000019480539583	0.000019452367441	0.000019480539583
3518	0.000019480539583	0.000019452367441	0.000019480539583
3519	0.000019480539583	0.000019452367441	0.000019480539583
3520	0.000069636208381	0.000070793137369	0.000069636208381
3521	0.000019480539583	0.000019452367441	0.000019480539583
3522	0.000019480539583	0.000019452367441	0.000019480539583
3523	0.000019480539583	0.000019452367441	0.000019480539583
3524	0.000052597456875	0.000052521392090	0.000052597456875
3525	0.000034797113830	0.000034746791341	0.000034797113830
3526	0.000076735034898	0.000133036373294	0.000076735034898
3527	0.000019480539583	0.000019452367441	0.000019480539583
3528	0.000289999616679	0.000289119147620	0.000289999616679
3529	0.000019480539583	0.000019452367441	0.000019480539583
3530	0.000343884519359	0.000341952895064	0.000343884519359
3531	0.000019480539583	0.000019452367441	0.000019480539583
3532	0.000019480539583	0.000019452367441	0.000019480539583
3533	0.000036038998229	0.000035986879765	0.000036038998229
3534	0.000019480539583	0.000019452367441	0.000019480539583
3535	0.000019480539583	0.000019452367441	0.000019480539583
3536	0.000052849774406	0.000052720459904	0.000052849774406
3537	0.000115262586461	0.000114614980017	0.000115262586461
3538	0.000019480539583	0.000019452367441	0.000019480539583
3539	0.000019480539583	0.000019452367441	0.000019480539583
3540	0.000019480539583	0.000019452367441	0.000019480539583
3541	0.000036038998229	0.000035986879765	0.000036038998229
3542	0.000019480539583	0.000019452367441	0.000019480539583
3543	0.000019480539583	0.000019452367441	0.000019480539583
3544	0.000313287294985	0.000308384948460	0.000313287294985
3545	0.000019480539583	0.000019452367441	0.000019480539583
3546	0.000019480539583	0.000019452367441	0.000019480539583
3547	0.000019480539583	0.000019452367441	0.000019480539583
3548	0.000019480539583	0.000019452367441	0.000019480539583
3549	0.000019480539583	0.000019452367441	0.000019480539583
3550	0.000019480539583	0.000019452367441	0.000019480539583
3551	0.000141540438190	0.000139804673981	0.000141540438190
3552	0.000081216424110	0.000081098971478	0.000081216424110
3553	0.000080416133179	0.000080299837901	0.000080416133179
3554	0.000019480539583	0.000019452367441	0.000019480539583
3555	0.000037998415835	0.000037943463724	0.000037998415835
3556	0.000037998415835	0.000037943463724	0.000037998415835
3557	0.000019480539583	0.000019452367441	0.000019480539583
3558	0.000019480539583	0.000019452367441	0.000019480539583
3559	0.000019480539583	0.000019452367441	0.000019480539583
3560	0.000099692151686	0.000099400881612	0.000099692151686
3561	0.000019480539583	0.000019452367441	0.000019480539583
3562	0.000200517575268	0.000201122144971	0.000200517575268
3563	0.000019480539583	0.000019452367441	0.000019480539583
3564	0.000019480539583	0.000019452367441	0.000019480539583
3565	0.000019480539583	0.000019452367441	0.000019480539583
3566	0.000036038998229	0.000035986879765	0.000036038998229
3567	0.000019480539583	0.000019452367441	0.000019480539583
3568	0.000036038998229	0.000035986879765	0.000036038998229
3569	0.000019480539583	0.000019452367441	0.000019480539583
3570	0.000019480539583	0.000019452367441	0.000019480539583
3571	0.000051535540478	0.000051825849951	0.000051535540478
3572	0.000019480539583	0.000019452367441	0.000019480539583
3573	0.000019480539583	0.000019452367441	0.000019480539583
3574	0.000036038998229	0.000035986879765	0.000036038998229
3575	0.000019480539583	0.000019452367441	0.000019480539583
3576	0.000019480539583	0.000019452367441	0.000019480539583
3577	0.000036038998229	0.000035986879765	0.000036038998229
3578	0.000019480539583	0.000019452367441	0.000019480539583
3579	0.000036038998229	0.000035986879765	0.000036038998229
3580	0.000019480539583	0.000019452367441	0.000019480539583
3581	0.000019480539583	0.000019452367441	0.000019480539583
3582	0.000050362064957	0.000050289232926	0.000050362064957
3583	0.000019480539583	0.000019452367441	0.000019480539583
3584	0.000052597456875	0.000052521392090	0.000052597456875
3585	0.000019480539583	0.000019452367441	0.000019480539583
3586	0.000019480539583	0.000019452367441	0.000019480539583
3587	0.000036038998229	0.000035986879765	0.000036038998229
3588	0.000035222592773	0.000035931897212	0.000035222592773
3589	0.000019480539583	0.000019452367441	0.000019480539583
3590	0.000036038998229	0.000035986879765	0.000036038998229
3591	0.000212693871663	0.000199319475769	0.000212693871663
3592	0.000019480539583	0.000019452367441	0.000019480539583
3593	0.000051535540478	0.000051825849951	0.000051535540478
3594	0.000019480539583	0.000019452367441	0.000019480539583
3595	0.000052597456875	0.000052521392090	0.000052597456875
3596	0.000019480539583	0.000019452367441	0.000019480539583
3597	0.000113143884864	0.000111798139000	0.000113143884864
3598	0.000019480539583	0.000019452367441	0.000019480539583
3599	0.000019480539583	0.000019452367441	0.000019480539583
3600	0.000036215589759	0.000036139203471	0.000036215589759
3601	0.000019480539583	0.000019452367441	0.000019480539583
3602	0.000019480539583	0.000019452367441	0.000019480539583
3603	0.000075670126355	0.000075330434870	0.000075670126355
3604	0.000019480539583	0.000019452367441	0.000019480539583
3605	0.000082344355185	0.000082225271374	0.000082344355185
3606	0.000019480539583	0.000019452367441	0.000019480539583
3607	0.000019480539583	0.000019452367441	0.000019480539583
3608	0.000038930364875	0.000037454868985	0.000038930364875
3609	0.000177564225746	0.000178678354072	0.000177564225746
3610	0.000019480539583	0.000019452367441	0.000019480539583
3611	0.000019480539583	0.000019452367441	0.000019480539583
3612	0.000019480539583	0.000019452367441	0.000019480539583
3613	0.000019480539583	0.000019452367441	0.000019480539583
3614	0.000019480539583	0.000019452367441	0.000019480539583
3615	0.000038930364875	0.000037454868985	0.000038930364875
3616	0.000019480539583	0.000019452367441	0.000019480539583
3617	0.000084897968710	0.000085535434186	0.000084897968710
3618	0.000019480539583	0.000019452367441	0.000019480539583
3619	0.000019480539583	0.000019452367441	0.000019480539583
3620	0.000068339510064	0.000069000921862	0.000068339510064
3621	0.000019480539583	0.000019452367441	0.000019480539583
3622	0.000019480539583	0.000019452367441	0.000019480539583
3623	0.000195012367247	0.000186807450006	0.000195012367247
3624	0.000019480539583	0.000019452367441	0.000019480539583
3625	0.000049152396109	0.000049261986602	0.000049152396109
3626	0.000038843417711	0.000039571122900	0.000038843417711
3627	0.000019480539583	0.000019452367441	0.000019480539583
3628	0.000019480539583	0.000019452367441	0.000019480539583
3629	0.000019480539583	0.000019452367441	0.000019480539583
3630	0.000019480539583	0.000019452367441	0.000019480539583
3631	0.000019480539583	0.000019452367441	0.000019480539583
3632	0.000052597456875	0.000052521392090	0.000052597456875
3633	0.000019480539583	0.000019452367441	0.000019480539583
3634	0.000019480539583	0.000019452367441	0.000019480539583
3635	0.000019480539583	0.000019452367441	0.000019480539583
3636	0.000019480539583	0.000019452367441	0.000019480539583
3637	0.000019480539583	0.000019452367441	0.000019480539583
3638	0.000036038998229	0.000035986879765	0.000036038998229
3639	0.000019480539583	0.000019452367441	0.000019480539583
3640	0.000041259907662	0.000040668390457	0.000041259907662
3641	0.000033879199275	0.000033830204245	0.000033879199275
3642	0.000033879199275	0.000033830204245	0.000033879199275
3643	0.000019480539583	0.000019452367441	0.000019480539583
3644	0.000137481568225	0.000136748210764	0.000137481568225
3645	0.000019480539583	0.000019452367441	0.000019480539583
3646	0.000019480539583	0.000019452367441	0.000019480539583
3647	0.000019480539583	0.000019452367441	0.000019480539583
3648	0.000019480539583	0.000019452367441	0.000019480539583
3649	0.000019480539583	0.000019452367441	0.000019480539583
3650	0.000019480539583	0.000019452367441	0.000019480539583
3651	0.000019480539583	0.000019452367441	0.000019480539583
3652	0.000301803239652	0.000297995283840	0.000301803239652
3653	0.000019480539583	0.000019452367441	0.000019480539583
3654	0.000069155915520	0.000069055904415	0.000069155915520
3655	0.000019480539583	0.000019452367441	0.000019480539583
3656	0.000019480539583	0.000019452367441	0.000019480539583
3657	0.000019480539583	0.000019452367441	0.000019480539583
3658	0.000036038998229	0.000035986879765	0.000036038998229
3659	0.000019480539583	0.000019452367441	0.000019480539583
3660	0.000019480539583	0.000019452367441	0.000019480539583
3661	0.000538390846481	0.000534827311730	0.000538390846481
3662	0.000019480539583	0.000019452367441	0.000019480539583
3663	0.000019480539583	0.000019452367441	0.000019480539583
3664	0.000019480539583	0.000019452367441	0.000019480539583
3665	0.000019480539583	0.000019452367441	0.000019480539583
3666	0.000019480539583	0.000019452367441	0.000019480539583
3667	0.000019480539583	0.000019452367441	0.000019480539583
3668	0.000036038998229	0.000035986879765	0.000036038998229
3669	0.000019480539583	0.000019452367441	0.000019480539583
3670	0.000019480539583	0.000019452367441	0.000019480539583
3671	0.000019480539583	0.000019452367441	0.000019480539583
3672	0.000531429741147	0.000523050824251	0.000531429741147
3673	0.000019480539583	0.000019452367441	0.000019480539583
3674	0.000179203480127	0.000177550245834	0.000179203480127
3675	0.000019480539583	0.000019452367441	0.000019480539583
3676	0.000019480539583	0.000019452367441	0.000019480539583
3677	0.000019480539583	0.000019452367441	0.000019480539583
3678	0.000019480539583	0.000019452367441	0.000019480539583
3679	0.000019480539583	0.000019452367441	0.000019480539583
3680	0.000019480539583	0.000019452367441	0.000019480539583
3681	0.000052597456875	0.000052521392090	0.000052597456875
3682	0.000253464240898	0.000248917897998	0.000253464240898
3683	0.000019480539583	0.000019452367441	0.000019480539583
3684	0.000052597456875	0.000052521392090	0.000052597456875
3685	0.000019480539583	0.000019452367441	0.000019480539583
3686	0.000019480539583	0.000019452367441	0.000019480539583
3687	0.000019480539583	0.000019452367441	0.000019480539583
3688	0.000019480539583	0.000019452367441	0.000019480539583
3689	0.000036038998229	0.000035986879765	0.000036038998229
3690	0.000019480539583	0.000019452367441	0.000019480539583
3691	0.000036038998229	0.000035986879765	0.000036038998229
3692	0.000019480539583	0.000019452367441	0.000019480539583
3693	0.000019480539583	0.000019452367441	0.000019480539583
3694	0.000019480539583	0.000019452367441	0.000019480539583
3695	0.000019480539583	0.000019452367441	0.000019480539583
3696	0.000066433001144	0.000066130318459	0.000066433001144
3697	0.000019480539583	0.000019452367441	0.000019480539583
3698	0.000052597456875	0.000052521392090	0.000052597456875
3699	0.000019480539583	0.000019452367441	0.000019480539583
3700	0.000019480539583	0.000019452367441	0.000019480539583
3701	0.000019480539583	0.000019452367441	0.000019480539583
3702	0.000034797113830	0.000034746791341	0.000034797113830
3703	0.000067386230253	0.000067288778410	0.000067386230253
3704	0.000019480539583	0.000019452367441	0.000019480539583
3705	0.000019480539583	0.000019452367441	0.000019480539583
3706	0.000019480539583	0.000019452367441	0.000019480539583
3707	0.000036038998229	0.000035986879765	0.000036038998229
3708	0.000019480539583	0.000019452367441	0.000019480539583
3709	0.000036038998229	0.000035986879765	0.000036038998229
3710	0.000019480539583	0.000019452367441	0.000019480539583
3711	0.000079907660415	0.000079200682383	0.000079907660415
3712	0.000019480539583	0.000019452367441	0.000019480539583
3713	0.000019480539583	0.000019452367441	0.000019480539583
3714	0.000237342046573	0.000239424901747	0.000237342046573
3715	0.000019480539583	0.000019452367441	0.000019480539583
3716	0.000036038998229	0.000035986879765	0.000036038998229
3717	0.000019480539583	0.000019452367441	0.000019480539583
3718	0.000349741601213	0.000364565636900	0.000349741601213
3719	0.000019480539583	0.000019452367441	0.000019480539583
3720	0.000019480539583	0.000019452367441	0.000019480539583
3721	0.000036038998229	0.000035986879765	0.000036038998229
3722	0.000019480539583	0.000019452367441	0.000019480539583
3723	0.000036038998229	0.000035986879765	0.000036038998229
3724	0.000217516741021	0.000216934286605	0.000217516741021
3725	0.000019480539583	0.000019452367441	0.000019480539583
3726	0.000052597456875	0.000052521392090	0.000052597456875
3727	0.000019480539583	0.000019452367441	0.000019480539583
3728	0.000019480539583	0.000019452367441	0.000019480539583
3729	0.000019480539583	0.000019452367441	0.000019480539583
3730	0.000019480539583	0.000019452367441	0.000019480539583
3731	0.000444911234651	0.000436789934546	0.000444911234651
3732	0.000019480539583	0.000019452367441	0.000019480539583
3733	0.000036038998229	0.000035986879765	0.000036038998229
3734	0.000019480539583	0.000019452367441	0.000019480539583
3735	0.000019480539583	0.000019452367441	0.000019480539583
3736	0.000099823911336	0.000100682586679	0.000099823911336
3737	0.000019480539583	0.000019452367441	0.000019480539583
3738	0.000019480539583	0.000019452367441	0.000019480539583
3739	0.000036038998229	0.000035986879765	0.000036038998229
3740	0.000249535403922	0.000235955119576	0.000249535403922
3741	0.000019480539583	0.000019452367441	0.000019480539583
3742	0.000019480539583	0.000019452367441	0.000019480539583
3743	0.000019480539583	0.000019452367441	0.000019480539583
3744	0.000019480539583	0.000019452367441	0.000019480539583
3745	0.000045080483362	0.000044983817220	0.000045080483362
3746	0.000108310055829	0.000107672269849	0.000108310055829
3747	0.000019480539583	0.000019452367441	0.000019480539583
3748	0.000048032016327	0.000047720562873	0.000048032016327
3749	0.000045080483362	0.000044983817220	0.000045080483362
3750	0.001006150541374	0.001176601102938	0.001006150541374
3751	0.000019480539583	0.000019452367441	0.000019480539583
3752	0.000036038998229	0.000035986879765	0.000036038998229
3753	0.000019480539583	0.000019452367441	0.000019480539583
3754	0.000036038998229	0.000035986879765	0.000036038998229
3755	0.000019480539583	0.000019452367441	0.000019480539583
3756	0.000019480539583	0.000019452367441	0.000019480539583
3757	0.000127327577293	0.000125164111946	0.000127327577293
3758	0.000019480539583	0.000019452367441	0.000019480539583
3759	0.000036038998229	0.000035986879765	0.000036038998229
3760	0.000019480539583	0.000019452367441	0.000019480539583
3761	0.000237633578731	0.000235376515038	0.000237633578731
3762	0.000087339879760	0.000106369058457	0.000087339879760
3763	0.000019480539583	0.000019452367441	0.000019480539583
3764	0.000050385478979	0.000050312613087	0.000050385478979
3765	0.000019480539583	0.000019452367441	0.000019480539583
3766	0.000019480539583	0.000019452367441	0.000019480539583
3767	0.000019480539583	0.000019452367441	0.000019480539583
3768	0.000019480539583	0.000019452367441	0.000019480539583
3769	0.000019480539583	0.000019452367441	0.000019480539583
3770	0.000019480539583	0.000019452367441	0.000019480539583
3771	0.000630348526263	0.000635811926678	0.000630348526263
3772	0.000019480539583	0.000019452367441	0.000019480539583
3773	0.000019480539583	0.000019452367441	0.000019480539583
3774	0.000036038998229	0.000035986879765	0.000036038998229
3775	0.000019480539583	0.000019452367441	0.000019480539583
3776	0.000036038998229	0.000035986879765	0.000036038998229
3777	0.000019480539583	0.000019452367441	0.000019480539583
3778	0.000019480539583	0.000019452367441	0.000019480539583
3779	0.000019480539583	0.000019452367441	0.000019480539583
3780	0.000019480539583	0.000019452367441	0.000019480539583
3781	0.000019480539583	0.000019452367441	0.000019480539583
3782	0.000019480539583	0.000019452367441	0.000019480539583
3783	0.000019480539583	0.000019452367441	0.000019480539583
3784	0.000019480539583	0.000019452367441	0.000019480539583
3785	0.000019480539583	0.000019452367441	0.000019480539583
3786	0.000019480539583	0.000019452367441	0.000019480539583
3787	0.000019480539583	0.000019452367441	0.000019480539583
3788	0.000022432072547	0.000022189113095	0.000022432072547
3789	0.000246272217430	0.000245717019560	0.000246272217430
3790	0.000019480539583	0.000019452367441	0.000019480539583
3791	0.000019480539583	0.000019452367441	0.000019480539583
3792	0.000019480539583	0.000019452367441	0.000019480539583
3793	0.000019480539583	0.000019452367441	0.000019480539583
3794	0.000019480539583	0.000019452367441	0.000019480539583
3795	0.000019480539583	0.000019452367441	0.000019480539583
3796	0.000019480539583	0.000019452367441	0.000019480539583
3797	0.000019480539583	0.000019452367441	0.000019480539583
3798	0.000019480539583	0.000019452367441	0.000019480539583
3799	0.000019480539583	0.000019452367441	0.000019480539583
3800	0.000019480539583	0.000019452367441	0.000019480539583
3801	0.000019480539583	0.000019452367441	0.000019480539583
3802	0.000019480539583	0.000019452367441	0.000019480539583
3803	0.000019480539583	0.000019452367441	0.000019480539583
3804	0.000019480539583	0.000019452367441	0.000019480539583
3805	0.000019480539583	0.000019452367441	0.000019480539583
3806	0.000019480539583	0.000019452367441	0.000019480539583
3807	0.000058080683241	0.000058020164320	0.000058080683241
3808	0.000019480539583	0.000019452367441	0.000019480539583
3809	0.000019480539583	0.000019452367441	0.000019480539583
3810	0.000224838352339	0.000215190826660	0.000224838352339
3811	0.000019480539583	0.000019452367441	0.000019480539583
3812	0.000019480539583	0.000019452367441	0.000019480539583
3813	0.000106636024848	0.000108935534059	0.000106636024848
3814	0.000019480539583	0.000019452367441	0.000019480539583
3815	0.000019480539583	0.000019452367441	0.000019480539583
3816	0.000019480539583	0.000019452367441	0.000019480539583
3817	0.000019480539583	0.000019452367441	0.000019480539583
3818	0.000019480539583	0.000019452367441	0.000019480539583
3819	0.000019480539583	0.000019452367441	0.000019480539583
3820	0.000019480539583	0.000019452367441	0.000019480539583
3821	0.000019480539583	0.000019452367441	0.000019480539583
3822	0.000019480539583	0.000019452367441	0.000019480539583
3823	0.000019480539583	0.000019452367441	0.000019480539583
3824	0.000019480539583	0.000019452367441	0.000019480539583
3825	0.000019480539583	0.000019452367441	0.000019480539583
3826	0.000019480539583	0.000019452367441	0.000019480539583
3827	0.000036038998229	0.000035986879765	0.000036038998229
3828	0.000044242679584	0.000043985450103	0.000044242679584
3829	0.000019480539583	0.000019452367441	0.000019480539583
3830	0.000019480539583	0.000019452367441	0.000019480539583
3831	0.000019480539583	0.000019452367441	0.000019480539583
3832	0.000019480539583	0.000019452367441	0.000019480539583
3833	0.000069155915520	0.000069055904415	0.000069155915520
3834	0.000019480539583	0.000019452367441	0.000019480539583
3835	0.000019480539583	0.000019452367441	0.000019480539583
3836	0.000019480539583	0.000019452367441	0.000019480539583
3837	0.000019480539583	0.000019452367441	0.000019480539583
3838	0.000036038998229	0.000035986879765	0.000036038998229
3839	0.000019480539583	0.000019452367441	0.000019480539583
3840	0.000019480539583	0.000019452367441	0.000019480539583
3841	0.000054930302220	0.000053787487924	0.000054930302220
3842	0.000035625036763	0.000035573516957	0.000035625036763
3843	0.000019480539583	0.000019452367441	0.000019480539583
3844	0.000036038998229	0.000035986879765	0.000036038998229
3845	0.000055198203658	0.000055105002084	0.000055198203658
3846	0.000019480539583	0.000019452367441	0.000019480539583
3847	0.000041834458755	0.000041773959079	0.000041834458755
3848	0.000019480539583	0.000019452367441	0.000019480539583
3849	0.000181745068907	0.000180497643209	0.000181745068907
3850	0.000019480539583	0.000019452367441	0.000019480539583
3851	0.000019480539583	0.000019452367441	0.000019480539583
3852	0.000019480539583	0.000019452367441	0.000019480539583
3853	0.000071756662304	0.000071639514408	0.000071756662304
3854	0.000039568294129	0.000038276984597	0.000039568294129
3855	0.000051588597505	0.000053846003649	0.000051588597505
3856	0.000050113688078	0.000050041215241	0.000050113688078
3857	0.000035030138859	0.000037311491325	0.000035030138859
3858	0.000019480539583	0.000019452367441	0.000019480539583
3859	0.000036038998229	0.000035986879765	0.000036038998229
3860	0.000019480539583	0.000019452367441	0.000019480539583
3861	0.000138546686727	0.000137069100051	0.000138546686727
3862	0.000019480539583	0.000019452367441	0.000019480539583
3863	0.000068945935654	0.000068918704233	0.000068945935654
3864	0.000019480539583	0.000019452367441	0.000019480539583
3865	0.000019480539583	0.000019452367441	0.000019480539583
3866	0.000019480539583	0.000019452367441	0.000019480539583
3867	0.000019480539583	0.000019452367441	0.000019480539583
3868	0.000055857688964	0.000054215161610	0.000055857688964
3869	0.000019480539583	0.000019452367441	0.000019480539583
3870	0.000019480539583	0.000019452367441	0.000019480539583
3871	0.000019480539583	0.000019452367441	0.000019480539583
3872	0.000019480539583	0.000019452367441	0.000019480539583
3873	0.000036038998229	0.000035986879765	0.000036038998229
3874	0.000019480539583	0.000019452367441	0.000019480539583
3875	0.000036038998229	0.000035986879765	0.000036038998229
3876	0.000019480539583	0.000019452367441	0.000019480539583
3877	0.000120515202506	0.000120340917218	0.000120515202506
3878	0.000052479882357	0.000052655783967	0.000052479882357
3879	0.000019480539583	0.000019452367441	0.000019480539583
3880	0.000172233821366	0.000169199965565	0.000172233821366
3881	0.000019480539583	0.000019452367441	0.000019480539583
3882	0.000036038998229	0.000035986879765	0.000036038998229
3883	0.000050113688078	0.000050041215241	0.000050113688078
3884	0.000019480539583	0.000019452367441	0.000019480539583
3885	0.000071073189541	0.000071157258907	0.000071073189541
3886	0.000019480539583	0.000019452367441	0.000019480539583
3887	0.000036038998229	0.000035986879765	0.000036038998229
3888	0.000066672146723	0.000066575727566	0.000066672146723
3889	0.000019480539583	0.000019452367441	0.000019480539583
3890	0.000036038998229	0.000035986879765	0.000036038998229
3891	0.000019480539583	0.000019452367441	0.000019480539583
3892	0.000140382635746	0.000139451502808	0.000140382635746
3893	0.000019480539583	0.000019452367441	0.000019480539583
3894	0.000019480539583	0.000019452367441	0.000019480539583
3895	0.000036038998229	0.000035986879765	0.000036038998229
3896	0.000053070633502	0.000052365923178	0.000053070633502
3897	0.000139916161636	0.000139323610401	0.000139916161636
3898	0.000019480539583	0.000019452367441	0.000019480539583
3899	0.000038990531193	0.000038723625419	0.000038990531193
3900	0.000019480539583	0.000019452367441	0.000019480539583
3901	0.000188875765853	0.000188567647529	0.000188875765853
3902	0.000019480539583	0.000019452367441	0.000019480539583
3903	0.000019480539583	0.000019452367441	0.000019480539583
3904	0.000019480539583	0.000019452367441	0.000019480539583
3905	0.000099966682143	0.000098839662445	0.000099966682143
3906	0.000019480539583	0.000019452367441	0.000019480539583
3907	0.000019480539583	0.000019452367441	0.000019480539583
3908	0.000069155915520	0.000069055904415	0.000069155915520
3909	0.000019480539583	0.000019452367441	0.000019480539583
3910	0.000036353382724	0.000036435671845	0.000036353382724
3911	0.000019480539583	0.000019452367441	0.000019480539583
3912	0.000036038998229	0.000035986879765	0.000036038998229
3913	0.000019480539583	0.000019452367441	0.000019480539583
3914	0.000068399628380	0.000074936588749	0.000068399628380
3915	0.000098676856586	0.000098812851743	0.000098676856586
3916	0.000019480539583	0.000019452367441	0.000019480539583
3917	0.000019480539583	0.000019452367441	0.000019480539583
3918	0.000039074715647	0.000039018207025	0.000039074715647
3919	0.000100156285154	0.000099487852830	0.000100156285154
3920	0.000019480539583	0.000019452367441	0.000019480539583
3921	0.000079333950971	0.000081319545067	0.000079333950971
3922	0.000019480539583	0.000019452367441	0.000019480539583
3923	0.000019480539583	0.000019452367441	0.000019480539583
3924	0.000019480539583	0.000019452367441	0.000019480539583
3925	0.000036038998229	0.000035986879765	0.000036038998229
3926	0.000043542414076	0.000043219162018	0.000043542414076
3927	0.000019480539583	0.000019452367441	0.000019480539583
3928	0.000180471463677	0.000177171101991	0.000180471463677
3929	0.000035030138859	0.000037311491325	0.000035030138859
3930	0.000034368348598	0.000035309751254	0.000034368348598
3931	0.000033756425294	0.000033707607815	0.000033756425294
3932	0.000019480539583	0.000019452367441	0.000019480539583
3933	0.000019480539583	0.000019452367441	0.000019480539583
3934	0.000036038998229	0.000035986879765	0.000036038998229
3935	0.000019480539583	0.000019452367441	0.000019480539583
3936	0.000019480539583	0.000019452367441	0.000019480539583
3937	0.000051235632854	0.000049925564560	0.000051235632854
3938	0.000058392917401	0.000058308471404	0.000058392917401
3939	0.000019480539583	0.000019452367441	0.000019480539583
3940	0.000019480539583	0.000019452367441	0.000019480539583
3941	0.000019480539583	0.000019452367441	0.000019480539583
3942	0.000096405157024	0.000097447734650	0.000096405157024
3943	0.000019480539583	0.000019452367441	0.000019480539583
3944	0.000019480539583	0.000019452367441	0.000019480539583
3945	0.000036038998229	0.000035986879765	0.000036038998229
3946	0.000034797113830	0.000034746791341	0.000034797113830
3947	0.000019480539583	0.000019452367441	0.000019480539583
3948	0.000036038998229	0.000035986879765	0.000036038998229
3949	0.000019480539583	0.000019452367441	0.000019480539583
3950	0.000019480539583	0.000019452367441	0.000019480539583
3951	0.000111411435388	0.000111388856510	0.000111411435388
3952	0.000019480539583	0.000019452367441	0.000019480539583
3953	0.000136970911504	0.000133277614046	0.000136970911504
3954	0.000037016000339	0.000036736433385	0.000037016000339
3955	0.000019480539583	0.000019452367441	0.000019480539583
3956	0.000082010569079	0.000081771156839	0.000082010569079
3957	0.000019480539583	0.000019452367441	0.000019480539583
3958	0.000019480539583	0.000019452367441	0.000019480539583
3959	0.000053346347037	0.000053340977400	0.000053346347037
3960	0.000034977081832	0.000035291337627	0.000034977081832
3961	0.000061982483048	0.000061921903837	0.000061982483048
3962	0.000734194508678	0.000723519913348	0.000734194508678
3963	0.000034797113830	0.000034746791341	0.000034797113830
3964	0.000019480539583	0.000019452367441	0.000019480539583
3965	0.000019480539583	0.000019452367441	0.000019480539583
3966	0.000036038998229	0.000035986879765	0.000036038998229
3967	0.000019480539583	0.000019452367441	0.000019480539583
3968	0.000019480539583	0.000019452367441	0.000019480539583
3969	0.000019480539583	0.000019452367441	0.000019480539583
3970	0.000019480539583	0.000019452367441	0.000019480539583
3971	0.000019480539583	0.000019452367441	0.000019480539583
3972	0.000019480539583	0.000019452367441	0.000019480539583
3973	0.000019480539583	0.000019452367441	0.000019480539583
3974	0.000069155915520	0.000069055904415	0.000069155915520
3975	0.000019480539583	0.000019452367441	0.000019480539583
3976	0.000042414386117	0.000041470655051	0.000042414386117
3977	0.000019480539583	0.000019452367441	0.000019480539583
3978	0.000036038998229	0.000035986879765	0.000036038998229
3979	0.000019480539583	0.000019452367441	0.000019480539583
3980	0.000019480539583	0.000019452367441	0.000019480539583
3981	0.000036038998229	0.000035986879765	0.000036038998229
3982	0.000019480539583	0.000019452367441	0.000019480539583
3983	0.000047138422261	0.000048234081468	0.000047138422261
3984	0.000019480539583	0.000019452367441	0.000019480539583
3985	0.000543329958556	0.000540289505668	0.000543329958556
3986	0.000019480539583	0.000019452367441	0.000019480539583
3987	0.000019480539583	0.000019452367441	0.000019480539583
3988	0.000019480539583	0.000019452367441	0.000019480539583
3989	0.000019480539583	0.000019452367441	0.000019480539583
3990	0.000019480539583	0.000019452367441	0.000019480539583
3991	0.000019480539583	0.000019452367441	0.000019480539583
3992	0.000019480539583	0.000019452367441	0.000019480539583
3993	0.000019480539583	0.000019452367441	0.000019480539583
3994	0.000019480539583	0.000019452367441	0.000019480539583
3995	0.000019480539583	0.000019452367441	0.000019480539583
3996	0.000019480539583	0.000019452367441	0.000019480539583
3997	0.000019480539583	0.000019452367441	0.000019480539583
3998	0.000019480539583	0.000019452367441	0.000019480539583
3999	0.000019480539583	0.000019452367441	0.000019480539583
4000	0.000019480539583	0.000019452367441	0.000019480539583
4001	0.000019480539583	0.000019452367441	0.000019480539583
4002	0.000019480539583	0.000019452367441	0.000019480539583
4003	0.000019480539583	0.000019452367441	0.000019480539583
4004	0.000019480539583	0.000019452367441	0.000019480539583
4005	0.000019480539583	0.000019452367441	0.000019480539583
4006	0.000019480539583	0.000019452367441	0.000019480539583
4007	0.000019480539583	0.000019452367441	0.000019480539583
4008	0.000019480539583	0.000019452367441	0.000019480539583
4009	0.000019480539583	0.000019452367441	0.000019480539583
4010	0.000019480539583	0.000019452367441	0.000019480539583
4011	0.000019480539583	0.000019452367441	0.000019480539583
4012	0.000019480539583	0.000019452367441	0.000019480539583
4013	0.000019480539583	0.000019452367441	0.000019480539583
4014	0.000019480539583	0.000019452367441	0.000019480539583
4015	0.000092049496136	0.000091713525990	0.000092049496136
4016	0.000035525806427	0.000035760064434	0.000035525806427
4017	0.000035525806427	0.000035760064434	0.000035525806427
4018	0.000019480539583	0.000019452367441	0.000019480539583
4019	0.000054476890537	0.000054398107775	0.000054476890537
4020	0.000019480539583	0.000019452367441	0.000019480539583
4021	0.000019480539583	0.000019452367441	0.000019480539583
4022	0.000019480539583	0.000019452367441	0.000019480539583
4023	0.000069976444232	0.000069759282059	0.000069976444232
4024	0.000019480539583	0.000019452367441	0.000019480539583
4025	0.000019480539583	0.000019452367441	0.000019480539583
4026	0.000019480539583	0.000019452367441	0.000019480539583
4027	0.000036038998229	0.000035986879765	0.000036038998229
4028	0.000283226630107	0.000270777218513	0.000283226630107
4029	0.000019480539583	0.000019452367441	0.000019480539583
4030	0.000052597456875	0.000052521392090	0.000052597456875
4031	0.000034383152364	0.000034333428533	0.000034383152364
4032	0.000019480539583	0.000019452367441	0.000019480539583
4033	0.000036038998229	0.000035986879765	0.000036038998229
4034	0.000085190009804	0.000085004424478	0.000085190009804
4035	0.000019480539583	0.000019452367441	0.000019480539583
4036	0.000166229879331	0.000164926107094	0.000166229879331
4037	0.000019480539583	0.000019452367441	0.000019480539583
4038	0.000019480539583	0.000019452367441	0.000019480539583
4039	0.000019480539583	0.000019452367441	0.000019480539583
4040	0.000039517757551	0.000038721830280	0.000039517757551
4041	0.000039517757551	0.000038721830280	0.000039517757551
4042	0.000038585758063	0.000038529956556	0.000038585758063
4043	0.000038585758063	0.000038529956556	0.000038585758063
4044	0.000036038998229	0.000035986879765	0.000036038998229
4045	0.000034797113830	0.000034746791341	0.000034797113830
4046	0.000041834458755	0.000041773959079	0.000041834458755
4047	0.000036038998229	0.000035986879765	0.000036038998229
4048	0.000019480539583	0.000019452367441	0.000019480539583
4049	0.000019480539583	0.000019452367441	0.000019480539583
4050	0.000309255657754	0.000308901743648	0.000309255657754
4051	0.000019480539583	0.000019452367441	0.000019480539583
4052	0.000193082446373	0.000194014668818	0.000193082446373
4053	0.000019480539583	0.000019452367441	0.000019480539583
4054	0.000036038998229	0.000035986879765	0.000036038998229
4055	0.000036038998229	0.000035986879765	0.000036038998229
4056	0.000019480539583	0.000019452367441	0.000019480539583
4057	0.000035525806427	0.000035760064434	0.000035525806427
4058	0.000035525806427	0.000035760064434	0.000035525806427
4059	0.000143725860340	0.000145669539701	0.000143725860340
4060	0.000038404269918	0.000038330438941	0.000038404269918
4061	0.000019480539583	0.000019452367441	0.000019480539583
4062	0.000019480539583	0.000019452367441	0.000019480539583
4063	0.000019480539583	0.000019452367441	0.000019480539583
4064	0.000051588597505	0.000053846003649	0.000051588597505
4065	0.000019480539583	0.000019452367441	0.000019480539583
4066	0.000260215875881	0.000259960153418	0.000260215875881
4067	0.000019480539583	0.000019452367441	0.000019480539583
4068	0.000019480539583	0.000019452367441	0.000019480539583
4069	0.000036038998229	0.000035986879765	0.000036038998229
4070	0.000060216556904	0.000060135149878	0.000060216556904
4071	0.000019480539583	0.000019452367441	0.000019480539583
4072	0.000036038998229	0.000035986879765	0.000036038998229
4073	0.000081895677357	0.000080979318414	0.000081895677357
4074	0.000019480539583	0.000019452367441	0.000019480539583
4075	0.000059256417401	0.000061582118874	0.000059256417401
4076	0.000057188416815	0.000058672054618	0.000057188416815
4077	0.000035525806427	0.000035760064434	0.000035525806427
4078	0.000035525806427	0.000035760064434	0.000035525806427
4079	0.000019480539583	0.000019452367441	0.000019480539583
4080	0.000071859117863	0.000070336001449	0.000071859117863
4081	0.000054476165046	0.000054152877468	0.000054476165046
4082	0.000035525806427	0.000035760064434	0.000035525806427
4083	0.000035525806427	0.000035760064434	0.000035525806427
4084	0.000039811059905	0.000039427003064	0.000039811059905
4085	0.000048295323909	0.000048225480733	0.000048295323909
4086	0.000396030553513	0.000425845417791	0.000396030553513
4087	0.000082751757751	0.000081251137435	0.000082751757751
4088	0.000036859526941	0.000036690257410	0.000036859526941
4089	0.000038990531193	0.000038723625419	0.000038990531193
4090	0.000019480539583	0.000019452367441	0.000019480539583
4091	0.000022432072547	0.000022189113095	0.000022432072547
4092	0.000036038998229	0.000035986879765	0.000036038998229
4093	0.000050293656080	0.000050585761527	0.000050293656080
4094	0.000022432072547	0.000022189113095	0.000022432072547
4095	0.000189775948049	0.000190790663571	0.000189775948049
4096	0.000019480539583	0.000019452367441	0.000019480539583
4097	0.000033496023832	0.000033248536188	0.000033496023832
4098	0.000019480539583	0.000019452367441	0.000019480539583
4099	0.000019480539583	0.000019452367441	0.000019480539583
4100	0.000036038998229	0.000035986879765	0.000036038998229
4101	0.000119621325877	0.000116522441281	0.000119621325877
4102	0.000019480539583	0.000019452367441	0.000019480539583
4103	0.000019480539583	0.000019452367441	0.000019480539583
4104	0.000036038998229	0.000035986879765	0.000036038998229
4105	0.000019480539583	0.000019452367441	0.000019480539583
4106	0.000036038998229	0.000035986879765	0.000036038998229
4107	0.000019480539583	0.000019452367441	0.000019480539583
4108	0.000082344355185	0.000082225271374	0.000082344355185
4109	0.000148071027399	0.000149407104678	0.000148071027399
4110	0.000048871803679	0.000048801126817	0.000048871803679
4111	0.000019480539583	0.000019452367441	0.000019480539583
4112	0.000036038998229	0.000035986879765	0.000036038998229
4113	0.000086673138306	0.000081409153132	0.000086673138306
4114	0.000039019606433	0.000039071636007	0.000039019606433
4115	0.000039572035902	0.000038318292317	0.000039572035902
4116	0.000019480539583	0.000019452367441	0.000019480539583
4117	0.000019480539583	0.000019452367441	0.000019480539583
4118	0.000019480539583	0.000019452367441	0.000019480539583
4119	0.000019480539583	0.000019452367441	0.000019480539583
4120	0.000039210798624	0.000039510423029	0.000039210798624
4121	0.000038269561650	0.000037206262807	0.000038269561650
4122	0.000069520325822	0.000070387421967	0.000069520325822
4123	0.000019480539583	0.000019452367441	0.000019480539583
4124	0.000036038998229	0.000035986879765	0.000036038998229
4125	0.000046885992728	0.000043790522391	0.000046885992728
4126	0.000056892233291	0.000054959831697	0.000056892233291
4127	0.000109312616703	0.000109801246639	0.000109312616703
4128	0.000095836290987	0.000093131780593	0.000095836290987
4129	0.000046885992728	0.000043790522391	0.000046885992728
4130	0.000070584075185	0.000069577750604	0.000070584075185
4131	0.000039313639102	0.000039818063629	0.000039313639102
4132	0.000019480539583	0.000019452367441	0.000019480539583
4133	0.000042801699011	0.000042479275737	0.000042801699011
4134	0.000019480539583	0.000019452367441	0.000019480539583
4135	0.000036038998229	0.000035986879765	0.000036038998229
4136	0.000044897486354	0.000044338633264	0.000044897486354
4137	0.000019480539583	0.000019452367441	0.000019480539583
4138	0.000036038998229	0.000035986879765	0.000036038998229
4139	0.000064359518804	0.000066367216471	0.000064359518804
4140	0.000044729107323	0.000041682371639	0.000044729107323
4141	0.000081258520716	0.000080844675126	0.000081258520716
4142	0.000069686102478	0.000068920825066	0.000069686102478
4143	0.000123211587426	0.000123033402712	0.000123211587426
4144	0.000056130494548	0.000054852804641	0.000056130494548
4145	0.000034797113830	0.000034746791341	0.000034797113830
4146	0.000019480539583	0.000019452367441	0.000019480539583
4147	0.000036038998229	0.000035986879765	0.000036038998229
4148	0.000056979243832	0.000056214692217	0.000056979243832
4149	0.000034350533983	0.000034276214878	0.000034350533983
4150	0.000046885992728	0.000043790522391	0.000046885992728
4151	0.000121809053460	0.000121608910086	0.000121809053460
4152	0.000062946493528	0.000062855462293	0.000062946493528
4153	0.000019480539583	0.000019452367441	0.000019480539583
4154	0.000037678425205	0.000039400796639	0.000037678425205
4155	0.000019480539583	0.000019452367441	0.000019480539583
4156	0.000019480539583	0.000019452367441	0.000019480539583
4157	0.000019480539583	0.000019452367441	0.000019480539583
4158	0.000049909812056	0.000049837634058	0.000049909812056
4159	0.000049063406111	0.000048954427184	0.000049063406111
4160	0.000019480539583	0.000019452367441	0.000019480539583
4161	0.000019480539583	0.000019452367441	0.000019480539583
4162	0.000019480539583	0.000019452367441	0.000019480539583
4163	0.000164025315096	0.000160719362993	0.000164025315096
4164	0.000019480539583	0.000019452367441	0.000019480539583
4165	0.000019480539583	0.000019452367441	0.000019480539583
4166	0.000066672146723	0.000066575727566	0.000066672146723
4167	0.000019480539583	0.000019452367441	0.000019480539583
4168	0.000254005321057	0.000248749520294	0.000254005321057
4169	0.000037193766737	0.000036715225033	0.000037193766737
4170	0.000084808554865	0.000066067848455	0.000084808554865
4171	0.000019480539583	0.000019452367441	0.000019480539583
4172	0.000170198371308	0.000165157552247	0.000170198371308
4173	0.000019480539583	0.000019452367441	0.000019480539583
4174	0.000019480539583	0.000019452367441	0.000019480539583
4175	0.000019480539583	0.000019452367441	0.000019480539583
4176	0.000143011722255	0.000138582197279	0.000143011722255
4177	0.000019480539583	0.000019452367441	0.000019480539583
4178	0.000067359093915	0.000067156693990	0.000067359093915
4179	0.000019480539583	0.000019452367441	0.000019480539583
4180	0.000019480539583	0.000019452367441	0.000019480539583
4181	0.000036038998229	0.000035986879765	0.000036038998229
4182	0.000019480539583	0.000019452367441	0.000019480539583
4183	0.000036038998229	0.000035986879765	0.000036038998229
4184	0.000019480539583	0.000019452367441	0.000019480539583
4185	0.000019480539583	0.000019452367441	0.000019480539583
4186	0.000019480539583	0.000019452367441	0.000019480539583
4187	0.000165095263700	0.000162454673578	0.000165095263700
4188	0.000033803606312	0.000033754720602	0.000033803606312
4189	0.000119609161273	0.000117111839167	0.000119609161273
4190	0.000044897486354	0.000044338633264	0.000044897486354
4191	0.000019480539583	0.000019452367441	0.000019480539583
4192	0.000036038998229	0.000035986879765	0.000036038998229
4193	0.000019480539583	0.000019452367441	0.000019480539583
4194	0.000019480539583	0.000019452367441	0.000019480539583
4195	0.000019480539583	0.000019452367441	0.000019480539583
4196	0.000019480539583	0.000019452367441	0.000019480539583
4197	0.000019480539583	0.000019452367441	0.000019480539583
4198	0.000019480539583	0.000019452367441	0.000019480539583
4199	0.000019480539583	0.000019452367441	0.000019480539583
4200	0.000019480539583	0.000019452367441	0.000019480539583
4201	0.000052597456875	0.000052521392090	0.000052597456875
4202	0.000019480539583	0.000019452367441	0.000019480539583
4203	0.000019480539583	0.000019452367441	0.000019480539583
4204	0.000052597456875	0.000052521392090	0.000052597456875
4205	0.000242794451400	0.000243982905121	0.000242794451400
4206	0.000019480539583	0.000019452367441	0.000019480539583
4207	0.000036038998229	0.000035986879765	0.000036038998229
4208	0.000019480539583	0.000019452367441	0.000019480539583
4209	0.000019480539583	0.000019452367441	0.000019480539583
4210	0.000019480539583	0.000019452367441	0.000019480539583
4211	0.000019480539583	0.000019452367441	0.000019480539583
4212	0.000053439401082	0.000052560184600	0.000053439401082
4213	0.000019480539583	0.000019452367441	0.000019480539583
4214	0.000350524089171	0.000346152334052	0.000350524089171
4215	0.000019480539583	0.000019452367441	0.000019480539583
4216	0.000019480539583	0.000019452367441	0.000019480539583
4217	0.000019480539583	0.000019452367441	0.000019480539583
4218	0.000019480539583	0.000019452367441	0.000019480539583
4219	0.000019480539583	0.000019452367441	0.000019480539583
4220	0.000019480539583	0.000019452367441	0.000019480539583
4221	0.000042925247218	0.000042476675853	0.000042925247218
4222	0.000019480539583	0.000019452367441	0.000019480539583
4223	0.000019480539583	0.000019452367441	0.000019480539583
4224	0.000679974248877	0.000660075789008	0.000679974248877
4225	0.000131927850520	0.000131691071262	0.000131927850520
4226	0.000019480539583	0.000019452367441	0.000019480539583
4227	0.000019480539583	0.000019452367441	0.000019480539583
4228	0.000019480539583	0.000019452367441	0.000019480539583
4229	0.000019480539583	0.000019452367441	0.000019480539583
4230	0.000019480539583	0.000019452367441	0.000019480539583
4231	0.000019480539583	0.000019452367441	0.000019480539583
4232	0.000019480539583	0.000019452367441	0.000019480539583
4233	0.000036038998229	0.000035986879765	0.000036038998229
4234	0.000019480539583	0.000019452367441	0.000019480539583
4235	0.000118549943717	0.000118135430675	0.000118549943717
4236	0.000019480539583	0.000019452367441	0.000019480539583
4237	0.000019480539583	0.000019452367441	0.000019480539583
4238	0.000019480539583	0.000019452367441	0.000019480539583
4239	0.000019480539583	0.000019452367441	0.000019480539583
4240	0.000019480539583	0.000019452367441	0.000019480539583
4241	0.000019480539583	0.000019452367441	0.000019480539583
4242	0.000036038998229	0.000035986879765	0.000036038998229
4243	0.000019480539583	0.000019452367441	0.000019480539583
4244	0.000019480539583	0.000019452367441	0.000019480539583
4245	0.000036038998229	0.000035986879765	0.000036038998229
4246	0.000019480539583	0.000019452367441	0.000019480539583
4247	0.000019480539583	0.000019452367441	0.000019480539583
4248	0.000189716193592	0.000190154709369	0.000189716193592
4249	0.000019480539583	0.000019452367441	0.000019480539583
4250	0.000142092966461	0.000140995643079	0.000142092966461
4251	0.000019480539583	0.000019452367441	0.000019480539583
4252	0.000091938616583	0.000090171596697	0.000091938616583
4253	0.000074212251309	0.000072691688464	0.000074212251309
4254	0.000048959942195	0.000050641580714	0.000048959942195
4255	0.000037678425205	0.000039400796639	0.000037678425205
4256	0.000019480539583	0.000019452367441	0.000019480539583
4257	0.000036038998229	0.000035986879765	0.000036038998229
4258	0.000019480539583	0.000019452367441	0.000019480539583
4259	0.000019480539583	0.000019452367441	0.000019480539583
4260	0.000152255717561	0.000151147518270	0.000152255717561
4261	0.000034383152364	0.000034333428533	0.000034383152364
4262	0.000041695038474	0.000040925823208	0.000041695038474
4263	0.000019480539583	0.000019452367441	0.000019480539583
4264	0.000236247627136	0.000231531407202	0.000236247627136
4265	0.000019480539583	0.000019452367441	0.000019480539583
4266	0.000078263067775	0.000078149886193	0.000078263067775
4267	0.000100832793351	0.000100498644874	0.000100832793351
4268	0.000054618700294	0.000054403956952	0.000054618700294
4269	0.000019480539583	0.000019452367441	0.000019480539583
4270	0.000168506667394	0.000168262978363	0.000168506667395
4271	0.000039951601764	0.000038950373128	0.000039951601764
4272	0.000019480539583	0.000019452367441	0.000019480539583
4273	0.000036038998229	0.000035986879765	0.000036038998229
4274	0.000019480539583	0.000019452367441	0.000019480539583
4275	0.000019480539583	0.000019452367441	0.000019480539583
4276	0.000036038998229	0.000035986879765	0.000036038998229
4277	0.000019480539583	0.000019452367441	0.000019480539583
4278	0.000036038998229	0.000035986879765	0.000036038998229
4279	0.000019480539583	0.000019452367441	0.000019480539583
4280	0.000036038998229	0.000035986879765	0.000036038998229
4281	0.000019480539583	0.000019452367441	0.000019480539583
4282	0.000019480539583	0.000019452367441	0.000019480539583
4283	0.000019480539583	0.000019452367441	0.000019480539583
4284	0.000105021820197	0.000102322016316	0.000105021820197
4285	0.000019480539583	0.000019452367441	0.000019480539583
4286	0.000081446347331	0.000081666341807	0.000081446347331
4287	0.000019480539583	0.000019452367441	0.000019480539583
4288	0.000019480539583	0.000019452367441	0.000019480539583
4289	0.000036038998229	0.000035986879765	0.000036038998229
4290	0.000019480539583	0.000019452367441	0.000019480539583
4291	0.000019480539583	0.000019452367441	0.000019480539583
4292	0.000148195849033	0.000146757786071	0.000148195849033
4293	0.000318155458249	0.000341967093431	0.000318155458249
4294	0.000019480539583	0.000019452367441	0.000019480539583
4295	0.000048705704082	0.000048435431286	0.000048705704082
4296	0.000019480539583	0.000019452367441	0.000019480539583
4297	0.000036038998229	0.000035986879765	0.000036038998229
4298	0.000162846608112	0.000158273894075	0.000162846608112
4299	0.000019480539583	0.000019452367441	0.000019480539583
4300	0.000145717652042	0.000144340810789	0.000145717652042
4301	0.000019480539583	0.000019452367441	0.000019480539583
4302	0.000097322715140	0.000094111734179	0.000097322715140
4303	0.000071974907991	0.000069305570152	0.000071974907991
4304	0.000019480539583	0.000019452367441	0.000019480539583
4305	0.000036038998229	0.000035986879765	0.000036038998229
4306	0.000019480539583	0.000019452367441	0.000019480539583
4307	0.000036038998229	0.000035986879765	0.000036038998229
4308	0.000019480539583	0.000019452367441	0.000019480539583
4309	0.000036038998229	0.000035986879765	0.000036038998229
4310	0.000138428801605	0.000137780086709	0.000138428801605
4311	0.000019480539583	0.000019452367441	0.000019480539583
4312	0.000019480539583	0.000019452367441	0.000019480539583
4313	0.000019480539583	0.000019452367441	0.000019480539583
4314	0.000019480539583	0.000019452367441	0.000019480539583
4315	0.000036038998229	0.000035986879765	0.000036038998229
4316	0.000035619123028	0.000035567611774	0.000035619123028
4317	0.000106864454025	0.000103018434823	0.000106864454025
4318	0.000042679328456	0.000042857631446	0.000042679328456
4319	0.000034425642817	0.000034272040260	0.000034425642817
4320	0.000055369903174	0.000053348858584	0.000055369903174
4321	0.000034788332830	0.000034738023039	0.000034788332830
4322	0.000055144515832	0.000055063978180	0.000055144515832
4323	0.000019480539583	0.000019452367441	0.000019480539583
4324	0.000082949257629	0.000082586229177	0.000082949257629
4325	0.000019480539583	0.000019452367441	0.000019480539583
4326	0.000036038998229	0.000035986879765	0.000036038998229
4327	0.000019480539583	0.000019452367441	0.000019480539583
4328	0.000065300794623	0.000065118113986	0.000065300794623
4329	0.000038930364875	0.000037454868985	0.000038930364875
4330	0.000039568294129	0.000038276984597	0.000039568294129
4331	0.000059764730874	0.000059399619310	0.000059764730874
4332	0.000060764690408	0.000056856662151	0.000060764690408
4333	0.000100009731709	0.000096005952972	0.000100009731709
4334	0.000027684220938	0.000027450937778	0.000027684220938
4335	0.000037265217987	0.000036941149410	0.000037265217987
4336	0.000064238596884	0.000063628965267	0.000064238596884
4337	0.000113410582700	0.000111345783918	0.000113410582700
4338	0.000019480539583	0.000019452367441	0.000019480539583
4339	0.000044425640569	0.000044511335597	0.000044425640569
4340	0.000082752240358	0.000082527960007	0.000082752240358
4341	0.000019480539583	0.000019452367441	0.000019480539583
4342	0.000137911190518	0.000136010022695	0.000137911190518
4343	0.000051589419778	0.000051508867521	0.000051589419778
4344	0.000019480539583	0.000019452367441	0.000019480539583
4345	0.000036038998229	0.000035986879765	0.000036038998229
4346	0.000037828531406	0.000036088049516	0.000037828531406
4347	0.000034425642817	0.000034272040260	0.000034425642817
4348	0.000038370981155	0.000038315490251	0.000038370981155
4349	0.000068814551586	0.000068107206563	0.000068814551586
4350	0.000068316269326	0.000063775824067	0.000068316269326
4351	0.000035757650489	0.000035462869052	0.000035757650489
4352	0.000059134588768	0.000058162316301	0.000059134588768
4353	0.000067449982777	0.000067013111402	0.000067449982777
4354	0.000040550255519	0.000039739354221	0.000040550255519
4355	0.000019480539583	0.000019452367441	0.000019480539583
4356	0.000118551721264	0.000106511240259	0.000118551721264
4357	0.000035757650489	0.000035462869052	0.000035757650489
4358	0.000019480539583	0.000019452367441	0.000019480539583
4359	0.000863961930514	0.000862712495999	0.000863961930514
4360	0.000019480539583	0.000019452367441	0.000019480539583
4361	0.000019480539583	0.000019452367441	0.000019480539583
4362	0.000019480539583	0.000019452367441	0.000019480539583
4363	0.000019480539583	0.000019452367441	0.000019480539583
4364	0.000019480539583	0.000019452367441	0.000019480539583
4365	0.000019480539583	0.000019452367441	0.000019480539583
4366	0.000019480539583	0.000019452367441	0.000019480539583
4367	0.000019480539583	0.000019452367441	0.000019480539583
4368	0.000019480539583	0.000019452367441	0.000019480539583
4369	0.000019480539583	0.000019452367441	0.000019480539583
4370	0.000019480539583	0.000019452367441	0.000019480539583
4371	0.000019480539583	0.000019452367441	0.000019480539583
4372	0.000019480539583	0.000019452367441	0.000019480539583
4373	0.000019480539583	0.000019452367441	0.000019480539583
4374	0.000019480539583	0.000019452367441	0.000019480539583
4375	0.000019480539583	0.000019452367441	0.000019480539583
4376	0.000019480539583	0.000019452367441	0.000019480539583
4377	0.000019480539583	0.000019452367441	0.000019480539583
4378	0.000019480539583	0.000019452367441	0.000019480539583
4379	0.000019480539583	0.000019452367441	0.000019480539583
4380	0.000019480539583	0.000019452367441	0.000019480539583
4381	0.000019480539583	0.000019452367441	0.000019480539583
4382	0.000019480539583	0.000019452367441	0.000019480539583
4383	0.000019480539583	0.000019452367441	0.000019480539583
4384	0.000019480539583	0.000019452367441	0.000019480539583
4385	0.000019480539583	0.000019452367441	0.000019480539583
4386	0.000019480539583	0.000019452367441	0.000019480539583
4387	0.000019480539583	0.000019452367441	0.000019480539583
4388	0.000019480539583	0.000019452367441	0.000019480539583
4389	0.000019480539583	0.000019452367441	0.000019480539583
4390	0.000019480539583	0.000019452367441	0.000019480539583
4391	0.000019480539583	0.000019452367441	0.000019480539583
4392	0.000019480539583	0.000019452367441	0.000019480539583
4393	0.000019480539583	0.000019452367441	0.000019480539583
4394	0.000019480539583	0.000019452367441	0.000019480539583
4395	0.000019480539583	0.000019452367441	0.000019480539583
4396	0.000019480539583	0.000019452367441	0.000019480539583
4397	0.000019480539583	0.000019452367441	0.000019480539583
4398	0.000019480539583	0.000019452367441	0.000019480539583
4399	0.000019480539583	0.000019452367441	0.000019480539583
4400	0.000019480539583	0.000019452367441	0.000019480539583
4401	0.000019480539583	0.000019452367441	0.000019480539583
4402	0.000019480539583	0.000019452367441	0.000019480539583
4403	0.000019480539583	0.000019452367441	0.000019480539583
4404	0.000019480539583	0.000019452367441	0.000019480539583
4405	0.000019480539583	0.000019452367441	0.000019480539583
4406	0.000019480539583	0.000019452367441	0.000019480539583
4407	0.000019480539583	0.000019452367441	0.000019480539583
4408	0.000019480539583	0.000019452367441	0.000019480539583
4409	0.000019480539583	0.000019452367441	0.000019480539583
4410	0.000034224512851	0.000034135094248	0.000034224512851
4411	0.000060684358403	0.000062730444646	0.000060684358403
4412	0.000036674441131	0.000037225993424	0.000036674441131
4413	0.000039517757551	0.000077260755957	0.000039517757551
4414	0.000046357000342	0.000046390951268	0.000046357000342
4415	0.000034677174208	0.000033391052235	0.000034677174208
4416	0.000065830757896	0.000052828145382	0.000065830757896
4417	0.000039572035902	0.000038318292317	0.000039572035902
4418	0.000119867806924	0.000120564186610	0.000119867806924
4419	0.000398050309587	0.000389179254508	0.000398050309587
4420	0.000019480539583	0.000019452367441	0.000019480539583
4421	0.000052597456875	0.000052521392090	0.000052597456875
4422	0.000091858532111	0.000081645820128	0.000091858532111
4423	0.000207082836053	0.000222771613107	0.000207082836053
4424	0.000092395751130	0.000087065487420	0.000092395751130
4425	0.000039517757551	0.000038721830280	0.000039517757551
4426	0.000190031161144	0.000187724855402	0.000190031161144
4427	0.000039517757551	0.000038721830280	0.000039517757551
4428	0.000049681406938	0.000037290410918	0.000049681406938
4429	0.000019480539583	0.000019452367441	0.000019480539583
4430	0.000070150906046	0.000069310678080	0.000070150906046
4431	0.000070424357526	0.000053612220314	0.000070424357526
4432	0.000035307106521	0.000034867741011	0.000035307106521
4433	0.000019480539583	0.000019452367441	0.000019480539583
4434	0.000063923301795	0.000058755456189	0.000063923301795
4435	0.000035757650489	0.000035462869052	0.000035757650489
4436	0.000035757650489	0.000035462869052	0.000035757650489
4437	0.000073935538496	0.000065824964341	0.000073935538496
4438	0.000040550255519	0.000039739354221	0.000040550255519
4439	0.000019480539583	0.000019452367441	0.000019480539583
4440	0.000036038998229	0.000035986879765	0.000036038998229
4441	0.000019480539583	0.000019452367441	0.000019480539583
4442	0.000036038998229	0.000035986879765	0.000036038998229
4443	0.000019480539583	0.000019452367441	0.000019480539583
4444	0.000019480539583	0.000019452367441	0.000019480539583
4445	0.000019480539583	0.000019452367441	0.000019480539583
4446	0.000019480539583	0.000019452367441	0.000019480539583
4447	0.000064188377927	0.000064095550717	0.000064188377927
4448	0.000019480539583	0.000019452367441	0.000019480539583
4449	0.000079781217568	0.000077804003099	0.000079781217568
4450	0.000019480539583	0.000019452367441	0.000019480539583
4451	0.000034383152364	0.000034333428533	0.000034383152364
4452	0.000532769655133	0.000570661759379	0.000532769655133
4453	0.000036038998229	0.000035986879765	0.000036038998229
4454	0.000034797113830	0.000034746791341	0.000034797113830
4455	0.000055593143597	0.000055506892613	0.000055593143597
4456	0.000071970347561	0.000070213672190	0.000071970347561
4457	0.000036038998229	0.000035986879765	0.000036038998229
4458	0.000104051704371	0.000103888197757	0.000104051704371
4459	0.000080764927600	0.000084299027240	0.000080764927600
4460	0.000335912615129	0.000327954135740	0.000335912615129
4461	0.000035753945816	0.000035564608276	0.000035753945816
4462	0.000078676553252	0.000077372951378	0.000078676553252
4463	0.000101404917427	0.000101192636981	0.000101404917427
4464	0.000068874567780	0.000068531893701	0.000068874567780
4465	0.000019480539583	0.000019452367441	0.000019480539583
4466	0.000126394571553	0.000133730475601	0.000126394571553
4467	0.000311607094791	0.000302157019126	0.000311607094791
4468	0.000035757650489	0.000035462869052	0.000035757650489
4469	0.000111157422206	0.000110141996652	0.000111157422206
4470	0.000064918043758	0.000064341084360	0.000064918043758
4471	0.000019480539583	0.000019452367441	0.000019480539583
4472	0.000019480539583	0.000019452367441	0.000019480539583
4473	0.000052316109134	0.000051997381376	0.000052316109134
4474	0.000081265693037	0.000079685739367	0.000081265693037
4475	0.000079304554025	0.000102445534405	0.000079304554025
4476	0.000019480539583	0.000019452367441	0.000019480539583
4477	0.000019480539583	0.000019452367441	0.000019480539583
4478	0.000054962728563	0.000054864951265	0.000054962728563
4479	0.000019480539583	0.000019452367441	0.000019480539583
4480	0.000019480539583	0.000019452367441	0.000019480539583
4481	0.000052597456875	0.000052521392090	0.000052597456875
4482	0.000034153413249	0.000036125381435	0.000034153413249
4483	0.000034153413249	0.000036125381435	0.000034153413249
4484	0.000019480539583	0.000019452367441	0.000019480539583
4485	0.000019480539583	0.000019452367441	0.000019480539583
4486	0.000088701898911	0.000088228228789	0.000088701898911
4487	0.000019480539583	0.000019452367441	0.000019480539583
4488	0.000038269561650	0.000037206262807	0.000038269561650
4489	0.000084357582125	0.000078785983816	0.000084357582125
4490	0.000038269561650	0.000037206262807	0.000038269561650
4491	0.000019480539583	0.000019452367441	0.000019480539583
4492	0.000073815346109	0.000069394505202	0.000073815346109
4493	0.000064754517587	0.000064400407063	0.000064754517587
4494	0.000052503304566	0.000051947270642	0.000052503304566
4495	0.000035547038799	0.000035226353496	0.000035547038799
4496	0.000035547038799	0.000035226353496	0.000035547038799
4497	0.000073724926806	0.000065588448785	0.000073724926806
4498	0.000049058086339	0.000048987140081	0.000049058086339
4499	0.000019480539583	0.000019452367441	0.000019480539583
4500	0.000336777560334	0.000352073365297	0.000336777560334
4501	0.000019480539583	0.000019452367441	0.000019480539583
4502	0.000019480539583	0.000019452367441	0.000019480539583
4503	0.000019480539583	0.000019452367441	0.000019480539583
4504	0.000036038998229	0.000035986879765	0.000036038998229
4505	0.000019480539583	0.000019452367441	0.000019480539583
4506	0.000036038998229	0.000035986879765	0.000036038998229
4507	0.000019480539583	0.000019452367441	0.000019480539583
4508	0.000082542745045	0.000077981725906	0.000082542745045
4509	0.000068490203035	0.000061794660761	0.000068490203035
4510	0.000019480539583	0.000019452367441	0.000019480539583
4511	0.000019480539583	0.000019452367441	0.000019480539583
4512	0.000050936755157	0.000050801269437	0.000050936755157
4513	0.000019480539583	0.000019452367441	0.000019480539583
4514	0.000052597456875	0.000052521392090	0.000052597456875
4515	0.000019480539583	0.000019452367441	0.000019480539583
4516	0.000121155750599	0.000118867643599	0.000121155750599
4517	0.000019480539583	0.000019452367441	0.000019480539583
4518	0.000019480539583	0.000019452367441	0.000019480539583
4519	0.000066553726956	0.000066272348652	0.000066553726956
4520	0.000019480539583	0.000019452367441	0.000019480539583
4521	0.000019480539583	0.000019452367441	0.000019480539583
4522	0.000019480539583	0.000019452367441	0.000019480539583
4523	0.000019480539583	0.000019452367441	0.000019480539583
4524	0.000043059520909	0.000042987028139	0.000043059520909
4525	0.000019480539583	0.000019452367441	0.000019480539583
4526	0.000019480539583	0.000019452367441	0.000019480539583
4527	0.000019480539583	0.000019452367441	0.000019480539583
4528	0.000019480539583	0.000019452367441	0.000019480539583
4529	0.000019480539583	0.000019452367441	0.000019480539583
4530	0.000084544643722	0.000084422377922	0.000084544643722
4531	0.000049425827754	0.000044912701257	0.000049425827754
4532	0.000049425827754	0.000044912701257	0.000049425827754
4533	0.000036275114943	0.000036188220120	0.000036275114943
4534	0.000019480539583	0.000019452367441	0.000019480539583
4535	0.000036038998229	0.000035986879765	0.000036038998229
4536	0.000019480539583	0.000019452367441	0.000019480539583
4537	0.000055131763467	0.000055052033648	0.000055131763467
4538	0.000049425827754	0.000044912701257	0.000049425827754
4539	0.000036275114943	0.000036188220120	0.000036275114943
4540	0.000019480539583	0.000019452367441	0.000019480539583
4541	0.000036038998229	0.000035986879765	0.000036038998229
4542	0.000146180896264	0.000149639646268	0.000146180896264
4543	0.000570726358381	0.000564725593393	0.000570726358381
4544	0.000019480539583	0.000019452367441	0.000019480539583
4545	0.000036038998229	0.000035986879765	0.000036038998229
4546	0.000084261275751	0.000082019297098	0.000084261275751
4547	0.000019480539583	0.000019452367441	0.000019480539583
4548	0.000518351917503	0.000504538167742	0.000518351917503
4549	0.000093145306953	0.000092548914665	0.000093145306953
4550	0.000019480539583	0.000019452367441	0.000019480539583
4551	0.000034378296511	0.000034266757112	0.000034378296511
4552	0.000019480539583	0.000019452367441	0.000019480539583
4553	0.000019480539583	0.000019452367441	0.000019480539583
4554	0.000019480539583	0.000019452367441	0.000019480539583
4555	0.000056027423308	0.000055946398215	0.000056027423308
4556	0.000019480539583	0.000019452367441	0.000019480539583
4557	0.000019480539583	0.000019452367441	0.000019480539583
4558	0.000084457420940	0.000078538993638	0.000084457420940
4559	0.000068653437484	0.000068554153046	0.000068653437484
4560	0.000033489811683	0.000033687694961	0.000033489811683
4561	0.000019480539583	0.000019452367441	0.000019480539583
4562	0.000052597456875	0.000052521392090	0.000052597456875
4563	0.000019480539583	0.000019452367441	0.000019480539583
4564	0.000174816149797	0.000163507757795	0.000174816149797
4565	0.000100465738661	0.000093802581693	0.000100465738661
4566	0.000019480539583	0.000019452367441	0.000019480539583
4567	0.000140715497039	0.000132709945091	0.000140715497039
4568	0.000019480539583	0.000019452367441	0.000019480539583
4569	0.000019480539583	0.000019452367441	0.000019480539583
4570	0.000202273052168	0.000195572702541	0.000202273052168
4571	0.000065984286400	0.000061447213581	0.000065984286400
4572	0.000155362444346	0.000155917140972	0.000155362444346
4573	0.000147294807835	0.000140026425092	0.000147294807835
4574	0.000049425827754	0.000044912701257	0.000049425827754
4575	0.000395389875905	0.000378624721162	0.000395389875905
4576	0.000058392917401	0.000058308471404	0.000058392917401
4577	0.000075624490532	0.000075276753502	0.000075624490532
4578	0.000019480539583	0.000019452367441	0.000019480539583
4579	0.000019480539583	0.000019452367441	0.000019480539583
4580	0.000068202947278	0.000067985862868	0.000068202947278
4581	0.000019480539583	0.000019452367441	0.000019480539583
4582	0.000019480539583	0.000019452367441	0.000019480539583
4583	0.000019480539583	0.000019452367441	0.000019480539583
4584	0.000019480539583	0.000019452367441	0.000019480539583
4585	0.000019480539583	0.000019452367441	0.000019480539583
4586	0.000050279272664	0.000050206560365	0.000050279272664
4587	0.000019480539583	0.000019452367441	0.000019480539583
4588	0.000052597456875	0.000052521392090	0.000052597456875
4589	0.000019480539583	0.000019452367441	0.000019480539583
4590	0.000086693867187	0.000083872924562	0.000086693867187
4591	0.000019480539583	0.000019452367441	0.000019480539583
4592	0.000036038998229	0.000035986879765	0.000036038998229
4593	0.000019480539583	0.000019452367441	0.000019480539583
4594	0.000019480539583	0.000019452367441	0.000019480539583
4595	0.000282422893577	0.000307618702387	0.000282422893577
4596	0.000127308153505	0.000122571537085	0.000127308153505
4597	0.000218182043332	0.000217866515337	0.000218182043332
4598	0.000019480539583	0.000019452367441	0.000019480539583
4599	0.000051620948059	0.000051444987679	0.000051620948059
4600	0.000019480539583	0.000019452367441	0.000019480539583
4601	0.000125224651918	0.000123722898524	0.000125224651918
4602	0.000019480539583	0.000019452367441	0.000019480539583
4603	0.000019480539583	0.000019452367441	0.000019480539583
4604	0.000019480539583	0.000019452367441	0.000019480539583
4605	0.000019480539583	0.000019452367441	0.000019480539583
4606	0.000033714345871	0.000033665589246	0.000033714345871
4607	0.000019480539583	0.000019452367441	0.000019480539583
4608	0.000095927459096	0.000094502774913	0.000095927459096
4609	0.000034176171631	0.000034126747129	0.000034176171631
4610	0.000099840699306	0.000096524931470	0.000099840699306
4611	0.000019480539583	0.000019452367441	0.000019480539583
4612	0.000360765459528	0.000350789541273	0.000360765459528
4613	0.000080746836572	0.000080630063042	0.000080746836572
4614	0.000034677174208	0.000033391052235	0.000034677174208
4615	0.000019480539583	0.000019452367441	0.000019480539583
4616	0.000019480539583	0.000019452367441	0.000019480539583
4617	0.000019480539583	0.000019452367441	0.000019480539583
4618	0.000019480539583	0.000019452367441	0.000019480539583
4619	0.000019480539583	0.000019452367441	0.000019480539583
4620	0.000019480539583	0.000019452367441	0.000019480539583
4621	0.000019480539583	0.000019452367441	0.000019480539583
4622	0.000019480539583	0.000019452367441	0.000019480539583
4623	0.000234209557295	0.000233738051037	0.000234209557295
4624	0.000019480539583	0.000019452367441	0.000019480539583
4625	0.000019480539583	0.000019452367441	0.000019480539583
4626	0.000019480539583	0.000019452367441	0.000019480539583
4627	0.000130193567943	0.000128099083856	0.000130193567943
4628	0.000019480539583	0.000019452367441	0.000019480539583
4629	0.000040105139154	0.000039940045189	0.000040105139154
4630	0.000019480539583	0.000019452367441	0.000019480539583
4631	0.000080687630973	0.000080371896313	0.000080687630973
4632	0.000019480539583	0.000019452367441	0.000019480539583
4633	0.000019480539583	0.000019452367441	0.000019480539583
4634	0.000019480539583	0.000019452367441	0.000019480539583
4635	0.000036038998229	0.000035986879765	0.000036038998229
4636	0.000019480539583	0.000019452367441	0.000019480539583
4637	0.000267857419269	0.000267470052311	0.000267857419269
4638	0.000019480539583	0.000019452367441	0.000019480539583
4639	0.000019480539583	0.000019452367441	0.000019480539583
4640	0.000019480539583	0.000019452367441	0.000019480539583
4641	0.000019480539583	0.000019452367441	0.000019480539583
4642	0.000019480539583	0.000019452367441	0.000019480539583
4643	0.000019480539583	0.000019452367441	0.000019480539583
4644	0.000019480539583	0.000019452367441	0.000019480539583
4645	0.000019480539583	0.000019452367441	0.000019480539583
4646	0.000019480539583	0.000019452367441	0.000019480539583
4647	0.000019480539583	0.000019452367441	0.000019480539583
4648	0.000019480539583	0.000019452367441	0.000019480539583
4649	0.000019480539583	0.000019452367441	0.000019480539583
4650	0.000019480539583	0.000019452367441	0.000019480539583
4651	0.000019480539583	0.000019452367441	0.000019480539583
4652	0.000019480539583	0.000019452367441	0.000019480539583
4653	0.000019480539583	0.000019452367441	0.000019480539583
4654	0.000019480539583	0.000019452367441	0.000019480539583
4655	0.000019480539583	0.000019452367441	0.000019480539583
4656	0.000019480539583	0.000019452367441	0.000019480539583
4657	0.000019480539583	0.000019452367441	0.000019480539583
4658	0.000037081156920	0.000039129068801	0.000037081156920
4659	0.000050113688078	0.000050041215241	0.000050113688078
4660	0.000019480539583	0.000019452367441	0.000019480539583
4661	0.000019480539583	0.000019452367441	0.000019480539583
4662	0.000036038998229	0.000035986879765	0.000036038998229
4663	0.000019480539583	0.000019452367441	0.000019480539583
4664	0.000019480539583	0.000019452367441	0.000019480539583
4665	0.000019480539583	0.000019452367441	0.000019480539583
4666	0.000095176350535	0.000094120721962	0.000095176350535
4667	0.000124612724938	0.000123729030370	0.000124612724938
4668	0.000052306145980	0.000050154284320	0.000052306145980
4669	0.000074064004578	0.000074473489827	0.000074064004578
4670	0.000019480539583	0.000019452367441	0.000019480539583
4671	0.000036038998229	0.000035986879765	0.000036038998229
4672	0.000019480539583	0.000019452367441	0.000019480539583
4673	0.000081864016789	0.000081146521598	0.000081864016789
4674	0.000019480539583	0.000019452367441	0.000019480539583
4675	0.000019480539583	0.000019452367441	0.000019480539583
4676	0.000036038998229	0.000035986879765	0.000036038998229
4677	0.000040088474154	0.000039816821749	0.000040088474154
4678	0.000019480539583	0.000019452367441	0.000019480539583
4679	0.000052911841370	0.000052970184169	0.000052911841370
4680	0.000019480539583	0.000019452367441	0.000019480539583
4681	0.000740714917878	0.000704353389686	0.000740714917878
4682	0.000019480539583	0.000019452367441	0.000019480539583
4683	0.000019480539583	0.000019452367441	0.000019480539583
4684	0.000152578604831	0.000151623728155	0.000152578604831
4685	0.000036038998229	0.000035986879765	0.000036038998229
4686	0.000121989659448	0.000119737023687	0.000121989659448
4687	0.000019480539583	0.000019452367441	0.000019480539583
4688	0.000036038998229	0.000035986879765	0.000036038998229
4689	0.000019480539583	0.000019452367441	0.000019480539583
4690	0.000071599567406	0.000069324130789	0.000071599567406
4691	0.000036038998229	0.000035986879765	0.000036038998229
4692	0.000034797113830	0.000034746791341	0.000034797113830
4693	0.000019480539583	0.000019452367441	0.000019480539583
4694	0.000019480539583	0.000019452367441	0.000019480539583
4695	0.000036038998229	0.000035986879765	0.000036038998229
4696	0.000019480539583	0.000019452367441	0.000019480539583
4697	0.000036218346270	0.000036610276061	0.000036218346270
4698	0.000089248394056	0.000088355581380	0.000089248394056
4699	0.000019480539583	0.000019452367441	0.000019480539583
4700	0.000075397643822	0.000074692887449	0.000075397643822
4701	0.000061057462456	0.000059420814427	0.000061057462456
4702	0.000043469931016	0.000042945377691	0.000043469931016
4703	0.000019480539583	0.000019452367441	0.000019480539583
4704	0.000057799420816	0.000057546552474	0.000057799420816
4705	0.000019480539583	0.000019452367441	0.000019480539583
4706	0.000036038998229	0.000035986879765	0.000036038998229
4707	0.000065708894411	0.000065453475911	0.000065708894411
4708	0.000035030138859	0.000037311491325	0.000035030138859
4709	0.000034383152364	0.000034333428533	0.000034383152364
4710	0.000019480539583	0.000019452367441	0.000019480539583
4711	0.000019480539583	0.000019452367441	0.000019480539583
4712	0.000199386994080	0.000188196835791	0.000199386994080
4713	0.000019480539583	0.000019452367441	0.000019480539583
4714	0.000069155915520	0.000069055904415	0.000069155915520
4715	0.000019480539583	0.000019452367441	0.000019480539583
4716	0.000075108523407	0.000072923685667	0.000075108523407
4717	0.000019480539583	0.000019452367441	0.000019480539583
4718	0.000045290650754	0.000045225152843	0.000045290650754
4719	0.000056795482861	0.000043710557547	0.000056795482861
4720	0.000019480539583	0.000019452367441	0.000019480539583
4721	0.000073301906381	0.000072992037088	0.000073301906381
4722	0.000019480539583	0.000019452367441	0.000019480539583
4723	0.000019480539583	0.000019452367441	0.000019480539583
4724	0.000019480539583	0.000019452367441	0.000019480539583
4725	0.000037403533199	0.000051094079016	0.000037403533199
4726	0.000143517392489	0.000141030363653	0.000143517392489
4727	0.000019480539583	0.000019452367441	0.000019480539583
4728	0.000753848180520	0.000752757989040	0.000753848180520
4729	0.000080721612722	0.000074946404946	0.000080721612722
4730	0.000019480539583	0.000019452367441	0.000019480539583
4731	0.000036038998229	0.000035986879765	0.000036038998229
4732	0.000087264890264	0.000085074013132	0.000087264890264
4733	0.000077834863387	0.000078440354230	0.000077834863387
4734	0.000019480539583	0.000019452367441	0.000019480539583
4735	0.000054921322286	0.000054239317167	0.000054921322286
4736	0.000040565231926	0.000040183210703	0.000040565231926
4737	0.000670034641259	0.000660199238383	0.000670034641259
4738	0.000038464854419	0.000036457499339	0.000038464854419
4739	0.000019480539583	0.000019452367441	0.000019480539583
4740	0.000019480539583	0.000019452367441	0.000019480539583
4741	0.000019480539583	0.000019452367441	0.000019480539583
4742	0.000037956272250	0.000038088234257	0.000037956272250
4743	0.000034797113830	0.000034746791341	0.000034797113830
4744	0.000019480539583	0.000019452367441	0.000019480539583
4745	0.000078342989911	0.000074849513885	0.000078342989911
4746	0.000019480539583	0.000019452367441	0.000019480539583
4747	0.000036038998229	0.000035986879765	0.000036038998229
4748	0.000104449830250	0.000102527598578	0.000104449830250
4749	0.000019480539583	0.000019452367441	0.000019480539583
4750	0.000036038998229	0.000035986879765	0.000036038998229
4751	0.000019480539583	0.000019452367441	0.000019480539583
4752	0.000122191847189	0.000118902976602	0.000122191847189
4753	0.000019480539583	0.000019452367441	0.000019480539583
4754	0.000036038998229	0.000035986879765	0.000036038998229
4755	0.000019480539583	0.000019452367441	0.000019480539583
4756	0.000050936755157	0.000050801269437	0.000050936755157
4757	0.000019480539583	0.000019452367441	0.000019480539583
4758	0.000019480539583	0.000019452367441	0.000019480539583
4759	0.000019480539583	0.000019452367441	0.000019480539583
4760	0.000221445300914	0.000236733715915	0.000221445300914
4761	0.000070338662566	0.000070041868658	0.000070338662566
4762	0.000019480539583	0.000019452367441	0.000019480539583
4763	0.000019480539583	0.000019452367441	0.000019480539583
4764	0.000019480539583	0.000019452367441	0.000019480539583
4765	0.000019480539583	0.000019452367441	0.000019480539583
4766	0.000019480539583	0.000019452367441	0.000019480539583
4767	0.000019480539583	0.000019452367441	0.000019480539583
4768	0.000019480539583	0.000019452367441	0.000019480539583
4769	0.000036038998229	0.000035986879765	0.000036038998229
4770	0.000071399796923	0.000068682819575	0.000071399796923
4771	0.000019480539583	0.000019452367441	0.000019480539583
4772	0.000145790940311	0.000130261400558	0.000145790940311
4773	0.000034383152364	0.000034333428533	0.000034383152364
4774	0.000068306201930	0.000065817409690	0.000068306201930
4775	0.000076750002362	0.000074359696411	0.000076750002362
4776	0.000101631184517	0.000105414899615	0.000101631184517
4777	0.000060569118517	0.000060848776325	0.000060569118517
4778	0.000543252325582	0.000532627160568	0.000543252325582
4779	0.000039074715647	0.000039018207025	0.000039074715647
4780	0.000050113688078	0.000050041215241	0.000050113688078
4781	0.000038282879631	0.000035613794925	0.000038282879631
4782	0.000042726898267	0.000042739168617	0.000042726898267
4783	0.000019480539583	0.000019452367441	0.000019480539583
4784	0.000104410171270	0.000101501375075	0.000104410171270
4785	0.000049677475046	0.000049848422210	0.000049677475046
4786	0.000034797113830	0.000034746791341	0.000034797113830
4787	0.000038732622491	0.000038676608593	0.000038732622491
4788	0.000036038998229	0.000035986879765	0.000036038998229
4789	0.000034383152364	0.000034333428533	0.000034383152364
4790	0.000037969462570	0.000037891781802	0.000037969462570
4791	0.000035619123028	0.000035567611774	0.000035619123028
4792	0.000042916958812	0.000042854558167	0.000042916958812
4793	0.000019480539583	0.000019452367441	0.000019480539583
4794	0.000019480539583	0.000019452367441	0.000019480539583
4795	0.000054841338277	0.000052148307250	0.000054841338277
4796	0.000057658427590	0.000049814462730	0.000057658427590
4797	0.000019480539583	0.000019452367441	0.000019480539583
4798	0.000036038998229	0.000035986879765	0.000036038998229
4799	0.000019480539583	0.000019452367441	0.000019480539583
4800	0.000036038998229	0.000035986879765	0.000036038998229
4801	0.000052497444638	0.000053087821906	0.000052497444638
4802	0.000019480539583	0.000019452367441	0.000019480539583
4803	0.000091692611617	0.000090541056829	0.000091692611617
4804	0.000092395952911	0.000091812647324	0.000092395952911
4805	0.000019480539583	0.000019452367441	0.000019480539583
4806	0.000037518613033	0.000037183949966	0.000037518613033
4807	0.000057658427590	0.000049814462730	0.000057658427590
4808	0.000057658427590	0.000049814462730	0.000057658427590
4809	0.000080340171878	0.000078377878611	0.000080340171878
4810	0.000095717882160	0.000094716666961	0.000095717882160
4811	0.000207709045360	0.000220676025969	0.000207709045360
4812	0.000099856297806	0.000099711888775	0.000099856297806
4813	0.000185444029077	0.000185931215795	0.000185444029077
4814	0.000019480539583	0.000019452367441	0.000019480539583
4815	0.000164685296295	0.000163296517775	0.000164685296295
4816	0.000019480539583	0.000019452367441	0.000019480539583
4817	0.000065122251199	0.000063761588078	0.000065122251199
4818	0.000019480539583	0.000019452367441	0.000019480539583
4819	0.000066672146723	0.000066575727566	0.000066672146723
4820	0.000019480539583	0.000019452367441	0.000019480539583
4821	0.000207306853856	0.000204594489899	0.000207306853856
4822	0.000019480539583	0.000019452367441	0.000019480539583
4823	0.000147598571967	0.000148934811492	0.000147598571967
4824	0.000092073591737	0.000088077380028	0.000092073591737
4825	0.000046757029227	0.000046198258229	0.000046757029227
4826	0.000034654740326	0.000034562281398	0.000034654740326
4827	0.000019480539583	0.000019452367441	0.000019480539583
4828	0.000044729107323	0.000041682371639	0.000044729107323
4829	0.000019480539583	0.000019452367441	0.000019480539583
4830	0.000019480539583	0.000019452367441	0.000019480539583
4831	0.000019480539583	0.000019452367441	0.000019480539583
4832	0.000070520450490	0.000068342247877	0.000070520450490
4833	0.000040125153457	0.000040034590410	0.000040125153457
4834	0.000543215033925	0.000534465240676	0.000543215033925
4835	0.000019480539583	0.000019452367441	0.000019480539583
4836	0.000019480539583	0.000019452367441	0.000019480539583
4837	0.000063123597689	0.000071879052562	0.000063123597689
4838	0.000046757029227	0.000046198258229	0.000046757029227
4839	0.000160635192547	0.000157829002229	0.000160635192547
4840	0.000046757029227	0.000046198258229	0.000046757029227
4841	0.000133395436407	0.000133127019334	0.000133395436407
4842	0.000019480539583	0.000019452367441	0.000019480539583
4843	0.000065726023864	0.000064901055798	0.000065726023864
4844	0.000069996123994	0.000071382458946	0.000069996123994
4845	0.000342944017431	0.000266792290654	0.000342944017431
4846	0.000042265110651	0.000042203988180	0.000042265110651
4847	0.000019480539583	0.000019452367441	0.000019480539583
4848	0.000083605568265	0.000083362272170	0.000083605568265
4849	0.000034058678319	0.000034124089952	0.000034058678319
4850	0.000019480539583	0.000019452367441	0.000019480539583
4851	0.000019480539583	0.000019452367441	0.000019480539583
4852	0.000019480539583	0.000019452367441	0.000019480539583
4853	0.000019480539583	0.000019452367441	0.000019480539583
4854	0.001427780146700	0.001449788432718	0.001427780146700
4855	0.000019480539583	0.000019452367441	0.000019480539583
4856	0.000019480539583	0.000019452367441	0.000019480539583
4857	0.000019480539583	0.000019452367441	0.000019480539583
4858	0.000057799420816	0.000057546552474	0.000057799420816
4859	0.000019480539583	0.000019452367441	0.000019480539583
4860	0.000044778184736	0.000044713427937	0.000044778184736
4861	0.000041240962170	0.000041012040149	0.000041240962170
4862	0.000057993490218	0.000057357697096	0.000057993490218
4863	0.000019480539583	0.000019452367441	0.000019480539583
4864	0.000223201799032	0.000222168632660	0.000223201799032
4865	0.000019480539583	0.000019452367441	0.000019480539583
4866	0.000066672146723	0.000066575727566	0.000066672146723
4867	0.000019480539583	0.000019452367441	0.000019480539583
4868	0.000198377301699	0.000194166079660	0.000198377301699
4869	0.000019480539583	0.000019452367441	0.000019480539583
4870	0.000019480539583	0.000019452367441	0.000019480539583
4871	0.000019480539583	0.000019452367441	0.000019480539583
4872	0.000039015221352	0.000038979333640	0.000039015221352
4873	0.000019480539583	0.000019452367441	0.000019480539583
4874	0.000061313066629	0.000060923782051	0.000061313066629
4875	0.000019480539583	0.000019452367441	0.000019480539583
4876	0.000019480539583	0.000019452367441	0.000019480539583
4877	0.000116020090440	0.000113110452388	0.000116020090440
4878	0.000019480539583	0.000019452367441	0.000019480539583
4879	0.000034383152364	0.000034333428533	0.000034383152364
4880	0.000019480539583	0.000019452367441	0.000019480539583
4881	0.000072565771964	0.000084022318146	0.000072565771964
4882	0.000054105642312	0.000052098551127	0.000054105642312
4883	0.000019480539583	0.000019452367441	0.000019480539583
4884	0.000019480539583	0.000019452367441	0.000019480539583
4885	0.000066664043053	0.000066159352513	0.000066664043053
4886	0.000056263972718	0.000055264617999	0.000056263972718
4887	0.000146147907843	0.000129469084240	0.000146147907843
4888	0.000222625405841	0.000219947682688	0.000222625405841
4889	0.000880343300359	0.000869158804819	0.000880343300359
4890	0.000019480539583	0.000019452367441	0.000019480539583
4891	0.000019480539583	0.000019452367441	0.000019480539583
4892	0.000062961480945	0.000060418265202	0.000062961480945
4893	0.000041834458755	0.000041773959079	0.000041834458755
4894	0.000019480539583	0.000019452367441	0.000019480539583
4895	0.000135542723268	0.000129213600813	0.000135542723268
4896	0.000019480539583	0.000019452367441	0.000019480539583
4897	0.000150658047858	0.000150165430866	0.000150658047858
4898	0.000019480539583	0.000019452367441	0.000019480539583
4899	0.000019480539583	0.000019452367441	0.000019480539583
4900	0.000047585130330	0.000049561838266	0.000047585130330
4901	0.000019480539583	0.000019452367441	0.000019480539583
4902	0.000102195691904	0.000097663181468	0.000102195691904
4903	0.000072641212813	0.000071510144144	0.000072641212813
4904	0.000019480539583	0.000019452367441	0.000019480539583
4905	0.000019480539583	0.000019452367441	0.000019480539583
4906	0.000019480539583	0.000019452367441	0.000019480539583
4907	0.000019480539583	0.000019452367441	0.000019480539583
4908	0.000019480539583	0.000019452367441	0.000019480539583
4909	0.000036038998229	0.000035986879765	0.000036038998229
4910	0.000019480539583	0.000019452367441	0.000019480539583
4911	0.000019480539583	0.000019452367441	0.000019480539583
4912	0.000019480539583	0.000019452367441	0.000019480539583
4913	0.000341355923987	0.000335028620989	0.000341355923987
4914	0.000054260332081	0.000049396944812	0.000054260332081
4915	0.000087377249372	0.000082465969462	0.000087377249372
4916	0.000110870905247	0.000103219502367	0.000110870905247
4917	0.000019480539583	0.000019452367441	0.000019480539583
4918	0.000044037928770	0.000042518294162	0.000044037928770
4919	0.000050113688078	0.000050041215241	0.000050113688078
4920	0.000019480539583	0.000019452367441	0.000019480539583
4921	0.000847403471868	0.000846177983674	0.000847403471868
4922	0.000019480539583	0.000019452367441	0.000019480539583
4923	0.000019480539583	0.000019452367441	0.000019480539583
4924	0.000019480539583	0.000019452367441	0.000019480539583
4925	0.000019480539583	0.000019452367441	0.000019480539583
4926	0.000019480539583	0.000019452367441	0.000019480539583
4927	0.000019480539583	0.000019452367441	0.000019480539583
4928	0.000019480539583	0.000019452367441	0.000019480539583
4929	0.000019480539583	0.000019452367441	0.000019480539583
4930	0.000019480539583	0.000019452367441	0.000019480539583
4931	0.000019480539583	0.000019452367441	0.000019480539583
4932	0.000019480539583	0.000019452367441	0.000019480539583
4933	0.000019480539583	0.000019452367441	0.000019480539583
4934	0.000019480539583	0.000019452367441	0.000019480539583
4935	0.000019480539583	0.000019452367441	0.000019480539583
4936	0.000019480539583	0.000019452367441	0.000019480539583
4937	0.000019480539583	0.000019452367441	0.000019480539583
4938	0.000019480539583	0.000019452367441	0.000019480539583
4939	0.000019480539583	0.000019452367441	0.000019480539583
4940	0.000019480539583	0.000019452367441	0.000019480539583
4941	0.000019480539583	0.000019452367441	0.000019480539583
4942	0.000019480539583	0.000019452367441	0.000019480539583
4943	0.000019480539583	0.000019452367441	0.000019480539583
4944	0.000019480539583	0.000019452367441	0.000019480539583
4945	0.000019480539583	0.000019452367441	0.000019480539583
4946	0.000019480539583	0.000019452367441	0.000019480539583
4947	0.000019480539583	0.000019452367441	0.000019480539583
4948	0.000019480539583	0.000019452367441	0.000019480539583
4949	0.000019480539583	0.000019452367441	0.000019480539583
4950	0.000019480539583	0.000019452367441	0.000019480539583
4951	0.000019480539583	0.000019452367441	0.000019480539583
4952	0.000019480539583	0.000019452367441	0.000019480539583
4953	0.000019480539583	0.000019452367441	0.000019480539583
4954	0.000019480539583	0.000019452367441	0.000019480539583
4955	0.000019480539583	0.000019452367441	0.000019480539583
4956	0.000019480539583	0.000019452367441	0.000019480539583
4957	0.000019480539583	0.000019452367441	0.000019480539583
4958	0.000019480539583	0.000019452367441	0.000019480539583
4959	0.000019480539583	0.000019452367441	0.000019480539583
4960	0.000019480539583	0.000019452367441	0.000019480539583
4961	0.000019480539583	0.000019452367441	0.000019480539583
4962	0.000019480539583	0.000019452367441	0.000019480539583
4963	0.000019480539583	0.000019452367441	0.000019480539583
4964	0.000019480539583	0.000019452367441	0.000019480539583
4965	0.000019480539583	0.000019452367441	0.000019480539583
4966	0.000019480539583	0.000019452367441	0.000019480539583
4967	0.000019480539583	0.000019452367441	0.000019480539583
4968	0.000019480539583	0.000019452367441	0.000019480539583
4969	0.000019480539583	0.000019452367441	0.000019480539583
4970	0.000019480539583	0.000019452367441	0.000019480539583
4971	0.000050113688078	0.000050041215241	0.000050113688078
4972	0.000036235829710	0.000036164822627	0.000036235829710
4973	0.000019480539583	0.000019452367441	0.000019480539583
4974	0.000139474234516	0.000134664871582	0.000139474234516
4975	0.000081050552494	0.000079870508094	0.000081050552494
4976	0.000019480539583	0.000019452367441	0.000019480539583
4977	0.000036038998229	0.000035986879765	0.000036038998229
4978	0.000083042441066	0.000082922347705	0.000083042441066
4979	0.000019480539583	0.000019452367441	0.000019480539583
4980	0.000019480539583	0.000019452367441	0.000019480539583
4981	0.000019480539583	0.000019452367441	0.000019480539583
4982	0.000046566491928	0.000040468759151	0.000046566491928
4983	0.000038843417711	0.000039571122900	0.000038843417711
4984	0.000053091189411	0.000053593580465	0.000053091189411
4985	0.000025151351051	0.000025102437860	0.000025151351051
4986	0.000118834587398	0.000114199530285	0.000118834587398
4987	0.000036353382724	0.000036435671845	0.000036353382724
4988	0.000104082535468	0.000102233714259	0.000104082535468
4989	0.000110624044690	0.000106531745887	0.000110624044690
4990	0.000036353382724	0.000036435671845	0.000036353382724
4991	0.000036353382724	0.000036435671845	0.000036353382724
4992	0.000019480539583	0.000019452367441	0.000019480539583
4993	0.000092126728497	0.000091230270413	0.000092126728497
4994	0.000019480539583	0.000019452367441	0.000019480539583
4995	0.000123308547203	0.000116970142209	0.000123308547203
4996	0.000082542937878	0.000079970088232	0.000082542937878
4997	0.000037712555937	0.000037785632861	0.000037712555937
4998	0.000046357000342	0.000046390951268	0.000046357000342
4999	0.000019480539583	0.000019452367441	0.000019480539583
5000	0.000071058088808	0.000070811340536	0.000071058088808
5001	0.000087798535611	0.000081735806954	0.000087798535611
5002	0.000019480539583	0.000019452367441	0.000019480539583
5003	0.000036038998229	0.000035986879765	0.000036038998229
5004	0.000150724892255	0.000148175284221	0.000150724892255
5005	0.000019480539583	0.000019452367441	0.000019480539583
5006	0.000019480539583	0.000019452367441	0.000019480539583
5007	0.000036038998229	0.000035986879765	0.000036038998229
5008	0.000019480539583	0.000019452367441	0.000019480539583
5009	0.000117565857686	0.000118155874604	0.000117565857686
5010	0.000019480539583	0.000019452367441	0.000019480539583
5011	0.000170624186640	0.000141593690746	0.000170624186640
5012	0.000019480539583	0.000019452367441	0.000019480539583
5013	0.000036038998229	0.000035986879765	0.000036038998229
5014	0.000076108114769	0.000075998049612	0.000076108114769
5015	0.000037403533199	0.000035273223228	0.000037403533199
5016	0.000019480539583	0.000019452367441	0.000019480539583
5017	0.000054667264205	0.000054588206131	0.000054667264205
5018	0.000019480539583	0.000019452367441	0.000019480539583
5019	0.000036038998229	0.000035986879765	0.000036038998229
5020	0.000039979997210	0.000039721312028	0.000039979997210
5021	0.000034383152364	0.000034333428533	0.000034383152364
5022	0.000019480539583	0.000019452367441	0.000019480539583
5023	0.000073208026866	0.000098035681903	0.000073208026866
5024	0.000019480539583	0.000019452367441	0.000019480539583
5025	0.000057658427590	0.000049814462730	0.000057658427590
5026	0.000049228892281	0.000049789912493	0.000049228892281
5027	0.000049228892281	0.000049789912493	0.000049228892281
5028	0.000499261910363	0.000468117431937	0.000499261910363
5029	0.000019480539583	0.000019452367441	0.000019480539583
5030	0.000135649987451	0.000133173276699	0.000135649987451
5031	0.000053439401082	0.000052560184600	0.000053439401082
5032	0.000019480539583	0.000019452367441	0.000019480539583
5033	0.000141527155024	0.000139441029588	0.000141527155024
5034	0.000019480539583	0.000019452367441	0.000019480539583
5035	0.000019480539583	0.000019452367441	0.000019480539583
5036	0.000019480539583	0.000019452367441	0.000019480539583
5037	0.000040522576523	0.000040463974050	0.000040522576523
5038	0.000050941611010	0.000050867940858	0.000050941611010
5039	0.000019480539583	0.000019452367441	0.000019480539583
5040	0.000041834458755	0.000041773959079	0.000041834458755
5041	0.000019480539583	0.000019452367441	0.000019480539583
5042	0.000196645698056	0.000196361315245	0.000196645698056
5043	0.000019480539583	0.000019452367441	0.000019480539583
5044	0.000019480539583	0.000019452367441	0.000019480539583
5045	0.000019480539583	0.000019452367441	0.000019480539583
5046	0.000019480539583	0.000019452367441	0.000019480539583
5047	0.000019480539583	0.000019452367441	0.000019480539583
5048	0.000039568294129	0.000038276984597	0.000039568294129
5049	0.000035850833926	0.000035798987580	0.000035850833926
5050	0.000050113688078	0.000050041215241	0.000050113688078
5051	0.000070489982070	0.000070201685546	0.000070489982070
5052	0.000127551837022	0.000126527945533	0.000127551837022
5053	0.000133571632109	0.000130088218986	0.000133571632109
5054	0.000019480539583	0.000019452367441	0.000019480539583
5055	0.000035850833926	0.000035798987580	0.000035850833926
5056	0.000033865700532	0.000033816725023	0.000033865700532
5057	0.000019480539583	0.000019452367441	0.000019480539583
5058	0.000052409292572	0.000052333499905	0.000052409292572
5059	0.000019480539583	0.000019452367441	0.000019480539583
5060	0.000036038998229	0.000035986879765	0.000036038998229
5061	0.000078590733869	0.000078153240050	0.000078590733869
5062	0.000127679638964	0.000125190126129	0.000127679638964
5063	0.000034051983191	0.000034002738287	0.000034051983191
5064	0.000445837090922	0.000454552215275	0.000445837090922
5065	0.000019480539583	0.000019452367441	0.000019480539583
5066	0.000019480539583	0.000019452367441	0.000019480539583
5067	0.000036038998229	0.000035986879765	0.000036038998229
5068	0.000036038998229	0.000035986879765	0.000036038998229
5069	0.000034797113830	0.000034746791341	0.000034797113830
5070	0.000053941454119	0.000053948872114	0.000053941454119
5071	0.000035850833926	0.000035798987580	0.000035850833926
5072	0.000057687119171	0.000057577419276	0.000057687119171
5073	0.000085862984759	0.000083891570472	0.000085862984759
5074	0.000019480539583	0.000019452367441	0.000019480539583
5075	0.000049858785018	0.000051930365493	0.000049858785018
5076	0.000019480539583	0.000019452367441	0.000019480539583
5077	0.000019480539583	0.000019452367441	0.000019480539583
5078	0.000436786040714	0.000417555856475	0.000436786040714
5079	0.000019480539583	0.000019452367441	0.000019480539583
5080	0.000019480539583	0.000019452367441	0.000019480539583
5081	0.000019480539583	0.000019452367441	0.000019480539583
5082	0.000019480539583	0.000019452367441	0.000019480539583
5083	0.000085125535873	0.000085002430006	0.000085125535873
5084	0.000034309185742	0.000034071241609	0.000034309185742
5085	0.000034309185742	0.000034071241609	0.000034309185742
5086	0.000036038998229	0.000035986879765	0.000036038998229
5087	0.000144260138749	0.000141190511652	0.000144260138749
5088	0.000036038998229	0.000035986879765	0.000036038998229
5089	0.000179290690470	0.000167639988315	0.000179290690470
5090	0.000036038998229	0.000035986879765	0.000036038998229
5091	0.000082660500543	0.000082265696912	0.000082660500543
5092	0.000019480539583	0.000019452367441	0.000019480539583
5093	0.000019480539583	0.000019452367441	0.000019480539583
5094	0.000019480539583	0.000019452367441	0.000019480539583
5095	0.000054667264205	0.000054588206131	0.000054667264205
5096	0.000019480539583	0.000019452367441	0.000019480539583
5097	0.000019480539583	0.000019452367441	0.000019480539583
5098	0.000052597456875	0.000052521392090	0.000052597456875
5099	0.000019480539583	0.000019452367441	0.000019480539583
5100	0.000097269632223	0.000091358311451	0.000097269632223
5101	0.000019480539583	0.000019452367441	0.000019480539583
5102	0.000019480539583	0.000019452367441	0.000019480539583
5103	0.000048688018371	0.000048626421008	0.000048688018371
5104	0.000019480539583	0.000019452367441	0.000019480539583
5105	0.000019480539583	0.000019452367441	0.000019480539583
5106	0.000019480539583	0.000019452367441	0.000019480539583
5107	0.000019480539583	0.000019452367441	0.000019480539583
5108	0.000036038998229	0.000035986879765	0.000036038998229
5109	0.000019480539583	0.000019452367441	0.000019480539583
5110	0.000019480539583	0.000019452367441	0.000019480539583
5111	0.000162425549783	0.000163748418862	0.000162425549783
5112	0.000019480539583	0.000019452367441	0.000019480539583
5113	0.000019480539583	0.000019452367441	0.000019480539583
5114	0.000124583391829	0.000122780765662	0.000124583391829
5115	0.000082654135764	0.000080312940928	0.000082654135764
5116	0.000019480539583	0.000019452367441	0.000019480539583
5117	0.000019480539583	0.000019452367441	0.000019480539583
5118	0.000036038998229	0.000035986879765	0.000036038998229
5119	0.000095022619193	0.000095311491429	0.000095022619193
5120	0.000019480539583	0.000019452367441	0.000019480539583
5121	0.000019480539583	0.000019452367441	0.000019480539583
5122	0.000019480539583	0.000019452367441	0.000019480539583
5123	0.000019480539583	0.000019452367441	0.000019480539583
5124	0.000019480539583	0.000019452367441	0.000019480539583
5125	0.000036038998229	0.000035986879765	0.000036038998229
5126	0.000019480539583	0.000019452367441	0.000019480539583
5127	0.000078464160547	0.000078776979104	0.000078464160547
5128	0.000019480539583	0.000019452367441	0.000019480539583
5129	0.000036038998229	0.000035986879765	0.000036038998229
5130	0.000038290367606	0.000037911154907	0.000038290367606
5131	0.000127322820916	0.000122692929387	0.000127322820916
5132	0.000082110912228	0.000081179608143	0.000082110912228
5133	0.001170293415459	0.001168600974005	0.001170293415460
5134	0.000019480539583	0.000019452367441	0.000019480539583
5135	0.000019480539583	0.000019452367441	0.000019480539583
5136	0.000124028033363	0.000123991146984	0.000124028033363
5137	0.000052220170942	0.000051241244296	0.000052220170942
5138	0.000019480539583	0.000019452367441	0.000019480539583
5139	0.000019480539583	0.000019452367441	0.000019480539583
5140	0.000036038998229	0.000035986879765	0.000036038998229
5141	0.000019480539583	0.000019452367441	0.000019480539583
5142	0.000019480539583	0.000019452367441	0.000019480539583
5143	0.000036038998229	0.000035986879765	0.000036038998229
5144	0.000050346713106	0.000052605915225	0.000050346713106
5145	0.000019480539583	0.000019452367441	0.000019480539583
5146	0.000121279218987	0.000120247067385	0.000121279218987
5147	0.000019480539583	0.000019452367441	0.000019480539583
5148	0.000197773837372	0.000196865648694	0.000197773837372
5149	0.000019480539583	0.000019452367441	0.000019480539583
5150	0.000019480539583	0.000019452367441	0.000019480539583
5151	0.000019480539583	0.000019452367441	0.000019480539583
5152	0.000019480539583	0.000019452367441	0.000019480539583
5153	0.000261758068956	0.000255242624852	0.000261758068956
5154	0.000052613213449	0.000050460118326	0.000052613213449
5155	0.000091740576131	0.000090178514364	0.000091740576131
5156	0.000102461638759	0.000101668129441	0.000102461638759
5157	0.000019480539583	0.000019452367441	0.000019480539583
5158	0.000019480539583	0.000019452367441	0.000019480539583
5159	0.000019480539583	0.000019452367441	0.000019480539583
5160	0.000019480539583	0.000019452367441	0.000019480539583
5161	0.000036038998229	0.000035986879765	0.000036038998229
5162	0.000019480539583	0.000019452367441	0.000019480539583
5163	0.000913637306451	0.000912316032973	0.000913637306451
5164	0.000019480539583	0.000019452367441	0.000019480539583
5165	0.000019480539583	0.000019452367441	0.000019480539583
5166	0.000019480539583	0.000019452367441	0.000019480539583
5167	0.000019480539583	0.000019452367441	0.000019480539583
5168	0.000019480539583	0.000019452367441	0.000019480539583
5169	0.000060677482265	0.000060093364688	0.000060677482265
5170	0.000019480539583	0.000019452367441	0.000019480539583
5171	0.000019480539583	0.000019452367441	0.000019480539583
5172	0.000019480539583	0.000019452367441	0.000019480539583
5173	0.000037862637732	0.000037813558240	0.000037862637732
5174	0.000067751263639	0.000067557610477	0.000067751263639
5175	0.000019480539583	0.000019452367441	0.000019480539583
5176	0.000038269561650	0.000037206262807	0.000038269561650
5177	0.000037118115144	0.000036968762677	0.000037118115144
5178	0.000031680966736	0.000031143310760	0.000031680966736
5179	0.000036652294406	0.000036343051892	0.000036652294406
5180	0.000031680966736	0.000031143310760	0.000031680966736
5181	0.000019480539583	0.000019452367441	0.000019480539583
5182	0.000019480539583	0.000019452367441	0.000019480539583
5183	0.000036038998229	0.000035986879765	0.000036038998229
5184	0.000409110641578	0.000401337221504	0.000409110641578
5185	0.000019480539583	0.000019452367441	0.000019480539583
5186	0.000036038998229	0.000035986879765	0.000036038998229
5187	0.000034977081832	0.000035291337627	0.000034977081832
5188	0.000031441356831	0.000030732712774	0.000031441356831
5189	0.000019480539583	0.000019452367441	0.000019480539583
5190	0.000066672146723	0.000066575727566	0.000066672146723
5191	0.000019480539583	0.000019452367441	0.000019480539583
5192	0.000019480539583	0.000019452367441	0.000019480539583
5193	0.000031441356831	0.000030732712774	0.000031441356831
5194	0.000059941094773	0.000058019664678	0.000059941094773
5195	0.000019480539583	0.000019452367441	0.000019480539583
5196	0.000036038998229	0.000035986879765	0.000036038998229
5197	0.000019480539583	0.000019452367441	0.000019480539583
5198	0.000052597456875	0.000052521392090	0.000052597456875
5199	0.000019480539583	0.000019452367441	0.000019480539583
5200	0.000035850833926	0.000035798987580	0.000035850833926
5201	0.000044015256646	0.000043308224295	0.000044015256646
5202	0.000049408662019	0.000048524650898	0.000049408662019
5203	0.000036218346270	0.000036610276061	0.000036218346270
5204	0.000054660661949	0.000054257775046	0.000054660661949
5205	0.000060342188490	0.000057906527829	0.000060342188490
5206	0.000019480539583	0.000019452367441	0.000019480539583
5207	0.000036038998229	0.000035986879765	0.000036038998229
5208	0.000036039779838	0.000035696969264	0.000036039779838
5209	0.000097285401663	0.000092379223782	0.000097285401664
5210	0.000033038367676	0.000032178030759	0.000033038367676
5211	0.000053756548980	0.000038467056614	0.000053756548980
5212	0.000107589697938	0.000105536700127	0.000107589697938
5213	0.000019480539583	0.000019452367441	0.000019480539583
5214	0.000043695942478	0.000042667338609	0.000043695942478
5215	0.000187616353284	0.000185434809612	0.000187616353284
5216	0.000019480539583	0.000019452367441	0.000019480539583
5217	0.000033038367676	0.000032178030759	0.000033038367676
5218	0.000050091557895	0.000049192731683	0.000050091557895
5219	0.000443604588422	0.000495009496175	0.000443604588422
5220	0.000019480539583	0.000019452367441	0.000019480539583
5221	0.000025151351051	0.000025102437860	0.000025151351051
5222	0.000118174802032	0.000116949793594	0.000118174802032
5223	0.000033038367676	0.000032178030759	0.000033038367676
5224	0.000083471956068	0.000080351195511	0.000083471956068
5225	0.000068711085310	0.000061006416548	0.000068711085310
5226	0.000019480539583	0.000019452367441	0.000019480539583
5227	0.000019480539583	0.000019452367441	0.000019480539583
5228	0.000033038367676	0.000032178030759	0.000033038367676
5229	0.000033038367676	0.000032178030759	0.000033038367676
5230	0.000019480539583	0.000019452367441	0.000019480539583
5231	0.000334091253852	0.000333608101610	0.000334091253852
5232	0.000019480539583	0.000019452367441	0.000019480539583
5233	0.000019480539583	0.000019452367441	0.000019480539583
5234	0.000019480539583	0.000019452367441	0.000019480539583
5235	0.000019480539583	0.000019452367441	0.000019480539583
5236	0.000019480539583	0.000019452367441	0.000019480539583
5237	0.000019480539583	0.000019452367441	0.000019480539583
5238	0.000019480539583	0.000019452367441	0.000019480539583
5239	0.000019480539583	0.000019452367441	0.000019480539583
5240	0.000019480539583	0.000019452367441	0.000019480539583
5241	0.000019480539583	0.000019452367441	0.000019480539583
5242	0.000019480539583	0.000019452367441	0.000019480539583
5243	0.000019480539583	0.000019452367441	0.000019480539583
5244	0.000019480539583	0.000019452367441	0.000019480539583
5245	0.000019480539583	0.000019452367441	0.000019480539583
5246	0.000019480539583	0.000019452367441	0.000019480539583
5247	0.000019480539583	0.000019452367441	0.000019480539583
5248	0.000019480539583	0.000019452367441	0.000019480539583
5249	0.000019480539583	0.000019452367441	0.000019480539583
5250	0.000090539808288	0.000085897806061	0.000090539808288
5251	0.000019480539583	0.000019452367441	0.000019480539583
5252	0.000036038998229	0.000035986879765	0.000036038998229
5253	0.000033038367676	0.000032178030759	0.000033038367676
5254	0.000052589632217	0.000051992375864	0.000052589632217
5255	0.000050148184867	0.000049462507310	0.000050148184867
5256	0.000087230992777	0.000086856415330	0.000087230992777
5257	0.000019480539583	0.000019452367441	0.000019480539583
5258	0.000069155915520	0.000069055904415	0.000069155915520
5259	0.000019480539583	0.000019452367441	0.000019480539583
5260	0.000019480539583	0.000019452367441	0.000019480539583
5261	0.000036038998229	0.000035986879765	0.000036038998229
5262	0.000034831610619	0.000034168083410	0.000034831610619
5263	0.000019480539583	0.000019452367441	0.000019480539583
5264	0.000079526874828	0.000079155628447	0.000079526874828
5265	0.000019480539583	0.000019452367441	0.000019480539583
5266	0.000071510623911	0.000071081491523	0.000071510623911
5267	0.000069039632240	0.000068864709639	0.000069039632240
5268	0.000050113688078	0.000050041215241	0.000050113688078
5269	0.000044729107323	0.000041682371639	0.000044729107323
5270	0.000035850833926	0.000035798987580	0.000035850833926
5271	0.000035850833926	0.000035798987580	0.000035850833926
5272	0.000035850833926	0.000035798987580	0.000035850833926
5273	0.000071400817840	0.000068280899838	0.000071400817840
5274	0.000035850833926	0.000035798987580	0.000035850833926
5275	0.000036932965482	0.000037140811547	0.000036932965482
5276	0.000111646063275	0.000111165956660	0.000111646063275
5277	0.000048580635953	0.000048388159547	0.000048580635953
5278	0.000019480539583	0.000019452367441	0.000019480539583
5279	0.000198348368162	0.000206179848381	0.000198348368162
5280	0.000045296681926	0.000045231175292	0.000045296681926
5281	0.000019480539583	0.000019452367441	0.000019480539583
5282	0.000067974789093	0.000065572966131	0.000067974789093
5283	0.000019480539583	0.000019452367441	0.000019480539583
5284	0.000036038998229	0.000035986879765	0.000036038998229
5285	0.000019480539583	0.000019452367441	0.000019480539583
5286	0.000052597456875	0.000052521392090	0.000052597456875
5287	0.000027137483832	0.000026132826284	0.000027137483832
5288	0.000027137483832	0.000026132826284	0.000027137483832
5289	0.000019480539583	0.000019452367441	0.000019480539583
5290	0.000019480539583	0.000019452367441	0.000019480539583
5291	0.000036038998229	0.000035986879765	0.000036038998229
5292	0.000036038998229	0.000035986879765	0.000036038998229
5293	0.000019480539583	0.000019452367441	0.000019480539583
5294	0.000019480539583	0.000019452367441	0.000019480539583
5295	0.000036038998229	0.000035986879765	0.000036038998229
5296	0.000036038998229	0.000035986879765	0.000036038998229
5297	0.000019480539583	0.000019452367441	0.000019480539583
5298	0.000019480539583	0.000019452367441	0.000019480539583
5299	0.000019480539583	0.000019452367441	0.000019480539583
5300	0.000157776268275	0.000155723465051	0.000157776268275
5301	0.000037583416667	0.000037515807642	0.000037583416667
5302	0.000019480539583	0.000019452367441	0.000019480539583
5303	0.000052740728152	0.000052529747514	0.000052740728152
5304	0.000052647205051	0.000052663258047	0.000052647205051
5305	0.000019480539583	0.000019452367441	0.000019480539583
5306	0.000019480539583	0.000019452367441	0.000019480539583
5307	0.000093126557616	0.000091429390313	0.000093126557616
5308	0.000019480539583	0.000019452367441	0.000019480539583
5309	0.000036038998229	0.000035986879765	0.000036038998229
5310	0.000019480539583	0.000019452367441	0.000019480539583
5311	0.000036038998229	0.000035986879765	0.000036038998229
5312	0.000039706708617	0.000039363698887	0.000039706708617
5313	0.000060865355199	0.000060784825297	0.000060865355199
5314	0.000019480539583	0.000019452367441	0.000019480539583
5315	0.000068393849290	0.000067913763239	0.000068393849290
5316	0.000045141092394	0.000045075810769	0.000045141092394
5317	0.000051707762906	0.000051618107696	0.000051707762906
5318	0.000036038998229	0.000035986879765	0.000036038998229
5319	0.000045141092394	0.000045075810769	0.000045141092394
5320	0.000019480539583	0.000019452367441	0.000019480539583
5321	0.000080889308090	0.000079950305044	0.000080889308090
5322	0.000050424159177	0.000050351237348	0.000050424159177
5323	0.000066672146723	0.000066575727566	0.000066672146723
5324	0.000019480539583	0.000019452367441	0.000019480539583
5325	0.000019480539583	0.000019452367441	0.000019480539583
5326	0.000019480539583	0.000019452367441	0.000019480539583
5327	0.000092395569484	0.000092261949924	0.000092395569484
5328	0.000019480539583	0.000019452367441	0.000019480539583
5329	0.000036038998229	0.000035986879765	0.000036038998229
5330	0.000040006052244	0.000039948196752	0.000040006052244
5331	0.000102349085985	0.000102314381709	0.000102349085985
5332	0.000036652294406	0.000036343051892	0.000036652294406
5333	0.000019480539583	0.000019452367441	0.000019480539583
5334	0.000019480539583	0.000019452367441	0.000019480539583
5335	0.000036038998229	0.000035986879765	0.000036038998229
5336	0.000036652294406	0.000036343051892	0.000036652294406
5337	0.000019480539583	0.000019452367441	0.000019480539583
5338	0.000466453062913	0.000460256746873	0.000466453062913
5339	0.000019480539583	0.000019452367441	0.000019480539583
5340	0.000068682698804	0.000068445740740	0.000068682698804
5341	0.000019480539583	0.000019452367441	0.000019480539583
5342	0.000052597456875	0.000052521392090	0.000052597456875
5343	0.000086522198273	0.000086164057851	0.000086522198273
5344	0.000019480539583	0.000019452367441	0.000019480539583
5345	0.000036218346270	0.000036610276061	0.000036218346270
5346	0.000240144415161	0.000237820596659	0.000240144415161
5347	0.000019480539583	0.000019452367441	0.000019480539583
5348	0.000036038998229	0.000035986879765	0.000036038998229
5349	0.000019480539583	0.000019452367441	0.000019480539583
5350	0.000036038998229	0.000035986879765	0.000036038998229
5351	0.000019480539583	0.000019452367441	0.000019480539583
5352	0.000213847071842	0.000214628640115	0.000213847071842
5353	0.000019480539583	0.000019452367441	0.000019480539583
5354	0.000019480539583	0.000019452367441	0.000019480539583
5355	0.000069155915520	0.000069055904415	0.000069155915520
5356	0.000019480539583	0.000019452367441	0.000019480539583
5357	0.000019480539583	0.000019452367441	0.000019480539583
5358	0.000019480539583	0.000019452367441	0.000019480539583
5359	0.000053613200409	0.000053167093046	0.000053613200409
5360	0.000062259041424	0.000060439255754	0.000062259041424
5361	0.000209839515492	0.000203494487927	0.000209839515492
5362	0.000112106645221	0.000109487011654	0.000112106645221
5363	0.000038290367606	0.000037911154907	0.000038290367606
5364	0.000040222813862	0.000047229143980	0.000040222813862
5365	0.000019480539583	0.000019452367441	0.000019480539583
5366	0.000069155915520	0.000069055904415	0.000069155915520
5367	0.000120062156690	0.000120236188035	0.000120062156690
5368	0.000019480539583	0.000019452367441	0.000019480539583
5369	0.000130780058048	0.000130968990822	0.000130780058048
5370	0.000019480539583	0.000019452367441	0.000019480539583
5371	0.000019480539583	0.000019452367441	0.000019480539583
5372	0.000019480539583	0.000019452367441	0.000019480539583
5373	0.000034797113830	0.000034746791341	0.000034797113830
5374	0.000077794182394	0.000077764533723	0.000077794182394
5375	0.000048748822692	0.000048482329964	0.000048748822692
5376	0.000019480539583	0.000019452367441	0.000019480539583
5377	0.000019480539583	0.000019452367441	0.000019480539583
5378	0.000035030138859	0.000037311491325	0.000035030138859
5379	0.000087590958815	0.000087283280199	0.000087590958815
5380	0.000228486875856	0.000227969031235	0.000228486875856
5381	0.000019480539583	0.000019452367441	0.000019480539583
5382	0.000560840506868	0.000543175839126	0.000560840506868
5383	0.000019480539583	0.000019452367441	0.000019480539583
5384	0.000051588597505	0.000053846003649	0.000051588597505
5385	0.000019480539583	0.000019452367441	0.000019480539583
5386	0.000019480539583	0.000019452367441	0.000019480539583
5387	0.000036038998229	0.000035986879765	0.000036038998229
5388	0.000052409292572	0.000052333499905	0.000052409292572
5389	0.000019480539583	0.000019452367441	0.000019480539583
5390	0.000052785621177	0.000052709284276	0.000052785621177
5391	0.000062576733034	0.000069550735618	0.000062576733034
5392	0.000045419867147	0.000045311271008	0.000045419867147
5393	0.000019480539583	0.000019452367441	0.000019480539583
5394	0.000286696003387	0.000277414862987	0.000286696003387
5395	0.000019480539583	0.000019452367441	0.000019480539583
5396	0.000019480539583	0.000019452367441	0.000019480539583
5397	0.000019480539583	0.000019452367441	0.000019480539583
5398	0.000019480539583	0.000019452367441	0.000019480539583
5399	0.000019480539583	0.000019452367441	0.000019480539583
5400	0.000019480539583	0.000019452367441	0.000019480539583
5401	0.000330224972399	0.000363675380938	0.000330224972399
5402	0.000019480539583	0.000019452367441	0.000019480539583
5403	0.000073418555876	0.000073299349956	0.000073418555876
5404	0.000019480539583	0.000019452367441	0.000019480539583
5405	0.000036038998229	0.000035986879765	0.000036038998229
5406	0.000416434859239	0.000422013380330	0.000416434859239
5407	0.000075813477422	0.000073706257286	0.000075813477422
5408	0.000179041336905	0.000174693910662	0.000179041336905
5409	0.000019480539583	0.000019452367441	0.000019480539583
5410	0.000019480539583	0.000019452367441	0.000019480539583
5411	0.000036038998229	0.000035986879765	0.000036038998229
5412	0.000035030138859	0.000037311491325	0.000035030138859
5413	0.000035030138859	0.000037311491325	0.000035030138859
5414	0.000019480539583	0.000019452367441	0.000019480539583
5415	0.000019480539583	0.000019452367441	0.000019480539583
5416	0.000036038998229	0.000035986879765	0.000036038998229
5417	0.000019480539583	0.000019452367441	0.000019480539583
5418	0.000067201390704	0.000065117711311	0.000067201390704
5419	0.000051588597505	0.000053846003649	0.000051588597505
5420	0.000019480539583	0.000019452367441	0.000019480539583
5421	0.000030288190759	0.000030192381518	0.000030288190759
5422	0.000071013193512	0.000068635231559	0.000071013193512
5423	0.000051588597505	0.000053846003649	0.000051588597505
5424	0.000073942516676	0.000076167595288	0.000073942516676
5425	0.000036218346270	0.000036610276061	0.000036218346270
5426	0.000171819684387	0.000155474933472	0.000171819684387
5427	0.000019480539583	0.000019452367441	0.000019480539583
5428	0.000019480539583	0.000019452367441	0.000019480539583
5429	0.000019480539583	0.000019452367441	0.000019480539583
5430	0.000019480539583	0.000019452367441	0.000019480539583
5431	0.000019480539583	0.000019452367441	0.000019480539583
5432	0.000033496023832	0.000033248536188	0.000033496023832
5433	0.000019480539583	0.000019452367441	0.000019480539583
5434	0.000068923516101	0.000068500002707	0.000068923516101
5435	0.000164895006278	0.000157722570028	0.000164895006279
5436	0.000019480539583	0.000019452367441	0.000019480539583
5437	0.000037525405581	0.000037231771455	0.000037525405581
5438	0.000051377134327	0.000051099373178	0.000051377134327
5439	0.000038290367606	0.000037911154907	0.000038290367606
5440	0.000019480539583	0.000019452367441	0.000019480539583
5441	0.000019480539583	0.000019452367441	0.000019480539583
5442	0.000168506667394	0.000168262978363	0.000168506667395
5443	0.000111897671474	0.000111603048811	0.000111897671474
5444	0.000019480539583	0.000019452367441	0.000019480539583
5445	0.000038290367606	0.000037911154907	0.000038290367606
5446	0.000019480539583	0.000019452367441	0.000019480539583
5447	0.000067192308441	0.000067008495528	0.000067192308441
5448	0.000019480539583	0.000019452367441	0.000019480539583
5449	0.000069155915520	0.000069055904415	0.000069155915520
5450	0.000038290367606	0.000037911154907	0.000038290367606
5451	0.000019480539583	0.000019452367441	0.000019480539583
5452	0.000038290367606	0.000037911154907	0.000038290367606
5453	0.000019480539583	0.000019452367441	0.000019480539583
5454	0.000036038998229	0.000035986879765	0.000036038998229
5455	0.000038290367606	0.000037911154907	0.000038290367606
5456	0.000019480539583	0.000019452367441	0.000019480539583
5457	0.000038290367606	0.000037911154907	0.000038290367606
5458	0.000019480539583	0.000019452367441	0.000019480539583
5459	0.000105799808703	0.000106780959536	0.000105799808703
5460	0.000019480539583	0.000019452367441	0.000019480539583
5461	0.000036038998229	0.000035986879765	0.000036038998229
5462	0.000035030138859	0.000037311491325	0.000035030138859
5463	0.000019480539583	0.000019452367441	0.000019480539583
5464	0.000019480539583	0.000019452367441	0.000019480539583
5465	0.000036038998229	0.000035986879765	0.000036038998229
5466	0.000033496023832	0.000033248536188	0.000033496023832
5467	0.000057743805262	0.000056415547887	0.000057743805262
5468	0.000019480539583	0.000019452367441	0.000019480539583
5469	0.000019480539583	0.000019452367441	0.000019480539583
5470	0.000019480539583	0.000019452367441	0.000019480539583
5471	0.000037956272250	0.000038088234257	0.000037956272250
5472	0.000019480539583	0.000019452367441	0.000019480539583
5473	0.000055457554277	0.000055377353310	0.000055457554277
5474	0.000075810991656	0.000075389409965	0.000075810991656
5475	0.000019480539583	0.000019452367441	0.000019480539583
5476	0.000072152475778	0.000077900209086	0.000072152475778
5477	0.000019480539583	0.000019452367441	0.000019480539583
5478	0.000019480539583	0.000019452367441	0.000019480539583
5479	0.000019480539583	0.000019452367441	0.000019480539583
5480	0.000061077048115	0.000060958128075	0.000061077048115
5481	0.000144100132501	0.000166958877875	0.000144100132501
5482	0.000019480539583	0.000019452367441	0.000019480539583
5483	0.000019480539583	0.000019452367441	0.000019480539583
5484	0.000019480539583	0.000019452367441	0.000019480539583
5485	0.000019480539583	0.000019452367441	0.000019480539583
5486	0.000019480539583	0.000019452367441	0.000019480539583
5487	0.000019480539583	0.000019452367441	0.000019480539583
5488	0.000019480539583	0.000019452367441	0.000019480539583
5489	0.000019480539583	0.000019452367441	0.000019480539583
5490	0.000095752840569	0.000095506766227	0.000095752840569
5491	0.000019480539583	0.000019452367441	0.000019480539583
5492	0.000089267123387	0.000089330557520	0.000089267123387
5493	0.000056077519133	0.000055167051132	0.000056077519133
5494	0.000019480539583	0.000019452367441	0.000019480539583
5495	0.000036038998229	0.000035986879765	0.000036038998229
5496	0.000040062216547	0.000039713574948	0.000040062216547
5497	0.000040200603603	0.000037095293275	0.000040200603603
5498	0.000058204753098	0.000058120579218	0.000058204753098
5499	0.000040751054473	0.000047911618236	0.000040751054473
5500	0.000019480539583	0.000019452367441	0.000019480539583
5501	0.001957068675334	0.001951426193718	0.001957068675334
5502	0.000111897671474	0.000111603048811	0.000111897671474
5503	0.000019480539583	0.000019452367441	0.000019480539583
5504	0.000019480539583	0.000019452367441	0.000019480539583
5505	0.000019480539583	0.000019452367441	0.000019480539583
5506	0.000019480539583	0.000019452367441	0.000019480539583
5507	0.000019480539583	0.000019452367441	0.000019480539583
5508	0.000019480539583	0.000019452367441	0.000019480539583
5509	0.000019480539583	0.000019452367441	0.000019480539583
5510	0.000019480539583	0.000019452367441	0.000019480539583
5511	0.000019480539583	0.000019452367441	0.000019480539583
5512	0.000019480539583	0.000019452367441	0.000019480539583
5513	0.000019480539583	0.000019452367441	0.000019480539583
5514	0.000019480539583	0.000019452367441	0.000019480539583
5515	0.000111897671474	0.000111603048811	0.000111897671474
5516	0.000019480539583	0.000019452367441	0.000019480539583
5517	0.000019480539583	0.000019452367441	0.000019480539583
5518	0.000019480539583	0.000019452367441	0.000019480539583
5519	0.000111897671474	0.000111603048811	0.000111897671474
5520	0.000019480539583	0.000019452367441	0.000019480539583
5521	0.000055644211654	0.000055465631946	0.000055644211654
5522	0.000019480539583	0.000019452367441	0.000019480539583
5523	0.000036038998229	0.000035986879765	0.000036038998229
5524	0.000019480539583	0.000019452367441	0.000019480539583
5525	0.000055832375956	0.000055653524132	0.000055832375956
5526	0.000019480539583	0.000019452367441	0.000019480539583
5527	0.000019480539583	0.000019452367441	0.000019480539583
5528	0.000036038998229	0.000035986879765	0.000036038998229
5529	0.000019480539583	0.000019452367441	0.000019480539583
5530	0.000019480539583	0.000019452367441	0.000019480539583
5531	0.000330469318737	0.000367989622617	0.000330469318737
5532	0.000072384346884	0.000072572196352	0.000072384346884
5533	0.000056281857854	0.000057412998680	0.000056281857854
5534	0.000019480539583	0.000019452367441	0.000019480539583
5535	0.000019480539583	0.000019452367441	0.000019480539583
5536	0.000036038998229	0.000035986879765	0.000036038998229
5537	0.000019480539583	0.000019452367441	0.000019480539583
5538	0.000074357867143	0.000073334846333	0.000074357867143
5539	0.000019480539583	0.000019452367441	0.000019480539583
5540	0.000050113688078	0.000050041215241	0.000050113688078
5541	0.000019480539583	0.000019452367441	0.000019480539583
5542	0.000033496023832	0.000033248536188	0.000033496023832
5543	0.000019480539583	0.000019452367441	0.000019480539583
5544	0.000019480539583	0.000019452367441	0.000019480539583
5545	0.000019480539583	0.000019452367441	0.000019480539583
5546	0.000111897671474	0.000111603048811	0.000111897671474
5547	0.000038899095631	0.000038842840985	0.000038899095631
5548	0.000061901558250	0.000059564737769	0.000061901558250
5549	0.000019480539583	0.000019452367441	0.000019480539583
5550	0.000066235933692	0.000066382934535	0.000066235933692
5551	0.000086310430572	0.000084526177042	0.000086310430572
5552	0.000039705514072	0.000039453020858	0.000039705514072
5553	0.000019480539583	0.000019452367441	0.000019480539583
5554	0.000057037679587	0.000056609856397	0.000057037679587
5555	0.000019480539583	0.000019452367441	0.000019480539583
5556	0.000228275598281	0.000240404539195	0.000228275598281
5557	0.000041336424765	0.000041276645331	0.000041336424765
5558	0.000056974349307	0.000056891954798	0.000056974349307
5559	0.000094903115916	0.000092896457038	0.000094903115916
5560	0.000248910443462	0.000247070206808	0.000248910443462
5561	0.000019480539583	0.000019452367441	0.000019480539583
5562	0.000036038998229	0.000035986879765	0.000036038998229
5563	0.000019480539583	0.000019452367441	0.000019480539583
5564	0.000019480539583	0.000019452367441	0.000019480539583
5565	0.000112415966223	0.000109285598392	0.000112415966223
5566	0.000048678493468	0.000048587150087	0.000048678493468
5567	0.000092370346547	0.000086150570449	0.000092370346547
5568	0.000019480539583	0.000019452367441	0.000019480539583
5569	0.000093118888446	0.000090218731573	0.000093118888446
5570	0.000045117302292	0.000045021470336	0.000045117302292
5571	0.000055757968771	0.000055881354170	0.000055757968771
5572	0.000039803603964	0.000035079044255	0.000039803603964
5573	0.000019480539583	0.000019452367441	0.000019480539583
5574	0.000019480539583	0.000019452367441	0.000019480539583
5575	0.000019480539583	0.000019452367441	0.000019480539583
5576	0.000036038998229	0.000035986879765	0.000036038998229
5577	0.000019480539583	0.000019452367441	0.000019480539583
5578	0.000019480539583	0.000019452367441	0.000019480539583
5579	0.000060760593630	0.000060093127668	0.000060760593630
5580	0.000035623271887	0.000035571754634	0.000035623271887
5581	0.000019480539583	0.000019452367441	0.000019480539583
5582	0.000044195987537	0.000044061685118	0.000044195987537
5583	0.000019480539583	0.000019452367441	0.000019480539583
5584	0.000036038998229	0.000035986879765	0.000036038998229
5585	0.000036038998229	0.000035986879765	0.000036038998229
5586	0.000050113688078	0.000050041215241	0.000050113688078
5587	0.000019480539583	0.000019452367441	0.000019480539583
5588	0.000036038998229	0.000035986879765	0.000036038998229
5589	0.000120489938871	0.000116521968183	0.000120489938871
5590	0.000019480539583	0.000019452367441	0.000019480539583
5591	0.000067433935182	0.000067445467608	0.000067433935182
5592	0.000134030839862	0.000170972770879	0.000134030839862
5593	0.000019480539583	0.000019452367441	0.000019480539583
5594	0.000019480539583	0.000019452367441	0.000019480539583
5595	0.000019480539583	0.000019452367441	0.000019480539583
5596	0.000228332915375	0.000231964060809	0.000228332915375
5597	0.000100695251415	0.000099469355876	0.000100695251415
5598	0.000019480539583	0.000019452367441	0.000019480539583
5599	0.000036038998229	0.000035986879765	0.000036038998229
5600	0.000034797113830	0.000034746791341	0.000034797113830
5601	0.000019480539583	0.000019452367441	0.000019480539583
5602	0.000137478290709	0.000136400186134	0.000137478290709
5603	0.000019480539583	0.000019452367441	0.000019480539583
5604	0.000019480539583	0.000019452367441	0.000019480539583
5605	0.000036038998229	0.000035986879765	0.000036038998229
5606	0.000019480539583	0.000019452367441	0.000019480539583
5607	0.000045870434468	0.000045741823606	0.000045870434468
5608	0.000019480539583	0.000019452367441	0.000019480539583
5609	0.000036038998229	0.000035986879765	0.000036038998229
5610	0.000019480539583	0.000019452367441	0.000019480539583
5611	0.000390632647891	0.000387148685710	0.000390632647891
5612	0.000019480539583	0.000019452367441	0.000019480539583
5613	0.000039470738783	0.000039413657445	0.000039470738783
5614	0.000039470738783	0.000039413657445	0.000039470738783
5615	0.000066747777764	0.000066175885375	0.000066747777764
5616	0.000050113688078	0.000050041215241	0.000050113688078
5617	0.001110987490585	0.001132126173873	0.001110987490585
5618	0.000019480539583	0.000019452367441	0.000019480539583
5619	0.000019480539583	0.000019452367441	0.000019480539583
5620	0.000036038998229	0.000035986879765	0.000036038998229
5621	0.000019480539583	0.000019452367441	0.000019480539583
5622	0.000038290367606	0.000037911154907	0.000038290367606
5623	0.000038290367606	0.000037911154907	0.000038290367606
5624	0.000095943022016	0.000095439295384	0.000095943022016
5625	0.000019480539583	0.000019452367441	0.000019480539583
5626	0.000046633219959	0.000046434954256	0.000046633219959
5627	0.000019480539583	0.000019452367441	0.000019480539583
5628	0.000036038998229	0.000035986879765	0.000036038998229
5629	0.000019480539583	0.000019452367441	0.000019480539583
5630	0.000056029408010	0.000055440889578	0.000056029408010
5631	0.000115695048421	0.000116031009833	0.000115695048421
5632	0.000019480539583	0.000019452367441	0.000019480539583
5633	0.000019480539583	0.000019452367441	0.000019480539583
5634	0.000019480539583	0.000019452367441	0.000019480539583
5635	0.000019480539583	0.000019452367441	0.000019480539583
5636	0.000019480539583	0.000019452367441	0.000019480539583
5637	0.000423326324787	0.000411967266616	0.000423326324787
5638	0.000019480539583	0.000019452367441	0.000019480539583
5639	0.000147869783339	0.000145028450411	0.000147869783339
5640	0.000065795599500	0.000050540910911	0.000065795599500
5641	0.000019480539583	0.000019452367441	0.000019480539583
5642	0.000019480539583	0.000019452367441	0.000019480539583
5643	0.000055012906096	0.000054881333113	0.000055012906096
5644	0.000019480539583	0.000019452367441	0.000019480539583
5645	0.000019480539583	0.000019452367441	0.000019480539583
5646	0.000019480539583	0.000019452367441	0.000019480539583
5647	0.000036038998229	0.000035986879765	0.000036038998229
5648	0.000045141092394	0.000045075810769	0.000045141092394
5649	0.000151948208749	0.000151728466038	0.000151948208749
5650	0.000019480539583	0.000019452367441	0.000019480539583
5651	0.000019480539583	0.000019452367441	0.000019480539583
5652	0.000088245376348	0.000087848777790	0.000088245376348
5653	0.000064111888798	0.000070093169313	0.000064111888798
5654	0.000046566491928	0.000040468759151	0.000046566491928
5655	0.000033496023832	0.000033248536188	0.000033496023832
5656	0.000019480539583	0.000019452367441	0.000019480539583
5657	0.000059191368373	0.000059001852689	0.000059191368373
5658	0.000025151351051	0.000025102437860	0.000025151351051
5659	0.000019480539583	0.000019452367441	0.000019480539583
5660	0.000147021681911	0.000140778674004	0.000147021681911
5661	0.000089442169940	0.000084429393172	0.000089442169940
5662	0.000039265482890	0.000039208698386	0.000039265482890
5663	0.000039265482890	0.000039208698386	0.000039265482890
5664	0.000019480539583	0.000019452367441	0.000019480539583
5665	0.000171615938920	0.000171485690714	0.000171615938920
5666	0.000064928283593	0.000063855390371	0.000064928283593
5667	0.000059269779557	0.000059046434160	0.000059269779557
5668	0.000019480539583	0.000019452367441	0.000019480539583
5669	0.000019480539583	0.000019452367441	0.000019480539583
5670	0.000123839079827	0.000096761850561	0.000123839079828
5671	0.000019480539583	0.000019452367441	0.000019480539583
5672	0.000067367239340	0.000068328829599	0.000067367239340
5673	0.000037956272250	0.000038088234257	0.000037956272250
5674	0.000019480539583	0.000019452367441	0.000019480539583
5675	0.000046523753534	0.000048519570382	0.000046523753534
5676	0.000039210798624	0.000039510423029	0.000039210798624
5677	0.000071309206372	0.000070986563880	0.000071309206372
5678	0.000019480539583	0.000019452367441	0.000019480539583
5679	0.000040200603603	0.000037095293275	0.000040200603603
5680	0.000035030138859	0.000037311491325	0.000035030138859
5681	0.000019480539583	0.000019452367441	0.000019480539583
5682	0.000052597456875	0.000052521392090	0.000052597456875
5683	0.000132848191666	0.000132048543275	0.000132848191666
5684	0.000077526587458	0.000073576683573	0.000077526587458
5685	0.000019480539583	0.000019452367441	0.000019480539583
5686	0.000037956272250	0.000038088234257	0.000037956272250
5687	0.000019480539583	0.000019452367441	0.000019480539583
5688	0.000036038998229	0.000035986879765	0.000036038998229
5689	0.000037712555937	0.000037785632861	0.000037712555937
5690	0.000094672472130	0.000094192100447	0.000094672472130
5691	0.000048137733573	0.000048068118300	0.000048137733573
5692	0.000035850833926	0.000035798987580	0.000035850833926
5693	0.000019480539583	0.000019452367441	0.000019480539583
5694	0.000019480539583	0.000019452367441	0.000019480539583
5695	0.000120247352623	0.000109167381432	0.000120247352624
5696	0.000083489348534	0.000083368608869	0.000083489348534
5697	0.000019480539583	0.000019452367441	0.000019480539583
5698	0.000036038998229	0.000035986879765	0.000036038998229
5699	0.000045416890773	0.000042409780691	0.000045416890773
5700	0.000019480539583	0.000019452367441	0.000019480539583
5701	0.000274278690559	0.000272384286368	0.000274278690559
5702	0.000075927985691	0.000071942269361	0.000075927985691
5703	0.000136875809224	0.000135040936664	0.000136875809224
5704	0.000034123629740	0.000034074281222	0.000034123629740
5705	0.000292861803130	0.000292438275620	0.000292861803130
5706	0.000034123629740	0.000034074281222	0.000034123629740
5707	0.000034123629740	0.000034074281222	0.000034123629740
5708	0.000034123629740	0.000034074281222	0.000034123629740
5709	0.000034123629740	0.000034074281222	0.000034123629740
5710	0.000034123629740	0.000034074281222	0.000034123629740
5711	0.000019480539583	0.000019452367441	0.000019480539583
5712	0.000019480539583	0.000019452367441	0.000019480539583
5713	0.000019480539583	0.000019452367441	0.000019480539583
5714	0.000019480539583	0.000019452367441	0.000019480539583
5715	0.000019480539583	0.000019452367441	0.000019480539583
5716	0.000019480539583	0.000019452367441	0.000019480539583
5717	0.000050113688078	0.000050041215241	0.000050113688078
5718	0.000019480539583	0.000019452367441	0.000019480539583
5719	0.000019480539583	0.000019452367441	0.000019480539583
5720	0.000019480539583	0.000019452367441	0.000019480539583
5721	0.000019480539583	0.000019452367441	0.000019480539583
5722	0.000019480539583	0.000019452367441	0.000019480539583
5723	0.000019480539583	0.000019452367441	0.000019480539583
5724	0.000019480539583	0.000019452367441	0.000019480539583
5725	0.000019480539583	0.000019452367441	0.000019480539583
5726	0.000019480539583	0.000019452367441	0.000019480539583
5727	0.000019480539583	0.000019452367441	0.000019480539583
5728	0.000019480539583	0.000019452367441	0.000019480539583
5729	0.000019480539583	0.000019452367441	0.000019480539583
5730	0.000019480539583	0.000019452367441	0.000019480539583
5731	0.000019480539583	0.000019452367441	0.000019480539583
5732	0.000019480539583	0.000019452367441	0.000019480539583
5733	0.000019480539583	0.000019452367441	0.000019480539583
5734	0.000019480539583	0.000019452367441	0.000019480539583
5735	0.000019480539583	0.000019452367441	0.000019480539583
5736	0.000019480539583	0.000019452367441	0.000019480539583
5737	0.000019480539583	0.000019452367441	0.000019480539583
5738	0.000019480539583	0.000019452367441	0.000019480539583
5739	0.000019480539583	0.000019452367441	0.000019480539583
5740	0.000019480539583	0.000019452367441	0.000019480539583
5741	0.000019480539583	0.000019452367441	0.000019480539583
5742	0.000019480539583	0.000019452367441	0.000019480539583
5743	0.000019480539583	0.000019452367441	0.000019480539583
5744	0.000433442005726	0.000432815175558	0.000433442005726
5745	0.000019480539583	0.000019452367441	0.000019480539583
5746	0.000019480539583	0.000019452367441	0.000019480539583
5747	0.000019480539583	0.000019452367441	0.000019480539583
5748	0.000019480539583	0.000019452367441	0.000019480539583
5749	0.000019480539583	0.000019452367441	0.000019480539583
5750	0.000019480539583	0.000019452367441	0.000019480539583
5751	0.000019480539583	0.000019452367441	0.000019480539583
5752	0.000019480539583	0.000019452367441	0.000019480539583
5753	0.000019480539583	0.000019452367441	0.000019480539583
5754	0.000019480539583	0.000019452367441	0.000019480539583
5755	0.000019480539583	0.000019452367441	0.000019480539583
5756	0.000019480539583	0.000019452367441	0.000019480539583
5757	0.000019480539583	0.000019452367441	0.000019480539583
5758	0.000019480539583	0.000019452367441	0.000019480539583
5759	0.000019480539583	0.000019452367441	0.000019480539583
5760	0.000019480539583	0.000019452367441	0.000019480539583
5761	0.000019480539583	0.000019452367441	0.000019480539583
5762	0.000019480539583	0.000019452367441	0.000019480539583
5763	0.000019480539583	0.000019452367441	0.000019480539583
5764	0.000019480539583	0.000019452367441	0.000019480539583
5765	0.000019480539583	0.000019452367441	0.000019480539583
5766	0.000019480539583	0.000019452367441	0.000019480539583
5767	0.000019480539583	0.000019452367441	0.000019480539583
5768	0.000019480539583	0.000019452367441	0.000019480539583
5769	0.000140059213509	0.000148084835511	0.000140059213509
5770	0.000019480539583	0.000019452367441	0.000019480539583
5771	0.000433442005726	0.000432815175558	0.000433442005726
5772	0.000019480539583	0.000019452367441	0.000019480539583
5773	0.000019480539583	0.000019452367441	0.000019480539583
5774	0.000019480539583	0.000019452367441	0.000019480539583
5775	0.000019480539583	0.000019452367441	0.000019480539583
5776	0.000019480539583	0.000019452367441	0.000019480539583
5777	0.000019480539583	0.000019452367441	0.000019480539583
5778	0.000019480539583	0.000019452367441	0.000019480539583
5779	0.000019480539583	0.000019452367441	0.000019480539583
5780	0.000019480539583	0.000019452367441	0.000019480539583
5781	0.000019480539583	0.000019452367441	0.000019480539583
5782	0.000019480539583	0.000019452367441	0.000019480539583
5783	0.000019480539583	0.000019452367441	0.000019480539583
5784	0.000019480539583	0.000019452367441	0.000019480539583
5785	0.000019480539583	0.000019452367441	0.000019480539583
5786	0.000019480539583	0.000019452367441	0.000019480539583
5787	0.000019480539583	0.000019452367441	0.000019480539583
5788	0.000019480539583	0.000019452367441	0.000019480539583
5789	0.000019480539583	0.000019452367441	0.000019480539583
5790	0.000019480539583	0.000019452367441	0.000019480539583
5791	0.000019480539583	0.000019452367441	0.000019480539583
5792	0.000019480539583	0.000019452367441	0.000019480539583
5793	0.000019480539583	0.000019452367441	0.000019480539583
5794	0.000019480539583	0.000019452367441	0.000019480539583
5795	0.000019480539583	0.000019452367441	0.000019480539583
5796	0.000042265110651	0.000042203988180	0.000042265110651
5797	0.000019480539583	0.000019452367441	0.000019480539583
5798	0.000433442005726	0.000432815175558	0.000433442005726
5799	0.000019480539583	0.000019452367441	0.000019480539583
5800	0.000019480539583	0.000019452367441	0.000019480539583
5801	0.000019480539583	0.000019452367441	0.000019480539583
5802	0.000019480539583	0.000019452367441	0.000019480539583
5803	0.000019480539583	0.000019452367441	0.000019480539583
5804	0.000019480539583	0.000019452367441	0.000019480539583
5805	0.000019480539583	0.000019452367441	0.000019480539583
5806	0.000019480539583	0.000019452367441	0.000019480539583
5807	0.000019480539583	0.000019452367441	0.000019480539583
5808	0.000019480539583	0.000019452367441	0.000019480539583
5809	0.000019480539583	0.000019452367441	0.000019480539583
5810	0.000019480539583	0.000019452367441	0.000019480539583
5811	0.000019480539583	0.000019452367441	0.000019480539583
5812	0.000019480539583	0.000019452367441	0.000019480539583
5813	0.000019480539583	0.000019452367441	0.000019480539583
5814	0.000019480539583	0.000019452367441	0.000019480539583
5815	0.000019480539583	0.000019452367441	0.000019480539583
5816	0.000019480539583	0.000019452367441	0.000019480539583
5817	0.000019480539583	0.000019452367441	0.000019480539583
5818	0.000019480539583	0.000019452367441	0.000019480539583
5819	0.000019480539583	0.000019452367441	0.000019480539583
5820	0.000019480539583	0.000019452367441	0.000019480539583
5821	0.000019480539583	0.000019452367441	0.000019480539583
5822	0.000019480539583	0.000019452367441	0.000019480539583
5823	0.000115003979751	0.000116840538740	0.000115003979751
5824	0.000106459838506	0.000103501107359	0.000106459838506
5825	0.000040785531955	0.000038447236688	0.000040785531955
5826	0.000077269024166	0.000077157280139	0.000077269024166
5827	0.000019480539583	0.000019452367441	0.000019480539583
5828	0.000052429339253	0.000050722457959	0.000052429339253
5829	0.000079079011847	0.000077731994239	0.000079079011847
5830	0.000019480539583	0.000019452367441	0.000019480539583
5831	0.000019480539583	0.000019452367441	0.000019480539583
5832	0.000019480539583	0.000019452367441	0.000019480539583
5833	0.000019480539583	0.000019452367441	0.000019480539583
5834	0.000019480539583	0.000019452367441	0.000019480539583
5835	0.000019480539583	0.000019452367441	0.000019480539583
5836	0.000019480539583	0.000019452367441	0.000019480539583
5837	0.000019480539583	0.000019452367441	0.000019480539583
5838	0.000019480539583	0.000019452367441	0.000019480539583
5839	0.000019480539583	0.000019452367441	0.000019480539583
5840	0.000019480539583	0.000019452367441	0.000019480539583
5841	0.000019480539583	0.000019452367441	0.000019480539583
5842	0.000019480539583	0.000019452367441	0.000019480539583
5843	0.000019480539583	0.000019452367441	0.000019480539583
5844	0.000019480539583	0.000019452367441	0.000019480539583
5845	0.000019480539583	0.000019452367441	0.000019480539583
5846	0.000019480539583	0.000019452367441	0.000019480539583
5847	0.000019480539583	0.000019452367441	0.000019480539583
5848	0.000019480539583	0.000019452367441	0.000019480539583
5849	0.000019480539583	0.000019452367441	0.000019480539583
5850	0.000019480539583	0.000019452367441	0.000019480539583
5851	0.000019480539583	0.000019452367441	0.000019480539583
5852	0.000019480539583	0.000019452367441	0.000019480539583
5853	0.000019480539583	0.000019452367441	0.000019480539583
5854	0.000019480539583	0.000019452367441	0.000019480539583
5855	0.000019480539583	0.000019452367441	0.000019480539583
5856	0.000019480539583	0.000019452367441	0.000019480539583
5857	0.000019480539583	0.000019452367441	0.000019480539583
5858	0.000019480539583	0.000019452367441	0.000019480539583
5859	0.000019480539583	0.000019452367441	0.000019480539583
5860	0.000019480539583	0.000019452367441	0.000019480539583
5861	0.000019480539583	0.000019452367441	0.000019480539583
5862	0.000019480539583	0.000019452367441	0.000019480539583
5863	0.000019480539583	0.000019452367441	0.000019480539583
5864	0.000019480539583	0.000019452367441	0.000019480539583
5865	0.000019480539583	0.000019452367441	0.000019480539583
5866	0.000019480539583	0.000019452367441	0.000019480539583
5867	0.000019480539583	0.000019452367441	0.000019480539583
5868	0.000019480539583	0.000019452367441	0.000019480539583
5869	0.000019480539583	0.000019452367441	0.000019480539583
5870	0.000019480539583	0.000019452367441	0.000019480539583
5871	0.000019480539583	0.000019452367441	0.000019480539583
5872	0.000019480539583	0.000019452367441	0.000019480539583
5873	0.000019480539583	0.000019452367441	0.000019480539583
5874	0.000019480539583	0.000019452367441	0.000019480539583
5875	0.000019480539583	0.000019452367441	0.000019480539583
5876	0.000019480539583	0.000019452367441	0.000019480539583
5877	0.000019480539583	0.000019452367441	0.000019480539583
5878	0.000019480539583	0.000019452367441	0.000019480539583
5879	0.000019480539583	0.000019452367441	0.000019480539583
5880	0.000019480539583	0.000019452367441	0.000019480539583
5881	0.000019480539583	0.000019452367441	0.000019480539583
5882	0.000019480539583	0.000019452367441	0.000019480539583
5883	0.000019480539583	0.000019452367441	0.000019480539583
5884	0.000019480539583	0.000019452367441	0.000019480539583
5885	0.000019480539583	0.000019452367441	0.000019480539583
5886	0.000019480539583	0.000019452367441	0.000019480539583
5887	0.000019480539583	0.000019452367441	0.000019480539583
5888	0.000019480539583	0.000019452367441	0.000019480539583
5889	0.000019480539583	0.000019452367441	0.000019480539583
5890	0.000019480539583	0.000019452367441	0.000019480539583
5891	0.000019480539583	0.000019452367441	0.000019480539583
5892	0.000019480539583	0.000019452367441	0.000019480539583
5893	0.000019480539583	0.000019452367441	0.000019480539583
5894	0.000019480539583	0.000019452367441	0.000019480539583
5895	0.000019480539583	0.000019452367441	0.000019480539583
5896	0.000019480539583	0.000019452367441	0.000019480539583
5897	0.000019480539583	0.000019452367441	0.000019480539583
5898	0.000019480539583	0.000019452367441	0.000019480539583
5899	0.000019480539583	0.000019452367441	0.000019480539583
5900	0.000019480539583	0.000019452367441	0.000019480539583
5901	0.000019480539583	0.000019452367441	0.000019480539583
5902	0.000019480539583	0.000019452367441	0.000019480539583
5903	0.000019480539583	0.000019452367441	0.000019480539583
5904	0.000019480539583	0.000019452367441	0.000019480539583
5905	0.000019480539583	0.000019452367441	0.000019480539583
5906	0.000019480539583	0.000019452367441	0.000019480539583
5907	0.000019480539583	0.000019452367441	0.000019480539583
5908	0.000019480539583	0.000019452367441	0.000019480539583
5909	0.000019480539583	0.000019452367441	0.000019480539583
5910	0.000019480539583	0.000019452367441	0.000019480539583
5911	0.000019480539583	0.000019452367441	0.000019480539583
5912	0.000019480539583	0.000019452367441	0.000019480539583
5913	0.000019480539583	0.000019452367441	0.000019480539583
5914	0.000019480539583	0.000019452367441	0.000019480539583
5915	0.000019480539583	0.000019452367441	0.000019480539583
5916	0.000019480539583	0.000019452367441	0.000019480539583
5917	0.000019480539583	0.000019452367441	0.000019480539583
5918	0.000019480539583	0.000019452367441	0.000019480539583
5919	0.000019480539583	0.000019452367441	0.000019480539583
5920	0.000041834458755	0.000041773959079	0.000041834458755
5921	0.000032282595588	0.000031832826560	0.000032282595588
5922	0.000077845689336	0.000077681766619	0.000077845689336
5923	0.000051877358706	0.000051857852493	0.000051877358706
5924	0.000307686650582	0.000295086306264	0.000307686650582
5925	0.000041962258681	0.000041901574185	0.000041962258681
5926	0.000070431416814	0.000070329561119	0.000070431416814
5927	0.000019480539583	0.000019452367441	0.000019480539583
5928	0.000052880915243	0.000051182841139	0.000052880915243
5929	0.000019480539583	0.000019452367441	0.000019480539583
5930	0.000433442005726	0.000432815175558	0.000433442005726
5931	0.000019480539583	0.000019452367441	0.000019480539583
5932	0.000019480539583	0.000019452367441	0.000019480539583
5933	0.000019480539583	0.000019452367441	0.000019480539583
5934	0.000019480539583	0.000019452367441	0.000019480539583
5935	0.000019480539583	0.000019452367441	0.000019480539583
5936	0.000019480539583	0.000019452367441	0.000019480539583
5937	0.000019480539583	0.000019452367441	0.000019480539583
5938	0.000019480539583	0.000019452367441	0.000019480539583
5939	0.000019480539583	0.000019452367441	0.000019480539583
5940	0.000019480539583	0.000019452367441	0.000019480539583
5941	0.000019480539583	0.000019452367441	0.000019480539583
5942	0.000019480539583	0.000019452367441	0.000019480539583
5943	0.000019480539583	0.000019452367441	0.000019480539583
5944	0.000019480539583	0.000019452367441	0.000019480539583
5945	0.000019480539583	0.000019452367441	0.000019480539583
5946	0.000019480539583	0.000019452367441	0.000019480539583
5947	0.000019480539583	0.000019452367441	0.000019480539583
5948	0.000019480539583	0.000019452367441	0.000019480539583
5949	0.000019480539583	0.000019452367441	0.000019480539583
5950	0.000019480539583	0.000019452367441	0.000019480539583
5951	0.000019480539583	0.000019452367441	0.000019480539583
5952	0.000019480539583	0.000019452367441	0.000019480539583
5953	0.000019480539583	0.000019452367441	0.000019480539583
5954	0.000019480539583	0.000019452367441	0.000019480539583
5955	0.000063333310171	0.000063179333316	0.000063333310171
5956	0.000019480539583	0.000019452367441	0.000019480539583
5957	0.000250068570002	0.000247283961652	0.000250068570002
5958	0.000043527276420	0.000043045731274	0.000043527276420
5959	0.000019480539583	0.000019452367441	0.000019480539583
5960	0.000037265217987	0.000036941149410	0.000037265217987
5961	0.000019480539583	0.000019452367441	0.000019480539583
5962	0.000019480539583	0.000019452367441	0.000019480539583
5963	0.000019480539583	0.000019452367441	0.000019480539583
5964	0.000433442005726	0.000432815175558	0.000433442005726
5965	0.000019480539583	0.000019452367441	0.000019480539583
5966	0.000019480539583	0.000019452367441	0.000019480539583
5967	0.000019480539583	0.000019452367441	0.000019480539583
5968	0.000019480539583	0.000019452367441	0.000019480539583
5969	0.000019480539583	0.000019452367441	0.000019480539583
5970	0.000019480539583	0.000019452367441	0.000019480539583
5971	0.000019480539583	0.000019452367441	0.000019480539583
5972	0.000019480539583	0.000019452367441	0.000019480539583
5973	0.000019480539583	0.000019452367441	0.000019480539583
5974	0.000019480539583	0.000019452367441	0.000019480539583
5975	0.000019480539583	0.000019452367441	0.000019480539583
5976	0.000019480539583	0.000019452367441	0.000019480539583
5977	0.000019480539583	0.000019452367441	0.000019480539583
5978	0.000019480539583	0.000019452367441	0.000019480539583
5979	0.000019480539583	0.000019452367441	0.000019480539583
5980	0.000019480539583	0.000019452367441	0.000019480539583
5981	0.000019480539583	0.000019452367441	0.000019480539583
5982	0.000019480539583	0.000019452367441	0.000019480539583
5983	0.000019480539583	0.000019452367441	0.000019480539583
5984	0.000019480539583	0.000019452367441	0.000019480539583
5985	0.000019480539583	0.000019452367441	0.000019480539583
5986	0.000019480539583	0.000019452367441	0.000019480539583
5987	0.000019480539583	0.000019452367441	0.000019480539583
5988	0.000019480539583	0.000019452367441	0.000019480539583
5989	0.000114675057430	0.000114495960904	0.000114675057430
5990	0.000214540724117	0.000214230462083	0.000214540724117
5991	0.000239879321682	0.000275655932614	0.000239879321682
5992	0.000019480539583	0.000019452367441	0.000019480539583
5993	0.000019480539583	0.000019452367441	0.000019480539583
5994	0.000019480539583	0.000019452367441	0.000019480539583
5995	0.000019480539583	0.000019452367441	0.000019480539583
5996	0.000061578906025	0.000059495867218	0.000061578906025
5997	0.000019480539583	0.000019452367441	0.000019480539583
5998	0.000019480539583	0.000019452367441	0.000019480539583
5999	0.000036038998229	0.000035986879765	0.000036038998229
6000	0.000019480539583	0.000019452367441	0.000019480539583
6001	0.000051155974872	0.000050852344439	0.000051155974872
6002	0.000019480539583	0.000019452367441	0.000019480539583
6003	0.000098086140180	0.000091998756038	0.000098086140180
6004	0.000034977081832	0.000035291337627	0.000034977081832
6005	0.000034677174208	0.000034627025172	0.000034677174208
6006	0.000034218338622	0.000034168853139	0.000034218338622
6007	0.000077005350810	0.000076893988098	0.000077005350810
6008	0.000036218346270	0.000036610276061	0.000036218346270
6009	0.000019480539583	0.000019452367441	0.000019480539583
6010	0.000051984250590	0.000059779011469	0.000051984250590
6011	0.000043142524608	0.000043403833315	0.000043142524608
6012	0.000019480539583	0.000019452367441	0.000019480539583
6013	0.000038219853030	0.000037741883498	0.000038219853030
6014	0.000019480539583	0.000019452367441	0.000019480539583
6015	0.000043297122602	0.000037288972611	0.000043297122602
6016	0.000062073352810	0.000066378694266	0.000062073352810
6017	0.000019480539583	0.000019452367441	0.000019480539583
6018	0.000019480539583	0.000019452367441	0.000019480539583
6019	0.000019480539583	0.000019452367441	0.000019480539583
6020	0.000019480539583	0.000019452367441	0.000019480539583
6021	0.000050385478979	0.000050312613087	0.000050385478979
6022	0.000059605512097	0.000057546447436	0.000059605512097
6023	0.000072112148510	0.000060576153929	0.000072112148510
6024	0.000169941597423	0.000179809809960	0.000169941597423
6025	0.000019480539583	0.000019452367441	0.000019480539583
6026	0.000037877598331	0.000037799508305	0.000037877598331
6027	0.000035578518874	0.000035517158470	0.000035578518874
6028	0.000046523753534	0.000048519570382	0.000046523753534
6029	0.000083598436322	0.000082976248163	0.000083598436322
6030	0.000141106819417	0.000126142416778	0.000141106819417
6031	0.000023964117877	0.000023929461725	0.000023964117877
6032	0.000050067937296	0.000049293178121	0.000050067937296
6033	0.000036039779838	0.000035696969264	0.000036039779838
6034	0.000019480539583	0.000019452367441	0.000019480539583
6035	0.000073660368288	0.000072890668427	0.000073660368288
6036	0.000061139061082	0.000057124622386	0.000061139061082
6037	0.000074559001645	0.000068134963292	0.000074559001645
6038	0.000019480539583	0.000019452367441	0.000019480539583
6039	0.000036038998229	0.000035986879765	0.000036038998229
6040	0.000019480539583	0.000019452367441	0.000019480539583
6041	0.000138736475739	0.000137693146095	0.000138736475739
6042	0.000096995567367	0.000096855295435	0.000096995567367
6043	0.000036880870853	0.000036803553476	0.000036880870853
6044	0.000044202134985	0.000043558615343	0.000044202134985
6045	0.000019480539583	0.000019452367441	0.000019480539583
6046	0.000036038998229	0.000035986879765	0.000036038998229
6047	0.000080172576430	0.000080056182189	0.000080172576430
6048	0.000062819439811	0.000060318894318	0.000062819439811
6049	0.000019480539583	0.000019452367441	0.000019480539583
6050	0.000111527412892	0.000111209356637	0.000111527412892
6051	0.000034797113830	0.000034746791341	0.000034797113830
6052	0.000131354421609	0.000127501202172	0.000131354421609
6053	0.000035850833926	0.000035798987580	0.000035850833926
6054	0.000036880870853	0.000036803553476	0.000036880870853
6055	0.000019480539583	0.000019452367441	0.000019480539583
6056	0.000068568125632	0.000067612203151	0.000068568125632
6057	0.000019480539583	0.000019452367441	0.000019480539583
6058	0.000019480539583	0.000019452367441	0.000019480539583
6059	0.000153768774959	0.000126734618489	0.000153768774959
6060	0.000019480539583	0.000019452367441	0.000019480539583
6061	0.000036038998229	0.000035986879765	0.000036038998229
6062	0.000077171714819	0.000077060111517	0.000077171714819
6063	0.000037956272250	0.000038088234257	0.000037956272250
6064	0.000019480539583	0.000019452367441	0.000019480539583
6065	0.000036038998229	0.000035986879765	0.000036038998229
6066	0.000019480539583	0.000019452367441	0.000019480539583
6067	0.000036038998229	0.000035986879765	0.000036038998229
6068	0.000038930364875	0.000037454868985	0.000038930364875
6069	0.000019480539583	0.000019452367441	0.000019480539583
6070	0.000019480539583	0.000019452367441	0.000019480539583
6071	0.000019480539583	0.000019452367441	0.000019480539583
6072	0.000051984250590	0.000059779011469	0.000051984250590
6073	0.000050113688078	0.000050041215241	0.000050113688078
6074	0.000019480539583	0.000019452367441	0.000019480539583
6075	0.000036038998229	0.000035986879765	0.000036038998229
6076	0.000071130526430	0.000067780530269	0.000071130526430
6077	0.000041152639869	0.000041093126219	0.000041152639869
6078	0.000019480539583	0.000019452367441	0.000019480539583
6079	0.000036038998229	0.000035986879765	0.000036038998229
6080	0.000038930364875	0.000037454868985	0.000038930364875
6081	0.000094356557951	0.000093712612002	0.000094356557951
6082	0.000019480539583	0.000019452367441	0.000019480539583
6083	0.000160311670610	0.000155945830513	0.000160311670610
6084	0.000019480539583	0.000019452367441	0.000019480539583
6085	0.000052597456875	0.000052521392090	0.000052597456875
6086	0.000019480539583	0.000019452367441	0.000019480539583
6087	0.000081410710777	0.000081259041610	0.000081410710777
6088	0.000019480539583	0.000019452367441	0.000019480539583
6089	0.000117331516752	0.000087943276782	0.000117331516752
6090	0.000178274205444	0.000198284499472	0.000178274205444
6091	0.000023964117877	0.000023929461725	0.000023964117877
6092	0.000034051983191	0.000034002738287	0.000034051983191
6093	0.000019480539583	0.000019452367441	0.000019480539583
6094	0.000269075702878	0.000264321537142	0.000269075702878
6095	0.000019480539583	0.000019452367441	0.000019480539583
6096	0.000036038998229	0.000035986879765	0.000036038998229
6097	0.000106507852828	0.000107124463000	0.000106507852828
6098	0.000019480539583	0.000019452367441	0.000019480539583
6099	0.000053805633813	0.000055279454018	0.000053805633813
6100	0.000064632345046	0.000064472942047	0.000064632345046
6101	0.000039803603964	0.000050705721070	0.000039803603964
6102	0.000255538135999	0.000255806342649	0.000255538135999
6103	0.000019480539583	0.000019452367441	0.000019480539583
6104	0.000055488823520	0.000053989381310	0.000055488823520
6105	0.000096029305405	0.000095162756498	0.000096029305405
6106	0.000019480539583	0.000019452367441	0.000019480539583
6107	0.000036038998229	0.000035986879765	0.000036038998229
6108	0.000019480539583	0.000019452367441	0.000019480539583
6109	0.000054080091663	0.000053987460125	0.000054080091663
6110	0.000094720294420	0.000091520591847	0.000094720294420
6111	0.000019480539583	0.000019452367441	0.000019480539583
6112	0.000036038998229	0.000035986879765	0.000036038998229
6113	0.000063667152584	0.000070264527190	0.000063667152584
6114	0.000233644109798	0.000253551257000	0.000233644109798
6115	0.000046357000342	0.000046390951268	0.000046357000342
6116	0.000034123629740	0.000034074281222	0.000034123629740
6117	0.000048566649043	0.000048148566482	0.000048566649043
6118	0.000019480539583	0.000019452367441	0.000019480539583
6119	0.000034123629740	0.000034074281222	0.000034123629740
6120	0.000035030138859	0.000037311491325	0.000035030138859
6121	0.000019480539583	0.000019452367441	0.000019480539583
6122	0.000019480539583	0.000019452367441	0.000019480539583
6123	0.000086574394109	0.000086339486420	0.000086574394109
6124	0.000019480539583	0.000019452367441	0.000019480539583
6125	0.000019480539583	0.000019452367441	0.000019480539583
6126	0.000019480539583	0.000019452367441	0.000019480539583
6127	0.000105136143941	0.000105685523528	0.000105136143941
6128	0.000032139007792	0.000035599795802	0.000032139007792
6129	0.000032282595588	0.000031832826560	0.000032282595588
6130	0.000043293037988	0.000043014745511	0.000043293037988
6131	0.000122755687400	0.000121126623737	0.000122755687400
6132	0.000032282595588	0.000031832826560	0.000032282595588
6133	0.000065601821852	0.000061439770531	0.000065601821852
6134	0.000088191965309	0.000085813173907	0.000088191965309
6135	0.000070268573809	0.000069648045625	0.000070268573809
6136	0.000080870892368	0.000079533172864	0.000080870892368
6137	0.000080026967572	0.000078729114350	0.000080026967572
6138	0.000101816079449	0.000101448793006	0.000101816079449
6139	0.000058524540939	0.000057020708570	0.000058524540939
6140	0.000230520550457	0.000216783564354	0.000230520550457
6141	0.000085714374166	0.000085590416739	0.000085714374166
6142	0.000032282595588	0.000031832826560	0.000032282595588
6143	0.000041246854622	0.000040908523026	0.000041246854622
6144	0.000019480539583	0.000019452367441	0.000019480539583
6145	0.000074929406477	0.000074683619179	0.000074929406477
6146	0.000050113688078	0.000050041215241	0.000050113688078
6147	0.000034654740326	0.000034562281398	0.000034654740326
6148	0.000034654740326	0.000034562281398	0.000034654740326
6149	0.000041229720355	0.000041194173554	0.000041229720355
6150	0.000037956272250	0.000038088234257	0.000037956272250
6151	0.000036880870853	0.000036803553476	0.000036880870853
6152	0.000039572035902	0.000038318292317	0.000039572035902
6153	0.000041674112233	0.000041229896267	0.000041674112233
6154	0.000055163210747	0.000054894459311	0.000055163210747
6155	0.000045833012729	0.000045668638294	0.000045833012729
6156	0.000168512221058	0.000166455421551	0.000168512221058
6157	0.000046222591361	0.000046020438559	0.000046222591361
6158	0.000036311838107	0.000037550797697	0.000036311838107
6159	0.000065159727285	0.000066294622382	0.000065159727285
6160	0.000049729438396	0.000047066964375	0.000049729438396
6161	0.000079941487049	0.000077065818170	0.000079941487049
6162	0.000074951494643	0.000073129888050	0.000074951494643
6163	0.000076151864298	0.000076041735872	0.000076151864298
6164	0.000056162472576	0.000055375992684	0.000056162472576
6165	0.000046949286228	0.000046853367811	0.000046949286228
6166	0.000038585758063	0.000038529956556	0.000038585758063
6167	0.000081631007086	0.000081996558359	0.000081631007086
6168	0.000075266735984	0.000075314927733	0.000075266735984
6169	0.000053479097605	0.000050805163327	0.000053479097605
6170	0.000019480539583	0.000019452367441	0.000019480539583
6171	0.000036038998229	0.000035986879765	0.000036038998229
6172	0.000038269561650	0.000037206262807	0.000038269561650
6173	0.000050113688078	0.000050041215241	0.000050113688078
6174	0.000050113688078	0.000050041215241	0.000050113688078
6175	0.000019480539583	0.000019452367441	0.000019480539583
6176	0.000044626312532	0.000043121851333	0.000044626312532
6177	0.000044626312532	0.000043121851333	0.000044626312532
6178	0.000044626312532	0.000043121851333	0.000044626312532
6179	0.000019480539583	0.000019452367441	0.000019480539583
6180	0.000085122797492	0.000084999695585	0.000085122797492
6181	0.000019480539583	0.000019452367441	0.000019480539583
6182	0.000019480539583	0.000019452367441	0.000019480539583
6183	0.000019480539583	0.000019452367441	0.000019480539583
6184	0.000019480539583	0.000019452367441	0.000019480539583
6185	0.000094551182605	0.000093460784197	0.000094551182605
6186	0.000019480539583	0.000019452367441	0.000019480539583
6187	0.000079024206082	0.000078616083216	0.000079024206082
6188	0.000019480539583	0.000019452367441	0.000019480539583
6189	0.000036038998229	0.000035986879765	0.000036038998229
6190	0.000019480539583	0.000019452367441	0.000019480539583
6191	0.000019480539583	0.000019452367441	0.000019480539583
6192	0.000062788179961	0.000059002943339	0.000062788179961
6193	0.000119563499703	0.000133721862108	0.000119563499703
6194	0.000019480539583	0.000019452367441	0.000019480539583
6195	0.000046229721315	0.000042468431014	0.000046229721315
6196	0.000059716340238	0.000059484010131	0.000059716340238
6197	0.000019480539583	0.000019452367441	0.000019480539583
6198	0.000019480539583	0.000019452367441	0.000019480539583
6199	0.000019480539583	0.000019452367441	0.000019480539583
6200	0.000019480539583	0.000019452367441	0.000019480539583
6201	0.000079730855460	0.000075301459730	0.000079730855460
6202	0.000038930364875	0.000037454868985	0.000038930364875
6203	0.000142205319008	0.000210102970233	0.000142205319008
6204	0.000038930364875	0.000037454868985	0.000038930364875
6205	0.000045080870609	0.000043097122565	0.000045080870609
6206	0.000297684463512	0.000299913449821	0.000297684463512
6207	0.000054956120912	0.000053601625533	0.000054956120912
6208	0.000050113688078	0.000050041215241	0.000050113688078
6209	0.000019480539583	0.000019452367441	0.000019480539583
6210	0.000033879199275	0.000033830204245	0.000033879199275
6211	0.000019480539583	0.000019452367441	0.000019480539583
6212	0.000065264677739	0.000065170294019	0.000065264677739
6213	0.000019480539583	0.000019452367441	0.000019480539583
6214	0.000053961991845	0.000051807735553	0.000053961991845
6215	0.000019480539583	0.000019452367441	0.000019480539583
6216	0.000036038998229	0.000035986879765	0.000036038998229
6217	0.000019480539583	0.000019452367441	0.000019480539583
6218	0.000059723507827	0.000055853096324	0.000059723507827
6219	0.000082501298727	0.000078552069596	0.000082501298727
6220	0.000034677174208	0.000034627025172	0.000034677174208
6221	0.000019480539583	0.000019452367441	0.000019480539583
6222	0.000058513387207	0.000057739587249	0.000058513387207
6223	0.000019480539583	0.000019452367441	0.000019480539583
6224	0.000019480539583	0.000019452367441	0.000019480539583
6225	0.000019480539583	0.000019452367441	0.000019480539583
6226	0.000019480539583	0.000019452367441	0.000019480539583
6227	0.000019480539583	0.000019452367441	0.000019480539583
6228	0.000019480539583	0.000019452367441	0.000019480539583
6229	0.000019480539583	0.000019452367441	0.000019480539583
6230	0.000019480539583	0.000019452367441	0.000019480539583
6231	0.000019480539583	0.000019452367441	0.000019480539583
6232	0.000148193707510	0.000145732094042	0.000148193707510
6233	0.000019480539583	0.000019452367441	0.000019480539583
6234	0.000019480539583	0.000019452367441	0.000019480539583
6235	0.000036038998229	0.000035986879765	0.000036038998229
6236	0.000043500214881	0.000043391429138	0.000043500214881
6237	0.000019480539583	0.000019452367441	0.000019480539583
6238	0.000071014530340	0.000068063788025	0.000071014530340
6239	0.000019480539583	0.000019452367441	0.000019480539583
6240	0.000036038998229	0.000035986879765	0.000036038998229
6241	0.000019480539583	0.000019452367441	0.000019480539583
6242	0.000235378420591	0.000227641057526	0.000235378420591
6243	0.000034677174208	0.000034627025172	0.000034677174208
6244	0.000111318342792	0.000110498812056	0.000111318342792
6245	0.000019480539583	0.000019452367441	0.000019480539583
6246	0.000019480539583	0.000019452367441	0.000019480539583
6247	0.000036038998229	0.000035986879765	0.000036038998229
6248	0.000023546680509	0.000023405532864	0.000023546680509
6249	0.000094012760026	0.000093870856470	0.000094012760026
6250	0.000019480539583	0.000019452367441	0.000019480539583
6251	0.000019480539583	0.000019452367441	0.000019480539583
6252	0.000019480539583	0.000019452367441	0.000019480539583
6253	0.000129888494913	0.000129163043793	0.000129888494913
6254	0.000080516832377	0.000075432360915	0.000080516832377
6255	0.000038899095631	0.000038842840985	0.000038899095631
6256	0.000038899095631	0.000038842840985	0.000038899095631
6257	0.000019480539583	0.000019452367441	0.000019480539583
6258	0.000019480539583	0.000019452367441	0.000019480539583
6259	0.000019480539583	0.000019452367441	0.000019480539583
6260	0.000036038998229	0.000035986879765	0.000036038998229
6261	0.000036218346270	0.000036610276061	0.000036218346270
6262	0.000038899095631	0.000038842840985	0.000038899095631
6263	0.000037956272250	0.000038088234257	0.000037956272250
6264	0.000019480539583	0.000019452367441	0.000019480539583
6265	0.000019480539583	0.000019452367441	0.000019480539583
6266	0.000019480539583	0.000019452367441	0.000019480539583
6267	0.000046523753534	0.000048519570382	0.000046523753534
6268	0.000080836838715	0.000080719935026	0.000080836838715
6269	0.000067241884476	0.000067139103497	0.000067241884476
6270	0.000019480539583	0.000019452367441	0.000019480539583
6271	0.000036038998229	0.000035986879765	0.000036038998229
6272	0.000882540123495	0.000954733877289	0.000882540123495
6273	0.000019480539583	0.000019452367441	0.000019480539583
6274	0.000019480539583	0.000019452367441	0.000019480539583
6275	0.000036038998229	0.000035986879765	0.000036038998229
6276	0.000019480539583	0.000019452367441	0.000019480539583
6277	0.000019480539583	0.000019452367441	0.000019480539583
6278	0.000019480539583	0.000019452367441	0.000019480539583
6279	0.000019480539583	0.000019452367441	0.000019480539583
6280	0.000034677174208	0.000034627025172	0.000034677174208
6281	0.000019480539583	0.000019452367441	0.000019480539583
6282	0.000019480539583	0.000019452367441	0.000019480539583
6283	0.000019480539583	0.000019452367441	0.000019480539583
6284	0.000019480539583	0.000019452367441	0.000019480539583
6285	0.000019480539583	0.000019452367441	0.000019480539583
6286	0.000019480539583	0.000019452367441	0.000019480539583
6287	0.000019480539583	0.000019452367441	0.000019480539583
6288	0.000019480539583	0.000019452367441	0.000019480539583
6289	0.000019480539583	0.000019452367441	0.000019480539583
6290	0.000019480539583	0.000019452367441	0.000019480539583
6291	0.000038290367606	0.000037911154907	0.000038290367606
6292	0.000052641031766	0.000052241065588	0.000052641031766
6293	0.000035597782205	0.000049204215311	0.000035597782205
6294	0.000035597782205	0.000034328291376	0.000035597782205
6295	0.000081653606028	0.000079628655500	0.000081653606028
6296	0.000048688018371	0.000048626421008	0.000048688018371
6297	0.000035030138859	0.000037311491325	0.000035030138859
6298	0.000019480539583	0.000019452367441	0.000019480539583
6299	0.000019480539583	0.000019452367441	0.000019480539583
6300	0.000036039779838	0.000035696969264	0.000036039779838
6301	0.000038219853030	0.000037741883498	0.000038219853030
6302	0.000050048270329	0.000050222207286	0.000050048270329
6303	0.000037023741242	0.000038772622053	0.000037023741242
6304	0.000077763446370	0.000076922740119	0.000077763446370
6305	0.000019480539583	0.000019452367441	0.000019480539583
6306	0.000036038998229	0.000035986879765	0.000036038998229
6307	0.000046523753534	0.000048519570382	0.000046523753534
6308	0.000019480539583	0.000019452367441	0.000019480539583
6309	0.000057206846088	0.000056959386522	0.000057206846088
6310	0.000065809108171	0.000065552191530	0.000065809108171
6311	0.000039479360885	0.000039166063445	0.000039479360885
6312	0.000103517987639	0.000103455372357	0.000103517987639
6313	0.000059591934972	0.000059288626774	0.000059591934972
6314	0.000043033476327	0.000042754114449	0.000043033476327
6315	0.000019480539583	0.000019452367441	0.000019480539583
6316	0.000070639942340	0.000078356815498	0.000070639942340
6317	0.000075774240889	0.000075664658570	0.000075774240889
6318	0.000019480539583	0.000019452367441	0.000019480539583
6319	0.000036038998229	0.000035986879765	0.000036038998229
6320	0.000031441356831	0.000030732712774	0.000031441356831
6321	0.000053782787419	0.000053190886523	0.000053782787419
6322	0.000019480539583	0.000019452367441	0.000019480539583
6323	0.000036038998229	0.000035986879765	0.000036038998229
6324	0.000019480539583	0.000019452367441	0.000019480539583
6325	0.000019480539583	0.000019452367441	0.000019480539583
6326	0.000036038998229	0.000035986879765	0.000036038998229
6327	0.000258296232956	0.000327785803301	0.000258296232956
6328	0.000038290367606	0.000037911154907	0.000038290367606
6329	0.000038290367606	0.000037911154907	0.000038290367606
6330	0.000053555742614	0.000053296665927	0.000053555742614
6331	0.000029443813038	0.000028757853449	0.000029443813038
6332	0.000079495404468	0.000084821341698	0.000079495404468
6333	0.000019480539583	0.000019452367441	0.000019480539583
6334	0.000047999815477	0.000047267225098	0.000047999815477
6335	0.000019480539583	0.000019452367441	0.000019480539583
6336	0.000034383152364	0.000034333428533	0.000034383152364
6337	0.000019480539583	0.000019452367441	0.000019480539583
6338	0.000019480539583	0.000019452367441	0.000019480539583
6339	0.000019480539583	0.000019452367441	0.000019480539583
6340	0.000181058674323	0.000180763338172	0.000181058674323
6341	0.000036415326834	0.000035883539063	0.000036415326834
6342	0.000019480539583	0.000019452367441	0.000019480539583
6343	0.000165092038059	0.000177421195237	0.000165092038059
6344	0.000126727751622	0.000126727267888	0.000126727751622
6345	0.000035646092452	0.000035578950328	0.000035646092452
6346	0.000019480539583	0.000019452367441	0.000019480539583
6347	0.000070829009779	0.000069998371617	0.000070829009779
6348	0.000019480539583	0.000019452367441	0.000019480539583
6349	0.000113253290815	0.000109914896282	0.000113253290815
6350	0.000019480539583	0.000019452367441	0.000019480539583
6351	0.000056130494548	0.000054852804641	0.000056130494548
6352	0.000031441356831	0.000030732712774	0.000031441356831
6353	0.000080474041848	0.000079424208527	0.000080474041848
6354	0.000019480539583	0.000019452367441	0.000019480539583
6355	0.000036038998229	0.000035986879765	0.000036038998229
6356	0.000034977081832	0.000035291337627	0.000034977081832
6357	0.000052597456875	0.000052521392090	0.000052597456875
6358	0.000019480539583	0.000019452367441	0.000019480539583
6359	0.000050113688078	0.000050041215241	0.000050113688078
6360	0.000049256157613	0.000051167135067	0.000049256157613
6361	0.000019480539583	0.000019452367441	0.000019480539583
6362	0.000036038998229	0.000035986879765	0.000036038998229
6363	0.000039527429919	0.000038303369435	0.000039527429919
6364	0.000044065737373	0.000044108957030	0.000044065737373
6365	0.000036218346270	0.000036610276061	0.000036218346270
6366	0.000046566491928	0.000040468759151	0.000046566491928
6367	0.000053746650220	0.000053734152925	0.000053746650220
6368	0.000056382488830	0.000055409798839	0.000056382488830
6369	0.000019480539583	0.000019452367441	0.000019480539583
6370	0.000040616519353	0.000040731765503	0.000040616519353
6371	0.000034729262535	0.000034436843579	0.000034729262535
6372	0.000019480539583	0.000019452367441	0.000019480539583
6373	0.000036038998229	0.000035986879765	0.000036038998229
6374	0.000038108805560	0.000038053693806	0.000038108805560
6375	0.000038108805560	0.000038053693806	0.000038108805560
6376	0.000038108805560	0.000038053693806	0.000038108805560
6377	0.000050113688078	0.000050041215241	0.000050113688078
6378	0.000051971805855	0.000043782759133	0.000051971805855
6379	0.000210639685479	0.000209963418253	0.000210639685479
6380	0.000085293369898	0.000084352064583	0.000085293369898
6381	0.000047364843150	0.000042220943865	0.000047364843150
6382	0.000019480539583	0.000019452367441	0.000019480539583
6383	0.000055106259894	0.000054847625896	0.000055106259894
6384	0.000019480539583	0.000019452367441	0.000019480539583
6385	0.000192536257497	0.000186222816504	0.000192536257497
6386	0.000019480539583	0.000019452367441	0.000019480539583
6387	0.000019480539583	0.000019452367441	0.000019480539583
6388	0.000040665121816	0.000040575054783	0.000040665121816
6389	0.000038269561650	0.000037206262807	0.000038269561650
6390	0.000019480539583	0.000019452367441	0.000019480539583
6391	0.000019480539583	0.000019452367441	0.000019480539583
6392	0.000036038998229	0.000035986879765	0.000036038998229
6393	0.000039601323179	0.000038737107381	0.000039601323179
6394	0.000019480539583	0.000019452367441	0.000019480539583
6395	0.000052544770870	0.000052468782278	0.000052544770870
6396	0.000057914138501	0.000057436531925	0.000057914138501
6397	0.000019480539583	0.000019452367441	0.000019480539583
6398	0.000036038998229	0.000035986879765	0.000036038998229
6399	0.000019480539583	0.000019452367441	0.000019480539583
6400	0.000019480539583	0.000019452367441	0.000019480539583
6401	0.000019480539583	0.000019452367441	0.000019480539583
6402	0.000038289767455	0.000038225987525	0.000038289767455
6403	0.000019480539583	0.000019452367441	0.000019480539583
6404	0.000019480539583	0.000019452367441	0.000019480539583
6405	0.000019480539583	0.000019452367441	0.000019480539583
6406	0.000019480539583	0.000019452367441	0.000019480539583
6407	0.000036038998229	0.000035986879765	0.000036038998229
6408	0.000069162229776	0.000072310870590	0.000069162229776
6409	0.000069250070508	0.000069121703286	0.000069250070508
6410	0.000019480539583	0.000019452367441	0.000019480539583
6411	0.000023964117877	0.000023929461725	0.000023964117877
6412	0.000069950793279	0.000069598886145	0.000069950793279
6413	0.000050944139872	0.000050678335818	0.000050944139872
6414	0.000034058678319	0.000034124089952	0.000034058678319
6415	0.000038219853030	0.000037741883498	0.000038219853030
6416	0.000071525377461	0.000073344573134	0.000071525377461
6417	0.000211239613984	0.000209729898653	0.000211239613984
6418	0.000019480539583	0.000019452367441	0.000019480539583
6419	0.000036038998229	0.000035986879765	0.000036038998229
6420	0.000038108805560	0.000038053693806	0.000038108805560
6421	0.000038108805560	0.000038053693806	0.000038108805560
6422	0.000050266051051	0.000048251728433	0.000050266051051
6423	0.000039470949365	0.000038906377253	0.000039470949365
6424	0.000103846518093	0.000106791812487	0.000103846518093
6425	0.000078625583802	0.000078035875303	0.000078625583802
6426	0.000039850039779	0.000039792409907	0.000039850039779
6427	0.000057702502269	0.000073860336308	0.000057702502269
6428	0.000178670479117	0.000174783117727	0.000178670479117
6429	0.000019480539583	0.000019452367441	0.000019480539583
6430	0.000036038998229	0.000035986879765	0.000036038998229
6431	0.000034977081832	0.000035291337627	0.000034977081832
6432	0.000037712555937	0.000037785632861	0.000037712555937
6433	0.000019480539583	0.000019452367441	0.000019480539583
6434	0.000036038998229	0.000035986879765	0.000036038998229
6435	0.000019480539583	0.000019452367441	0.000019480539583
6436	0.000189540385133	0.000189266277802	0.000189540385133
6437	0.000051700211037	0.000051492866676	0.000051700211037
6438	0.000019480539583	0.000019452367441	0.000019480539583
6439	0.000171456354537	0.000169814684451	0.000171456354537
6440	0.000019480539583	0.000019452367441	0.000019480539583
6441	0.000232281125465	0.000224485821273	0.000232281125465
6442	0.000281203107320	0.000268974401668	0.000281203107320
6443	0.000019480539583	0.000019452367441	0.000019480539583
6444	0.000019480539583	0.000019452367441	0.000019480539583
6445	0.000090243552964	0.000088225984454	0.000090243552964
6446	0.000274974986912	0.000321692325443	0.000274974986912
6447	0.000067346399873	0.000063557240852	0.000067346399873
6448	0.000039600944412	0.000038899016383	0.000039600944412
6449	0.000034058678319	0.000034124089952	0.000034058678319
6450	0.000041587414706	0.000038083519523	0.000041587414706
6451	0.000019480539583	0.000019452367441	0.000019480539583
6452	0.000038108805560	0.000038053693806	0.000038108805560
6453	0.000039788173156	0.000039102586902	0.000039788173156
6454	0.000019480539583	0.000019452367441	0.000019480539583
6455	0.000037403533199	0.000035273223228	0.000037403533199
6456	0.000019480539583	0.000019452367441	0.000019480539583
6457	0.000045013034563	0.000043453205160	0.000045013034563
6458	0.000019480539583	0.000019452367441	0.000019480539583
6459	0.000064961844055	0.000064557503827	0.000064961844055
6460	0.000045469775639	0.000045308819575	0.000045469775639
6461	0.000077165520511	0.000076239461307	0.000077165520511
6462	0.000229898793999	0.000226132922760	0.000229898793999
6463	0.000068459536931	0.000067927725107	0.000068459536931
6464	0.000019480539583	0.000019452367441	0.000019480539583
6465	0.000110793032785	0.000110222302775	0.000110793032785
6466	0.000050280994837	0.000050192466674	0.000050280994837
6467	0.000596433217271	0.000605498947831	0.000596433217271
6468	0.000035757650489	0.000035462869052	0.000035757650489
6469	0.000041489473075	0.000040619839334	0.000041489473075
6470	0.000034176171631	0.000034126747129	0.000034176171631
6471	0.000019480539583	0.000019452367441	0.000019480539583
6472	0.000041405693523	0.000042336918992	0.000041405693523
6473	0.000038520933616	0.000037902385646	0.000038520933616
6474	0.000038837386366	0.000036737625351	0.000038837386366
6475	0.000061772323373	0.000062413088661	0.000061772323373
6476	0.000036218346270	0.000036610276061	0.000036218346270
6477	0.000059389229367	0.000057223057149	0.000059389229367
6478	0.000102884978575	0.000103109783814	0.000102884978575
6479	0.000053507111411	0.000053354861784	0.000053507111411
6480	0.000039203954958	0.000038681144347	0.000039203954958
6481	0.000051273542802	0.000049434607185	0.000051273542802
6482	0.000041810791257	0.000041127571810	0.000041810791257
6483	0.000034678694063	0.000034443412427	0.000034678694063
6484	0.000053154426729	0.000053079279243	0.000053154426729
6485	0.000070529049681	0.000064017923658	0.000070529049681
6486	0.000039527429919	0.000038303369435	0.000039527429919
6487	0.001040952381985	0.001106360454734	0.001040952381985
6488	0.000019480539583	0.000019452367441	0.000019480539583
6489	0.000019480539583	0.000019452367441	0.000019480539583
6490	0.000019480539583	0.000019452367441	0.000019480539583
6491	0.000019480539583	0.000019452367441	0.000019480539583
6492	0.000019480539583	0.000019452367441	0.000019480539583
6493	0.000019480539583	0.000019452367441	0.000019480539583
6494	0.000019480539583	0.000019452367441	0.000019480539583
6495	0.000019480539583	0.000019452367441	0.000019480539583
6496	0.000019480539583	0.000019452367441	0.000019480539583
6497	0.000019480539583	0.000019452367441	0.000019480539583
6498	0.000019480539583	0.000019452367441	0.000019480539583
6499	0.000037712092488	0.000054406326495	0.000037712092488
6500	0.000053353073395	0.000053275915862	0.000053353073395
6501	0.000139890176535	0.000138193353560	0.000139890176535
6502	0.000083912529534	0.000083659402819	0.000083912529534
6503	0.000019480539583	0.000019452367441	0.000019480539583
6504	0.000097579731770	0.000095538960610	0.000097579731770
6505	0.000019480539583	0.000019452367441	0.000019480539583
6506	0.000019480539583	0.000019452367441	0.000019480539583
6507	0.000040056776757	0.000038933401753	0.000040056776757
6508	0.000019480539583	0.000019452367441	0.000019480539583
6509	0.000037712092488	0.000036929346968	0.000037712092488
6510	0.000050745284456	0.000051502268020	0.000050745284456
6511	0.000037712092488	0.000036929346968	0.000037712092488
6512	0.000037712092488	0.000036929346968	0.000037712092488
6513	0.000019480539583	0.000019452367441	0.000019480539583
6514	0.000037712092488	0.000036929346968	0.000037712092488
6515	0.000075455865219	0.000074469229309	0.000075455865219
6516	0.000051743370995	0.000051827366559	0.000051743370995
6517	0.000019480539583	0.000019452367441	0.000019480539583
6518	0.000036038998229	0.000035986879765	0.000036038998229
6519	0.000063372645299	0.000062552790296	0.000063372645299
6520	0.000049932751640	0.000052192552417	0.000049932751640
6521	0.000052387032357	0.000051254525455	0.000052387032357
6522	0.000045141092394	0.000045075810769	0.000045141092394
6523	0.000050113688078	0.000050041215241	0.000050113688078
6524	0.000052387032357	0.000051254525455	0.000052387032357
6525	0.000036051515340	0.000035909908244	0.000036051515340
6526	0.000043335999766	0.000042764809413	0.000043335999766
6527	0.000050113688078	0.000050041215241	0.000050113688078
6528	0.000019480539583	0.000019452367441	0.000019480539583
6529	0.000045141092394	0.000045075810769	0.000045141092394
6530	0.000019480539583	0.000019452367441	0.000019480539583
6531	0.000300974336560	0.000300539076960	0.000300974336560
6532	0.000019480539583	0.000019452367441	0.000019480539583
6533	0.000019480539583	0.000019452367441	0.000019480539583
6534	0.000019480539583	0.000019452367441	0.000019480539583
6535	0.000019480539583	0.000019452367441	0.000019480539583
6536	0.000019480539583	0.000019452367441	0.000019480539583
6537	0.000019480539583	0.000019452367441	0.000019480539583
6538	0.000019480539583	0.000019452367441	0.000019480539583
6539	0.000019480539583	0.000019452367441	0.000019480539583
6540	0.000019480539583	0.000019452367441	0.000019480539583
6541	0.000019480539583	0.000019452367441	0.000019480539583
6542	0.000019480539583	0.000019452367441	0.000019480539583
6543	0.000019480539583	0.000019452367441	0.000019480539583
6544	0.000019480539583	0.000019452367441	0.000019480539583
6545	0.000019480539583	0.000019452367441	0.000019480539583
6546	0.000019480539583	0.000019452367441	0.000019480539583
6547	0.000019480539583	0.000019452367441	0.000019480539583
6548	0.000042013154118	0.000041879795501	0.000042013154118
6549	0.000026675961696	0.000026930196161	0.000026675961696
6550	0.000019480539583	0.000019452367441	0.000019480539583
6551	0.000082400898517	0.000077110524333	0.000082400898517
6552	0.000019480539583	0.000019452367441	0.000019480539583
6553	0.000045535411671	0.000045323031592	0.000045535411671
6554	0.000046967725808	0.000046830932773	0.000046967725808
6555	0.000047714565069	0.000047557752786	0.000047714565069
6556	0.000042566165159	0.000042705610669	0.000042566165159
6557	0.000081478678503	0.000082070270216	0.000081478678503
6558	0.000047714565069	0.000047557752786	0.000047714565069
6559	0.000019480539583	0.000019452367441	0.000019480539583
6560	0.000036038998229	0.000035986879765	0.000036038998229
6561	0.000019480539583	0.000019452367441	0.000019480539583
6562	0.000019480539583	0.000019452367441	0.000019480539583
6563	0.000036038998229	0.000035986879765	0.000036038998229
6564	0.000026675961696	0.000026930196161	0.000026675961696
6565	0.000038155321171	0.000036076584005	0.000038155321171
6566	0.000116413281182	0.000115781978389	0.000116413281182
6567	0.000052464302585	0.000052257261318	0.000052464302585
6568	0.000019480539583	0.000019452367441	0.000019480539583
6569	0.000036038998229	0.000035986879765	0.000036038998229
6570	0.000094248458267	0.000095427735548	0.000094248458267
6571	0.000019480539583	0.000019452367441	0.000019480539583
6572	0.000215463312104	0.000207586109637	0.000215463312104
6573	0.000019480539583	0.000019452367441	0.000019480539583
6574	0.000019480539583	0.000019452367441	0.000019480539583
6575	0.000054139616195	0.000054106495703	0.000054139616195
6576	0.000019480539583	0.000019452367441	0.000019480539583
6577	0.000019480539583	0.000019452367441	0.000019480539583
6578	0.000019480539583	0.000019452367441	0.000019480539583
6579	0.000019480539583	0.000019452367441	0.000019480539583
6580	0.000019480539583	0.000019452367441	0.000019480539583
6581	0.000019480539583	0.000019452367441	0.000019480539583
6582	0.000019480539583	0.000019452367441	0.000019480539583
6583	0.000054417961291	0.000052593907733	0.000054417961291
6584	0.000139239451526	0.000140108955227	0.000139239451526
6585	0.000032237470123	0.000031449194864	0.000032237470123
6586	0.000033181464385	0.000032818275258	0.000033181464385
6587	0.000033879199275	0.000033830204245	0.000033879199275
6588	0.000037023741242	0.000038772622053	0.000037023741242
6589	0.000019480539583	0.000019452367441	0.000019480539583
6590	0.000082156206533	0.000081553283342	0.000082156206533
6591	0.000041754488926	0.000041694104900	0.000041754488926
6592	0.000120108907939	0.000119126707764	0.000120108907939
6593	0.000050113688078	0.000050041215241	0.000050113688078
6594	0.000050113688078	0.000050041215241	0.000050113688078
6595	0.000063615309773	0.000064838887748	0.000063615309773
6596	0.000041834458755	0.000041773959079	0.000041834458755
6597	0.000033865700532	0.000033816725023	0.000033865700532
6598	0.000067656889736	0.000069361469854	0.000067656889736
6599	0.000054417961291	0.000052593907733	0.000054417961291
6600	0.000033865700532	0.000033816725023	0.000033865700532
6601	0.000019480539583	0.000019452367441	0.000019480539583
6602	0.000315395285038	0.000312710141825	0.000315395285039
6603	0.000077163003905	0.000077007230425	0.000077163003905
6604	0.000052274816243	0.000052180440371	0.000052274816243
6605	0.000019480539583	0.000019452367441	0.000019480539583
6606	0.000073379103811	0.000072310234899	0.000073379103811
6607	0.000036098220600	0.000036046016491	0.000036098220600
6608	0.000019480539583	0.000019452367441	0.000019480539583
6609	0.000036038998229	0.000035986879765	0.000036038998229
6610	0.000046259564083	0.000046192664959	0.000046259564083
6611	0.000091455246224	0.000092881563805	0.000091455246224
6612	0.000050113688078	0.000050041215241	0.000050113688078
6613	0.000019480539583	0.000019452367441	0.000019480539583
6614	0.000019480539583	0.000019452367441	0.000019480539583
6615	0.000019480539583	0.000019452367441	0.000019480539583
6616	0.000036038998229	0.000035986879765	0.000036038998229
6617	0.000051743370995	0.000051827366559	0.000051743370995
6618	0.000074402888789	0.000074207044990	0.000074402888789
6619	0.000041221273350	0.000040665199450	0.000041221273350
6620	0.000041221273350	0.000040665199450	0.000041221273350
6621	0.000040550255519	0.000039739354221	0.000040550255519
6622	0.000127725338577	0.000127513052347	0.000127725338577
6623	0.000036289751207	0.000034091501654	0.000036289751207
6624	0.000064575332217	0.000064813143078	0.000064575332217
6625	0.000019480539583	0.000019452367441	0.000019480539583
6626	0.000041695038474	0.000040925823208	0.000041695038474
6627	0.000019480539583	0.000019452367441	0.000019480539583
6628	0.000059189672261	0.000059388539462	0.000059189672261
6629	0.000044636150294	0.000044692496712	0.000044636150294
6630	0.000019480539583	0.000019452367441	0.000019480539583
6631	0.000109176304901	0.000106458512744	0.000109176304901
6632	0.000038790953155	0.000038630242032	0.000038790953155
6633	0.000019480539583	0.000019452367441	0.000019480539583
6634	0.000204533006293	0.000244618712508	0.000204533006293
6635	0.000130866917432	0.000130802765043	0.000130866917432
6636	0.000133800318098	0.000124136568622	0.000133800318098
6637	0.000115531940675	0.000108913263499	0.000115531940675
6638	0.000089251748649	0.000111417831608	0.000089251748649
6639	0.000052656538001	0.000051972468031	0.000052656538001
6640	0.000019480539583	0.000019452367441	0.000019480539583
6641	0.000076049475226	0.000075205246386	0.000076049475226
6642	0.000049058086339	0.000048987140081	0.000049058086339
6643	0.000019480539583	0.000019452367441	0.000019480539583
6644	0.000036038998229	0.000035986879765	0.000036038998229
6645	0.000049729438396	0.000047066964375	0.000049729438396
6646	0.000068264730321	0.000067147484165	0.000068264730321
6647	0.000019480539583	0.000019452367441	0.000019480539583
6648	0.000019480539583	0.000019452367441	0.000019480539583
6649	0.000052597456875	0.000052521392090	0.000052597456875
6650	0.000019480539583	0.000019452367441	0.000019480539583
6651	0.000036038998229	0.000035986879765	0.000036038998229
6652	0.000019480539583	0.000019452367441	0.000019480539583
6653	0.000036235829710	0.000036164822627	0.000036235829710
6654	0.000039705514072	0.000038730105674	0.000039705514072
6655	0.000019480539583	0.000019452367441	0.000019480539583
6656	0.000040951847407	0.000041185436536	0.000040951847407
6657	0.000041706659074	0.000041744346229	0.000041706659074
6658	0.000054499630162	0.000054276828211	0.000054499630162
6659	0.000034922101462	0.000034830802101	0.000034922101462
6660	0.000036727951327	0.000036619943601	0.000036727951327
6661	0.000053313602953	0.000049269555058	0.000053313602953
6662	0.000053463537212	0.000053215482665	0.000053463537212
6663	0.000239780104522	0.000233881088731	0.000239780104522
6664	0.000058433650580	0.000058197693824	0.000058433650580
6665	0.000076976991135	0.000076856561333	0.000076976991135
6666	0.000042666811576	0.000042546743649	0.000042666811576
6667	0.000442427241706	0.000450413002370	0.000442427241706
6668	0.000019480539583	0.000019452367441	0.000019480539583
6669	0.000107927286851	0.000108034350473	0.000107927286851
6670	0.000107160241335	0.000106959524716	0.000107160241335
6671	0.000056027423308	0.000055946398215	0.000056027423308
6672	0.000038824041942	0.000037250762931	0.000038824041942
6673	0.000019480539583	0.000019452367441	0.000019480539583
6674	0.000082344355185	0.000082225271374	0.000082344355185
6675	0.000093068147454	0.000091996591016	0.000093068147454
6676	0.000138567718226	0.000137965117483	0.000138567718226
6677	0.000099854538801	0.000099153089895	0.000099854538801
6678	0.000037712092488	0.000036929346968	0.000037712092488
6679	0.000019480539583	0.000019452367441	0.000019480539583
6680	0.000066672146723	0.000066575727566	0.000066672146723
6681	0.000038824041942	0.000037250762931	0.000038824041942
6682	0.000042152737074	0.000042122282836	0.000042152737074
6683	0.000037712092488	0.000036929346968	0.000037712092488
6684	0.000051655904385	0.000052315315578	0.000051655904385
6685	0.000255419907569	0.000250853959249	0.000255419907569
6686	0.000019480539583	0.000019452367441	0.000019480539583
6687	0.000046114483206	0.000043291979646	0.000046114483206
6688	0.000133164074208	0.000130928521655	0.000133164074208
6689	0.000019480539583	0.000019452367441	0.000019480539583
6690	0.000019480539583	0.000019452367441	0.000019480539583
6691	0.000037712092488	0.000036929346968	0.000037712092488
6692	0.000037712092488	0.000036929346968	0.000037712092488
6693	0.000019480539583	0.000019452367441	0.000019480539583
6694	0.000036038998229	0.000035986879765	0.000036038998229
6695	0.000019480539583	0.000019452367441	0.000019480539583
6696	0.000038269561650	0.000037206262807	0.000038269561650
6697	0.000037712092488	0.000036929346968	0.000037712092488
6698	0.000057563638634	0.000057457621386	0.000057563638634
6699	0.000019480539583	0.000019452367441	0.000019480539583
6700	0.000019480539583	0.000019452367441	0.000019480539583
6701	0.000036038998229	0.000035986879765	0.000036038998229
6702	0.000019480539583	0.000019452367441	0.000019480539583
6703	0.000019480539583	0.000019452367441	0.000019480539583
6704	0.000066706271772	0.000065521394279	0.000066706271772
6705	0.000050113688078	0.000050041215241	0.000050113688078
6706	0.000037982173026	0.000037719638716	0.000037982173026
6707	0.000057161917779	0.000054931848513	0.000057161917779
6708	0.000019480539583	0.000019452367441	0.000019480539583
6709	0.000038930364875	0.000037454868985	0.000038930364875
6710	0.000133649385212	0.000126752571724	0.000133649385212
6711	0.000019480539583	0.000019452367441	0.000019480539583
6712	0.000037712092488	0.000036929346968	0.000037712092488
6713	0.000095976345330	0.000093562691336	0.000095976345330
6714	0.000049874542499	0.000049595806135	0.000049874542499
6715	0.000067832001448	0.000065969119509	0.000067832001448
6716	0.000038930364875	0.000037454868985	0.000038930364875
6717	0.000055039829525	0.000054960232658	0.000055039829525
6718	0.000053849821312	0.000055525529176	0.000053849821312
6719	0.000069250070508	0.000069121703286	0.000069250070508
6720	0.000101322362167	0.000099002926648	0.000101322362167
6721	0.000019480539583	0.000019452367441	0.000019480539583
6722	0.000036038998229	0.000035986879765	0.000036038998229
6723	0.000019480539583	0.000019452367441	0.000019480539583
6724	0.000095147749344	0.000096809106492	0.000095147749344
6725	0.000061901558250	0.000059564737769	0.000061901558250
6726	0.000233123365919	0.000232402079976	0.000233123365919
6727	0.000019480539583	0.000019452367441	0.000019480539583
6728	0.000019480539583	0.000019452367441	0.000019480539583
6729	0.000036038998229	0.000035986879765	0.000036038998229
6730	0.000039074715647	0.000039018207025	0.000039074715647
6731	0.000037384372994	0.000035343870953	0.000037384372994
6732	0.000048037270671	0.000047930978040	0.000048037270671
6733	0.000044127772926	0.000043829388707	0.000044127772926
6734	0.000019480539583	0.000019452367441	0.000019480539583
6735	0.001688008903533	0.001674405131738	0.001688008903534
6736	0.000019480539583	0.000019452367441	0.000019480539583
6737	0.000019480539583	0.000019452367441	0.000019480539583
6738	0.000019480539583	0.000019452367441	0.000019480539583
6739	0.000019480539583	0.000019452367441	0.000019480539583
6740	0.000019480539583	0.000019452367441	0.000019480539583
6741	0.000019480539583	0.000019452367441	0.000019480539583
6742	0.000019480539583	0.000019452367441	0.000019480539583
6743	0.000019480539583	0.000019452367441	0.000019480539583
6744	0.000019480539583	0.000019452367441	0.000019480539583
6745	0.000019480539583	0.000019452367441	0.000019480539583
6746	0.000019480539583	0.000019452367441	0.000019480539583
6747	0.000019480539583	0.000019452367441	0.000019480539583
6748	0.000019480539583	0.000019452367441	0.000019480539583
6749	0.000019480539583	0.000019452367441	0.000019480539583
6750	0.000019480539583	0.000019452367441	0.000019480539583
6751	0.000019480539583	0.000019452367441	0.000019480539583
6752	0.000019480539583	0.000019452367441	0.000019480539583
6753	0.000019480539583	0.000019452367441	0.000019480539583
6754	0.000019480539583	0.000019452367441	0.000019480539583
6755	0.000019480539583	0.000019452367441	0.000019480539583
6756	0.000019480539583	0.000019452367441	0.000019480539583
6757	0.000019480539583	0.000019452367441	0.000019480539583
6758	0.000019480539583	0.000019452367441	0.000019480539583
6759	0.000019480539583	0.000019452367441	0.000019480539583
6760	0.000019480539583	0.000019452367441	0.000019480539583
6761	0.000019480539583	0.000019452367441	0.000019480539583
6762	0.000074051686919	0.000073784210880	0.000074051686919
6763	0.000041834458755	0.000041773959079	0.000041834458755
6764	0.000019480539583	0.000019452367441	0.000019480539583
6765	0.000036038998229	0.000035986879765	0.000036038998229
6766	0.000036859526941	0.000036690257410	0.000036859526941
6767	0.000075568886089	0.000073123611434	0.000075568886089
6768	0.000019480539583	0.000019452367441	0.000019480539583
6769	0.000052597456875	0.000052521392090	0.000052597456875
6770	0.000019480539583	0.000019452367441	0.000019480539583
6771	0.000101503089876	0.000092674963757	0.000101503089876
6772	0.000019480539583	0.000019452367441	0.000019480539583
6773	0.000069155915520	0.000069055904415	0.000069155915520
6774	0.000080172576430	0.000080056182189	0.000080172576430
6775	0.000037714830805	0.000036273323980	0.000037714830805
6776	0.000019480539583	0.000019452367441	0.000019480539583
6777	0.000043059520909	0.000042987028139	0.000043059520909
6778	0.000019480539583	0.000019452367441	0.000019480539583
6779	0.000019480539583	0.000019452367441	0.000019480539583
6780	0.000194277891063	0.000177138177314	0.000194277891063
6781	0.000082614875955	0.000083324996909	0.000082614875955
6782	0.000050113688078	0.000050041215241	0.000050113688078
6783	0.000039101424786	0.000039044877538	0.000039101424786
6784	0.000019480539583	0.000019452367441	0.000019480539583
6785	0.000045141092394	0.000045075810769	0.000045141092394
6786	0.000036157514341	0.000036132060606	0.000036157514341
6787	0.000053976306005	0.000054107472284	0.000053976306005
6788	0.000036157514341	0.000036132060606	0.000036157514341
6789	0.000019480539583	0.000019452367441	0.000019480539583
6790	0.000203447421766	0.000201221620588	0.000203447421766
6791	0.000091862704599	0.000091754425182	0.000091862704599
6792	0.000073386971933	0.000073118558365	0.000073386971933
6793	0.000019480539583	0.000019452367441	0.000019480539583
6794	0.000036038998229	0.000035986879765	0.000036038998229
6795	0.000135594852114	0.000135201489002	0.000135594852114
6796	0.000071411523922	0.000066862535177	0.000071411523922
6797	0.000019480539583	0.000019452367441	0.000019480539583
6798	0.000508509233847	0.000503919079873	0.000508509233847
6799	0.000019480539583	0.000019452367441	0.000019480539583
6800	0.000037976295292	0.000037547746875	0.000037976295292
6801	0.000041466235751	0.000041402201362	0.000041466235751
6802	0.000043443097336	0.000043001531947	0.000043443097336
6803	0.000019480539583	0.000019452367441	0.000019480539583
6804	0.000036038998229	0.000035986879765	0.000036038998229
6805	0.000019480539583	0.000019452367441	0.000019480539583
6806	0.000036038998229	0.000035986879765	0.000036038998229
6807	0.000037976295292	0.000037547746875	0.000037976295292
6808	0.000058496166081	0.000057354760814	0.000058496166082
6809	0.000019480539583	0.000019452367441	0.000019480539583
6810	0.000068179406705	0.000067979500004	0.000068179406705
6811	0.000074888478650	0.000074784022923	0.000074888478650
6812	0.000064751308709	0.000063533420959	0.000064751308709
6813	0.000505733647944	0.000500467255473	0.000505733647944
6814	0.000019480539583	0.000019452367441	0.000019480539583
6815	0.000070977358178	0.000070496677799	0.000070977358178
6816	0.000019480539583	0.000019452367441	0.000019480539583
6817	0.000036038998229	0.000035986879765	0.000036038998229
6818	0.000033222802165	0.000033174756395	0.000033222802165
6819	0.000019480539583	0.000019452367441	0.000019480539583
6820	0.000019480539583	0.000019452367441	0.000019480539583
6821	0.000081687738922	0.000071941378596	0.000081687738922
6822	0.000027882930301	0.000025815000119	0.000027882930301
6823	0.000019480539583	0.000019452367441	0.000019480539583
6824	0.000019480539583	0.000019452367441	0.000019480539583
6825	0.000019480539583	0.000019452367441	0.000019480539583
6826	0.000019480539583	0.000019452367441	0.000019480539583
6827	0.000019480539583	0.000019452367441	0.000019480539583
6828	0.000019480539583	0.000019452367441	0.000019480539583
6829	0.000019480539583	0.000019452367441	0.000019480539583
6830	0.000111555186019	0.000092916654245	0.000111555186019
6831	0.000049164325826	0.000049058549226	0.000049164325826
6832	0.000019480539583	0.000019452367441	0.000019480539583
6833	0.000019480539583	0.000019452367441	0.000019480539583
6834	0.000034717144002	0.000034666937162	0.000034717144002
6835	0.000086529409307	0.000085672564722	0.000086529409307
6836	0.000040347304027	0.000039289444329	0.000040347304027
6837	0.000019480539583	0.000019452367441	0.000019480539583
6838	0.000036038998229	0.000035986879765	0.000036038998229
6839	0.000146310940739	0.000144985156615	0.000146310940739
6840	0.000037403533199	0.000035273223228	0.000037403533199
6841	0.000019480539583	0.000019452367441	0.000019480539583
6842	0.000036038998229	0.000035986879765	0.000036038998229
6843	0.000019480539583	0.000019452367441	0.000019480539583
6844	0.000019480539583	0.000019452367441	0.000019480539583
6845	0.000056560863023	0.000052983852042	0.000056560863023
6846	0.000043135855001	0.000043073473287	0.000043135855001
6847	0.000064667983246	0.000064700130581	0.000064667983246
6848	0.000064188377927	0.000064095550717	0.000064188377927
6849	0.000072495685390	0.000072541223781	0.000072495685390
6850	0.000076252772293	0.000076142497936	0.000076252772293
6851	0.000019480539583	0.000019452367441	0.000019480539583
6852	0.000046087288704	0.000056950735532	0.000046087288704
6853	0.000141484757003	0.000154832485756	0.000141484757003
6854	0.000019480539583	0.000019452367441	0.000019480539583
6855	0.000036038998229	0.000035986879765	0.000036038998229
6856	0.000019480539583	0.000019452367441	0.000019480539583
6857	0.000037403533199	0.000035273223228	0.000037403533199
6858	0.000019480539583	0.000019452367441	0.000019480539583
6859	0.000136307405971	0.000130309548224	0.000136307405971
6860	0.000019480539583	0.000019452367441	0.000019480539583
6861	0.000062604115579	0.000088231454332	0.000062604115579
6862	0.000115088305053	0.000109013310336	0.000115088305053
6863	0.000019480539583	0.000019452367441	0.000019480539583
6864	0.000036038998229	0.000035986879765	0.000036038998229
6865	0.000019480539583	0.000019452367441	0.000019480539583
6866	0.000235679233999	0.000235338402118	0.000235679233999
6867	0.000076104468009	0.000075994408126	0.000076104468009
6868	0.000019480539583	0.000019452367441	0.000019480539583
6869	0.000049779718168	0.000049694475219	0.000049779718168
6870	0.000019480539583	0.000019452367441	0.000019480539583
6871	0.000118526889261	0.000117633563718	0.000118526889261
6872	0.000019480539583	0.000019452367441	0.000019480539583
6873	0.000036038998229	0.000035986879765	0.000036038998229
6874	0.000037023741242	0.000038772622053	0.000037023741242
6875	0.000040763750178	0.000040593536167	0.000040763750178
6876	0.000074186130567	0.000075864501441	0.000074186130567
6877	0.000058998041401	0.000057414492707	0.000058998041401
6878	0.000064237617647	0.000066485544891	0.000064237617647
6879	0.000176840678029	0.000173629190197	0.000176840678029
6880	0.000422399647970	0.000438024776314	0.000422399647970
6881	0.000131079378382	0.000126266394137	0.000131079378382
6882	0.000019480539583	0.000019452367441	0.000019480539583
6883	0.000019480539583	0.000019452367441	0.000019480539583
6884	0.000050776797267	0.000050703365463	0.000050776797267
6885	0.000019480539583	0.000019452367441	0.000019480539583
6886	0.000269428697863	0.000201490810856	0.000269428697863
6887	0.000111646433872	0.000120591582962	0.000111646433872
6888	0.000340718896291	0.000337024046474	0.000340718896291
6889	0.000050113688078	0.000050041215241	0.000050113688078
6890	0.000037956272250	0.000038088234257	0.000037956272250
6891	0.000019480539583	0.000019452367441	0.000019480539583
6892	0.000019480539583	0.000019452367441	0.000019480539583
6893	0.000019480539583	0.000019452367441	0.000019480539583
6894	0.000050113688078	0.000050041215241	0.000050113688078
6895	0.000037956272250	0.000038088234257	0.000037956272250
6896	0.000019480539583	0.000019452367441	0.000019480539583
6897	0.000019480539583	0.000019452367441	0.000019480539583
6898	0.000054971855170	0.000054892356606	0.000054971855170
6899	0.000046403615021	0.000046457290012	0.000046403615021
6900	0.000081627592695	0.000080493791208	0.000081627592695
6901	0.000032139007792	0.000035599795802	0.000032139007792
6902	0.000019480539583	0.000019452367441	0.000019480539583
6903	0.000019480539583	0.000019452367441	0.000019480539583
6904	0.000046566491928	0.000040468759151	0.000046566491928
6905	0.000034677174208	0.000034627025172	0.000034677174208
6906	0.000073867465515	0.000072373675889	0.000073867465515
6907	0.000019480539583	0.000019452367441	0.000019480539583
6908	0.000060397613120	0.000060310267996	0.000060397613120
6909	0.000019480539583	0.000019452367441	0.000019480539583
6910	0.000080487669528	0.000079754345255	0.000080487669528
6911	0.000019480539583	0.000019452367441	0.000019480539583
6912	0.000019480539583	0.000019452367441	0.000019480539583
6913	0.000019480539583	0.000019452367441	0.000019480539583
6914	0.000231665238746	0.000226451361718	0.000231665238746
6915	0.000046633219959	0.000046434954256	0.000046633219959
6916	0.000061193179322	0.000060410428664	0.000061193179322
6917	0.000037023741242	0.000038772622053	0.000037023741242
6918	0.000044626312532	0.000066791335226	0.000044626312532
6919	0.000061009004245	0.000065854867354	0.000061009004245
6920	0.000040394646463	0.000039998077545	0.000040394646463
6921	0.000041744954650	0.000042206432519	0.000041744954650
6922	0.000019480539583	0.000019452367441	0.000019480539583
6923	0.000052597456875	0.000052521392090	0.000052597456875
6924	0.000066206616478	0.000066110870556	0.000066206616478
6925	0.000019480539583	0.000019452367441	0.000019480539583
6926	0.000036038998229	0.000035986879765	0.000036038998229
6927	0.000045823094879	0.000045769176572	0.000045823094879
6928	0.000042393959087	0.000041986766419	0.000042393959087
6929	0.000246969270126	0.000240012222969	0.000246969270126
6930	0.000104075296955	0.000098695911436	0.000104075296955
6931	0.000085701312251	0.000079588861939	0.000085701312251
6932	0.000069114519374	0.000069014568134	0.000069114519374
6933	0.000035629890541	0.000034990101904	0.000035629890541
6934	0.000147935717861	0.000147383574383	0.000147935717861
6935	0.000063367109695	0.000062832828814	0.000063367109695
6936	0.000044592685015	0.000044304198580	0.000044592685015
6937	0.000057850468118	0.000057766806595	0.000057850468118
6938	0.000144708365595	0.000141579310004	0.000144708365595
6939	0.000110147011776	0.000109987720639	0.000110147011776
6940	0.000113105499593	0.000112941929984	0.000113105499593
6941	0.000041744954650	0.000042206432519	0.000041744954650
6942	0.000039074715647	0.000039018207025	0.000039074715647
6943	0.000347512938302	0.000340389503413	0.000347512938302
6944	0.000037714830805	0.000036273323980	0.000037714830805
6945	0.000072690362916	0.000068350232240	0.000072690362916
6946	0.000041255683546	0.000040670732379	0.000041255683546
6947	0.000075756163590	0.000075646607413	0.000075756163590
6948	0.000019480539583	0.000019452367441	0.000019480539583
6949	0.000036038998229	0.000035986879765	0.000036038998229
6950	0.000046585304950	0.000046339555866	0.000046585304950
6951	0.000036038998229	0.000035986879765	0.000036038998229
6952	0.000019480539583	0.000019452367441	0.000019480539583
6953	0.000080748248214	0.000078735739181	0.000080748248214
6954	0.000019480539583	0.000019452367441	0.000019480539583
6955	0.000045013034563	0.000043453205160	0.000045013034563
6956	0.000019480539583	0.000019452367441	0.000019480539583
6957	0.000019480539583	0.000019452367441	0.000019480539583
6958	0.000036038998229	0.000035986879765	0.000036038998229
6959	0.000045013034563	0.000043453205160	0.000045013034563
6960	0.000019480539583	0.000019452367441	0.000019480539583
6961	0.000019480539583	0.000019452367441	0.000019480539583
6962	0.000091302629816	0.000088608285185	0.000091302629816
6963	0.000117350414653	0.000114246049178	0.000117350414653
6964	0.000061130277185	0.000058329129095	0.000061130277185
6965	0.000019480539583	0.000019452367441	0.000019480539583
6966	0.000237352284174	0.000233280734266	0.000237352284174
6967	0.000044045293430	0.000043909652242	0.000044045293430
6968	0.000083619638939	0.000083324521910	0.000083619638939
6969	0.000019480539583	0.000019452367441	0.000019480539583
6970	0.000019480539583	0.000019452367441	0.000019480539583
6971	0.000043165049182	0.000039318583999	0.000043165049182
6972	0.000019480539583	0.000019452367441	0.000019480539583
6973	0.000036038998229	0.000035986879765	0.000036038998229
6974	0.000019480539583	0.000019452367441	0.000019480539583
6975	0.000055676892873	0.000055108006567	0.000055676892873
6976	0.000049058086339	0.000048987140081	0.000049058086339
6977	0.000054148241745	0.000052132518626	0.000054148241745
6978	0.000045141092394	0.000045075810769	0.000045141092394
6979	0.000034922101462	0.000034830802101	0.000034922101462
6980	0.000089373093600	0.000087021573130	0.000089373093600
6981	0.000025438109293	0.000027387939837	0.000025438109293
6982	0.000030291736033	0.000031092241872	0.000030291736033
6983	0.000048146782263	0.000047932939787	0.000048146782263
6984	0.000062211215890	0.000061421999154	0.000062211215890
6985	0.000019480539583	0.000019452367441	0.000019480539583
6986	0.003489348617143	0.003481412578514	0.003489348617143
6987	0.000019480539583	0.000019452367441	0.000019480539583
6988	0.000019480539583	0.000019452367441	0.000019480539583
6989	0.000019480539583	0.000019452367441	0.000019480539583
6990	0.000019480539583	0.000019452367441	0.000019480539583
6991	0.000019480539583	0.000019452367441	0.000019480539583
6992	0.000019480539583	0.000019452367441	0.000019480539583
6993	0.000019480539583	0.000019452367441	0.000019480539583
6994	0.000019480539583	0.000019452367441	0.000019480539583
6995	0.000019480539583	0.000019452367441	0.000019480539583
6996	0.000019480539583	0.000019452367441	0.000019480539583
6997	0.000019480539583	0.000019452367441	0.000019480539583
6998	0.000019480539583	0.000019452367441	0.000019480539583
6999	0.000019480539583	0.000019452367441	0.000019480539583
7000	0.000019480539583	0.000019452367441	0.000019480539583
7001	0.000019480539583	0.000019452367441	0.000019480539583
7002	0.000019480539583	0.000019452367441	0.000019480539583
7003	0.000019480539583	0.000019452367441	0.000019480539583
7004	0.000019480539583	0.000019452367441	0.000019480539583
7005	0.000019480539583	0.000019452367441	0.000019480539583
7006	0.000019480539583	0.000019452367441	0.000019480539583
7007	0.000019480539583	0.000019452367441	0.000019480539583
7008	0.000019480539583	0.000019452367441	0.000019480539583
7009	0.000019480539583	0.000019452367441	0.000019480539583
7010	0.000019480539583	0.000019452367441	0.000019480539583
7011	0.000019480539583	0.000019452367441	0.000019480539583
7012	0.000019480539583	0.000019452367441	0.000019480539583
7013	0.000019480539583	0.000019452367441	0.000019480539583
7014	0.000019480539583	0.000019452367441	0.000019480539583
7015	0.000019480539583	0.000019452367441	0.000019480539583
7016	0.000019480539583	0.000019452367441	0.000019480539583
7017	0.000019480539583	0.000019452367441	0.000019480539583
7018	0.000019480539583	0.000019452367441	0.000019480539583
7019	0.000019480539583	0.000019452367441	0.000019480539583
7020	0.000019480539583	0.000019452367441	0.000019480539583
7021	0.000019480539583	0.000019452367441	0.000019480539583
7022	0.000019480539583	0.000019452367441	0.000019480539583
7023	0.000019480539583	0.000019452367441	0.000019480539583
7024	0.000019480539583	0.000019452367441	0.000019480539583
7025	0.000019480539583	0.000019452367441	0.000019480539583
7026	0.000019480539583	0.000019452367441	0.000019480539583
7027	0.000019480539583	0.000019452367441	0.000019480539583
7028	0.000019480539583	0.000019452367441	0.000019480539583
7029	0.000019480539583	0.000019452367441	0.000019480539583
7030	0.000019480539583	0.000019452367441	0.000019480539583
7031	0.000019480539583	0.000019452367441	0.000019480539583
7032	0.000019480539583	0.000019452367441	0.000019480539583
7033	0.000019480539583	0.000019452367441	0.000019480539583
7034	0.000019480539583	0.000019452367441	0.000019480539583
7035	0.000019480539583	0.000019452367441	0.000019480539583
7036	0.000019480539583	0.000019452367441	0.000019480539583
7037	0.000019480539583	0.000019452367441	0.000019480539583
7038	0.000019480539583	0.000019452367441	0.000019480539583
7039	0.000019480539583	0.000019452367441	0.000019480539583
7040	0.000019480539583	0.000019452367441	0.000019480539583
7041	0.000019480539583	0.000019452367441	0.000019480539583
7042	0.000019480539583	0.000019452367441	0.000019480539583
7043	0.000019480539583	0.000019452367441	0.000019480539583
7044	0.000019480539583	0.000019452367441	0.000019480539583
7045	0.000019480539583	0.000019452367441	0.000019480539583
7046	0.000019480539583	0.000019452367441	0.000019480539583
7047	0.000019480539583	0.000019452367441	0.000019480539583
7048	0.000019480539583	0.000019452367441	0.000019480539583
7049	0.000019480539583	0.000019452367441	0.000019480539583
7050	0.000019480539583	0.000019452367441	0.000019480539583
7051	0.000049087408610	0.000049016419946	0.000049087408610
7052	0.000064045477948	0.000062566456706	0.000064045477948
7053	0.000092035522091	0.000091625052054	0.000092035522091
7054	0.000043772933631	0.000043266989230	0.000043772933631
7055	0.000050113688078	0.000050041215241	0.000050113688078
7056	0.000019480539583	0.000019452367441	0.000019480539583
7057	0.000066672146723	0.000066575727566	0.000066672146723
7058	0.000039517757551	0.000038721830280	0.000039517757551
7059	0.000073714407689	0.000066276648337	0.000073714407689
7060	0.000150286074653	0.000139228641721	0.000150286074653
7061	0.000039746425791	0.000039574115242	0.000039746425791
7062	0.000037435906772	0.000037279408826	0.000037435906772
7063	0.000037435906772	0.000037279408826	0.000037435906772
7064	0.000039746425791	0.000039574115242	0.000039746425791
7065	0.000064923869567	0.000062668098631	0.000064923869567
7066	0.000019480539583	0.000019452367441	0.000019480539583
7067	0.000019480539583	0.000019452367441	0.000019480539583
7068	0.000036038998229	0.000035986879765	0.000036038998229
7069	0.000019480539583	0.000019452367441	0.000019480539583
7070	0.000048957429537	0.000048729268003	0.000048957429537
7071	0.000057052354320	0.000056477190483	0.000057052354320
7072	0.000031680966736	0.000031143310760	0.000031680966736
7073	0.000019480539583	0.000019452367441	0.000019480539583
7074	0.000036038998229	0.000035986879765	0.000036038998229
7075	0.000199331171274	0.000222879969030	0.000199331171274
7076	0.000037435906772	0.000037279408826	0.000037435906772
7077	0.000031680966736	0.000031143310760	0.000031680966736
7078	0.000050113688078	0.000050041215241	0.000050113688078
7079	0.000071813385787	0.000071667234097	0.000071813385787
7080	0.000026003017550	0.000030760459171	0.000026003017550
7081	0.000068759484069	0.000063852985124	0.000068759484069
7082	0.000085739457785	0.000080722657331	0.000085739457785
7083	0.000019480539583	0.000019452367441	0.000019480539583
7084	0.000036038998229	0.000035986879765	0.000036038998229
7085	0.000093046610336	0.000090967517799	0.000093046610336
7086	0.000059273611302	0.000057777252678	0.000059273611302
7087	0.000031680966736	0.000031143310760	0.000031680966736
7088	0.000089648451527	0.000086813749633	0.000089648451527
7089	0.000104351411193	0.000102302000855	0.000104351411193
7090	0.000049279024635	0.000048730724060	0.000049279024635
7091	0.000063201553982	0.000062568719902	0.000063201553982
7092	0.000046232799333	0.000046165938915	0.000046232799333
7093	0.000039203954958	0.000038681144347	0.000039203954958
7094	0.000055762413604	0.000055215656671	0.000055762413604
7095	0.000036038998229	0.000035986879765	0.000036038998229
7096	0.000162252603000	0.000161591566141	0.000162252603000
7097	0.000074786980516	0.000068120912373	0.000074786980516
7098	0.000019480539583	0.000019452367441	0.000019480539583
7099	0.000065107730962	0.000065022080399	0.000065107730962
7100	0.000050113688078	0.000050041215241	0.000050113688078
7101	0.000286620724657	0.000285209378474	0.000286620724657
7102	0.000035525806427	0.000035760064434	0.000035525806427
7103	0.000095181230125	0.000093546035916	0.000095181230125
7104	0.000063603976021	0.000063450171365	0.000063603976021
7105	0.000090646394669	0.000089337125445	0.000090646394669
7106	0.000037825685485	0.000036162765640	0.000037825685485
7107	0.000045892155122	0.000045958281406	0.000045892155122
7108	0.000058488871437	0.000058516906636	0.000058488871437
7109	0.000064187770979	0.000063628245534	0.000064187770979
7110	0.000043792797597	0.000043746173625	0.000043792797597
7111	0.000053113589593	0.000051987804348	0.000053113589593
7112	0.000079230959471	0.000078459464227	0.000079230959471
7113	0.000060520126839	0.000059916662319	0.000060520126839
7114	0.000019480539583	0.000019452367441	0.000019480539583
7115	0.000019480539583	0.000019452367441	0.000019480539583
7116	0.000036038998229	0.000035986879765	0.000036038998229
7117	0.000041125549744	0.000041066075270	0.000041125549744
7118	0.000019480539583	0.000019452367441	0.000019480539583
7119	0.000036038998229	0.000035986879765	0.000036038998229
7120	0.000034378296511	0.000034266757112	0.000034378296511
7121	0.000019480539583	0.000019452367441	0.000019480539583
7122	0.000019480539583	0.000019452367441	0.000019480539583
7123	0.000164415811524	0.000162399049571	0.000164415811524
7124	0.000019480539583	0.000019452367441	0.000019480539583
7125	0.000036038998229	0.000035986879765	0.000036038998229
7126	0.000067225268010	0.000066247229584	0.000067225268010
7127	0.000049256157613	0.000051167135067	0.000049256157613
7128	0.000042444862790	0.000042082344734	0.000042444862790
7129	0.000302653148168	0.000303557853787	0.000302653148168
7130	0.000036311838107	0.000037550797697	0.000036311838107
7131	0.000081852835376	0.000077859608107	0.000081852835376
7132	0.000019480539583	0.000019452367441	0.000019480539583
7133	0.000121256563422	0.000118067173530	0.000121256563422
7134	0.000066632968919	0.000065682301200	0.000066632968919
7135	0.000079674726567	0.000072527298191	0.000079674726567
7136	0.000050113688078	0.000050041215241	0.000050113688078
7137	0.000045141092394	0.000045075810769	0.000045141092394
7138	0.000049729438396	0.000074681561310	0.000049729438396
7139	0.000041321319021	0.000041261561432	0.000041321319021
7140	0.000019480539583	0.000019452367441	0.000019480539583
7141	0.000036038998229	0.000035986879765	0.000036038998229
7142	0.000081166509229	0.000081541423161	0.000081166509229
7143	0.000050326828109	0.000048430143846	0.000050326828109
7144	0.000043278428742	0.000042473392115	0.000043278428742
7145	0.000083992549973	0.000081250675321	0.000083992549973
7146	0.000043165049182	0.000039318583999	0.000043165049182
7147	0.000069154082111	0.000068491233446	0.000069154082111
7148	0.000039600944412	0.000038899016383	0.000039600944412
7149	0.000050135819067	0.000049455351167	0.000050135819067
7150	0.000041229720355	0.000041194173554	0.000041229720355
7151	0.000050113688078	0.000050041215241	0.000050113688078
7152	0.000036885074731	0.000036956177969	0.000036885074731
7153	0.000090147452521	0.000089828961537	0.000090147452521
7154	0.000041885125334	0.000041867906809	0.000041885125334
7155	0.000050968016162	0.000052220643407	0.000050968016162
7156	0.000071987014450	0.000072503492803	0.000071987014450
7157	0.000091496804664	0.000091432358722	0.000091496804664
7158	0.000036885074731	0.000036956177969	0.000036885074731
7159	0.000058366681565	0.000058311119898	0.000058366681565
7160	0.000087882012235	0.000082928932835	0.000087882012235
7161	0.000065132768965	0.000064910814397	0.000065132768965
7162	0.000034269312961	0.000034219753761	0.000034269312961
7163	0.000019480539583	0.000019452367441	0.000019480539583
7164	0.000076938166665	0.000074547588597	0.000076938166665
7165	0.000049374471174	0.000049220161621	0.000049374471174
7166	0.002620922792755	0.002702982725339	0.002620922792755
7167	0.000019480539583	0.000019452367441	0.000019480539583
7168	0.000138460414567	0.000145678657698	0.000138460414567
7169	0.000019480539583	0.000019452367441	0.000019480539583
7170	0.000036038998229	0.000035986879765	0.000036038998229
7171	0.000034378296511	0.000034266757112	0.000034378296511
7172	0.000041306657886	0.000041246921499	0.000041306657886
7173	0.000121036689259	0.000114594319482	0.000121036689259
7174	0.000085346226478	0.000084318324441	0.000085346226478
7175	0.000051205619901	0.000050425813594	0.000051205619901
7176	0.000153044632401	0.000149130239504	0.000153044632401
7177	0.000066867577737	0.000066006761652	0.000066867577737
7178	0.000088310760743	0.000088183048504	0.000088310760743
7179	0.000055039829525	0.000054960232658	0.000055039829525
7180	0.000048622650455	0.000045177550042	0.000048622650455
7181	0.000019480539583	0.000019452367441	0.000019480539583
7182	0.000050113688078	0.000050041215241	0.000050113688078
7183	0.000072458752961	0.000073315697206	0.000072458752961
7184	0.000393626442236	0.000388844859489	0.000393626442236
7185	0.000075674868863	0.000069910764629	0.000075674868863
7186	0.000126173090512	0.000123654774895	0.000126173090512
7187	0.000019480539583	0.000019452367441	0.000019480539583
7188	0.000019480539583	0.000019452367441	0.000019480539583
7189	0.000019480539583	0.000019452367441	0.000019480539583
7190	0.000048328428760	0.000048196192126	0.000048328428760
7191	0.000050164027093	0.000050091481458	0.000050164027093
7192	0.000056421132256	0.000056339537793	0.000056421132256
7193	0.000043459520792	0.000043396671003	0.000043459520792
7194	0.000019480539583	0.000019452367441	0.000019480539583
7195	0.000069617641295	0.000069030166961	0.000069617641295
7196	0.000025151351051	0.000025102437860	0.000025151351051
7197	0.000039034684951	0.000038972380288	0.000039034684951
7198	0.000058153638748	0.000059107199612	0.000058153638748
7199	0.000019480539583	0.000019452367441	0.000019480539583
7200	0.000036038998229	0.000035986879765	0.000036038998229
7201	0.000106201691812	0.000105822665979	0.000106201691812
7202	0.000019480539583	0.000019452367441	0.000019480539583
7203	0.000036038998229	0.000035986879765	0.000036038998229
7204	0.000163101070795	0.000160985017156	0.000163101070795
7205	0.000019480539583	0.000019452367441	0.000019480539583
7206	0.000051408964313	0.000050932512750	0.000051408964313
7207	0.000038159760552	0.000039154776032	0.000038159760552
7208	0.000041713149451	0.000041717095881	0.000041713149451
7209	0.000097696655748	0.000097069317104	0.000097696655748
7210	0.000097602629742	0.000094849101508	0.000097602629742
7211	0.000087887017075	0.000087420186829	0.000087887017075
7212	0.000126497949441	0.000126219917300	0.000126497949441
7213	0.000057502389809	0.000056874452181	0.000057502389809
7214	0.000042597530428	0.000042535927222	0.000042597530428
7215	0.000037946820638	0.000037123627488	0.000037946820638
7216	0.000056027423308	0.000055946398215	0.000056027423308
7217	0.000060513679723	0.000061476367671	0.000060513679723
7218	0.000019480539583	0.000019452367441	0.000019480539583
7219	0.000019480539583	0.000019452367441	0.000019480539583
7220	0.000043054373584	0.000042854682954	0.000043054373584
7221	0.000051507201007	0.000052943044584	0.000051507201007
7222	0.000019480539583	0.000019452367441	0.000019480539583
7223	0.000036038998229	0.000035986879765	0.000036038998229
7224	0.000019480539583	0.000019452367441	0.000019480539583
7225	0.000019480539583	0.000019452367441	0.000019480539583
7226	0.000036038998229	0.000035986879765	0.000036038998229
7227	0.000065452110433	0.000065236644514	0.000065452110433
7228	0.000035480342961	0.000035297710282	0.000035480342961
7229	0.000019480539583	0.000019452367441	0.000019480539583
7230	0.000091834954156	0.000091155686698	0.000091834954156
7231	0.000142658643252	0.000142629844187	0.000142658643252
7232	0.000043964373481	0.000042052668670	0.000043964373481
7233	0.000185243867556	0.000184975973713	0.000185243867556
7234	0.000036038998229	0.000035986879765	0.000036038998229
7235	0.000033865700532	0.000033816725023	0.000033865700532
7236	0.000064188377927	0.000064095550717	0.000064188377927
7237	0.000040282004106	0.000040116149939	0.000040282004106
7238	0.000053720243074	0.000053551094889	0.000053720243074
7239	0.000050113688078	0.000050041215241	0.000050113688078
7240	0.000019480539583	0.000019452367441	0.000019480539583
7241	0.000107773129319	0.000103355678632	0.000107773129319
7242	0.000036051515340	0.000035909908244	0.000036051515340
7243	0.000078978720352	0.000078182859827	0.000078978720352
7244	0.000039074715647	0.000039018207025	0.000039074715647
7245	0.000039470949365	0.000038906377253	0.000039470949365
7246	0.000089387098400	0.000090813631724	0.000089387098400
7247	0.000140225446447	0.000135252783635	0.000140225446447
7248	0.000050113688078	0.000050041215241	0.000050113688078
7249	0.000019480539583	0.000019452367441	0.000019480539583
7250	0.000073322701907	0.000072641076471	0.000073322701907
7251	0.000036400240043	0.000036208843743	0.000036400240043
7252	0.000042791290740	0.000042591776014	0.000042791290740
7253	0.000186839240872	0.000184423299499	0.000186839240872
7254	0.000082126562545	0.000082437575558	0.000082126562545
7255	0.000019480539583	0.000019452367441	0.000019480539583
7256	0.000052597456875	0.000052521392090	0.000052597456875
7257	0.000019480539583	0.000019452367441	0.000019480539583
7258	0.000283371650792	0.000282961847642	0.000283371650792
7259	0.000107982207449	0.000105830473114	0.000107982207449
7260	0.000647258400275	0.000635428151258	0.000647258400275
7261	0.000260346442756	0.000259969937936	0.000260346442756
7262	0.000034378296511	0.000034266757112	0.000034378296511
7263	0.000039724487137	0.000039302258198	0.000039724487137
7264	0.000035625036763	0.000035573516957	0.000035625036763
7265	0.000036038998229	0.000035986879765	0.000036038998229
7266	0.000139476571858	0.000139806981366	0.000139476571858
7267	0.000019480539583	0.000019452367441	0.000019480539583
7268	0.000036038998229	0.000035986879765	0.000036038998229
7269	0.000019480539583	0.000019452367441	0.000019480539583
7270	0.000051235632854	0.000051161537496	0.000051235632854
7271	0.000044217559650	0.000044153613609	0.000044217559650
7272	0.000101134438780	0.000100988181342	0.000101134438780
7273	0.000105444812546	0.000105292321581	0.000105444812546
7274	0.000023964117877	0.000023929461725	0.000023964117877
7275	0.000057065465285	0.000056982939008	0.000057065465285
7276	0.000038064530660	0.000037561039381	0.000038064530660
7277	0.000082917194011	0.000082611093679	0.000082917194011
7278	0.000075275183501	0.000069849557958	0.000075275183501
7279	0.000043269022093	0.000043206447797	0.000043269022093
7280	0.000081657901083	0.000081380924987	0.000081657901083
7281	0.000019480539583	0.000019452367441	0.000019480539583
7282	0.000019480539583	0.000019452367441	0.000019480539583
7283	0.000049211059141	0.000049450004423	0.000049211059141
7284	0.000019480539583	0.000019452367441	0.000019480539583
7285	0.000036038998229	0.000035986879765	0.000036038998229
7286	0.000050113688078	0.000050041215241	0.000050113688078
7287	0.000133159581730	0.000168041626386	0.000133159581730
7288	0.000019480539583	0.000019452367441	0.000019480539583
7289	0.000036038998229	0.000035986879765	0.000036038998229
7290	0.000051371360661	0.000051058724912	0.000051371360661
7291	0.000041914428584	0.000041853813258	0.000041914428584
7292	0.000019480539583	0.000019452367441	0.000019480539583
7293	0.000036038998229	0.000035986879765	0.000036038998229
7294	0.000039868431762	0.000035677047656	0.000039868431762
7295	0.000019480539583	0.000019452367441	0.000019480539583
7296	0.000036038998229	0.000035986879765	0.000036038998229
7297	0.000044352010056	0.000040154141941	0.000044352010056
7298	0.000019480539583	0.000019452367441	0.000019480539583
7299	0.000150135441595	0.000167283493212	0.000150135441595
7300	0.000073342619127	0.000073373980152	0.000073342619127
7301	0.000068662718808	0.000080613712324	0.000068662718808
7302	0.000019480539583	0.000019452367441	0.000019480539583
7303	0.000367785075791	0.000349357117575	0.000367785075791
7304	0.000019480539583	0.000019452367441	0.000019480539583
7305	0.000051355572476	0.000051281303666	0.000051355572476
7306	0.000085715155775	0.000085300506238	0.000085715155775
7307	0.000019480539583	0.000019452367441	0.000019480539583
7308	0.000019480539583	0.000019452367441	0.000019480539583
7309	0.000019480539583	0.000019452367441	0.000019480539583
7310	0.000036038998229	0.000035986879765	0.000036038998229
7311	0.000019480539583	0.000019452367441	0.000019480539583
7312	0.000036038998229	0.000035986879765	0.000036038998229
7313	0.000035108447350	0.000035057674620	0.000035108447350
7314	0.000019480539583	0.000019452367441	0.000019480539583
7315	0.000019480539583	0.000019452367441	0.000019480539583
7316	0.000052370226323	0.000050549420869	0.000052370226323
7317	0.000019480539583	0.000019452367441	0.000019480539583
7318	0.000019480539583	0.000019452367441	0.000019480539583
7319	0.000036038998229	0.000035986879765	0.000036038998229
7320	0.000064152772285	0.000064059996568	0.000064152772285
7321	0.000060922071773	0.000058683958657	0.000060922071773
7322	0.000019480539583	0.000019452367441	0.000019480539583
7323	0.000019480539583	0.000019452367441	0.000019480539583
7324	0.000019480539583	0.000019452367441	0.000019480539583
7325	0.000408204642854	0.000408548177141	0.000408204642854
7326	0.000019480539583	0.000019452367441	0.000019480539583
7327	0.000019480539583	0.000019452367441	0.000019480539583
7328	0.000149669305822	0.000145312659002	0.000149669305822
7329	0.000019480539583	0.000019452367441	0.000019480539583
7330	0.000036038998229	0.000035986879765	0.000036038998229
7331	0.000019480539583	0.000019452367441	0.000019480539583
7332	0.000124807188319	0.000122957157016	0.000124807188319
7333	0.000023964117877	0.000023929461725	0.000023964117877
7334	0.000042496426447	0.000042332724784	0.000042496426447
7335	0.000037893921213	0.000037259551115	0.000037893921213
7336	0.000062315117182	0.000060561006629	0.000062315117182
7337	0.000049729438396	0.000047066964375	0.000049729438396
7338	0.000078846925927	0.000078153330883	0.000078846925927
7339	0.000106291662218	0.000105855446550	0.000106291662218
7340	0.000019480539583	0.000019452367441	0.000019480539583
7341	0.000114612230835	0.000113658052434	0.000114612230835
7342	0.000038930364875	0.000037454868985	0.000038930364875
7343	0.000067756700015	0.000056606341355	0.000067756700015
7344	0.000023964117877	0.000023929461725	0.000023964117877
7345	0.000026902997782	0.000026833506779	0.000026902997782
7346	0.000196146343773	0.000221289152841	0.000196146343773
7347	0.000050113688078	0.000050041215241	0.000050113688078
7348	0.000040394646463	0.000039998077545	0.000040394646463
7349	0.000344419324107	0.000382429880211	0.000344419324107
7350	0.000088828940048	0.000087034149797	0.000088828940048
7351	0.000019480539583	0.000019452367441	0.000019480539583
7352	0.000036038998229	0.000035986879765	0.000036038998229
7353	0.000034729262535	0.000034436843579	0.000034729262535
7354	0.000042243588282	0.000041659433047	0.000042243588282
7355	0.000067657857668	0.000062351837711	0.000067657857668
7356	0.000019480539583	0.000019452367441	0.000019480539583
7357	0.000069211760321	0.000083855482716	0.000069211760321
7358	0.000043973348069	0.000042485621153	0.000043973348069
7359	0.000019480539583	0.000019452367441	0.000019480539583
7360	0.000142515801056	0.000138525657947	0.000142515801056
7361	0.000019480539583	0.000019452367441	0.000019480539583
7362	0.000058693517343	0.000058505762939	0.000058693517343
7363	0.000019480539583	0.000019452367441	0.000019480539583
7364	0.000019480539583	0.000019452367441	0.000019480539583
7365	0.000019480539583	0.000019452367441	0.000019480539583
7366	0.000019480539583	0.000019452367441	0.000019480539583
7367	0.000072117131600	0.000071756872789	0.000072117131600
7368	0.000019480539583	0.000019452367441	0.000019480539583
7369	0.000039746425791	0.000039574115242	0.000039746425791
7370	0.000019480539583	0.000019452367441	0.000019480539583
7371	0.000019480539583	0.000019452367441	0.000019480539583
7372	0.000093068650381	0.000092728860339	0.000093068650381
7373	0.000052059420405	0.000063338898776	0.000052059420405
7374	0.000019480539583	0.000019452367441	0.000019480539583
7375	0.000069155915520	0.000069055904415	0.000069155915520
7376	0.000019480539583	0.000019452367441	0.000019480539583
7377	0.000019480539583	0.000019452367441	0.000019480539583
7378	0.000019480539583	0.000019452367441	0.000019480539583
7379	0.000036038998229	0.000035986879765	0.000036038998229
7380	0.000019480539583	0.000019452367441	0.000019480539583
7381	0.000019480539583	0.000019452367441	0.000019480539583
7382	0.000019480539583	0.000019452367441	0.000019480539583
7383	0.000019480539583	0.000019452367441	0.000019480539583
7384	0.000036038998229	0.000035986879765	0.000036038998229
7385	0.000125876513824	0.000135719778084	0.000125876513824
7386	0.000019480539583	0.000019452367441	0.000019480539583
7387	0.000061862250522	0.000061526459024	0.000061862250522
7388	0.000019480539583	0.000019452367441	0.000019480539583
7389	0.000064374660586	0.000064281563981	0.000064374660586
7390	0.000036038998229	0.000035986879765	0.000036038998229
7391	0.000019480539583	0.000019452367441	0.000019480539583
7392	0.000036038998229	0.000035986879765	0.000036038998229
7393	0.000019480539583	0.000019452367441	0.000019480539583
7394	0.000081456340948	0.000081338541355	0.000081456340948
7395	0.000019480539583	0.000019452367441	0.000019480539583
7396	0.000169888983556	0.000173299673010	0.000169888983556
7397	0.000062219385194	0.000062115964114	0.000062219385194
7398	0.000050571614490	0.000050261713221	0.000050571614490
7399	0.000019480539583	0.000019452367441	0.000019480539583
7400	0.000037941171516	0.000037742315887	0.000037941171516
7401	0.000037862637732	0.000037813558240	0.000037862637732
7402	0.000023546680509	0.000023405532864	0.000023546680509
7403	0.000019480539583	0.000019452367441	0.000019480539583
7404	0.000095432687381	0.000095180999045	0.000095432687381
7405	0.000019480539583	0.000019452367441	0.000019480539583
7406	0.000019480539583	0.000019452367441	0.000019480539583
7407	0.000019480539583	0.000019452367441	0.000019480539583
7408	0.000106609501712	0.000105971214936	0.000106609501712
7409	0.000034153413249	0.000036125381435	0.000034153413249
7410	0.000048058340486	0.000047986486427	0.000048058340486
7411	0.000032139007792	0.000035599795802	0.000032139007792
7412	0.000019480539583	0.000019452367441	0.000019480539583
7413	0.000036038998229	0.000035986879765	0.000036038998229
7414	0.000813833087727	0.000804113004298	0.000813833087727
7415	0.000019480539583	0.000019452367441	0.000019480539583
7416	0.000050113688078	0.000050041215241	0.000050113688078
7417	0.000019480539583	0.000019452367441	0.000019480539583
7418	0.000036038998229	0.000035986879765	0.000036038998229
7419	0.000073436811242	0.000071982240701	0.000073436811242
7420	0.000019480539583	0.000019452367441	0.000019480539583
7421	0.000019480539583	0.000019452367441	0.000019480539583
7422	0.000050953957229	0.000050788515015	0.000050953957229
7423	0.000019480539583	0.000019452367441	0.000019480539583
7424	0.000225344799500	0.000222375345650	0.000225344799500
7425	0.000019480539583	0.000019452367441	0.000019480539583
7426	0.000019480539583	0.000019452367441	0.000019480539583
7427	0.000019480539583	0.000019452367441	0.000019480539583
7428	0.000019480539583	0.000019452367441	0.000019480539583
7429	0.000019480539583	0.000019452367441	0.000019480539583
7430	0.000019480539583	0.000019452367441	0.000019480539583
7431	0.000019480539583	0.000019452367441	0.000019480539583
7432	0.000019480539583	0.000019452367441	0.000019480539583
7433	0.000019480539583	0.000019452367441	0.000019480539583
7434	0.000019480539583	0.000019452367441	0.000019480539583
7435	0.000019480539583	0.000019452367441	0.000019480539583
7436	0.000019480539583	0.000019452367441	0.000019480539583
7437	0.000019480539583	0.000019452367441	0.000019480539583
7438	0.000019480539583	0.000019452367441	0.000019480539583
7439	0.000038837386366	0.000036737625351	0.000038837386366
7440	0.000363395699800	0.000386373347429	0.000363395699800
7441	0.000186419392192	0.000185483804994	0.000186419392192
7442	0.000039285669608	0.000039000548095	0.000039285669608
7443	0.000041834458755	0.000041773959079	0.000041834458755
7444	0.000041834458755	0.000041773959079	0.000041834458755
7445	0.000043180350972	0.000042871588040	0.000043180350972
7446	0.000019480539583	0.000019452367441	0.000019480539583
7447	0.000046050325146	0.000042806963819	0.000046050325146
7448	0.000042988149080	0.000042090363442	0.000042988149080
7449	0.000100006789822	0.000101368201561	0.000100006789822
7450	0.000019480539583	0.000019452367441	0.000019480539583
7451	0.000019480539583	0.000019452367441	0.000019480539583
7452	0.000019480539583	0.000019452367441	0.000019480539583
7453	0.000055680268910	0.000053675332839	0.000055680268910
7454	0.000019480539583	0.000019452367441	0.000019480539583
7455	0.000141963929947	0.000142939797561	0.000141963929947
7456	0.000117615767437	0.000133374129420	0.000117615767437
7457	0.000050113688078	0.000050041215241	0.000050113688078
7458	0.000043659738732	0.000042810295912	0.000043659738732
7459	0.000019480539583	0.000019452367441	0.000019480539583
7460	0.000019480539583	0.000019452367441	0.000019480539583
7461	0.000036038998229	0.000035986879765	0.000036038998229
7462	0.000043945086003	0.000043871856530	0.000043945086003
7463	0.000041130724262	0.000041071242305	0.000041130724262
7464	0.000019480539583	0.000019452367441	0.000019480539583
7465	0.000475432691470	0.000469855126146	0.000475432691470
7466	0.000019480539583	0.000019452367441	0.000019480539583
7467	0.000076042164510	0.000075545700502	0.000076042164510
7468	0.000035030138859	0.000037311491325	0.000035030138859
7469	0.000019480539583	0.000019452367441	0.000019480539583
7470	0.000036038998229	0.000035986879765	0.000036038998229
7471	0.000019480539583	0.000019452367441	0.000019480539583
7472	0.000036038998229	0.000035986879765	0.000036038998229
7473	0.000043964373481	0.000042052668670	0.000043964373481
7474	0.000154846679230	0.000153579049921	0.000154846679230
7475	0.000019480539583	0.000019452367441	0.000019480539583
7476	0.000019480539583	0.000019452367441	0.000019480539583
7477	0.000019480539583	0.000019452367441	0.000019480539583
7478	0.000059289922317	0.000057780045054	0.000059289922317
7479	0.000604911272553	0.000595206512237	0.000604911272553
7480	0.000019480539583	0.000019452367441	0.000019480539583
7481	0.000036038998229	0.000035986879765	0.000036038998229
7482	0.000019480539583	0.000019452367441	0.000019480539583
7483	0.000019480539583	0.000019452367441	0.000019480539583
7484	0.000019480539583	0.000019452367441	0.000019480539583
7485	0.000036038998229	0.000035986879765	0.000036038998229
7486	0.000035030138859	0.000037311491325	0.000035030138859
7487	0.000019480539583	0.000019452367441	0.000019480539583
7488	0.000039287600004	0.000039160021721	0.000039287600004
7489	0.000019480539583	0.000019452367441	0.000019480539583
7490	0.000036038998229	0.000035986879765	0.000036038998229
7491	0.000036038998229	0.000035986879765	0.000036038998229
7492	0.000073077541971	0.000067646981466	0.000073077541971
7493	0.000048235129092	0.000045951898468	0.000048235129092
7494	0.000039287600004	0.000039160021721	0.000039287600004
7495	0.000036038998229	0.000035986879765	0.000036038998229
7496	0.000076245204892	0.000076030251969	0.000076245204892
7497	0.000082147164873	0.000081265970486	0.000082147164873
7498	0.000034678694063	0.000034443412427	0.000034678694063
7499	0.000039287600004	0.000039160021721	0.000039287600004
7500	0.000050130320513	0.000049949038376	0.000050130320513
7501	0.000019480539583	0.000019452367441	0.000019480539583
7502	0.000052597456875	0.000052521392090	0.000052597456875
7503	0.000019480539583	0.000019452367441	0.000019480539583
7504	0.000053030667549	0.000052953976269	0.000053030667549
7505	0.000036306619653	0.000036205274564	0.000036306619653
7506	0.000039074715647	0.000039018207025	0.000039074715647
7507	0.000050113688078	0.000050041215241	0.000050113688078
7508	0.000047899260121	0.000047505241143	0.000047899260122
7509	0.000042167796197	0.000041538919984	0.000042167796197
7510	0.000050113688078	0.000050041215241	0.000050113688078
7511	0.000166700635741	0.000173387219968	0.000166700635741
7512	0.000047899260121	0.000047505241143	0.000047899260122
7513	0.000019480539583	0.000019452367441	0.000019480539583
7514	0.000036038998229	0.000035986879765	0.000036038998229
7515	0.000062077174449	0.000061987400396	0.000062077174449
7516	0.000053366153154	0.000051455487826	0.000053366153154
7517	0.000019480539583	0.000019452367441	0.000019480539583
7518	0.000019480539583	0.000019452367441	0.000019480539583
7519	0.000019480539583	0.000019452367441	0.000019480539583
7520	0.000068729567343	0.000067912495410	0.000068729567343
7521	0.000037107256829	0.000037001941141	0.000037107256829
7522	0.000055846058649	0.000055694534046	0.000055846058649
7523	0.000019480539583	0.000019452367441	0.000019480539583
7524	0.000036306619653	0.000036205274564	0.000036306619653
7525	0.000036306619653	0.000036205274564	0.000036306619653
7526	0.000220050441835	0.000224365131985	0.000220050441835
7527	0.000074710051268	0.000074020612083	0.000074710051268
7528	0.000019480539583	0.000019452367441	0.000019480539583
7529	0.000161053594297	0.000161023583919	0.000161053594297
7530	0.000082096320011	0.000089078882060	0.000082096320011
7531	0.000019480539583	0.000019452367441	0.000019480539583
7532	0.000132008377380	0.000123646950988	0.000132008377380
7533	0.000043353104233	0.000043033552161	0.000043353104233
7534	0.000019480539583	0.000019452367441	0.000019480539583
7535	0.000036038998229	0.000035986879765	0.000036038998229
7536	0.000019480539583	0.000019452367441	0.000019480539583
7537	0.000019480539583	0.000019452367441	0.000019480539583
7538	0.000019480539583	0.000019452367441	0.000019480539583
7539	0.000036038998229	0.000035986879765	0.000036038998229
7540	0.000084116379416	0.000083666212868	0.000084116379416
7541	0.000019480539583	0.000019452367441	0.000019480539583
7542	0.000067512871080	0.000066997037729	0.000067512871080
7543	0.000019480539583	0.000019452367441	0.000019480539583
7544	0.000056336641542	0.000052942503647	0.000056336641542
7545	0.000038399541767	0.000037797615031	0.000038399541767
7546	0.000159478865913	0.000157644573076	0.000159478865913
7547	0.000036218346270	0.000036610276061	0.000036218346270
7548	0.000040921752428	0.000039260417419	0.000040921752428
7549	0.000038824041942	0.000037250762931	0.000038824041942
7550	0.000035030138859	0.000037311491325	0.000035030138859
7551	0.000076720264606	0.000076609314177	0.000076720264606
7552	0.000019480539583	0.000019452367441	0.000019480539583
7553	0.000109929123073	0.000102656453620	0.000109929123073
7554	0.000110160699718	0.000108937708208	0.000110160699718
7555	0.000045372420087	0.000044393049870	0.000045372420087
7556	0.000042209156065	0.000041044561855	0.000042209156065
7557	0.000065597747888	0.000065018771018	0.000065597747888
7558	0.000227625375938	0.000259988453028	0.000227625375938
7559	0.000209518024111	0.000205548334158	0.000209518024111
7560	0.000065597747888	0.000065018771018	0.000065597747888
7561	0.000082156206533	0.000081553283342	0.000082156206533
7562	0.000019480539583	0.000019452367441	0.000019480539583
7563	0.000039074715647	0.000039018207025	0.000039074715647
7564	0.000038824041942	0.000037250762931	0.000038824041942
7565	0.000019480539583	0.000019452367441	0.000019480539583
7566	0.000040089501811	0.000040031525637	0.000040089501811
7567	0.000121229189578	0.000121053871745	0.000121229189578
7568	0.000019480539583	0.000019452367441	0.000019480539583
7569	0.000040089501811	0.000040031525637	0.000040089501811
7570	0.000040089501811	0.000040031525637	0.000040089501811
7571	0.000195326622852	0.000191611473677	0.000195326622852
7572	0.000066949689435	0.000066792721380	0.000066949689435
7573	0.000183301569339	0.000169817070277	0.000183301569339
7574	0.000055383282197	0.000053495364754	0.000055383282197
7575	0.000019480539583	0.000019452367441	0.000019480539583
7576	0.000061587375948	0.000062382298883	0.000061587375948
7577	0.000048682750840	0.000045380094474	0.000048682750840
7578	0.000037581157550	0.000037571983378	0.000037581157550
7579	0.000019480539583	0.000019452367441	0.000019480539583
7580	0.000065597747888	0.000065018771018	0.000065597747888
7581	0.000037956272250	0.000038088234257	0.000037956272250
7582	0.000052027352048	0.000051676849111	0.000052027352048
7583	0.000048937068861	0.000048830306629	0.000048937068861
7584	0.000028317865208	0.000027545115339	0.000028317865208
7585	0.000102342305883	0.000120875531763	0.000102342305883
7586	0.000048111616302	0.000048492120020	0.000048111616302
7587	0.000048609455600	0.000048539158137	0.000048609455600
7588	0.000034786339353	0.000034736032445	0.000034786339353
7589	0.000050871898872	0.000050682019894	0.000050871898872
7590	0.000045201593490	0.000044916948926	0.000045201593490
7591	0.000038824041942	0.000037250762931	0.000038824041942
7592	0.000073754294351	0.000073600352240	0.000073754294351
7593	0.000019480539583	0.000019452367441	0.000019480539583
7594	0.000039470949365	0.000038906377253	0.000039470949365
7595	0.000019480539583	0.000019452367441	0.000019480539583
7596	0.000036038998229	0.000035986879765	0.000036038998229
7597	0.000124703545057	0.000129063833545	0.000124703545057
7598	0.000083307172951	0.000083147759163	0.000083307172951
7599	0.000120866417743	0.000121531841384	0.000120866417743
7600	0.000074853177989	0.000074686563152	0.000074853177989
7601	0.000093776727856	0.000093276942886	0.000093776727856
7602	0.000037946820638	0.000037123627488	0.000037946820638
7603	0.000081959908299	0.000078890124325	0.000081959908299
7604	0.000178533030067	0.000179550804146	0.000178533030067
7605	0.000019480539583	0.000019452367441	0.000019480539583
7606	0.000019480539583	0.000019452367441	0.000019480539583
7607	0.000147894588633	0.000146619747272	0.000147894588633
7608	0.000054518621931	0.000054017786973	0.000054518621931
7609	0.000019480539583	0.000019452367441	0.000019480539583
7610	0.000314183971450	0.000307804219958	0.000314183971450
7611	0.000151345674947	0.000150261959475	0.000151345674947
7612	0.000052656538001	0.000051972468031	0.000052656538001
7613	0.000133957656274	0.000117856964707	0.000133957656274
7614	0.000097390119208	0.000110598526316	0.000097390119208
7615	0.000050113688078	0.000050041215241	0.000050113688078
7616	0.000036038998229	0.000035986879765	0.000036038998229
7617	0.000107405109465	0.000107005164158	0.000107405109465
7618	0.000037946820638	0.000037123627488	0.000037946820638
7619	0.000072096864096	0.000070082394544	0.000072096864096
7620	0.000037946820638	0.000037123627488	0.000037946820638
7621	0.000039229050859	0.000039166322302	0.000039229050859
7622	0.000061119070307	0.000060496916764	0.000061119070307
7623	0.000039470949365	0.000038906377253	0.000039470949365
7624	0.000066241509765	0.000066101500587	0.000066241509765
7625	0.000039527429919	0.000038303369435	0.000039527429919
7626	0.000097519834501	0.000097373972475	0.000097519834501
7627	0.000041522224595	0.000041485651996	0.000041522224595
7628	0.000049034995562	0.000048953710704	0.000049034995562
7629	0.000057850468118	0.000057766806595	0.000057850468118
7630	0.000033410342919	0.000032782456830	0.000033410342919
7631	0.000039517757551	0.000038721830280	0.000039517757551
7632	0.000071284329473	0.000070556267225	0.000071284329473
7633	0.000111897671474	0.000111603048811	0.000111897671474
7634	0.000044339503740	0.000044234897925	0.000044339503740
7635	0.000075778902928	0.000074993330922	0.000075778902928
7636	0.000040951228746	0.000040700477869	0.000040951228746
7637	0.000033410342919	0.000032782456830	0.000033410342919
7638	0.000041125419139	0.000036833865771	0.000041125419139
7639	0.000041125419139	0.000036833865771	0.000041125419139
7640	0.000039759985652	0.000039678329738	0.000039759985652
7641	0.000054101562953	0.000053141544145	0.000054101562953
7642	0.000059468396236	0.000058675064202	0.000059468396236
7643	0.000077345829294	0.000070608410071	0.000077345829294
7644	0.000073317236212	0.000072607819469	0.000073317236212
7645	0.000089707897610	0.000089309170933	0.000089707897610
7646	0.000056170831388	0.000052873163840	0.000056170831388
7647	0.000046339386038	0.000047870093506	0.000046339386038
7648	0.000019480539583	0.000019452367441	0.000019480539583
7649	0.000085715155775	0.000085300506238	0.000085715155775
7650	0.000019480539583	0.000019452367441	0.000019480539583
7651	0.000019480539583	0.000019452367441	0.000019480539583
7652	0.000019480539583	0.000019452367441	0.000019480539583
7653	0.000033410342919	0.000032782456830	0.000033410342919
7654	0.000041405693523	0.000042336918992	0.000041405693523
7655	0.000028317865208	0.000027545115339	0.000028317865208
7656	0.000048970591299	0.000048418586481	0.000048970591299
7657	0.000019480539583	0.000019452367441	0.000019480539583
7658	0.000047879331064	0.000047317455746	0.000047879331064
7659	0.000054456071694	0.000051529275701	0.000054456071694
7660	0.000043964373481	0.000042052668670	0.000043964373481
7661	0.000036757840951	0.000037372900375	0.000036757840951
7662	0.000019480539583	0.000019452367441	0.000019480539583
7663	0.000036038998229	0.000035986879765	0.000036038998229
7664	0.000037712555937	0.000037785632861	0.000037712555937
7665	0.000059333633402	0.000056674311473	0.000059333633402
7666	0.000040939813376	0.000040611626633	0.000040939813376
7667	0.000042085217894	0.000041496834986	0.000042085217894
7668	0.000069066239710	0.000066100369909	0.000069066239710
7669	0.000041834458755	0.000041773959079	0.000041834458755
7670	0.000079508447622	0.000072122262945	0.000079508447622
7671	0.000048702091618	0.000048579110986	0.000048702091618
7672	0.000045349618031	0.000044558048243	0.000045349618031
7673	0.000045349618031	0.000044558048243	0.000045349618031
7674	0.000045349618031	0.000044558048243	0.000045349618031
7675	0.000034797113830	0.000034746791341	0.000034797113830
7676	0.000049874542499	0.000049595806135	0.000049874542499
7677	0.000050113688078	0.000050041215241	0.000050113688078
7678	0.000140480377708	0.000161894036133	0.000140480377708
7679	0.000059080948122	0.000062665430689	0.000059080948122
7680	0.000098619262578	0.000098117949440	0.000098619262578
7681	0.000051536212129	0.000051570155373	0.000051536212129
7682	0.000063949232347	0.000063650141611	0.000063949232347
7683	0.000091383450859	0.000090248131942	0.000091383450859
7684	0.000048640932853	0.000048330582749	0.000048640932853
7685	0.000072533942934	0.000071150009089	0.000072533942934
7686	0.000036727951327	0.000036619943601	0.000036727951327
7687	0.000079052467504	0.000073304822532	0.000079052467504
7688	0.000048962040678	0.000048712160986	0.000048962040678
7689	0.000094996727373	0.000076382141920	0.000094996727373
7690	0.000048773033926	0.000048564868591	0.000048773033926
7691	0.000079866975532	0.000079482493553	0.000079866975532
7692	0.000019480539583	0.000019452367441	0.000019480539583
7693	0.000458593336271	0.000458077239393	0.000458593336271
7694	0.000022471177297	0.000021856990427	0.000022471177297
7695	0.000022471177297	0.000021856990427	0.000022471177297
7696	0.000022471177297	0.000021856990427	0.000022471177297
7697	0.000022471177297	0.000021856990427	0.000022471177297
7698	0.000022471177297	0.000021856990427	0.000022471177297
7699	0.000071552419555	0.000070426604315	0.000071552419555
7700	0.000137912565165	0.000136585365557	0.000137912565165
7701	0.000025151351051	0.000025102437860	0.000025151351051
7702	0.000065422900365	0.000063373381233	0.000065422900365
7703	0.000066672146723	0.000066575727566	0.000066672146723
7704	0.000084071137154	0.000080138209896	0.000084071137154
7705	0.000019480539583	0.000019452367441	0.000019480539583
7706	0.000036038998229	0.000035986879765	0.000036038998229
7707	0.000036089398742	0.000035970001376	0.000036089398742
7708	0.000036038998229	0.000035986879765	0.000036038998229
7709	0.000448759953818	0.000461359250492	0.000448759953818
7710	0.000019480539583	0.000019452367441	0.000019480539583
7711	0.000036038998229	0.000035986879765	0.000036038998229
7712	0.000138888860635	0.000157062298154	0.000138888860635
7713	0.000110298273443	0.000110138763556	0.000110298273443
7714	0.000019480539583	0.000019452367441	0.000019480539583
7715	0.000069155915520	0.000069055904415	0.000069155915520
7716	0.000019480539583	0.000019452367441	0.000019480539583
7717	0.000052584403301	0.000051905199084	0.000052584403301
7718	0.000040939813376	0.000040611626633	0.000040939813376
7719	0.000019480539583	0.000019452367441	0.000019480539583
7720	0.000022471177297	0.000021856990427	0.000022471177297
7721	0.000022471177297	0.000021856990427	0.000022471177297
7722	0.000022471177297	0.000021856990427	0.000022471177297
7723	0.000022471177297	0.000021856990427	0.000022471177297
7724	0.000022471177297	0.000021856990427	0.000022471177297
7725	0.000022471177297	0.000021856990427	0.000022471177297
7726	0.000022471177297	0.000021856990427	0.000022471177297
7727	0.000022471177297	0.000021856990427	0.000022471177297
7728	0.000022471177297	0.000021856990427	0.000022471177297
7729	0.000022471177297	0.000021856990427	0.000022471177297
7730	0.000022471177297	0.000021856990427	0.000022471177297
7731	0.000022471177297	0.000021856990427	0.000022471177297
7732	0.000022471177297	0.000021856990427	0.000022471177297
7733	0.000022471177297	0.000021856990427	0.000022471177297
7734	0.000022471177297	0.000021856990427	0.000022471177297
7735	0.000022471177297	0.000021856990427	0.000022471177297
7736	0.000462743988917	0.000455709336938	0.000462743988917
7737	0.000019480539583	0.000019452367441	0.000019480539583
7738	0.000036038998229	0.000035986879765	0.000036038998229
7739	0.000022471177297	0.000021856990427	0.000022471177297
7740	0.000022471177297	0.000021856990427	0.000022471177297
7741	0.000022471177297	0.000021856990427	0.000022471177297
7742	0.000022471177297	0.000021856990427	0.000022471177297
7743	0.000665896330128	0.000458093108467	0.000665896330128
7744	0.000040939813376	0.000040611626633	0.000040939813376
7745	0.000044125899757	0.000046195932322	0.000044125899757
7746	0.000044783718982	0.000044945010676	0.000044783718982
7747	0.000043392727988	0.000042939830090	0.000043392727988
7748	0.000047804432857	0.000047456938467	0.000047804432857
7749	0.000056628971415	0.000047248686266	0.000056628971415
7750	0.000040939813376	0.000040611626633	0.000040939813376
7751	0.000019480539583	0.000019452367441	0.000019480539583
7752	0.000019480539583	0.000019452367441	0.000019480539583
7753	0.000019480539583	0.000019452367441	0.000019480539583
7754	0.000019480539583	0.000019452367441	0.000019480539583
7755	0.000019480539583	0.000019452367441	0.000019480539583
7756	0.000019480539583	0.000019452367441	0.000019480539583
7757	0.000019480539583	0.000019452367441	0.000019480539583
7758	0.000019480539583	0.000019452367441	0.000019480539583
7759	0.000019480539583	0.000019452367441	0.000019480539583
7760	0.000019480539583	0.000019452367441	0.000019480539583
7761	0.000077566839467	0.000077614427627	0.000077566839467
7762	0.000044812882225	0.000043909607601	0.000044812882225
7763	0.000049058086339	0.000048987140081	0.000049058086339
7764	0.000019480539583	0.000019452367441	0.000019480539583
7765	0.000110341273275	0.000107847907708	0.000110341273275
7766	0.000019480539583	0.000019452367441	0.000019480539583
7767	0.000019480539583	0.000019452367441	0.000019480539583
7768	0.000019480539583	0.000019452367441	0.000019480539583
7769	0.000019480539583	0.000019452367441	0.000019480539583
7770	0.000019480539583	0.000019452367441	0.000019480539583
7771	0.000040939813376	0.000040611626633	0.000040939813376
7772	0.000046760342249	0.000046494371793	0.000046760342249
7773	0.000054476890537	0.000054398107775	0.000054476890537
7774	0.000019480539583	0.000019452367441	0.000019480539583
7775	0.000041097324646	0.000040920896676	0.000041097324646
7776	0.000157053839959	0.000156620489587	0.000157053839959
7777	0.000019480539583	0.000019452367441	0.000019480539583
7778	0.000036038998229	0.000035986879765	0.000036038998229
7779	0.000042693487208	0.000042574049145	0.000042693487208
7780	0.000041060678422	0.000041001297763	0.000041060678422
7781	0.000066357305796	0.000066261341952	0.000066357305796
7782	0.000041063302469	0.000040986950234	0.000041063302469
7783	0.000044202134985	0.000043558615343	0.000044202134985
7784	0.000050069875479	0.000048907234756	0.000050069875479
7785	0.000033879199275	0.000033830204245	0.000033879199275
7786	0.000040763103980	0.000040454483419	0.000040763103980
7787	0.000039968124009	0.000039910323368	0.000039968124009
7788	0.000061448840081	0.000061289504818	0.000061448840081
7789	0.000040763103980	0.000040454483419	0.000040763103980
7790	0.000035625036763	0.000035573516957	0.000035625036763
7791	0.000086228421566	0.000086016075515	0.000086228421566
7792	0.000128008232702	0.000125863974650	0.000128008232702
7793	0.000040939813376	0.000040611626633	0.000040939813376
7794	0.000019480539583	0.000019452367441	0.000019480539583
7795	0.000087424434648	0.000093184963232	0.000087424434648
7796	0.000092774697914	0.000092566031629	0.000092774697914
7797	0.000035058378851	0.000045643788673	0.000035058378851
7798	0.000035058378851	0.000045643788673	0.000035058378851
7799	0.000054476165046	0.000054152877468	0.000054476165046
7800	0.000045796661359	0.000045730431671	0.000045796661359
7801	0.000100473479408	0.000104054172953	0.000100473479408
7802	0.000054384346682	0.000054291275140	0.000054384346682
7803	0.000052571349727	0.000051289006078	0.000052571349727
7804	0.000054787478316	0.000054508926046	0.000054787478316
7805	0.000019480539583	0.000019452367441	0.000019480539583
7806	0.000098339032810	0.000098133494325	0.000098339032810
7807	0.000040939813376	0.000040611626633	0.000040939813376
7808	0.000037946820638	0.000037123627488	0.000037946820638
7809	0.000103068717472	0.000102865837617	0.000103068717472
7810	0.000019480539583	0.000019452367441	0.000019480539583
7811	0.000107088949434	0.000106888329415	0.000107088949434
7812	0.000034812940686	0.000036006161872	0.000034812940686
7813	0.000037569134050	0.000037514802753	0.000037569134050
7814	0.000110506146602	0.000110307447444	0.000110506146602
7815	0.000040040841640	0.000043258690916	0.000040040841640
7816	0.000040939813376	0.000040611626633	0.000040939813376
7817	0.000019480539583	0.000019452367441	0.000019480539583
7818	0.000036038998229	0.000035986879765	0.000036038998229
7819	0.000037118115144	0.000036968762677	0.000037118115144
7820	0.000086625371010	0.000083079638604	0.000086625371010
7821	0.000113410764195	0.000113213697768	0.000113410764195
7822	0.000091211211055	0.000091197389882	0.000091211211055
7823	0.000115879689149	0.000115684010544	0.000115879689149
7824	0.000150311142204	0.000151548355980	0.000150311142204
7825	0.000019480539583	0.000019452367441	0.000019480539583
7826	0.000052005880200	0.000051930670935	0.000052005880200
7827	0.000117978275360	0.000117783776403	0.000117978275360
7828	0.000088853201560	0.000087806036619	0.000088853201560
7829	0.000019480539583	0.000019452367441	0.000019480539583
7830	0.000623415175763	0.000618888001574	0.000623415175763
7831	0.000019480539583	0.000019452367441	0.000019480539583
7832	0.000019480539583	0.000019452367441	0.000019480539583
7833	0.000019480539583	0.000019452367441	0.000019480539583
7834	0.000019480539583	0.000019452367441	0.000019480539583
7835	0.000019480539583	0.000019452367441	0.000019480539583
7836	0.000019480539583	0.000019452367441	0.000019480539583
7837	0.000019480539583	0.000019452367441	0.000019480539583
7838	0.000019480539583	0.000019452367441	0.000019480539583
7839	0.000019480539583	0.000019452367441	0.000019480539583
7840	0.000019480539583	0.000019452367441	0.000019480539583
7841	0.000019480539583	0.000019452367441	0.000019480539583
7842	0.000019480539583	0.000019452367441	0.000019480539583
7843	0.000019480539583	0.000019452367441	0.000019480539583
7844	0.000019480539583	0.000019452367441	0.000019480539583
7845	0.000019480539583	0.000019452367441	0.000019480539583
7846	0.000019480539583	0.000019452367441	0.000019480539583
7847	0.000019480539583	0.000019452367441	0.000019480539583
7848	0.000019480539583	0.000019452367441	0.000019480539583
7849	0.000019480539583	0.000019452367441	0.000019480539583
7850	0.000019480539583	0.000019452367441	0.000019480539583
7851	0.000019480539583	0.000019452367441	0.000019480539583
7852	0.000019480539583	0.000019452367441	0.000019480539583
7853	0.000019480539583	0.000019452367441	0.000019480539583
7854	0.000019480539583	0.000019452367441	0.000019480539583
7855	0.000019480539583	0.000019452367441	0.000019480539583
7856	0.000019480539583	0.000019452367441	0.000019480539583
7857	0.000019480539583	0.000019452367441	0.000019480539583
7858	0.000019480539583	0.000019452367441	0.000019480539583
7859	0.000019480539583	0.000019452367441	0.000019480539583
7860	0.000119762073639	0.000119568577383	0.000119762073639
7861	0.000019480539583	0.000019452367441	0.000019480539583
7862	0.000019480539583	0.000019452367441	0.000019480539583
7863	0.000040939813376	0.000040611626633	0.000040939813376
7864	0.000047579891739	0.000063265585222	0.000047579891740
7865	0.000036038998229	0.000035986879765	0.000036038998229
7866	0.000096063410820	0.000095924486942	0.000096063410820
7867	0.000036038998229	0.000035986879765	0.000036038998229
7868	0.000036038998229	0.000035986879765	0.000036038998229
7869	0.000052081515778	0.000051958494671	0.000052081515778
7870	0.000019480539583	0.000019452367441	0.000019480539583
7871	0.000036038998229	0.000035986879765	0.000036038998229
7872	0.000019480539583	0.000019452367441	0.000019480539583
7873	0.000019480539583	0.000019452367441	0.000019480539583
7874	0.000019480539583	0.000019452367441	0.000019480539583
7875	0.000019480539583	0.000019452367441	0.000019480539583
7876	0.000019480539583	0.000019452367441	0.000019480539583
7877	0.000019480539583	0.000019452367441	0.000019480539583
7878	0.000121278302176	0.000121085658217	0.000121278302176
7879	0.000019480539583	0.000019452367441	0.000019480539583
7880	0.000036038998229	0.000035986879765	0.000036038998229
7881	0.000019480539583	0.000019452367441	0.000019480539583
7882	0.000050113688078	0.000050041215241	0.000050113688078
7883	0.000122567096433	0.000122375176925	0.000122567096433
7884	0.000019480539583	0.000019452367441	0.000019480539583
7885	0.000019480539583	0.000019452367441	0.000019480539583
7886	0.000123662571551	0.000123471267827	0.000123662571551
7887	0.000062077174449	0.000061987400396	0.000062077174449
7888	0.000124593725402	0.000124402945094	0.000124593725402
7889	0.000019480539583	0.000019452367441	0.000019480539583
7890	0.000072246137865	0.000072141657777	0.000072246137865
7891	0.000019480539583	0.000019452367441	0.000019480539583
7892	0.000019480539583	0.000019452367441	0.000019480539583
7893	0.000125385206175	0.000125194870770	0.000125385206175
7894	0.000019480539583	0.000019452367441	0.000019480539583
7895	0.000019480539583	0.000019452367441	0.000019480539583
7896	0.000019480539583	0.000019452367441	0.000019480539583
7897	0.000019480539583	0.000019452367441	0.000019480539583
7898	0.000036038998229	0.000035986879765	0.000036038998229
7899	0.000040939813376	0.000040611626633	0.000040939813376
7900	0.000126057964832	0.000125868007596	0.000126057964832
7901	0.000019480539583	0.000019452367441	0.000019480539583
7902	0.000047946541541	0.000044496972441	0.000047946541541
7903	0.000019480539583	0.000019452367441	0.000019480539583
7904	0.000019480539583	0.000019452367441	0.000019480539583
7905	0.000019480539583	0.000019452367441	0.000019480539583
7906	0.000019480539583	0.000019452367441	0.000019480539583
7907	0.000126629809690	0.000126440173897	0.000126629809690
7908	0.000040428758890	0.000039998064582	0.000040428758890
7909	0.000019480539583	0.000019452367441	0.000019480539583
7910	0.000019480539583	0.000019452367441	0.000019480539583
7911	0.000040428758890	0.000039998064582	0.000040428758890
7912	0.000040939813376	0.000040611626633	0.000040939813376
7913	0.000127115877820	0.000126926515253	0.000127115877820
7914	0.000072367016998	0.000072250936937	0.000072367016998
7915	0.000019480539583	0.000019452367441	0.000019480539583
7916	0.000127529035730	0.000127339905406	0.000127529035730
7917	0.000019480539583	0.000019452367441	0.000019480539583
7918	0.000049729438396	0.000074681561310	0.000049729438396
7919	0.000127880219954	0.000127691287036	0.000127880219954
7920	0.000019480539583	0.000019452367441	0.000019480539583
7921	0.000019480539583	0.000019452367441	0.000019480539583
7922	0.000019480539583	0.000019452367441	0.000019480539583
7923	0.000019480539583	0.000019452367441	0.000019480539583
7924	0.000019480539583	0.000019452367441	0.000019480539583
7925	0.000040939813376	0.000040611626633	0.000040939813376
7926	0.000019480539583	0.000019452367441	0.000019480539583
7927	0.000085714374166	0.000085590416739	0.000085714374166
7928	0.000019480539583	0.000019452367441	0.000019480539583
7929	0.000019480539583	0.000019452367441	0.000019480539583
7930	0.000019480539583	0.000019452367441	0.000019480539583
7931	0.000128178726544	0.000127989961421	0.000128178726544
7932	0.000128432457145	0.000128243834649	0.000128432457145
7933	0.000038581040285	0.000038030809304	0.000038581040285
7934	0.000038581040285	0.000038030809304	0.000038581040285
7935	0.000038581040285	0.000038030809304	0.000038581040285
7936	0.000038581040285	0.000038030809304	0.000038581040285
7937	0.000038581040285	0.000038030809304	0.000038581040285
7938	0.000128648128157	0.000128459626892	0.000128648128157
7939	0.000040939813376	0.000040611626633	0.000040939813376
7940	0.000128831448516	0.000128643050299	0.000128831448516
7941	0.000019480539583	0.000019452367441	0.000019480539583
7942	0.000129870263887	0.000129682449605	0.000129870263887
7943	0.000129870263887	0.000129682449605	0.000129870263887
7944	0.000128987270822	0.000128798960195	0.000128987270822
7945	0.000038581040285	0.000038030809304	0.000038581040285
7946	0.000038581040285	0.000038030809304	0.000038581040285
7947	0.000038581040285	0.000038030809304	0.000038581040285
7948	0.000038581040285	0.000038030809304	0.000038581040285
7949	0.000038581040285	0.000038030809304	0.000038581040285
7950	0.000038581040285	0.000038030809304	0.000038581040285
7951	0.000038581040285	0.000038030809304	0.000038581040285
7952	0.000038581040285	0.000038030809304	0.000038581040285
7953	0.000038581040285	0.000038030809304	0.000038581040285
7954	0.000038581040285	0.000038030809304	0.000038581040285
7955	0.000038581040285	0.000038030809304	0.000038581040285
7956	0.000112280398749	0.000109942103274	0.000112280398749
7957	0.000019480539583	0.000019452367441	0.000019480539583
7958	0.000057752256990	0.000057668737496	0.000057752256990
7959	0.000038581040285	0.000038030809304	0.000038581040285
7960	0.000129119719782	0.000128931483607	0.000129119719782
7961	0.000038581040285	0.000038030809304	0.000038581040285
7962	0.000038581040285	0.000038030809304	0.000038581040285
7963	0.000022471177297	0.000021856990427	0.000022471177297
7964	0.000038581040285	0.000038030809304	0.000038581040285
7965	0.000129232301398	0.000129044128507	0.000129232301398
7966	0.000038581040285	0.000038030809304	0.000038581040285
7967	0.000038581040285	0.000038030809304	0.000038581040285
7968	0.000129327995771	0.000129139876671	0.000129327995771
7969	0.000038581040285	0.000038030809304	0.000038581040285
7970	0.000038581040285	0.000038030809304	0.000038581040285
7971	0.000040939813376	0.000040611626633	0.000040939813376
7972	0.000129409335989	0.000129221262611	0.000129409335989
7973	0.000059546009363	0.000059459895801	0.000059546009363
7974	0.000019480539583	0.000019452367441	0.000019480539583
7975	0.000019480539583	0.000019452367441	0.000019480539583
7976	0.000019480539583	0.000019452367441	0.000019480539583
7977	0.000019480539583	0.000019452367441	0.000019480539583
7978	0.000019480539583	0.000019452367441	0.000019480539583
7979	0.000019480539583	0.000019452367441	0.000019480539583
7980	0.000019480539583	0.000019452367441	0.000019480539583
7981	0.000019480539583	0.000019452367441	0.000019480539583
7982	0.000019480539583	0.000019452367441	0.000019480539583
7983	0.000019480539583	0.000019452367441	0.000019480539583
7984	0.000019480539583	0.000019452367441	0.000019480539583
7985	0.000019480539583	0.000019452367441	0.000019480539583
7986	0.000129478475174	0.000129290440660	0.000129478475174
7987	0.000040939813376	0.000040611626633	0.000040939813376
7988	0.000129537243481	0.000129349242002	0.000129537243481
7989	0.000038414202488	0.000034843751150	0.000038414202488
7990	0.000081007234435	0.000081138734340	0.000081007234435
7991	0.000129587196542	0.000129399223143	0.000129587196542
7992	0.000129629656644	0.000129441707112	0.000129629656644
7993	0.000037581157550	0.000037571983378	0.000037581157550
7994	0.000040939813376	0.000040611626633	0.000040939813376
7995	0.000129665747730	0.000129477818486	0.000129665747730
7996	0.000037581157550	0.000037571983378	0.000037581157550
7997	0.000298765609276	0.000289077443168	0.000298765609276
7998	0.000037581157550	0.000037571983378	0.000037581157550
7999	0.000129696425154	0.000129508513154	0.000129696425154
8000	0.000129722500964	0.000129534603622	0.000129722500964
8001	0.000129744665403	0.000129556780519	0.000129744665403
8002	0.000037581157550	0.000037571983378	0.000037581157550
8003	0.000129763505175	0.000129575630882	0.000129763505175
8004	0.000129779518982	0.000129591653691	0.000129779518982
8005	0.000104584223653	0.000104570404055	0.000104584223653
8006	0.000129793130718	0.000129605273078	0.000129793130718
8007	0.000300764832769	0.000321862844484	0.000300764832769
8008	0.000053376328577	0.000051445829525	0.000053376328577
8009	0.000050113688078	0.000050041215241	0.000050113688078
8010	0.000129804700694	0.000129616849557	0.000129804700694
8011	0.000061773384977	0.000056208185922	0.000061773384977
8012	0.000053376328577	0.000051445829525	0.000053376328577
8013	0.000129814535173	0.000129626689564	0.000129814535173
8014	0.000129822894480	0.000129635053570	0.000129822894480
8015	0.000053376328577	0.000051445829525	0.000053376328577
8016	0.000061773384977	0.000056208185922	0.000061773384977
8017	0.000129829999891	0.000129642162976	0.000129829999891
8018	0.000061773384977	0.000056208185922	0.000061773384977
8019	0.000129836039491	0.000129648205970	0.000129836039491
8020	0.000067306131913	0.000064775918914	0.000067306131913
8021	0.000129841173150	0.000129653342515	0.000129841173150
8022	0.000053376328577	0.000051445829525	0.000053376328577
8023	0.000019480539583	0.000019452367441	0.000019480539583
8024	0.000036038998229	0.000035986879765	0.000036038998229
8025	0.000019480539583	0.000019452367441	0.000019480539583
8026	0.000036038998229	0.000035986879765	0.000036038998229
8027	0.000026152099061	0.000029399718908	0.000026152099061
8028	0.000040939813376	0.000040611626633	0.000040939813376
8029	0.000038414202488	0.000034843751150	0.000038414202488
8030	0.000040939813376	0.000040611626633	0.000040939813376
8031	0.000034677174208	0.000034627025172	0.000034677174208
8032	0.000050113688078	0.000050041215241	0.000050113688078
8033	0.000034677174208	0.000034627025172	0.000034677174208
8034	0.000062812609696	0.000059776562937	0.000062812609696
8035	0.000040939813376	0.000040611626633	0.000040939813376
8036	0.000152294153590	0.000151061901874	0.000152294153590
8037	0.000040939813376	0.000040611626633	0.000040939813376
8038	0.000019480539583	0.000019452367441	0.000019480539583
8039	0.000078635633095	0.000078521912721	0.000078635633095
8040	0.000111823311265	0.000112206847306	0.000111823311265
8041	0.000041060678422	0.000041001297763	0.000041060678422
8042	0.000093299331180	0.000090291208853	0.000093299331180
8043	0.000040939813376	0.000040611626633	0.000040939813376
8044	0.000280782789046	0.000268707815041	0.000280782789046
8045	0.000039572035902	0.000038318292317	0.000039572035902
8046	0.000040939813376	0.000040611626633	0.000040939813376
8047	0.000044572296818	0.000061650564030	0.000044572296818
8048	0.000046175898704	0.000044857406689	0.000046175898704
8049	0.000040939813376	0.000040611626633	0.000040939813376
8050	0.000019480539583	0.000019452367441	0.000019480539583
8051	0.000036038998229	0.000035986879765	0.000036038998229
8052	0.000040939813376	0.000040611626633	0.000040939813376
8053	0.000040939813376	0.000040611626633	0.000040939813376
8054	0.000074699786407	0.000074045117167	0.000074699786407
8055	0.000019480539583	0.000019452367441	0.000019480539583
8056	0.000036038998229	0.000035986879765	0.000036038998229
8057	0.000019480539583	0.000019452367441	0.000019480539583
8058	0.000036038998229	0.000035986879765	0.000036038998229
8059	0.000075884249510	0.000075774508100	0.000075884249510
8060	0.000066600674313	0.000063320655947	0.000066600674313
8061	0.000019480539583	0.000019452367441	0.000019480539583
8062	0.000036038998229	0.000035986879765	0.000036038998229
8063	0.000019480539583	0.000019452367441	0.000019480539583
8064	0.000036038998229	0.000035986879765	0.000036038998229
8065	0.000019480539583	0.000019452367441	0.000019480539583
8066	0.000036038998229	0.000035986879765	0.000036038998229
8067	0.000019480539583	0.000019452367441	0.000019480539583
8068	0.000036038998229	0.000035986879765	0.000036038998229
8069	0.000019480539583	0.000019452367441	0.000019480539583
8070	0.000036038998229	0.000035986879765	0.000036038998229
8071	0.000019480539583	0.000019452367441	0.000019480539583
8072	0.000036038998229	0.000035986879765	0.000036038998229
8073	0.000019480539583	0.000019452367441	0.000019480539583
8074	0.000036038998229	0.000035986879765	0.000036038998229
8075	0.000019480539583	0.000019452367441	0.000019480539583
8076	0.000036038998229	0.000035986879765	0.000036038998229
8077	0.000019480539583	0.000019452367441	0.000019480539583
8078	0.000036038998229	0.000035986879765	0.000036038998229
8079	0.000402377873879	0.000397734258119	0.000402377873879
8080	0.000019480539583	0.000019452367441	0.000019480539583
8081	0.000036038998229	0.000035986879765	0.000036038998229
8082	0.000019480539583	0.000019452367441	0.000019480539583
8083	0.000052597456875	0.000052521392090	0.000052597456875
8084	0.000019480539583	0.000019452367441	0.000019480539583
8085	0.000019480539583	0.000019452367441	0.000019480539583
8086	0.000529618093490	0.000533622391342	0.000529618093490
8087	0.000041611603901	0.000041524912368	0.000041611603901
8088	0.000049729438396	0.000047066964375	0.000049729438396
8089	0.000050113688078	0.000050041215241	0.000050113688078
8090	0.000102569561801	0.000101908230101	0.000102569561801
8091	0.000050871898872	0.000050682019894	0.000050871898872
8092	0.000100545943403	0.000113369239868	0.000100545943403
8093	0.000104944591476	0.000115816221329	0.000104944591476
8094	0.000039706550985	0.000039330900073	0.000039706550985
8095	0.000019480539583	0.000019452367441	0.000019480539583
8096	0.000036038998229	0.000035986879765	0.000036038998229
8097	0.000108683442338	0.000117896155570	0.000108683442338
8098	0.000019480539583	0.000019452367441	0.000019480539583
8099	0.000111861465570	0.000119664099675	0.000111861465570
8100	0.000114562785318	0.000121166852165	0.000114562785318
8101	0.000038156530712	0.000038029157142	0.000038156530712
8102	0.000116858907103	0.000122444191781	0.000116858907103
8103	0.000019480539583	0.000019452367441	0.000019480539583
8104	0.000102272832812	0.000102124929064	0.000102272832812
8105	0.000062077174449	0.000061987400396	0.000062077174449
8106	0.000047523861303	0.000045567433213	0.000047523861303
8107	0.000118810610621	0.000123529930455	0.000118810610621
8108	0.000019480539583	0.000019452367441	0.000019480539583
8109	0.000054279380953	0.000053972250079	0.000054279380953
8110	0.000019480539583	0.000019452367441	0.000019480539583
8111	0.000040939813376	0.000040611626633	0.000040939813376
8112	0.000019480539583	0.000019452367441	0.000019480539583
8113	0.000019480539583	0.000019452367441	0.000019480539583
8114	0.000040939813376	0.000040611626633	0.000040939813376
8115	0.000040939813376	0.000040611626633	0.000040939813376
8116	0.000040939813376	0.000040611626633	0.000040939813376
8117	0.000048702091618	0.000048579110986	0.000048702091618
8118	0.000040939813376	0.000040611626633	0.000040939813376
8119	0.000040939813376	0.000040611626633	0.000040939813376
8120	0.000034678694063	0.000034443412427	0.000034678694063
8121	0.000042816161548	0.000042754242165	0.000042816161548
8122	0.000058049173829	0.000050963003753	0.000058049173829
8123	0.000146546906973	0.000143700495281	0.000146546906973
8124	0.000070239428786	0.000070013776052	0.000070239428786
8125	0.000119419854706	0.000118995719775	0.000119419854706
8126	0.000070254097746	0.000069522622797	0.000070254097746
8127	0.000019480539583	0.000019452367441	0.000019480539583
8128	0.000036038998229	0.000035986879765	0.000036038998229
8129	0.000019480539583	0.000019452367441	0.000019480539583
8130	0.000114123112061	0.000113958070813	0.000114123112061
8131	0.000082429702742	0.000086702349494	0.000082429702742
8132	0.000032740046015	0.000033597453816	0.000032740046015
8133	0.000048957429537	0.000048729268003	0.000048957429537
8134	0.000107425333274	0.000120531734601	0.000107425333274
8135	0.000093586741586	0.000093395002810	0.000093586741586
8136	0.000019480539583	0.000019452367441	0.000019480539583
8137	0.000036038998229	0.000035986879765	0.000036038998229
8138	0.000052009666986	0.000051077690827	0.000052009666986
8139	0.000051735337126	0.000051007450805	0.000051735337126
8140	0.000052027352048	0.000051676849111	0.000052027352048
8141	0.000019480539583	0.000019452367441	0.000019480539583
8142	0.000045796661359	0.000045730431671	0.000045796661359
8143	0.000036996851416	0.000037876616708	0.000036996851416
8144	0.000019480539583	0.000019452367441	0.000019480539583
8145	0.000036038998229	0.000035986879765	0.000036038998229
8146	0.000051030937456	0.000050875815716	0.000051030937456
8147	0.000115092717051	0.000123727095161	0.000115092717051
8148	0.000043107625612	0.000043042796801	0.000043107625612
8149	0.000034678694063	0.000034443412427	0.000034678694063
8150	0.000117309349076	0.000124620398328	0.000117309349076
8151	0.000045702848775	0.000045636754756	0.000045702848775
8152	0.000119193486298	0.000125379706019	0.000119193486298
8153	0.000034678694063	0.000034443412427	0.000034678694063
8154	0.000055153257217	0.000048280753230	0.000055153257217
8155	0.000050113688078	0.000050041215241	0.000050113688078
8156	0.000120795002936	0.000126025117557	0.000120795002936
8157	0.000019480539583	0.000019452367441	0.000019480539583
8158	0.000036038998229	0.000035986879765	0.000036038998229
8159	0.000058049173829	0.000050963003753	0.000058049173829
8160	0.000045796661359	0.000045730431671	0.000045796661359
8161	0.000122156292079	0.000126573717365	0.000122156292079
8162	0.000182312680275	0.000182049025423	0.000182312680276
8163	0.000087803711357	0.000087503294357	0.000087803711357
8164	0.000039074715647	0.000039018207025	0.000039074715647
8165	0.000019480539583	0.000019452367441	0.000019480539583
8166	0.000036038998229	0.000035986879765	0.000036038998229
8167	0.000123313387850	0.000127040027201	0.000123313387850
8168	0.000067982862209	0.000067884547536	0.000067982862209
8169	0.000171517708086	0.000183959945381	0.000171517708086
8170	0.000019480539583	0.000019452367441	0.000019480539583
8171	0.000036038998229	0.000035986879765	0.000036038998229
8172	0.000077265972461	0.000077154232847	0.000077265972461
8173	0.000046369755759	0.000045773030268	0.000046369755759
8174	0.000085156616175	0.000085033465360	0.000085156616175
8175	0.000379053625270	0.000378923187728	0.000379053625270
8176	0.000019480539583	0.000019452367441	0.000019480539583
8177	0.000091863663332	0.000091730812997	0.000091863663332
8178	0.000019480539583	0.000019452367441	0.000019480539583
8179	0.000052597456875	0.000052521392090	0.000052597456875
8180	0.000117544496061	0.000123748358088	0.000117544496061
8181	0.000019480539583	0.000019452367441	0.000019480539583
8182	0.000085672978019	0.000085549080459	0.000085672978019
8183	0.000064661802303	0.000064569754797	0.000064661802303
8184	0.000019480539583	0.000019452367441	0.000019480539583
8185	0.000036038998229	0.000035986879765	0.000036038998229
8186	0.000041834458755	0.000041773959079	0.000041834458755
8187	0.000058355087790	0.000057647406079	0.000058355087790
8188	0.000042679328456	0.000042857631446	0.000042679328456
8189	0.000054622989306	0.000054095551705	0.000054622989306
8190	0.000033865700532	0.000033816725023	0.000033865700532
8191	0.000019480539583	0.000019452367441	0.000019480539583
8192	0.000180333988726	0.000189370610908	0.000180333988726
8193	0.000067860795216	0.000081094308990	0.000067860795216
8194	0.000019480539583	0.000019452367441	0.000019480539583
8195	0.000797728095931	0.000796574446700	0.000797728095931
8196	0.000019480539583	0.000019452367441	0.000019480539583
8197	0.000036038998229	0.000035986879765	0.000036038998229
8198	0.000052027352048	0.000051676849111	0.000052027352048
8199	0.000042013154118	0.000041879795501	0.000042013154118
8200	0.000037712092488	0.000036929346968	0.000037712092488
8201	0.000044353469482	0.000043686168583	0.000044353469482
8202	0.000036227162532	0.000036174771951	0.000036227162532
8203	0.000037712092488	0.000036929346968	0.000037712092488
8204	0.000246955077828	0.000244546161164	0.000246955077828
8205	0.000082086415277	0.000080067431375	0.000082086415277
8206	0.000037712092488	0.000036929346968	0.000037712092488
8207	0.000227586940846	0.000239140614612	0.000227586940846
8208	0.000116204989442	0.000171904509256	0.000116204989442
8209	0.000118254780609	0.000165571200308	0.000118254780609
8210	0.000038639909592	0.000037768644531	0.000038639909592
8211	0.000049425827754	0.000146754036520	0.000049425827754
8212	0.000050113688078	0.000050041215241	0.000050113688078
8213	0.000253181376251	0.000251813601161	0.000253181376251
8214	0.000120098495188	0.000152136694308	0.000120098495188
8215	0.000113305391937	0.000143615801643	0.000113305391937
8216	0.000234684709392	0.000233493928424	0.000234684709392
8217	0.000115790122730	0.000141525798837	0.000115790122730
8218	0.000117902143903	0.000139749296452	0.000117902143904
8219	0.000024148534427	0.000033312470890	0.000024148534427
8220	0.000101531960344	0.000137440783922	0.000101531960344
8221	0.000112740033888	0.000136931112324	0.000112740033888
8222	0.000019480539583	0.000019452367441	0.000019480539583
8223	0.000019480539583	0.000019452367441	0.000019480539583
8224	0.000019480539583	0.000019452367441	0.000019480539583
8225	0.000019480539583	0.000019452367441	0.000019480539583
8226	0.000019480539583	0.000019452367441	0.000019480539583
8227	0.000019480539583	0.000019452367441	0.000019480539583
8228	0.000019480539583	0.000019452367441	0.000019480539583
8229	0.000019480539583	0.000019452367441	0.000019480539583
8230	0.000019480539583	0.000019452367441	0.000019480539583
8231	0.000019480539583	0.000019452367441	0.000019480539583
8232	0.000019480539583	0.000019452367441	0.000019480539583
8233	0.000019480539583	0.000019452367441	0.000019480539583
8234	0.000019480539583	0.000019452367441	0.000019480539583
8235	0.000019480539583	0.000019452367441	0.000019480539583
8236	0.000019480539583	0.000019452367441	0.000019480539583
8237	0.000019480539583	0.000019452367441	0.000019480539583
8238	0.000019480539583	0.000019452367441	0.000019480539583
8239	0.000019480539583	0.000019452367441	0.000019480539583
8240	0.000019480539583	0.000019452367441	0.000019480539583
8241	0.000019480539583	0.000019452367441	0.000019480539583
8242	0.000019480539583	0.000019452367441	0.000019480539583
8243	0.000019480539583	0.000019452367441	0.000019480539583
8244	0.000019480539583	0.000019452367441	0.000019480539583
8245	0.000019480539583	0.000019452367441	0.000019480539583
8246	0.000019480539583	0.000019452367441	0.000019480539583
8247	0.000019480539583	0.000019452367441	0.000019480539583
8248	0.000019480539583	0.000019452367441	0.000019480539583
8249	0.000019480539583	0.000019452367441	0.000019480539583
8250	0.000019480539583	0.000019452367441	0.000019480539583
8251	0.000019480539583	0.000019452367441	0.000019480539583
8252	0.000019480539583	0.000019452367441	0.000019480539583
8253	0.000019480539583	0.000019452367441	0.000019480539583
8254	0.000019480539583	0.000019452367441	0.000019480539583
8255	0.000019480539583	0.000019452367441	0.000019480539583
8256	0.000019480539583	0.000019452367441	0.000019480539583
8257	0.000019480539583	0.000019452367441	0.000019480539583
8258	0.000019480539583	0.000019452367441	0.000019480539583
8259	0.000019480539583	0.000019452367441	0.000019480539583
8260	0.000019480539583	0.000019452367441	0.000019480539583
8261	0.000019480539583	0.000019452367441	0.000019480539583
8262	0.000019480539583	0.000019452367441	0.000019480539583
8263	0.000019480539583	0.000019452367441	0.000019480539583
8264	0.000019480539583	0.000019452367441	0.000019480539583
8265	0.000019480539583	0.000019452367441	0.000019480539583
8266	0.000019480539583	0.000019452367441	0.000019480539583
8267	0.000019480539583	0.000019452367441	0.000019480539583
8268	0.000037384372994	0.000035343870953	0.000037384372994
8269	0.000145248401538	0.000139307553414	0.000145248401539
8270	0.000046087288704	0.000045764088436	0.000046087288704
8271	0.000037384372994	0.000035343870953	0.000037384372994
8272	0.000037384372994	0.000035343870953	0.000037384372994
8273	0.000142941680891	0.000137863787843	0.000142941680891
8274	0.000140980968340	0.000136636587107	0.000140980968341
8275	0.000139314362673	0.000135593466482	0.000139314362673
8276	0.000150998794942	0.000133950496803	0.000150998794943
8277	0.000036289751207	0.000048730635866	0.000036289751207
8278	0.000170140355823	0.000132924111847	0.000170140355824
8279	0.000139111283430	0.000132112726930	0.000139111283431
8280	0.000111343747349	0.000131776574503	0.000111343747350
8281	0.000115556161090	0.000132212924009	0.000115556161090
8282	0.000092245900377	0.000091000602336	0.000092245900377
8283	0.000172074807824	0.000134425285940	0.000172074807825
8284	0.000096963428700	0.000096823203246	0.000096963428700
8285	0.000019480539583	0.000019452367441	0.000019480539583
8286	0.000102272832812	0.000102124929064	0.000102272832812
8287	0.000019480539583	0.000019452367441	0.000019480539583
8288	0.000019480539583	0.000019452367441	0.000019480539583
8289	0.000019480539583	0.000019452367441	0.000019480539583
8290	0.000019480539583	0.000019452367441	0.000019480539583
8291	0.000036289751207	0.000034091501654	0.000036289751207
8292	0.000123721791092	0.000145580789857	0.000123721791092
8293	0.000218962542566	0.000217922206601	0.000218962542566
8294	0.000112539620174	0.000112069305246	0.000112539620174
8295	0.000101899453978	0.000101752090200	0.000101899453978
8296	0.000115139216731	0.000114711276900	0.000115139216731
8297	0.000069347328977	0.000088758113062	0.000069347328977
8298	0.000118493350226	0.000151363211965	0.000118493350226
8299	0.000117348873805	0.000116956952806	0.000117348873805
8300	0.000068711902326	0.000069401675441	0.000068711902326
8301	0.000119227082317	0.000118865777326	0.000119227082317
8302	0.000078425769213	0.000094896763543	0.000078425769213
8303	0.000134524135339	0.000138596087791	0.000134524135339
8304	0.000120823559553	0.000120488278168	0.000120823559553
8305	0.000133826054621	0.000137259042063	0.000133826054621
8306	0.000051913590688	0.000051777151011	0.000051913590688
8307	0.000122180565203	0.000121867403883	0.000122180565203
8308	0.000106095075465	0.000105941644110	0.000106095075465
8309	0.000133232686011	0.000136122553195	0.000133232686011
8310	0.000123334020006	0.000123039660742	0.000123334020006
8311	0.000063607091668	0.000063462945801	0.000063607091668
8312	0.000124314456588	0.000124036079071	0.000124314456588
8313	0.000172828880997	0.000147405861523	0.000172828880998
8314	0.000125147827683	0.000124883034651	0.000125147827683
8315	0.000166385088431	0.000144747349735	0.000166385088431
8316	0.000073546567501	0.000073395871371	0.000073546567501
8317	0.000109661353728	0.000109502764935	0.000109661353728
8318	0.000125856193114	0.000125602946894	0.000125856193114
8319	0.000149854312482	0.000138961992130	0.000149854312482
8320	0.000146856705193	0.000137570060751	0.000146856705193
8321	0.000144308738997	0.000136386919079	0.000144308738997
8322	0.000126458303730	0.000126214872301	0.000126458303730
8323	0.000142142967731	0.000135381248658	0.000142142967731
8324	0.000126970097754	0.000126735008897	0.000126970097754
8325	0.000140302062154	0.000134526428800	0.000140302062154
8326	0.000127405122674	0.000127177125003	0.000127405122674
8327	0.000034797113830	0.000034746791341	0.000034797113830
8328	0.000073022715926	0.000073496885539	0.000073022715926
8329	0.000127774893856	0.000127552923693	0.000127774893856
8330	0.000180475935968	0.000136133063244	0.000180475935968
8331	0.000038463191049	0.000038138572853	0.000038463191049
8332	0.000112692690252	0.000112529717635	0.000112692690252
8333	0.000128089199361	0.000127872352580	0.000128089199361
8334	0.000081995121959	0.000081838858106	0.000081995121959
8335	0.000053116770100	0.000052022915910	0.000053116770100
8336	0.000019480539583	0.000019452367441	0.000019480539583
8337	0.000128356359040	0.000128143867134	0.000128356359040
8338	0.000146978289561	0.000133951167371	0.000146978289561
8339	0.000128583444767	0.000128374654505	0.000128583444767
8340	0.000144412085710	0.000133310859706	0.000144412085710
8341	0.000142230812436	0.000132766598191	0.000142230812437
8342	0.000115269326298	0.000115102627431	0.000115269326298
8343	0.000140376730154	0.000132303975903	0.000140376730154
8344	0.000054774430489	0.000054715171637	0.000054774430489
8345	0.000118892900842	0.000132540441946	0.000118892900842
8346	0.000033222802165	0.000033174756395	0.000033222802165
8347	0.000119518769862	0.000131847285030	0.000119518769862
8348	0.000128776467635	0.000128570823770	0.000128776467635
8349	0.000056218520288	0.000086015176978	0.000056218520288
8350	0.000116491170402	0.000131607060543	0.000116491170402
8351	0.000117459466936	0.000117289600757	0.000117459466936
8352	0.000128940537073	0.000128737567645	0.000128940537073
8353	0.000108741537947	0.000132145523241	0.000108741537948
8354	0.000033899746265	0.000033850721521	0.000033899746265
8355	0.000049256157613	0.000051167135067	0.000049256157613
8356	0.000039880461161	0.000039540938108	0.000039880461161
8357	0.000065695693211	0.000094334830611	0.000065695693211
8358	0.000039880461161	0.000039540938108	0.000039880461161
8359	0.000041027890897	0.000040760520583	0.000041027890897
8360	0.000061348273554	0.000062944432248	0.000061348273554
8361	0.000129079996095	0.000128879299939	0.000129079996095
8362	0.000119321086479	0.000119148528084	0.000119321086479
8363	0.000129198536264	0.000128999772389	0.000129198536264
8364	0.000075321878812	0.000099636973460	0.000075321878812
8365	0.000083504136574	0.000104143794882	0.000083504136574
8366	0.000056218520288	0.000052733772209	0.000056218520288
8367	0.000036319417600	0.000037056035706	0.000036319417600
8368	0.000056218520288	0.000052733772209	0.000056218520288
8369	0.000129299295408	0.000129102173971	0.000129299295408
8370	0.000090459055671	0.000107974593090	0.000090459055671
8371	0.000056218520288	0.000052733772209	0.000056218520288
8372	0.000096370736903	0.000111230771567	0.000096370736903
8373	0.000056218520288	0.000052733772209	0.000056218520288
8374	0.000056218520288	0.000052733772209	0.000056218520288
8375	0.000101395665951	0.000113998523273	0.000101395665951
8376	0.000076866480001	0.000076399849510	0.000076866480001
8377	0.000105666855642	0.000116351112223	0.000105666855642
8378	0.000038064530660	0.000037561039381	0.000038064530660
8379	0.000109297366878	0.000118350812830	0.000109297366879
8380	0.000112383301430	0.000120050558347	0.000112383301430
8381	0.000038463191049	0.000038138572853	0.000038463191049
8382	0.000115006345799	0.000121495342035	0.000115006345799
8383	0.000050113688078	0.000050041215241	0.000050113688078
8384	0.000117235933512	0.000122723408171	0.000117235933512
8385	0.000051835390645	0.000051379250914	0.000051835390645
8386	0.000129384940680	0.000129189215316	0.000129384940680
8387	0.000119131083068	0.000123767264386	0.000119131083068
8388	0.000019480539583	0.000019452367441	0.000019480539583
8389	0.000452040519083	0.000462505886984	0.000452040519083
8390	0.000120741960191	0.000124654542169	0.000120741960191
8391	0.000100710757915	0.000100863469403	0.000100710757915
8392	0.000122111205746	0.000125408728284	0.000122111205746
8393	0.000129457739161	0.000129263200460	0.000129457739161
8394	0.000124135307870	0.000126523612107	0.000124135307870
8395	0.000036038998229	0.000035986879765	0.000036038998229
8396	0.000019480539583	0.000019452367441	0.000019480539583
8397	0.000036038998229	0.000035986879765	0.000036038998229
8398	0.000019480539583	0.000019452367441	0.000019480539583
8399	0.000036038998229	0.000035986879765	0.000036038998229
8400	0.000019480539583	0.000019452367441	0.000019480539583
8401	0.000036038998229	0.000035986879765	0.000036038998229
8402	0.000124135307870	0.000126523612107	0.000124135307870
8403	0.000129519617870	0.000129326087832	0.000129519617870
8404	0.000126332086663	0.000127733606953	0.000126332086663
8405	0.000129572214773	0.000129379542098	0.000129572214773
8406	0.000127280097023	0.000128255774981	0.000127280097023
8407	0.000129616922140	0.000129424978224	0.000129616922140
8408	0.000042973744553	0.000042858843983	0.000042973744553
8409	0.000036319417600	0.000037056035706	0.000036319417600
8410	0.000126332086663	0.000127733606953	0.000126332086663
8411	0.000036319417600	0.000037056035706	0.000036319417600
8412	0.000126862813246	0.000128025933351	0.000126862813246
8413	0.000019480539583	0.000019452367441	0.000019480539583
8414	0.000036038998229	0.000035986879765	0.000036038998229
8415	0.000129654923402	0.000129463598931	0.000129654923402
8416	0.000188380350788	0.000186625379797	0.000188380350788
8417	0.000127313930843	0.000128274410789	0.000127313930843
8418	0.000019480539583	0.000019452367441	0.000019480539583
8419	0.000036038998229	0.000035986879765	0.000036038998229
8420	0.000129687224475	0.000129496426532	0.000129687224475
8421	0.000170584368455	0.000169780737100	0.000170584368455
8422	0.000164477252770	0.000163765993976	0.000164477252770
8423	0.000159286204437	0.000158653462320	0.000159286204437
8424	0.000052195760816	0.000052116406007	0.000052195760816
8425	0.000154873813355	0.000154307810413	0.000154873813355
8426	0.000151123280935	0.000150614006292	0.000151123280935
8427	0.000042827460830	0.000041300349335	0.000042827460830
8428	0.000144404200457	0.000144033298544	0.000144404200457
8429	0.000142224109972	0.000141880671203	0.000142224109972
8430	0.000140371033059	0.000140050937963	0.000140371033059
8431	0.000138795917684	0.000138495664710	0.000138795917684
8432	0.000129714680387	0.000129524329993	0.000129714680387
8433	0.000080003265379	0.000078891361995	0.000080003265379
8434	0.000129738017912	0.000129548047935	0.000129738017912
8435	0.000137457069614	0.000137173682444	0.000137457069614
8436	0.000041834458755	0.000041773959079	0.000041834458755
8437	0.000129757854808	0.000129568208185	0.000129757854808
8438	0.000077821670228	0.000075954151193	0.000077821670228
8439	0.000103813695111	0.000099420555166	0.000103813695111
8440	0.000142127188567	0.000141762135153	0.000142127188567
8441	0.000049695522562	0.000049394767912	0.000049695522562
8442	0.000079884594724	0.000079701274881	0.000079884594724
8443	0.000023143871107	0.000023110401170	0.000023143871107
8444	0.000129774716170	0.000129585344398	0.000129774716170
8445	0.000023143871107	0.000023110401170	0.000023143871107
8446	0.000147786500239	0.000147447358530	0.000147786500239
8447	0.000023143871107	0.000023110401170	0.000023143871107
8448	0.000023143871107	0.000023110401170	0.000023143871107
8449	0.000145099064787	0.000144782622191	0.000145099064787
8450	0.000142814744652	0.000142517596303	0.000142814744652
8451	0.000053550622826	0.000056569277127	0.000053550622826
8452	0.000023143871107	0.000023110401170	0.000023143871107
8453	0.000129789048328	0.000129599910179	0.000129789048328
8454	0.000099068652229	0.000086094707842	0.000099068652229
8455	0.000023143871107	0.000023110401170	0.000023143871107
8456	0.000023143871107	0.000023110401170	0.000023143871107
8457	0.000129801230662	0.000129612291093	0.000129801230662
8458	0.000023143871107	0.000023110401170	0.000023143871107
8459	0.000138596060646	0.000138321160908	0.000138596060646
8460	0.000023143871107	0.000023110401170	0.000023143871107
8461	0.000046760342249	0.000046494371793	0.000046760342249
8462	0.000019480539583	0.000019452367441	0.000019480539583
8463	0.000036038998229	0.000035986879765	0.000036038998229
8464	0.000078383865358	0.000078238860827	0.000078383865358
8465	0.000056218520288	0.000052733772209	0.000056218520288
8466	0.000145010150912	0.000144741892530	0.000145010150912
8467	0.000019480539583	0.000019452367441	0.000019480539583
8468	0.000036038998229	0.000035986879765	0.000036038998229
8469	0.000023143871107	0.000023110401170	0.000023143871107
8470	0.000142739167858	0.000142482976091	0.000142739167858
8471	0.000019480539583	0.000019452367441	0.000019480539583
8472	0.000036038998229	0.000035986879765	0.000036038998229
8473	0.000019480539583	0.000019452367441	0.000019480539583
8474	0.000036038998229	0.000035986879765	0.000036038998229
8475	0.000038930364875	0.000037454868985	0.000038930364875
8476	0.000019480539583	0.000019452367441	0.000019480539583
8477	0.000036038998229	0.000035986879765	0.000036038998229
8478	0.000038930364875	0.000037454868985	0.000038930364875
8479	0.000019480539583	0.000019452367441	0.000019480539583
8480	0.000036038998229	0.000035986879765	0.000036038998229
8481	0.000019480539583	0.000019452367441	0.000019480539583
8482	0.000036038998229	0.000035986879765	0.000036038998229
8483	0.000019480539583	0.000019452367441	0.000019480539583
8484	0.000036038998229	0.000035986879765	0.000036038998229
8485	0.000019480539583	0.000019452367441	0.000019480539583
8486	0.000036038998229	0.000035986879765	0.000036038998229
8487	0.000140808832263	0.000140562897118	0.000140808832263
8488	0.000129811585646	0.000129622814870	0.000129811585646
8489	0.000019480539583	0.000019452367441	0.000019480539583
8490	0.000036038998229	0.000035986879765	0.000036038998229
8491	0.000019480539583	0.000019452367441	0.000019480539583
8492	0.000036038998229	0.000035986879765	0.000036038998229
8493	0.000019480539583	0.000019452367441	0.000019480539583
8494	0.000036038998229	0.000035986879765	0.000036038998229
8495	0.000019480539583	0.000019452367441	0.000019480539583
8496	0.000036038998229	0.000035986879765	0.000036038998229
8497	0.000019480539583	0.000019452367441	0.000019480539583
8498	0.000036038998229	0.000035986879765	0.000036038998229
8499	0.000019480539583	0.000019452367441	0.000019480539583
8500	0.000052597456875	0.000052521392090	0.000052597456875
8501	0.000233571713793	0.000216422659438	0.000233571713793
8502	0.000129820387382	0.000129631760080	0.000129820387382
8503	0.000038930364875	0.000037454868985	0.000038930364875
8504	0.000019480539583	0.000019452367441	0.000019480539583
8505	0.000019480539583	0.000019452367441	0.000019480539583
8506	0.000036038998229	0.000035986879765	0.000036038998229
8507	0.000019480539583	0.000019452367441	0.000019480539583
8508	0.000036038998229	0.000035986879765	0.000036038998229
8509	0.000038930364875	0.000037454868985	0.000038930364875
8510	0.000019480539583	0.000019452367441	0.000019480539583
8511	0.000036038998229	0.000035986879765	0.000036038998229
8512	0.000109451503404	0.000107499159113	0.000109451503404
8513	0.000129827868858	0.000129639363509	0.000129827868858
8514	0.000079226852811	0.000079631418216	0.000079226852811
8515	0.000086823364473	0.000087139072924	0.000086823364473
8516	0.000129834228112	0.000129645826424	0.000129834228112
8517	0.000093280399385	0.000093520579426	0.000093280399385
8518	0.000056218520288	0.000052733772209	0.000056218520288
8519	0.000213694384060	0.000213226043990	0.000213694384060
8520	0.000098768879061	0.000098944859953	0.000098768879061
8521	0.000078263067775	0.000078149886193	0.000078263067775
8522	0.000177000247232	0.000146010211232	0.000177000247232
8523	0.000057093092120	0.000050479537328	0.000057093092120
8524	0.000103434086785	0.000103555498401	0.000103434086785
8525	0.000045469775639	0.000045308819575	0.000045469775639
8526	0.000071958493622	0.000061025214839	0.000071958493622
8527	0.000019480539583	0.000019452367441	0.000019480539583
8528	0.000036038998229	0.000035986879765	0.000036038998229
8529	0.000146803205814	0.000145997793199	0.000146803205814
8530	0.000019480539583	0.000019452367441	0.000019480539583
8531	0.000036038998229	0.000035986879765	0.000036038998229
8532	0.000019480539583	0.000019452367441	0.000019480539583
8533	0.000036038998229	0.000035986879765	0.000036038998229
8534	0.000081871902054	0.000081501429550	0.000081871902054
8535	0.000019480539583	0.000019452367441	0.000019480539583
8536	0.000036038998229	0.000035986879765	0.000036038998229
8537	0.000107399513350	0.000107474541082	0.000107399513350
8538	0.000043567035010	0.000041371317497	0.000043567035010
8539	0.000043567035010	0.000041371317497	0.000043567035010
8540	0.000129839633479	0.000129651319901	0.000129839633479
8541	0.000089071656329	0.000088728582559	0.000089071656329
8542	0.000095191447463	0.000094871662616	0.000095191447463
8543	0.000110770125931	0.000110805727360	0.000110770125931
8544	0.000100393269927	0.000100093280664	0.000100393269927
8545	0.000113635146624	0.000113637235697	0.000113635146624
8546	0.000104814819021	0.000104531656005	0.000104814819021
8547	0.000108573135751	0.000108304275045	0.000108573135751
8548	0.000116070414214	0.000116044017783	0.000116070414214
8549	0.000038289767455	0.000038225987525	0.000038289767455
8550	0.000111767704971	0.000111511001229	0.000111767704971
8551	0.000118140391665	0.000118089782557	0.000118140391665
8552	0.000049765946543	0.000049193954059	0.000049765946543
8553	0.000019480539583	0.000019452367441	0.000019480539583
8554	0.000114483088809	0.000114236718486	0.000114483088809
8555	0.000019480539583	0.000019452367441	0.000019480539583
8556	0.000019480539583	0.000019452367441	0.000019480539583
8557	0.000116791165071	0.000116553578154	0.000116791165071
8558	0.000118753029893	0.000118522908871	0.000118753029893
8559	0.000019480539583	0.000019452367441	0.000019480539583
8560	0.000036038998229	0.000035986879765	0.000036038998229
8561	0.000119899872498	0.000119828682614	0.000119899872498
8562	0.000093563781490	0.000096458068328	0.000093563781490
8563	0.000079226852811	0.000079631418216	0.000079226852811
8564	0.000035597782205	0.000034328291376	0.000035597782205
8565	0.000120420614992	0.000120196839981	0.000120420614993
8566	0.000129844228040	0.000129655989356	0.000129844228040
8567	0.000037023741242	0.000038772622053	0.000037023741242
8568	0.000091743025532	0.000090398884328	0.000091743025532
8569	0.000129848133417	0.000129659958394	0.000129848133417
8570	0.000047579891739	0.000063265585222	0.000047579891739
8571	0.000121838062327	0.000121619681425	0.000121838062327
8572	0.000049638831100	0.000049455421181	0.000049638831100
8573	0.000069467240744	0.000076136372444	0.000069467240744
8574	0.000123042892561	0.000122829096652	0.000123042892561
8575	0.000091006117927	0.000090815382073	0.000091006117927
8576	0.000035597782205	0.000034328291376	0.000035597782205
8577	0.000124066998260	0.000123857099595	0.000124066998260
8578	0.000045303791876	0.000044991946700	0.000045303791876
8579	0.000105811566619	0.000104010350965	0.000105811566619
8580	0.000129851452988	0.000129663332076	0.000129851452988
8581	0.000124937488104	0.000124730902097	0.000124937488104
8582	0.000121395431207	0.000121306747663	0.000121395431207
8583	0.000086823364473	0.000087139072924	0.000086823364473
8584	0.000039875512966	0.000039334439350	0.000039875512966
8585	0.000050352044543	0.000050949997791	0.000050352044543
8586	0.000050280994837	0.000050192466674	0.000050280994837
8587	0.000129854274623	0.000129666199705	0.000129854274623
8588	0.000125677404472	0.000125473634223	0.000125677404472
8589	0.000052452849765	0.000052288073168	0.000052452849765
8590	0.000126306333384	0.000126104956530	0.000126306333384
8591	0.000129856673013	0.000129668637190	0.000129856673013
8592	0.000042503787119	0.000042358358727	0.000042503787119
8593	0.000126840922960	0.000126641580491	0.000126840922960
8594	0.000059245146716	0.000060447046480	0.000059245146716
8595	0.000083462648664	0.000082575557076	0.000083462648664
8596	0.000127295324099	0.000127097710859	0.000127295324099
8597	0.000041834458755	0.000041773959079	0.000041834458755
8598	0.000127681565067	0.000127485421671	0.000127681565067
8599	0.000019480539583	0.000019452367441	0.000019480539583
8600	0.000036038998229	0.000035986879765	0.000036038998229
8601	0.000019480539583	0.000019452367441	0.000019480539583
8602	0.000093280399385	0.000093520579426	0.000093280399385
8603	0.000122666656109	0.000122563102954	0.000122666656109
8604	0.000496194970421	0.000481151830698	0.000496194970421
8605	0.000098768879061	0.000098944859953	0.000098768879061
8606	0.000123747197276	0.000123631004952	0.000123747197276
8607	0.000033756425294	0.000033707607815	0.000033756425294
8608	0.000019480539583	0.000019452367441	0.000019480539583
8609	0.000103434086785	0.000103555498401	0.000103434086785
8610	0.000052009666986	0.000051077690827	0.000052009666986
8611	0.000063687762344	0.000062750837698	0.000063687762344
8612	0.000124665657268	0.000124538721650	0.000124665657268
8613	0.000107399513350	0.000107474541082	0.000107399513350
8614	0.000129858711644	0.000129670709052	0.000129858711644
8615	0.000038064530660	0.000037561039381	0.000038064530660
8616	0.000125446348261	0.000125310280843	0.000125446348261
8617	0.000019480539583	0.000019452367441	0.000019480539583
8618	0.000047816630234	0.000046654054116	0.000047816630234
8619	0.000110770125931	0.000110805727360	0.000110770125931
8620	0.000129860444481	0.000129672470135	0.000129860444481
8621	0.000093027111701	0.000121764328157	0.000093027111701
8622	0.000019480539583	0.000019452367441	0.000019480539583
8623	0.000077171891176	0.000078752617091	0.000077171891176
8624	0.000129861917392	0.000129673967056	0.000129861917392
8625	0.000046342193544	0.000046798871156	0.000046342193544
8626	0.000059017062056	0.000088452153396	0.000059017062056
8627	0.000065171462614	0.000063227087859	0.000065171462614
8628	0.000019480539583	0.000019452367441	0.000019480539583
8629	0.000036038998229	0.000035986879765	0.000036038998229
8630	0.000129863169366	0.000129675239438	0.000129863169366
8631	0.000129864233544	0.000129676320963	0.000129864233544
8632	0.000113635146624	0.000113637235697	0.000113635146624
8633	0.000126109935605	0.000125966106157	0.000126109935605
8634	0.000050113688078	0.000050041215241	0.000050113688078
8635	0.000035108447350	0.000035057674620	0.000035108447350
8636	0.000035108447350	0.000035057674620	0.000035108447350
8637	0.000244952083205	0.000246612885047	0.000244952083205
8638	0.000050113688078	0.000050041215241	0.000050113688078
8639	0.000126673984847	0.000126523557675	0.000126673984847
8640	0.000039074715647	0.000039018207025	0.000039074715647
8641	0.000039074715647	0.000039018207025	0.000039074715647
8642	0.000034401629707	0.000034351879154	0.000034401629707
8643	0.000062077174449	0.000061987400396	0.000062077174449
8644	0.000072246137865	0.000072141657777	0.000072246137865
8645	0.000123713394554	0.000126703825846	0.000123713394554
8646	0.000051701267487	0.000050777526787	0.000051701267487
8647	0.000019480539583	0.000019452367441	0.000019480539583
8648	0.000036038998229	0.000035986879765	0.000036038998229
8649	0.000100250046899	0.000120660481622	0.000100250046899
8650	0.000037146875133	0.000037736410526	0.000037146875133
8651	0.000036016377061	0.000034983280387	0.000036016377061
8652	0.000352681652960	0.000353112625392	0.000352681652960
8653	0.000051779193043	0.000051704311606	0.000051779193043
8654	0.000037941171516	0.000037742315887	0.000037941171516
8655	0.000210477216733	0.000207076816253	0.000210477216733
8656	0.000034283974096	0.000034234393694	0.000034283974096
8657	0.000048361666788	0.000048913311852	0.000048361666788
8658	0.000048361666788	0.000048913311852	0.000048361666788
8659	0.000048361666788	0.000048913311852	0.000048361666788
8660	0.000048361666788	0.000048913311852	0.000048361666788
8661	0.000048361666788	0.000048913311852	0.000048361666788
8662	0.000061781594145	0.000061267228391	0.000061781594145
8663	0.000041821970171	0.000041910541191	0.000041821970171
8664	0.000575793803588	0.000568761581963	0.000575793803588
8665	0.000039287600004	0.000039160021721	0.000039287600004
8666	0.000060587956353	0.000061028682515	0.000060587956353
8667	0.000060587956353	0.000061028682515	0.000060587956353
8668	0.000060587956353	0.000061028682515	0.000060587956353
8669	0.000019480539583	0.000019452367441	0.000019480539583
8670	0.000036038998229	0.000035986879765	0.000036038998229
8671	0.000060587956353	0.000061028682515	0.000060587956353
8672	0.000060587956353	0.000061028682515	0.000060587956353
8673	0.000019480539583	0.000019452367441	0.000019480539583
8674	0.000075383579111	0.000075274561755	0.000075383579111
8675	0.000039121810264	0.000054829273588	0.000039121810264
8676	0.000085239018569	0.000082707224092	0.000085239018569
8677	0.000085579468998	0.000084836696542	0.000085579468998
8678	0.000019480539583	0.000019452367441	0.000019480539583
8679	0.000052597456875	0.000052521392090	0.000052597456875
8680	0.000019480539583	0.000019452367441	0.000019480539583
8681	0.000039121810264	0.000054829273588	0.000039121810264
8682	0.000039121810264	0.000037140820515	0.000039121810264
8683	0.000044463284341	0.000044560490794	0.000044463284341
8684	0.000044463284341	0.000044560490794	0.000044463284341
8685	0.000039121810264	0.000037140820515	0.000039121810264
8686	0.000039121810264	0.000037140820515	0.000039121810264
8687	0.000039121810264	0.000037140820515	0.000039121810264
8688	0.000039121810264	0.000037140820515	0.000039121810264
8689	0.000039121810264	0.000037140820515	0.000039121810264
8690	0.000128595580753	0.000140182060269	0.000128595580753
8691	0.000034153413249	0.000036125381435	0.000034153413249
8692	0.000075450529834	0.000073061601980	0.000075450529834
8693	0.000035646092452	0.000035578950328	0.000035646092452
8694	0.000069020003818	0.000064478540841	0.000069020003818
8695	0.000039121810264	0.000037140820515	0.000039121810264
8696	0.000035646092452	0.000035578950328	0.000035646092452
8697	0.000035646092452	0.000035578950328	0.000035646092452
8698	0.000149691463164	0.000149479465986	0.000149691463164
8699	0.000080953783482	0.000081926302098	0.000080953783482
8700	0.000037146875133	0.000037736410526	0.000037146875133
8701	0.000068701216992	0.000073120721307	0.000068701216992
8702	0.000048678556805	0.000050528673996	0.000048678556805
8703	0.000037146875133	0.000037736410526	0.000037146875133
8704	0.000079770358894	0.000081253864117	0.000079770358894
8705	0.000037146875133	0.000037736410526	0.000037146875133
8706	0.000029443813038	0.000028757853449	0.000029443813038
8707	0.000129865138096	0.000129677240260	0.000129865138096
8708	0.000129865906965	0.000129678021661	0.000129865906965
8709	0.000019480539583	0.000019452367441	0.000019480539583
8710	0.000036038998229	0.000035986879765	0.000036038998229
8711	0.000039121810264	0.000037140820515	0.000039121810264
8712	0.000129866560503	0.000129678685853	0.000129866560503
8713	0.000019480539583	0.000019452367441	0.000019480539583
8714	0.000036038998229	0.000035986879765	0.000036038998229
8715	0.000129867116011	0.000129679250416	0.000129867116011
8716	0.000035913851195	0.000035835785806	0.000035913851195
8717	0.000050113688078	0.000050041215241	0.000050113688078
8718	0.000056296322262	0.000054761213848	0.000056296322262
8719	0.000057914702694	0.000057184795839	0.000057914702694
8720	0.000063053815030	0.000062736550125	0.000063053815030
8721	0.000068708036873	0.000068059443904	0.000068708036873
8722	0.000054476890537	0.000054398107775	0.000054476890537
8723	0.000049087408610	0.000049016419946	0.000049087408610
8724	0.000045849990525	0.000045725544537	0.000045849990525
8725	0.000050113688078	0.000050041215241	0.000050113688078
8726	0.000039090272702	0.000039033741582	0.000039090272702
8727	0.000019480539583	0.000019452367441	0.000019480539583
8728	0.000037941171516	0.000037742315887	0.000037941171516
8729	0.000053369798590	0.000052951839219	0.000053369798590
8730	0.000129867588192	0.000129679730294	0.000129867588192
8731	0.000129867989547	0.000129680138191	0.000129867989547
8732	0.000129868330698	0.000129680484903	0.000129868330698
8733	0.000125748870915	0.000125178773443	0.000125748870915
8734	0.000058049173829	0.000050963003753	0.000058049173829
8735	0.000058049173829	0.000082473640065	0.000058049173829
8736	0.000084140130173	0.000083153496560	0.000084140130173
8737	0.000048037270671	0.000047930978040	0.000048037270671
8738	0.000074689920198	0.000072795105023	0.000074689920198
8739	0.000062077174449	0.000061987400396	0.000062077174449
8740	0.000109481386957	0.000108583565375	0.000109481386957
8741	0.000019480539583	0.000019452367441	0.000019480539583
8742	0.000323072042339	0.000334594585815	0.000323072042339
8743	0.000019480539583	0.000019452367441	0.000019480539583
8744	0.000080669501866	0.000081080336323	0.000080669501866
8745	0.000051223755667	0.000050390287076	0.000051223755667
8746	0.000063020731900	0.000062284111455	0.000063020731900
8747	0.000043050000151	0.000042987742597	0.000043050000151
8748	0.000046839770332	0.000046772032133	0.000046839770332
8749	0.000042684314834	0.000042396507658	0.000042684314834
8750	0.000019480539583	0.000019452367441	0.000019480539583
8751	0.000044417502697	0.000043729652891	0.000044417502697
8752	0.000019480539583	0.000019452367441	0.000019480539583
8753	0.000036038998229	0.000035986879765	0.000036038998229
8754	0.000049543454848	0.000048969329774	0.000049543454848
8755	0.000046214897669	0.000046004274175	0.000046214897669
8756	0.000046214897669	0.000046004274175	0.000046214897669
8757	0.000044729107323	0.000041682371639	0.000044729107323
8758	0.000049729438396	0.000047066964375	0.000049729438396
8759	0.000101643803190	0.000099191632071	0.000101643803190
8760	0.000044417502697	0.000043729652891	0.000044417502697
8761	0.000050113688078	0.000050041215241	0.000050113688078
8762	0.000213563517652	0.000216621819128	0.000213563517652
8763	0.000134062772595	0.000152239146881	0.000134062772595
8764	0.000180589866946	0.000180328703572	0.000180589866946
8765	0.000019480539583	0.000019452367441	0.000019480539583
8766	0.000036038998229	0.000035986879765	0.000036038998229
8767	0.000036762408005	0.000036415112463	0.000036762408005
8768	0.000079226852811	0.000079631418216	0.000079226852811
8769	0.000079226852811	0.000079631418216	0.000079226852811
8770	0.000065284119544	0.000063378530859	0.000065284119544
8771	0.000086823364473	0.000087139072924	0.000086823364473
8772	0.000086823364473	0.000087139072924	0.000086823364473
8773	0.000045201593490	0.000044916948926	0.000045201593490
8774	0.000037946820638	0.000037123627488	0.000037946820638
8775	0.000041834458755	0.000041773959079	0.000041834458755
8776	0.000059931869351	0.000058398732954	0.000059931869351
8777	0.000043373410705	0.000041864220630	0.000043373410705
8778	0.000085072784094	0.000083503289698	0.000085072784094
8779	0.000067266281828	0.000064276073819	0.000067266281828
8780	0.000171831739725	0.000166950856513	0.000171831739725
8781	0.000114319820803	0.000106138025955	0.000114319820803
8782	0.000089398002496	0.000085860295454	0.000089398002496
8783	0.000039470949365	0.000038906377253	0.000039470949365
8784	0.000099012902820	0.000096308191140	0.000099012902820
8785	0.000034383152364	0.000034333428533	0.000034383152364
8786	0.000056525094096	0.000056694523379	0.000056525094096
8787	0.000019480539583	0.000019452367441	0.000019480539583
8788	0.000069155915520	0.000069055904415	0.000069155915520
8789	0.000019480539583	0.000019452367441	0.000019480539583
8790	0.000049729438396	0.000047066964375	0.000049729438396
8791	0.000019480539583	0.000019452367441	0.000019480539583
8792	0.000034383152364	0.000034333428533	0.000034383152364
8793	0.000047630811402	0.000047665114618	0.000047630811402
8794	0.000019480539583	0.000019452367441	0.000019480539583
8795	0.000050113688078	0.000050041215241	0.000050113688078
8796	0.000888133331066	0.000954987684691	0.000888133331066
8797	0.000049729438396	0.000047066964375	0.000049729438396
8798	0.000019480539583	0.000019452367441	0.000019480539583
8799	0.000019480539583	0.000019452367441	0.000019480539583
8800	0.000072096864096	0.000070082394544	0.000072096864096
8801	0.000099412094296	0.000097599403933	0.000099412094296
8802	0.000049048928033	0.000048977995019	0.000049048928033
8803	0.000019480539583	0.000019452367441	0.000019480539583
8804	0.000054829842083	0.000051823359035	0.000054829842083
8805	0.000019480539583	0.000019452367441	0.000019480539583
8806	0.000019480539583	0.000019452367441	0.000019480539583
8807	0.000937954255443	0.000998015155533	0.000937954255443
8808	0.000057086817230	0.000056840000028	0.000057086817230
8809	0.000134313480878	0.000131294624137	0.000134313480878
8810	0.000036652294406	0.000036343051892	0.000036652294406
8811	0.000026902997782	0.000026833506779	0.000026902997782
8812	0.000046342193544	0.000046798871156	0.000046342193544
8813	0.000057487597089	0.000061558561741	0.000057487597089
8814	0.000037946820638	0.000037123627488	0.000037946820638
8815	0.000042503787119	0.000042358358727	0.000042503787119
8816	0.000040089501811	0.000040031525637	0.000040089501811
8817	0.000070456700770	0.000068164255600	0.000070456700770
8818	0.000043772933631	0.000043266989230	0.000043772933631
8819	0.000297187523758	0.000294611708544	0.000297187523758
8820	0.000019480539583	0.000019452367441	0.000019480539583
8821	0.000051205619901	0.000050425813594	0.000051205619901
8822	0.000062875171045	0.000059985960012	0.000062875171045
8823	0.000043770189809	0.000043509447738	0.000043770189809
8824	0.000087246445212	0.000086322702451	0.000087246445212
8825	0.000056591317505	0.000055841118966	0.000056591317505
8826	0.000046839770332	0.000046772032133	0.000046839770332
8827	0.000019480539583	0.000019452367441	0.000019480539583
8828	0.000049968801565	0.000049316969155	0.000049968801565
8829	0.000208012489662	0.000229831403315	0.000208012489662
8830	0.000019480539583	0.000019452367441	0.000019480539583
8831	0.000019480539583	0.000019452367441	0.000019480539583
8832	0.000036038998229	0.000035986879765	0.000036038998229
8833	0.000064450455396	0.000063656766601	0.000064450455396
8834	0.000074263426670	0.000073560619052	0.000074263426670
8835	0.000082604452253	0.000081978893635	0.000082604452253
8836	0.000078186843336	0.000075637681863	0.000078186843336
8837	0.000124711246550	0.000136678672456	0.000124711246550
8838	0.000049256157613	0.000051167135067	0.000049256157613
8839	0.000126579740397	0.000126144612827	0.000126579740397
8840	0.000112788817582	0.000102795420670	0.000112788817582
8841	0.000141385150394	0.000133486374281	0.000141385150394
8842	0.000058871404095	0.000059231407923	0.000058871404095
8843	0.000042271210924	0.000045333022411	0.000042271210924
8844	0.000042271210924	0.000045333022411	0.000042271210924
8845	0.000065597747888	0.000065018771018	0.000065597747888
8846	0.000093280399385	0.000093520579426	0.000093280399385
8847	0.000042271210924	0.000045333022411	0.000042271210924
8848	0.000056081132356	0.000055991341359	0.000056081132356
8849	0.000093280399385	0.000093520579426	0.000093280399385
8850	0.000098768879061	0.000098944859953	0.000098768879061
8851	0.000068607874829	0.000068422154423	0.000068607874829
8852	0.000037839940058	0.000037645862473	0.000037839940058
8853	0.000098768879061	0.000098944859953	0.000098768879061
8854	0.000103434086785	0.000103555498401	0.000103434086785
8855	0.000019480539583	0.000019452367441	0.000019480539583
8856	0.000054398398703	0.000054180374798	0.000054398398703
8857	0.000047134618010	0.000046326279535	0.000047134618010
8858	0.000019480539583	0.000019452367441	0.000019480539583
8859	0.000036038998229	0.000035986879765	0.000036038998229
8860	0.000019480539583	0.000019452367441	0.000019480539583
8861	0.000043772933631	0.000043266989230	0.000043772933631
8862	0.000036188836201	0.000036504432722	0.000036188836201
8863	0.000050241050354	0.000050481135255	0.000050241050354
8864	0.000043772933631	0.000043266989230	0.000043772933631
8865	0.000062185432384	0.000062361332407	0.000062185432384
8866	0.000072338157110	0.000072459499987	0.000072338157110
8867	0.000080967973127	0.000081042942430	0.000080967973127
8868	0.000063759348419	0.000062241153884	0.000063759348419
8869	0.000088303316741	0.000088338868506	0.000088303316741
8870	0.000048546997051	0.000048205278915	0.000048546997051
8871	0.000107399513350	0.000107474541082	0.000107399513350
8872	0.000094538358813	0.000094540405671	0.000094538358813
8873	0.000103434086785	0.000103555498401	0.000103434086785
8874	0.000099838144574	0.000099811712261	0.000099838144574
8875	0.000052571349727	0.000051289006078	0.000052571349727
8876	0.000104342962471	0.000104292322863	0.000104342962471
8877	0.000107399513350	0.000107474541082	0.000107399513350
8878	0.000110770125931	0.000110805727360	0.000110770125931
8879	0.000108172057684	0.000108100841874	0.000108172057684
8880	0.000113635146624	0.000113637235697	0.000113635146624
8881	0.000110770125931	0.000110805727360	0.000110770125931
8882	0.000113635146624	0.000113637235697	0.000113635146624
8883	0.000116070414214	0.000116044017783	0.000116070414214
8884	0.000110865820185	0.000098169536047	0.000110865820185
8885	0.000111426788614	0.000111338083034	0.000111426788614
8886	0.000116070414214	0.000116044017783	0.000116070414214
8887	0.000118140391665	0.000118089782557	0.000118140391665
8888	0.000114193309905	0.000114089738020	0.000114193309905
8889	0.000116544853003	0.000116428644757	0.000116544853003
8890	0.000118543664635	0.000118416715485	0.000118543664635
8891	0.000118140391665	0.000118089782557	0.000118140391665
8892	0.000119899872498	0.000119828682614	0.000119899872498
8893	0.000121395431207	0.000121306747663	0.000121395431207
8894	0.000119899872498	0.000119828682614	0.000119899872498
8895	0.000122666656109	0.000122563102954	0.000122666656109
8896	0.000121395431207	0.000121306747663	0.000121395431207
8897	0.000123747197276	0.000123631004952	0.000123747197276
8898	0.000122666656109	0.000122563102954	0.000122666656109
8899	0.000043907286446	0.000043478990484	0.000043907286446
8900	0.000019480539583	0.000019452367441	0.000019480539583
8901	0.000036038998229	0.000035986879765	0.000036038998229
8902	0.000124665657268	0.000124538721650	0.000124665657268
8903	0.000123747197276	0.000123631004952	0.000123747197276
8904	0.000120242654523	0.000120106575603	0.000120242654523
8905	0.000044226838848	0.000049590267337	0.000044226838848
8906	0.000109108630247	0.000108950840785	0.000109108630247
8907	0.000040125153457	0.000040034590410	0.000040125153457
8908	0.000869861341001	0.000873522939359	0.000869861341001
8909	0.000038269561650	0.000037206262807	0.000038269561650
8910	0.000121686795928	0.000121542956703	0.000121686795928
8911	0.000122914316122	0.000122763880638	0.000122914316122
8912	0.000050113688078	0.000050041215241	0.000050113688078
8913	0.000123957708287	0.000123801665983	0.000123957708287
8914	0.000125446348261	0.000125310280843	0.000125446348261
8915	0.000124665657268	0.000124538721650	0.000124665657268
8916	0.000049026678058	0.000049367021777	0.000049026678058
8917	0.000085224494483	0.000079469516001	0.000085224494483
8918	0.000124844591627	0.000124683783527	0.000124844591627
8919	0.000125598442466	0.000125433583438	0.000125598442466
8920	0.000019480539583	0.000019452367441	0.000019480539583
8921	0.000126239215679	0.000126070913364	0.000126239215679
8922	0.000044729107323	0.000041682371639	0.000044729107323
8923	0.000126783872911	0.000126612643800	0.000126783872911
8924	0.000127246831557	0.000127073114671	0.000127246831557
8925	0.000127640346407	0.000127464514911	0.000127640346407
8926	0.000127974834029	0.000127797205115	0.000127974834029
8927	0.000120813685048	0.000116361053720	0.000120813685048
8928	0.000040235218158	0.000040426555970	0.000040235218158
8929	0.000050380914899	0.000050422688509	0.000050380914899
8930	0.000041834458755	0.000041773959079	0.000041834458755
8931	0.000036762408005	0.000036415112463	0.000036762408005
8932	0.000035027255186	0.000035021670275	0.000035027255186
8933	0.000036580507300	0.000036633653728	0.000036580507300
8934	0.000019480539583	0.000019452367441	0.000019480539583
8935	0.000128259148508	0.000128079991789	0.000128259148508
8936	0.000128500815815	0.000128320360461	0.000128500815815
8937	0.000128706233026	0.000128524673833	0.000128706233026
8938	0.000128880837655	0.000128698340199	0.000128880837655
8939	0.000019480539583	0.000019452367441	0.000019480539583
8940	0.000129029251590	0.000128845956610	0.000129029251590
8941	0.000139279713489	0.000137119154977	0.000139279713489
8942	0.000056995647894	0.000050208356038	0.000056995647894
8943	0.000060877317458	0.000060744611779	0.000060877317458
8944	0.000051163811108	0.000051244307511	0.000051163811108
8945	0.000126109935605	0.000125966106157	0.000126109935605
8946	0.000125446348261	0.000125310280843	0.000125446348261
8947	0.000033410342919	0.000032782456830	0.000033410342919
8948	0.000033410342919	0.000032782456830	0.000033410342919
8949	0.000033410342919	0.000032782456830	0.000033410342919
8950	0.000068646325932	0.000064500500362	0.000068646325932
8951	0.000126673984847	0.000126523557675	0.000126673984847
8952	0.000126109935605	0.000125966106157	0.000126109935605
8953	0.000126673984847	0.000126523557675	0.000126673984847
8954	0.000127153426703	0.000126997391464	0.000127153426703
8955	0.000145993655135	0.000128815892690	0.000145993655135
8956	0.000127560952281	0.000127400150185	0.000127560952281
8957	0.000127153426703	0.000126997391464	0.000127153426703
8958	0.000062604115579	0.000061909931753	0.000062604115579
8959	0.000019480539583	0.000019452367441	0.000019480539583
8960	0.000040763103980	0.000040454483419	0.000040763103980
8961	0.000036319417600	0.000037056035706	0.000036319417600
8962	0.000055764262091	0.000055104048468	0.000055764262091
8963	0.000036762408005	0.000036415112463	0.000036762408005
8964	0.000049256157613	0.000051167135067	0.000049256157613
8965	0.000033410342919	0.000032782456830	0.000033410342919
8966	0.000225627257811	0.000225338023499	0.000225627257811
8967	0.000127907349022	0.000127742495098	0.000127907349022
8968	0.000033410342919	0.000032782456830	0.000033410342919
8969	0.000115372124153	0.000115221027428	0.000115372124153
8970	0.000128201786252	0.000128033488274	0.000128201786252
8971	0.000033410342919	0.000032782456830	0.000033410342919
8972	0.000048279617154	0.000047556663194	0.000048279617154
8973	0.000052295265004	0.000051446648789	0.000052295265004
8974	0.000128452057897	0.000128280832474	0.000128452057897
8975	0.000115372124153	0.000115221027428	0.000115372124153
8976	0.000128664788796	0.000128491075044	0.000128664788796
8977	0.000019480539583	0.000019452367441	0.000019480539583
8978	0.000202870419661	0.000199490343631	0.000202870419661
8979	0.000117546845113	0.000117390240754	0.000117546845113
8980	0.000128845610060	0.000128669781228	0.000128845610060
8981	0.000128999308134	0.000128821681485	0.000128999308134
8982	0.000093024408115	0.000092691816614	0.000093024408115
8983	0.000074752647203	0.000074467904501	0.000074752647203
8984	0.000202870419661	0.000199490343631	0.000202870419661
8985	0.000034425642817	0.000034272040260	0.000034425642817
8986	0.000034425642817	0.000034272040260	0.000034425642817
8987	0.000039788173156	0.000039102586902	0.000039788173156
8988	0.000019480539583	0.000019452367441	0.000019480539583
8989	0.000036038998229	0.000035986879765	0.000036038998229
8990	0.000050113688078	0.000050041215241	0.000050113688078
8991	0.000220041377301	0.000170545322165	0.000220041377301
8992	0.000078229043545	0.000077208562277	0.000078229043545
8993	0.000019480539583	0.000019452367441	0.000019480539583
8994	0.000041221273350	0.000040665199450	0.000041221273350
8995	0.000112375209791	0.000109842388538	0.000112375209791
8996	0.000033410342919	0.000032782456830	0.000033410342919
8997	0.000033410342919	0.000032782456830	0.000033410342919
8998	0.000042619280061	0.000041878667873	0.000042619280061
8999	0.000039753725124	0.000039406571997	0.000039753725124
9000	0.000039753725124	0.000039406571997	0.000039753725124
9001	0.000063989935539	0.000063057965268	0.000063989935539
9002	0.000101498695792	0.000093440130729	0.000101498695792
9003	0.000024148534427	0.000033312470890	0.000024148534427
9004	0.000039322735170	0.000048422384847	0.000039322735170
9005	0.000094438809487	0.000093988517620	0.000094438809487
9006	0.000052904864478	0.000060611394561	0.000052904864478
9007	0.000469655919049	0.000473031400081	0.000469655919049
9008	0.000054437145851	0.000050761153346	0.000054437145851
9009	0.000019480539583	0.000019452367441	0.000019480539583
9010	0.000052597456875	0.000052521392090	0.000052597456875
9011	0.000019480539583	0.000019452367441	0.000019480539583
9012	0.000019480539583	0.000019452367441	0.000019480539583
9013	0.000097305295218	0.000097164575367	0.000097305295218
9014	0.000019480539583	0.000019452367441	0.000019480539583
9015	0.000033410342919	0.000032782456830	0.000033410342919
9016	0.000103484978400	0.000103104963698	0.000103484978400
9017	0.000042268404199	0.000040323792779	0.000042268404199
9018	0.000019480539583	0.000019452367441	0.000019480539583
9019	0.000033410342919	0.000032782456830	0.000033410342919
9020	0.000033410342919	0.000032782456830	0.000033410342919
9021	0.000041867639219	0.000041669460249	0.000041867639219
9022	0.000076417070201	0.000075142527748	0.000076417070201
9023	0.000036182269506	0.000035995235189	0.000036182269506
9024	0.000056628971415	0.000047248686266	0.000056628971415
9025	0.000047879331064	0.000047317455746	0.000047879331064
9026	0.000035622963119	0.000035483213895	0.000035622963119
9027	0.000064043491413	0.000063371304631	0.000064043491413
9028	0.000019480539583	0.000019452367441	0.000019480539583
9029	0.000036038998229	0.000035986879765	0.000036038998229
9030	0.000019480539583	0.000019452367441	0.000019480539583
9031	0.000036038998229	0.000035986879765	0.000036038998229
9032	0.000042268404199	0.000040323792779	0.000042268404199
9033	0.000090534698499	0.000108905023732	0.000090534698499
9034	0.000033410342919	0.000032782456830	0.000033410342919
9035	0.000043542414076	0.000043219162018	0.000043542414076
9036	0.000048640932853	0.000048330582749	0.000048640932853
9037	0.000048640932853	0.000048330582749	0.000048640932853
9038	0.000049425827754	0.000044912701257	0.000049425827754
9039	0.000049425827754	0.000044912701257	0.000049425827754
9040	0.000039015221352	0.000038979333640	0.000039015221352
9041	0.000061492493174	0.000057628163509	0.000061492493174
9042	0.000045631558734	0.000046343166756	0.000045631558734
9043	0.000045631558734	0.000046343166756	0.000045631558734
9044	0.000045631558734	0.000046343166756	0.000045631558734
9045	0.000045631558734	0.000046343166756	0.000045631558734
9046	0.000176541126025	0.000179210301107	0.000176541126025
9047	0.000051735337126	0.000051007450805	0.000051735337126
9048	0.000136289374229	0.000135721817866	0.000136289374229
9049	0.000043772933631	0.000043266989230	0.000043772933631
9050	0.000087959382075	0.000088241191462	0.000087959382075
9051	0.000043772933631	0.000043266989230	0.000043772933631
9052	0.000115271856135	0.000114383270168	0.000115271856135
9053	0.000045631558734	0.000046343166756	0.000045631558734
9054	0.000043772933631	0.000043266989230	0.000043772933631
9055	0.000052211703358	0.000045833933112	0.000052211703358
9056	0.000045631558734	0.000046343166756	0.000045631558734
9057	0.000043772933631	0.000043266989230	0.000043772933631
9058	0.000039101424786	0.000039044877538	0.000039101424786
9059	0.000045631558734	0.000046343166756	0.000045631558734
9060	0.000050113688078	0.000050041215241	0.000050113688078
9061	0.000037023741242	0.000038772622053	0.000037023741242
9062	0.000045631558734	0.000046343166756	0.000045631558734
9063	0.000040939813376	0.000040611626633	0.000040939813376
9064	0.000049425827754	0.000095833368888	0.000049425827754
9065	0.000046659054033	0.000046248969318	0.000046659054033
9066	0.000079347243875	0.000079232494392	0.000079347243875
9067	0.000063072603349	0.000062763365234	0.000063072603349
9068	0.000019480539583	0.000019452367441	0.000019480539583
9069	0.000176533686941	0.000186229231181	0.000176533686941
9070	0.000073092252429	0.000072801227889	0.000073092252429
9071	0.000049425827754	0.000044912701257	0.000049425827754
9072	0.000040939813376	0.000040611626633	0.000040939813376
9073	0.000077441775506	0.000077194511022	0.000077441775506
9074	0.000043126542360	0.000042566405165	0.000043126542360
9075	0.000050113688078	0.000050041215241	0.000050113688078
9076	0.000129155403435	0.000128971430559	0.000129155403435
9077	0.000063462404929	0.000063505629016	0.000063462404929
9078	0.000129262632503	0.000129078083416	0.000129262632503
9079	0.000081608954148	0.000081333411147	0.000081608954148
9080	0.000129353777210	0.000129168738344	0.000129353777210
9081	0.000045631558734	0.000046343166756	0.000045631558734
9082	0.000129431250212	0.000129245795033	0.000129431250212
9083	0.000097362062433	0.000098438636526	0.000097362062433
9084	0.000044783718982	0.000044945010676	0.000044783718982
9085	0.000044783718982	0.000044945010676	0.000044783718982
9086	0.000052393294173	0.000052260034625	0.000052393294173
9087	0.000049425827754	0.000044912701257	0.000049425827754
9088	0.000060859416117	0.000061288787964	0.000060859416117
9089	0.000044783718982	0.000044945010676	0.000044783718982
9090	0.000044783718982	0.000044945010676	0.000044783718982
9091	0.000044783718982	0.000044945010676	0.000044783718982
9092	0.000062182758293	0.000056909528680	0.000062182758293
9093	0.000048706219093	0.000048635781694	0.000048706219093
9094	0.000034224512851	0.000034135094248	0.000034224512851
9095	0.000088848150609	0.000088585766916	0.000088848150609
9096	0.000019480539583	0.000019452367441	0.000019480539583
9097	0.000034425642817	0.000034272040260	0.000034425642817
9098	0.000095001467601	0.000094750269319	0.000095001467601
9099	0.000129497102263	0.000129311293219	0.000129497102263
9100	0.000034425642817	0.000034272040260	0.000034425642817
9101	0.000034425642817	0.000034272040260	0.000034425642817
9102	0.000042666410679	0.000051803567173	0.000042666410679
9103	0.000084205418199	0.000115371513902	0.000084205418199
9104	0.000049425827754	0.000044912701257	0.000049425827754
9105	0.000062752764388	0.000062165201862	0.000062752764388
9106	0.000019480539583	0.000019452367441	0.000019480539583
9107	0.000036038998229	0.000035986879765	0.000036038998229
9108	0.000050829279808	0.000050735387895	0.000050829279808
9109	0.000046050325146	0.000042806963819	0.000046050325146
9110	0.000124335877894	0.000138933398690	0.000124335877894
9111	0.000039788173156	0.000039102586902	0.000039788173156
9112	0.000038930364875	0.000037454868985	0.000038930364875
9113	0.000062077174449	0.000061987400396	0.000062077174449
9114	0.000019480539583	0.000019452367441	0.000019480539583
9115	0.000019480539583	0.000019452367441	0.000019480539583
9116	0.000036038998229	0.000035986879765	0.000036038998229
9117	0.000019480539583	0.000019452367441	0.000019480539583
9118	0.000172598956074	0.000182220592806	0.000172598956074
9119	0.000043636312278	0.000042877224414	0.000043636312278
9120	0.000038837386366	0.000036737625351	0.000038837386366
9121	0.000019480539583	0.000019452367441	0.000019480539583
9122	0.000054223734063	0.000066801198189	0.000054223734063
9123	0.000067415787055	0.000048577736631	0.000067415787055
9124	0.000063983159315	0.000060407109243	0.000063983159315
9125	0.000019480539583	0.000019452367441	0.000019480539583
9126	0.000052597456875	0.000052521392090	0.000052597456875
9127	0.000041027890897	0.000040760520583	0.000041027890897
9128	0.000019480539583	0.000019452367441	0.000019480539583
9129	0.000048456787433	0.000048343654942	0.000048456787433
9130	0.000038930364875	0.000037454868985	0.000038930364875
9131	0.000034425642817	0.000034272040260	0.000034425642817
9132	0.000038155321171	0.000036076584005	0.000038155321171
9133	0.000041794444024	0.000041529957464	0.000041794444024
9134	0.000065795599500	0.000081629454382	0.000065795599500
9135	0.000019480539583	0.000019452367441	0.000019480539583
9136	0.000085714374166	0.000085590416739	0.000085714374166
9137	0.000019480539583	0.000019452367441	0.000019480539583
9138	0.000019480539583	0.000019452367441	0.000019480539583
9139	0.000019480539583	0.000019452367441	0.000019480539583
9140	0.000019480539583	0.000019452367441	0.000019480539583
9141	0.000069155915520	0.000069055904415	0.000069155915520
9142	0.000019480539583	0.000019452367441	0.000019480539583
9143	0.000019480539583	0.000019452367441	0.000019480539583
9144	0.000019480539583	0.000019452367441	0.000019480539583
9145	0.000069155915520	0.000069055904415	0.000069155915520
9146	0.000019480539583	0.000019452367441	0.000019480539583
9147	0.000019480539583	0.000019452367441	0.000019480539583
9148	0.000091904573109	0.000092977239677	0.000091904573109
9149	0.000178720759877	0.000180066588636	0.000178720759877
9150	0.000065795599500	0.000081629454382	0.000065795599500
9151	0.000095436862531	0.000095980667611	0.000095436862531
9152	0.000042505819277	0.000042029993595	0.000042505819277
9153	0.000052480975234	0.000051115515932	0.000052480975234
9154	0.000062883647889	0.000061845540957	0.000062883647889
9155	0.000283904774397	0.000282932640054	0.000283904774397
9156	0.000046397196406	0.000046303584100	0.000046397196406
9157	0.000038591253841	0.000038030919168	0.000038591253841
9158	0.000039951601764	0.000038950373128	0.000039951601764
9159	0.000043772933631	0.000043266989230	0.000043772933631
9160	0.000193188171274	0.000191179056499	0.000193188171274
9161	0.000068907752040	0.000065171871479	0.000068907752040
9162	0.000084692764498	0.000084570284491	0.000084692764498
9163	0.000049425827754	0.000044912701257	0.000049425827754
9164	0.000187521236842	0.000180367873935	0.000187521236842
9165	0.000187521236842	0.000180367873935	0.000187521236842
9166	0.000074217188111	0.000100703466453	0.000074217188111
9167	0.000184005246714	0.000169793448530	0.000184005246714
9168	0.000152419417964	0.000132240132572	0.000152419417964
9169	0.000046403615021	0.000046457290012	0.000046403615021
9170	0.000115801097165	0.000118453397027	0.000115801097165
9171	0.000146898235732	0.000141957276802	0.000146898235732
9172	0.000146690542404	0.000135986266425	0.000146690542404
9173	0.000140305750488	0.000134200623615	0.000140305750488
9174	0.000131039486400	0.000127589224408	0.000131039486400
9175	0.000137604071489	0.000134009630455	0.000137604071489
9176	0.000137592213923	0.000133441725420	0.000137592213923
9177	0.000133649012220	0.000130390521118	0.000133649012221
9178	0.000135911313734	0.000131903603952	0.000135911313734
9179	0.000134043678114	0.000130927370595	0.000134043678114
9180	0.000134925793699	0.000131809233248	0.000134925793699
9181	0.000134586310242	0.000131530323251	0.000134586310242
9182	0.000133378527685	0.000130997776809	0.000133378527685
9183	0.000134023183758	0.000131371678953	0.000134023183758
9184	0.000133408955879	0.000130929463499	0.000133408955879
9185	0.000133126266946	0.000130959386140	0.000133126266946
9186	0.000132596003685	0.000130680658148	0.000132596003685
9187	0.000132745077301	0.000130784161694	0.000132745077301
9188	0.000140149880038	0.000140951195368	0.000140149880038
9189	0.000132109155605	0.000130517636315	0.000132109155605
9190	0.000132043588568	0.000130505631595	0.000132043588568
9191	0.000132412504601	0.000130649386263	0.000132412504601
9192	0.000129553076507	0.000129366966677	0.000129553076507
9193	0.000129600654614	0.000129414289116	0.000129600654614
9194	0.000131681979511	0.000130369390641	0.000131681979511
9195	0.000131745455857	0.000130387256303	0.000131745455857
9196	0.000131590883464	0.000130331844797	0.000131590883464
9197	0.000129641096005	0.000129454513190	0.000129641096005
9198	0.000131218388721	0.000130191215187	0.000131218388721
9199	0.000131321702743	0.000130230149901	0.000131321702743
9200	0.000131410222167	0.000130266349486	0.000131410222167
9201	0.000130952335955	0.000130090997161	0.000130952335955
9202	0.000130964876954	0.000130096037677	0.000130964876954
9203	0.000131097699211	0.000130146832427	0.000131097699211
9204	0.000043973348069	0.000042485621153	0.000043973348069
9205	0.000130851804528	0.000130053445016	0.000130851804528
9206	0.000130708214486	0.000129999029484	0.000130708214486
9207	0.000130747299288	0.000130013755366	0.000130747299288
9208	0.000129675471188	0.000129488703652	0.000129675471188
9209	0.000043973348069	0.000042485621153	0.000043973348069
9210	0.000130534033142	0.000129933218941	0.000130534033142
9211	0.000130555038497	0.000129941189340	0.000130555038497
9212	0.000130643547664	0.000129974669103	0.000130643547664
9213	0.000043016719949	0.000054389879381	0.000043016719949
9214	0.000129704690093	0.000129517765545	0.000129704690093
9215	0.000130481011426	0.000129913219859	0.000130481011426
9216	0.000074966430944	0.000074677372910	0.000074966430944
9217	0.000074957503668	0.000074673985491	0.000074957503668
9218	0.000074934969439	0.000074665485881	0.000074934969439
9219	0.000034367123037	0.000034336577308	0.000034367123037
9220	0.000083175263606	0.000082918030440	0.000083175263606
9221	0.000083202005886	0.000082928134415	0.000083202005886
9222	0.000083194417701	0.000082925255108	0.000083194417701
9223	0.000090179513649	0.000089932693315	0.000090179513649
9224	0.000090202244586	0.000089941281693	0.000090202244586
9225	0.000090195794629	0.000089938834282	0.000090195794629
9226	0.000096133126185	0.000095895156758	0.000096133126185
9227	0.000096146965018	0.000095900376581	0.000096146965018
9228	0.000096152447482	0.000095902456880	0.000096152447482
9229	0.000129729526162	0.000129542468154	0.000129729526162
9230	0.000101193696840	0.000100963250685	0.000101193696840
9231	0.000101205459849	0.000100967687534	0.000101205459849
9232	0.000101210119942	0.000100969455789	0.000101210119942
9233	0.000105509141534	0.000105276404861	0.000105509141534
9234	0.000105505180454	0.000105274901845	0.000105505180454
9235	0.000105495181897	0.000105271130523	0.000105495181897
9236	0.000129750636821	0.000129563465372	0.000129750636821
9237	0.000109151444196	0.000108932828386	0.000109151444196
9238	0.000109163309887	0.000108937311573	0.000109163309887
9239	0.000109159942969	0.000108936034009	0.000109159942969
9240	0.000129768580881	0.000129581313007	0.000129768580881
9241	0.000112266491107	0.000112047996349	0.000112266491107
9242	0.000112269352987	0.000112049082278	0.000112269352987
9243	0.000112259267150	0.000112045271568	0.000112259267150
9244	0.000114907057024	0.000114693164337	0.000114907057024
9245	0.000114900916660	0.000114690848274	0.000114900916660
9246	0.000114909489622	0.000114694087377	0.000114909489622
9247	0.000129783833332	0.000129596483497	0.000129783833332
9248	0.000117153605762	0.000116942341711	0.000117153605762
9249	0.000117151538054	0.000116941557127	0.000117151538054
9250	0.000117146318744	0.000116939588474	0.000117146318744
9251	0.000129796797915	0.000129609378413	0.000129796797915
9252	0.000119061104481	0.000118853357895	0.000119061104481
9253	0.000119059346929	0.000118852690999	0.000119059346929
9254	0.000119054910516	0.000118851017643	0.000119054910516
9255	0.000120680984473	0.000120477154790	0.000120680984473
9256	0.000120677213522	0.000120475732438	0.000120677213522
9257	0.000120682478392	0.000120477721652	0.000120682478392
9258	0.000122059376385	0.000121857949012	0.000122059376385
9259	0.000122056171077	0.000121856740013	0.000122056171077
9260	0.000122060646216	0.000121858430845	0.000122060646216
9261	0.000123232088867	0.000123032033659	0.000123232088867
9262	0.000123231009510	0.000123031624101	0.000123231009510
9263	0.000123228284998	0.000123030596452	0.000123228284998
9264	0.000124226897667	0.000124029247927	0.000124226897667
9265	0.000034086566874	0.000034045412797	0.000034086566874
9266	0.000033967330505	0.000033921667879	0.000033967330505
9267	0.000129807817811	0.000129620339092	0.000129807817811
9268	0.000129817184723	0.000129629655669	0.000129817184723
9269	0.000149658246116	0.000150003270948	0.000149658246116
9270	0.000075601693101	0.000075322372608	0.000075601693101
9271	0.000041998743114	0.000042029729359	0.000041998743114
9272	0.000041998743114	0.000042029729359	0.000041998743114
9273	0.000045020447379	0.000042961354893	0.000045020447379
9274	0.000036038998229	0.000035986879765	0.000036038998229
9275	0.000037762645561	0.000042568066178	0.000037762645561
9276	0.000064450455396	0.000063656766601	0.000064450455396
9277	0.000142474714747	0.000141098214921	0.000142474714747
9278	0.000114940053676	0.000114773830993	0.000114940053676
9279	0.000125073402600	0.000124877228179	0.000125073402600
9280	0.000124224581832	0.000124028374425	0.000124224581832
9281	0.000124227815120	0.000124029596051	0.000124227815120
9282	0.000095423690831	0.000096011285173	0.000095423690831
9283	0.000125071434140	0.000124876485702	0.000125071434140
9284	0.000125074182435	0.000124877524084	0.000125074182435
9285	0.000125792931793	0.000125598011393	0.000125792931793
9286	0.000125793594653	0.000125598262912	0.000125793594653
9287	0.000125791258602	0.000125597380287	0.000125791258602
9288	0.000126404531608	0.000126210677124	0.000126404531608
9289	0.000126405095038	0.000126210890916	0.000126405095038
9290	0.000126403109395	0.000126210140685	0.000126403109395
9291	0.000126924391450	0.000126731442997	0.000126924391450
9292	0.000019480539583	0.000019452367441	0.000019480539583
9293	0.000127366272315	0.000127174093988	0.000127366272315
9294	0.000126924870366	0.000126731624720	0.000126924870366
9295	0.000126923182569	0.000126730987023	0.000126923182569
9296	0.000202112911280	0.000192850766400	0.000202112911280
9297	0.000127365244767	0.000127173706410	0.000127365244767
9298	0.000127741871051	0.000127550347330	0.000127741871051
9299	0.000127366679394	0.000127174248452	0.000127366679394
9300	0.000128061129977	0.000127870162672	0.000128061129977
9301	0.000127740997635	0.000127550017890	0.000127740997635
9302	0.000104423512223	0.000099834919425	0.000104423512223
9303	0.000128060387573	0.000127869882647	0.000128060387573
9304	0.000128332500063	0.000128142005712	0.000128332500063
9305	0.000342841332712	0.000342335445559	0.000342841332712
9306	0.000128331869020	0.000128141767691	0.000128331869020
9307	0.000128563164637	0.000128373072296	0.000128563164637
9308	0.000116618917185	0.000116447410349	0.000116618917185
9309	0.000128759229525	0.000128569478892	0.000128759229525
9310	0.000128562628250	0.000128372869978	0.000128562628250
9311	0.000118606619190	0.000118432666238	0.000118606619190
9312	0.000128758773596	0.000128569306922	0.000128758773596
9313	0.000128925884679	0.000128736424499	0.000128925884679
9314	0.000120296165895	0.000120120133743	0.000120296165895
9315	0.000121732280594	0.000121554481122	0.000121732280594
9316	0.000128925497140	0.000128736278324	0.000128925497140
9317	0.000129067541560	0.000128878328265	0.000129067541560
9318	0.000129067212152	0.000128878204017	0.000129067212152
9319	0.000129187949910	0.000128998946466	0.000129187949910
9320	0.000122952978088	0.000122773676395	0.000122952978088
9321	0.000230380072298	0.000230045436670	0.000230380072298
9322	0.000236515756212	0.000236171573328	0.000236515756212
9323	0.000047816630234	0.000046654054116	0.000047816630234
9324	0.000119999735973	0.000119825286105	0.000119999735973
9325	0.000117392070310	0.000117221678026	0.000117392070310
9326	0.000116618917185	0.000116447410349	0.000116618917185
9327	0.000118606619190	0.000118432666238	0.000118606619190
9328	0.000119263799347	0.000119090793762	0.000119263799347
9329	0.000121480315161	0.000121303860630	0.000121480315161
9330	0.000120854769028	0.000120679542139	0.000120854769028
9331	0.000120296165895	0.000120120133743	0.000120296165895
9332	0.000122738807470	0.000122560648976	0.000122738807470
9333	0.000035307106521	0.000034867741011	0.000035307106521
9334	0.000034486059855	0.000034271157370	0.000034486059855
9335	0.000123808525932	0.000123628919071	0.000123808525932
9336	0.000121732280594	0.000121554481122	0.000121732280594
9337	0.000122207093257	0.000122029978259	0.000122207093257
9338	0.000024148534427	0.000033312470890	0.000024148534427
9339	0.000098335297697	0.000100695045883	0.000098335297697
9340	0.000122952978088	0.000122773676395	0.000122952978088
9341	0.000124717786626	0.000124536948651	0.000124717786626
9342	0.000123356568852	0.000123177848961	0.000123356568852
9343	0.000038273875507	0.000037635184779	0.000038273875507
9344	0.000124333623107	0.000124153539057	0.000124333623107
9345	0.000125490658215	0.000125308773794	0.000125490658215
9346	0.000038273875507	0.000037635184779	0.000038273875507
9347	0.000126147599066	0.000125964825166	0.000126147599066
9348	0.000125164119224	0.000124982875640	0.000125164119224
9349	0.000123990570958	0.000123809992376	0.000123990570958
9350	0.000024148534427	0.000033312470890	0.000024148534427
9351	0.000049322740771	0.000049201815578	0.000049322740771
9352	0.000019480539583	0.000019452367441	0.000019480539583
9353	0.000036038998229	0.000035986879765	0.000036038998229
9354	0.000116618917185	0.000116447410349	0.000116618917185
9355	0.000117392070310	0.000117221678026	0.000117392070310
9356	0.000119999735973	0.000119825286105	0.000119999735973
9357	0.000118606619190	0.000118432666238	0.000118606619190
9358	0.000119263799347	0.000119090793762	0.000119263799347
9359	0.000121480315161	0.000121303860630	0.000121480315161
9360	0.000041710651625	0.000040767938277	0.000041710651625
9361	0.000054934593464	0.000054105114976	0.000054934593464
9362	0.000120296165895	0.000120120133743	0.000120296165895
9363	0.000120854769028	0.000120679542139	0.000120854769028
9364	0.000122738807470	0.000122560648976	0.000122738807470
9365	0.000041897144200	0.000041484436788	0.000041897144200
9366	0.000122207093257	0.000122029978259	0.000122207093257
9367	0.000121732280594	0.000121554481122	0.000121732280594
9368	0.000123808525932	0.000123628919071	0.000123808525932
9369	0.000123356568852	0.000123177848961	0.000123356568852
9370	0.000122952978088	0.000122773676395	0.000122952978088
9371	0.000046964432463	0.000046949922938	0.000046964432463
9372	0.000034797113830	0.000034746791341	0.000034797113830
9373	0.000124717786626	0.000124536948651	0.000124717786626
9374	0.000123990570958	0.000123809992376	0.000123990570958
9375	0.000124333623107	0.000124153539057	0.000124333623107
9376	0.000124872524897	0.000124690860961	0.000124872524897
9377	0.000125164119224	0.000124982875640	0.000125164119224
9378	0.000125490658215	0.000125308773794	0.000125490658215
9379	0.000061273041104	0.000062247761941	0.000061273041104
9380	0.000071562624522	0.000072362965091	0.000071562624522
9381	0.000080308770427	0.000080960887768	0.000080308770427
9382	0.000119421095770	0.000119157645369	0.000119421095770
9383	0.000108560354434	0.000107034798073	0.000108560354434
9384	0.000087742994446	0.000088269122043	0.000087742994446
9385	0.000094062084862	0.000094481121178	0.000094062084862
9386	0.000099433311716	0.000099761320442	0.000099433311716
9387	0.000103998854542	0.000104249489816	0.000103998854542
9388	0.000107879565944	0.000108064433785	0.000107879565944
9389	0.000034538314119	0.000032638240058	0.000034538314119
9390	0.000034538314119	0.000032638240058	0.000034538314119
9391	0.000111178170635	0.000111307136158	0.000111178170635
9392	0.000039299230319	0.000037680649286	0.000039299230319
9393	0.000039299230319	0.000037680649286	0.000039299230319
9394	0.000113981984623	0.000114063433175	0.000113981984623
9395	0.000039299230319	0.000037680649286	0.000039299230319
9396	0.000035202372914	0.000034749358812	0.000035202372914
9397	0.000068969214065	0.000068541104033	0.000068969214065
9398	0.000088276284696	0.000088112825971	0.000088276284696
9399	0.000297870642830	0.000310893656773	0.000297870642830
9400	0.000208377676339	0.000175723772654	0.000208377676339
9401	0.000159158867022	0.000151114659486	0.000159158867022
9402	0.000087123058067	0.000083676097723	0.000087123058067
9403	0.000279562908702	0.000298588489715	0.000279562908702
9404	0.000071626572104	0.000072955134851	0.000071626572104
9405	0.000049425827754	0.000044912701257	0.000049425827754
9406	0.000043178848069	0.000042949390499	0.000043178848069
9407	0.000053342298374	0.000050276469172	0.000053342298374
9408	0.000118326456875	0.000112865370524	0.000118326456875
9409	0.000056421132256	0.000056339537793	0.000056421132256
9410	0.000043459520792	0.000043396671003	0.000043459520792
9411	0.000024148534427	0.000033312470890	0.000024148534427
9412	0.000337735450132	0.000347671698375	0.000337735450132
9413	0.000093535138941	0.000090577050505	0.000093535138941
9414	0.000036757840951	0.000037372900375	0.000036757840951
9415	0.000057897149264	0.000056956088544	0.000057897149264
9416	0.000043018434517	0.000042187897461	0.000043018434517
9417	0.000096760127342	0.000125400070550	0.000096760127342
9418	0.000040884417190	0.000040825291434	0.000040884417190
9419	0.000039746425791	0.000039574115242	0.000039746425791
9420	0.000032740046015	0.000033597453816	0.000032740046015
9421	0.000125776611939	0.000124995267661	0.000125776611939
9422	0.000032740046015	0.000033597453816	0.000032740046015
9423	0.000337735450132	0.000347671698375	0.000337735450132
9424	0.000337735450132	0.000347671698375	0.000337735450132
9425	0.000039465679254	0.000039408605233	0.000039465679254
9426	0.000337735450132	0.000347671698375	0.000337735450132
9427	0.000044880934182	0.000044049596503	0.000044880934182
9428	0.000042243588282	0.000041659433047	0.000042243588282
9429	0.000041897144200	0.000041484436788	0.000041897144200
9430	0.000088015822374	0.000085231553019	0.000088015822374
9431	0.000050640364973	0.000050310690715	0.000050640364973
9432	0.000091873768494	0.000094517538659	0.000091873768494
9433	0.000032740046015	0.000033597453816	0.000032740046015
9434	0.000039746425791	0.000039574115242	0.000039746425791
9435	0.000044783718982	0.000044945010676	0.000044783718982
9436	0.000032740046015	0.000033597453816	0.000032740046015
9437	0.000044783718982	0.000044945010676	0.000044783718982
9438	0.000038930364875	0.000037454868985	0.000038930364875
9439	0.000032740046015	0.000033597453816	0.000032740046015
9440	0.000032740046015	0.000033597453816	0.000032740046015
9441	0.000032740046015	0.000033597453816	0.000032740046015
9442	0.000032740046015	0.000033597453816	0.000032740046015
9443	0.000080109348724	0.000077526543458	0.000080109348724
9444	0.000032740046015	0.000033597453816	0.000032740046015
9445	0.000032740046015	0.000033597453816	0.000032740046015
9446	0.000147770450522	0.000142171906181	0.000147770450522
9447	0.000032740046015	0.000033597453816	0.000032740046015
9448	0.000032740046015	0.000033597453816	0.000032740046015
9449	0.000039746425791	0.000039574115242	0.000039746425791
9450	0.000082282981055	0.000079875427567	0.000082282981055
9451	0.000046941663182	0.000047892907235	0.000046941663182
9452	0.000039746425791	0.000039574115242	0.000039746425791
9453	0.000046941663182	0.000047892907235	0.000046941663182
9454	0.000044417502697	0.000043729652891	0.000044417502697
9455	0.000063752439359	0.000064626487374	0.000063752439359
9456	0.000039746425791	0.000039574115242	0.000039746425791
9457	0.000049729438396	0.000047066964375	0.000049729438396
9458	0.000046941663182	0.000047892907235	0.000046941663182
9459	0.000043977562108	0.000066757382839	0.000043977562108
9460	0.000046941663182	0.000047892907235	0.000046941663182
9461	0.000046941663182	0.000047892907235	0.000046941663182
9462	0.000046941663182	0.000047892907235	0.000046941663182
9463	0.000059380953288	0.000060161338591	0.000059380953288
9464	0.000071226259423	0.000071085287453	0.000071226259423
9465	0.000032513731551	0.000034025288493	0.000032513731551
9466	0.000098985407683	0.000096442860370	0.000098985407683
9467	0.000047156821708	0.000048647202274	0.000047156821708
9468	0.000019480539583	0.000019452367441	0.000019480539583
9469	0.000038837386366	0.000036737625351	0.000038837386366
9470	0.000044417502697	0.000043729652891	0.000044417502697
9471	0.000048418071539	0.000048256296643	0.000048418071539
9472	0.000019480539583	0.000019452367441	0.000019480539583
9473	0.000036038998229	0.000035986879765	0.000036038998229
9474	0.000038837386366	0.000036737625351	0.000038837386366
9475	0.000066604896042	0.000062953352012	0.000066604896042
9476	0.000040810594062	0.000040493912250	0.000040810594062
9477	0.000048085645646	0.000046982132979	0.000048085645646
9478	0.000048085645646	0.000046982132979	0.000048085645646
9479	0.000041897144200	0.000041484436788	0.000041897144200
9480	0.000041897144200	0.000041484436788	0.000041897144200
9481	0.000019480539583	0.000019452367441	0.000019480539583
9482	0.000062115729488	0.000061947311181	0.000062115729488
9483	0.000036727951327	0.000036619943601	0.000036727951327
9484	0.000039074715647	0.000039018207025	0.000039074715647
9485	0.000040550255519	0.000039739354221	0.000040550255519
9486	0.000036529610151	0.000037486229567	0.000036529610151
9487	0.000036529610151	0.000037486229567	0.000036529610151
9488	0.000036529610151	0.000037486229567	0.000036529610151
9489	0.000036529610151	0.000055520091694	0.000036529610151
9490	0.000054260332081	0.000049396944812	0.000054260332081
9491	0.000036529610151	0.000037486229567	0.000036529610151
9492	0.000036529610151	0.000037486229567	0.000036529610151
9493	0.000036529610151	0.000037486229567	0.000036529610151
9494	0.000036529610151	0.000037486229567	0.000036529610151
9495	0.000036529610151	0.000037486229567	0.000036529610151
9496	0.000036529610151	0.000037486229567	0.000036529610151
9497	0.000084588557217	0.000084078791280	0.000084588557217
9498	0.000068944619872	0.000067828048521	0.000068944619872
9499	0.000059435962594	0.000059347481441	0.000059435962594
9500	0.000036529610151	0.000037486229567	0.000036529610151
9501	0.000050266051051	0.000048251728433	0.000050266051051
9502	0.000036529610151	0.000037486229567	0.000036529610151
9503	0.000035514633867	0.000035400887504	0.000035514633867
9504	0.000049667978370	0.000049543121820	0.000049667978370
9505	0.000036529610151	0.000037486229567	0.000036529610151
9506	0.000061698321198	0.000061564020987	0.000061698321198
9507	0.000071924112601	0.000071781785280	0.000071924112601
9508	0.000080616035294	0.000080466884929	0.000080616035294
9509	0.000088004169583	0.000087849219630	0.000088004169583
9510	0.000094284083729	0.000094124204127	0.000094284083729
9511	0.000036529610151	0.000037486229567	0.000036529610151
9512	0.000099622010753	0.000099457940948	0.000099622010753
9513	0.000104159248723	0.000103991617247	0.000104159248723
9514	0.000108015900998	0.000107845242101	0.000108015900998
9515	0.000037806725571	0.000037752050676	0.000037806725571
9516	0.000111294055431	0.000111120823226	0.000111294055431
9517	0.000114080486700	0.000113905067183	0.000114080486700
9518	0.000116448953278	0.000116271674547	0.000116448953278
9519	0.000118462149869	0.000118283290805	0.000118462149869
9520	0.000120173366972	0.000119993164625	0.000120173366972
9521	0.000121627901510	0.000121446557372	0.000121627901510
9522	0.000122864255866	0.000122681941207	0.000122864255866
9523	0.000123915157070	0.000123732017467	0.000123915157070
9524	0.000124808423092	0.000124624582288	0.000124808423092
9525	0.000125567699212	0.000125383262385	0.000125567699212
9526	0.000126213083913	0.000126028140468	0.000126213083913
9527	0.000126761660909	0.000126576286839	0.000126761660909
9528	0.000127227951356	0.000127042211254	0.000127227951356
9529	0.000127624298236	0.000127438247007	0.000127624298236
9530	0.000127961193084	0.000127774877396	0.000127961193084
9531	0.000128247553704	0.000128061013228	0.000128247553704
9532	0.000052480975234	0.000051115515932	0.000052480975234
9533	0.000128490960232	0.000128304228684	0.000128490960232
9534	0.000128697855780	0.000128510961822	0.000128697855780
9535	0.000128873716996	0.000128686684990	0.000128873716996
9536	0.000129023199030	0.000128836049682	0.000129023199030
9537	0.000060764690408	0.000056856662151	0.000060764690408
9538	0.000129150258759	0.000128963009671	0.000129150258759
9539	0.000060764690408	0.000056856662151	0.000060764690408
9540	0.000060764690408	0.000056856662151	0.000060764690408
9541	0.000129258259528	0.000129070925661	0.000129258259528
9542	0.000060764690408	0.000056856662151	0.000060764690408
9543	0.000060764690408	0.000056856662151	0.000060764690408
9544	0.000129350060182	0.000129162654253	0.000129350060182
9545	0.000129428090738	0.000129240623555	0.000129428090738
9546	0.000129494416710	0.000129306897463	0.000129494416710
9547	0.000048608742930	0.000097554881682	0.000048608742930
9548	0.000129550793787	0.000129363230284	0.000129550793787
9549	0.000129598714302	0.000129411113182	0.000129598714302
9550	0.000129639446740	0.000129451813646	0.000129639446740
9551	0.000129674069312	0.000129486409040	0.000129674069312
9552	0.000050571614490	0.000050261713221	0.000050571614490
9553	0.000129703498499	0.000129515815125	0.000129703498499
9554	0.000129728513307	0.000129540810297	0.000129728513307
9555	0.000129749775894	0.000129562056193	0.000129749775894
9556	0.000129767849093	0.000129580115205	0.000129767849093
9557	0.000129783211312	0.000129595465365	0.000129783211312
9558	0.000129796269199	0.000129608513001	0.000129796269199
9559	0.000129807368402	0.000129619603492	0.000129807368402
9560	0.000129816802725	0.000129629030409	0.000129816802725
9561	0.000129824821899	0.000129637043288	0.000129824821899
9562	0.000129831638198	0.000129643854236	0.000129831638198
9563	0.000052694047883	0.000052617843412	0.000052694047883
9564	0.000129837432051	0.000129649643541	0.000129837432051
9565	0.000050113688078	0.000050041215241	0.000050113688078
9566	0.000153262517282	0.000152964805457	0.000153262517282
9567	0.000080884823728	0.000080767850645	0.000080884823728
9568	0.000287224518282	0.000286929385021	0.000287224518282
9569	0.000019480539583	0.000019452367441	0.000019480539583
9570	0.000086887039097	0.000086700336034	0.000086887039097
9571	0.000056407531199	0.000056300010255	0.000056407531199
9572	0.000079226852811	0.000079631418216	0.000079226852811
9573	0.000038940637578	0.000038845327317	0.000038940637578
9574	0.000052449815727	0.000052373964457	0.000052449815727
9575	0.000078511444655	0.000078397903878	0.000078511444655
9576	0.000235612381665	0.000242139093875	0.000235612381665
9577	0.000054232294195	0.000054153865160	0.000054232294195
9578	0.000047153640330	0.000048481760301	0.000047153640330
9579	0.000019480539583	0.000019452367441	0.000019480539583
9580	0.000019480539583	0.000019452367441	0.000019480539583
9581	0.000085714374166	0.000085590416739	0.000085714374166
9582	0.000019480539583	0.000019452367441	0.000019480539583
9583	0.000019480539583	0.000019452367441	0.000019480539583
9584	0.000019480539583	0.000019452367441	0.000019480539583
9585	0.000019480539583	0.000019452367441	0.000019480539583
9586	0.000036038998229	0.000035986879765	0.000036038998229
9587	0.000050571614490	0.000050261713221	0.000050571614490
9588	0.000019480539583	0.000019452367441	0.000019480539583
9589	0.000036038998229	0.000035986879765	0.000036038998229
9590	0.000043772933631	0.000043266989230	0.000043772933631
9591	0.000019480539583	0.000019452367441	0.000019480539583
9592	0.000019480539583	0.000019452367441	0.000019480539583
9593	0.000019480539583	0.000019452367441	0.000019480539583
9594	0.000019480539583	0.000019452367441	0.000019480539583
9595	0.000019480539583	0.000019452367441	0.000019480539583
9596	0.000060267049595	0.000060116086219	0.000060267049595
9597	0.000092101243945	0.000096857197237	0.000092101243945
9598	0.000069864096690	0.000069515263278	0.000069864096690
9599	0.000019480539583	0.000019452367441	0.000019480539583
9600	0.000019480539583	0.000019452367441	0.000019480539583
9601	0.000103618136113	0.000101428798755	0.000103618136113
9602	0.000107555955280	0.000105666846383	0.000107555955280
9603	0.000064143594823	0.000064050832377	0.000064143594823
9604	0.000048742335977	0.000048583601662	0.000048742335977
9605	0.000110903101571	0.000109269186866	0.000110903101571
9606	0.000113748175918	0.000112331176277	0.000113748175918
9607	0.000034633847046	0.000036306549896	0.000034633847046
9608	0.000116166489114	0.000114933867276	0.000116166489114
9609	0.000034633847046	0.000036306549896	0.000034633847046
9610	0.000118222055330	0.000117146154626	0.000118222055330
9611	0.000034633847046	0.000036306549896	0.000034633847046
9612	0.000034633847046	0.000036306549896	0.000034633847046
9613	0.000208529799058	0.000193709202250	0.000208529799058
9614	0.000019480539583	0.000019452367441	0.000019480539583
9615	0.000036038998229	0.000035986879765	0.000036038998229
9616	0.000050113688078	0.000050041215241	0.000050113688078
9617	0.000043050000151	0.000042987742597	0.000043050000151
9618	0.000076765060894	0.000075594275787	0.000076765060894
9619	0.000055724791927	0.000055463929794	0.000055724791927
9620	0.000053003360196	0.000051690735470	0.000053003360196
9621	0.000082539712589	0.000085265901686	0.000082539712589
9622	0.000043772933631	0.000043266989230	0.000043772933631
9623	0.000043772933631	0.000043266989230	0.000043772933631
9624	0.000043772933631	0.000043266989230	0.000043772933631
9625	0.000043772933631	0.000043266989230	0.000043772933631
9626	0.000043772933631	0.000043266989230	0.000043772933631
9627	0.000043772933631	0.000043266989230	0.000043772933631
9628	0.000043772933631	0.000043266989230	0.000043772933631
9629	0.000043772933631	0.000043266989230	0.000043772933631
9630	0.000043772933631	0.000043266989230	0.000043772933631
9631	0.000043772933631	0.000043266989230	0.000043772933631
9632	0.000043772933631	0.000043266989230	0.000043772933631
9633	0.000043772933631	0.000043266989230	0.000043772933631
9634	0.000043772933631	0.000043266989230	0.000043772933631
9635	0.000043772933631	0.000043266989230	0.000043772933631
9636	0.000043772933631	0.000043266989230	0.000043772933631
9637	0.000043772933631	0.000043266989230	0.000043772933631
9638	0.000043772933631	0.000043266989230	0.000043772933631
9639	0.000043772933631	0.000043266989230	0.000043772933631
9640	0.000043772933631	0.000043266989230	0.000043772933631
9641	0.000043772933631	0.000043266989230	0.000043772933631
9642	0.000043772933631	0.000043266989230	0.000043772933631
9643	0.000043772933631	0.000043266989230	0.000043772933631
9644	0.000043772933631	0.000043266989230	0.000043772933631
9645	0.000043772933631	0.000043266989230	0.000043772933631
9646	0.000043772933631	0.000043266989230	0.000043772933631
9647	0.000043772933631	0.000043266989230	0.000043772933631
9648	0.000043772933631	0.000043266989230	0.000043772933631
9649	0.000043772933631	0.000043266989230	0.000043772933631
9650	0.000043772933631	0.000043266989230	0.000043772933631
9651	0.000043772933631	0.000043266989230	0.000043772933631
9652	0.000043772933631	0.000043266989230	0.000043772933631
9653	0.000043772933631	0.000043266989230	0.000043772933631
9654	0.000043772933631	0.000043266989230	0.000043772933631
9655	0.000043772933631	0.000043266989230	0.000043772933631
9656	0.000043772933631	0.000043266989230	0.000043772933631
9657	0.000043772933631	0.000043266989230	0.000043772933631
9658	0.000043772933631	0.000043266989230	0.000043772933631
9659	0.000043772933631	0.000043266989230	0.000043772933631
9660	0.000043772933631	0.000043266989230	0.000043772933631
9661	0.000043772933631	0.000043266989230	0.000043772933631
9662	0.000043772933631	0.000043266989230	0.000043772933631
9663	0.000043772933631	0.000043266989230	0.000043772933631
9664	0.000043772933631	0.000043266989230	0.000043772933631
9665	0.000043772933631	0.000043266989230	0.000043772933631
9666	0.000043772933631	0.000043266989230	0.000043772933631
9667	0.000043772933631	0.000043266989230	0.000043772933631
9668	0.000043772933631	0.000043266989230	0.000043772933631
9669	0.000043772933631	0.000043266989230	0.000043772933631
9670	0.000043772933631	0.000043266989230	0.000043772933631
9671	0.000043772933631	0.000043266989230	0.000043772933631
9672	0.000043772933631	0.000043266989230	0.000043772933631
9673	0.000043772933631	0.000043266989230	0.000043772933631
9674	0.000043772933631	0.000043266989230	0.000043772933631
9675	0.000043772933631	0.000043266989230	0.000043772933631
9676	0.000043772933631	0.000043266989230	0.000043772933631
9677	0.000043772933631	0.000043266989230	0.000043772933631
9678	0.000043772933631	0.000043266989230	0.000043772933631
9679	0.000043772933631	0.000043266989230	0.000043772933631
9680	0.000043772933631	0.000043266989230	0.000043772933631
9681	0.000043772933631	0.000043266989230	0.000043772933631
9682	0.000043772933631	0.000043266989230	0.000043772933631
9683	0.000043772933631	0.000043266989230	0.000043772933631
9684	0.000043772933631	0.000043266989230	0.000043772933631
9685	0.000043772933631	0.000043266989230	0.000043772933631
9686	0.000043772933631	0.000043266989230	0.000043772933631
9687	0.000043772933631	0.000043266989230	0.000043772933631
9688	0.000043772933631	0.000043266989230	0.000043772933631
9689	0.000043772933631	0.000043266989230	0.000043772933631
9690	0.000043772933631	0.000043266989230	0.000043772933631
9691	0.000043772933631	0.000043266989230	0.000043772933631
9692	0.000043772933631	0.000043266989230	0.000043772933631
9693	0.000043772933631	0.000043266989230	0.000043772933631
9694	0.000043772933631	0.000043266989230	0.000043772933631
9695	0.000043772933631	0.000043266989230	0.000043772933631
9696	0.000043772933631	0.000043266989230	0.000043772933631
9697	0.000043772933631	0.000043266989230	0.000043772933631
9698	0.000043772933631	0.000043266989230	0.000043772933631
9699	0.000043772933631	0.000043266989230	0.000043772933631
9700	0.000043772933631	0.000043266989230	0.000043772933631
9701	0.000043772933631	0.000043266989230	0.000043772933631
9702	0.000043772933631	0.000043266989230	0.000043772933631
9703	0.000043772933631	0.000043266989230	0.000043772933631
9704	0.000043772933631	0.000043266989230	0.000043772933631
9705	0.000043772933631	0.000043266989230	0.000043772933631
9706	0.000043772933631	0.000043266989230	0.000043772933631
9707	0.000043772933631	0.000043266989230	0.000043772933631
9708	0.000043772933631	0.000043266989230	0.000043772933631
9709	0.000043772933631	0.000043266989230	0.000043772933631
9710	0.000043772933631	0.000043266989230	0.000043772933631
9711	0.000043772933631	0.000043266989230	0.000043772933631
9712	0.000043772933631	0.000043266989230	0.000043772933631
9713	0.000043772933631	0.000043266989230	0.000043772933631
9714	0.000043772933631	0.000043266989230	0.000043772933631
9715	0.000043772933631	0.000043266989230	0.000043772933631
9716	0.000043772933631	0.000043266989230	0.000043772933631
9717	0.000043772933631	0.000043266989230	0.000043772933631
9718	0.000043772933631	0.000043266989230	0.000043772933631
9719	0.000043772933631	0.000043266989230	0.000043772933631
9720	0.000043772933631	0.000043266989230	0.000043772933631
9721	0.000043772933631	0.000043266989230	0.000043772933631
9722	0.000043772933631	0.000043266989230	0.000043772933631
9723	0.000043772933631	0.000043266989230	0.000043772933631
9724	0.000043772933631	0.000043266989230	0.000043772933631
9725	0.000043772933631	0.000043266989230	0.000043772933631
9726	0.000043772933631	0.000043266989230	0.000043772933631
9727	0.000043772933631	0.000043266989230	0.000043772933631
9728	0.000043772933631	0.000043266989230	0.000043772933631
9729	0.000043772933631	0.000043266989230	0.000043772933631
9730	0.000043772933631	0.000043266989230	0.000043772933631
9731	0.000043772933631	0.000043266989230	0.000043772933631
9732	0.000043772933631	0.000043266989230	0.000043772933631
9733	0.000043772933631	0.000043266989230	0.000043772933631
9734	0.000043772933631	0.000043266989230	0.000043772933631
9735	0.000043772933631	0.000043266989230	0.000043772933631
9736	0.000043772933631	0.000043266989230	0.000043772933631
9737	0.000043772933631	0.000043266989230	0.000043772933631
9738	0.000043772933631	0.000043266989230	0.000043772933631
9739	0.000043772933631	0.000043266989230	0.000043772933631
9740	0.000043772933631	0.000043266989230	0.000043772933631
9741	0.000043772933631	0.000043266989230	0.000043772933631
9742	0.000043772933631	0.000043266989230	0.000043772933631
9743	0.000043772933631	0.000043266989230	0.000043772933631
9744	0.000043772933631	0.000043266989230	0.000043772933631
9745	0.000043772933631	0.000043266989230	0.000043772933631
9746	0.000069346477332	0.000065664132392	0.000069346477332
9747	0.000038837386366	0.000036737625351	0.000038837386366
9748	0.000050113688078	0.000050041215241	0.000050113688078
9749	0.000019480539583	0.000019452367441	0.000019480539583
9750	0.000081377552018	0.000077601771003	0.000081377552018
9751	0.000053726024610	0.000053886389166	0.000053726024610
9752	0.000051627589142	0.000044202184056	0.000051627589142
9753	0.000051627589142	0.000044202184056	0.000051627589142
9754	0.000065147660502	0.000065255798232	0.000065147660502
9755	0.000047768737720	0.000046801098024	0.000047768737720
9756	0.000051627589142	0.000044202184056	0.000051627589142
9757	0.000044151438460	0.000054503664468	0.000044151438460
9758	0.000041834458755	0.000041773959079	0.000041834458755
9759	0.000051627589142	0.000044202184056	0.000051627589142
9760	0.000056124266422	0.000055228494968	0.000056124266422
9761	0.000055039829525	0.000054960232658	0.000055039829525
9762	0.000066264394679	0.000066168565200	0.000066264394679
9763	0.000036353382724	0.000036435671845	0.000036353382724
9764	0.000036353382724	0.000036435671845	0.000036353382724
9765	0.000038399541767	0.000037797615031	0.000038399541767
9766	0.000044860709693	0.000044710427141	0.000044860709693
9767	0.000051627589142	0.000044202184056	0.000051627589142
9768	0.000038399541767	0.000037797615031	0.000038399541767
9769	0.000038399541767	0.000037797615031	0.000038399541767
9770	0.000038399541767	0.000037797615031	0.000038399541767
9771	0.000038399541767	0.000037797615031	0.000038399541767
9772	0.000038399541767	0.000037797615031	0.000038399541767
9773	0.000044860709693	0.000044710427141	0.000044860709693
9774	0.000038399541767	0.000037797615031	0.000038399541767
9775	0.000038399541767	0.000037797615031	0.000038399541767
9776	0.000046064196277	0.000045688091509	0.000046064196277
9777	0.000038399541767	0.000037797615031	0.000038399541767
9778	0.000037806725571	0.000037752050676	0.000037806725571
9779	0.000196730868782	0.000184105189354	0.000196730868782
9780	0.000245674648519	0.000245319361585	0.000245674648519
9781	0.000186701778048	0.000175941778391	0.000186701778048
9782	0.000178177050924	0.000169002879073	0.000178177050924
9783	0.000062558905385	0.000062359314418	0.000062558905385
9784	0.000170931032869	0.000163104814653	0.000170931032869
9785	0.000164771917521	0.000158091459896	0.000164771917521
9786	0.000027460622324	0.000027594161671	0.000027460622324
9787	0.000027460622324	0.000027594161671	0.000027460622324
9788	0.000027460622324	0.000027594161671	0.000027460622324
9789	0.000027460622324	0.000027594161671	0.000027460622324
9790	0.000159536669476	0.000153830108352	0.000159536669476
9791	0.000058095862281	0.000057906882503	0.000058095862281
9792	0.000151797607149	0.000147530719114	0.000151797607149
9793	0.000151797607149	0.000147530719114	0.000151797607149
9794	0.000043915733427	0.000043756940470	0.000043915733427
9795	0.000051627589142	0.000044202184056	0.000051627589142
9796	0.000191350401199	0.000201695808803	0.000191350401199
9797	0.000051627589142	0.000044202184056	0.000051627589142
9798	0.000051627589142	0.000044202184056	0.000051627589142
9799	0.000051627589142	0.000044202184056	0.000051627589142
9800	0.000038449534220	0.000038155165010	0.000038449534220
9801	0.000093579642023	0.000093444310094	0.000093579642023
9802	0.000019480539583	0.000019452367441	0.000019480539583
9803	0.000019480539583	0.000019452367441	0.000019480539583
9804	0.000083124230390	0.000082981810025	0.000083124230390
9805	0.000019480539583	0.000019452367441	0.000019480539583
9806	0.000100804460092	0.000133746659096	0.000100804460092
9807	0.000049087408610	0.000049016419946	0.000049087408610
9808	0.000019480539583	0.000019452367441	0.000019480539583
9809	0.000143646355632	0.000133441843384	0.000143646355632
9810	0.000019480539583	0.000019452367441	0.000019480539583
9811	0.000036038998229	0.000035986879765	0.000036038998229
9812	0.000141579941870	0.000132877934317	0.000141579941870
9813	0.000036353382724	0.000036435671845	0.000036353382724
9814	0.000216499881944	0.000209355836521	0.000216499881944
9815	0.000034677174208	0.000033391052235	0.000034677174208
9816	0.000111492989409	0.000138087341470	0.000111492989409
9817	0.000114249580581	0.000136826607690	0.000114249580581
9818	0.000116592683077	0.000135754983977	0.000116592683077
9819	0.000118584320199	0.000134844103821	0.000118584320199
9820	0.000051585495407	0.000051322436018	0.000051585495407
9821	0.000120277211752	0.000134069855689	0.000120277211752
9822	0.000036353382724	0.000036435671845	0.000036353382724
9823	0.000565055969045	0.000553464521489	0.000565055969045
9824	0.000019480539583	0.000019452367441	0.000019480539583
9825	0.000152294153590	0.000151061901874	0.000152294153590
9826	0.000051984250590	0.000059779011469	0.000051984250590
9827	0.000052656538001	0.000051972468031	0.000052656538001
9828	0.000051984250590	0.000059779011469	0.000051984250590
9829	0.000060937618420	0.000060732505743	0.000060937618420
9830	0.000043772933631	0.000043266989230	0.000043772933631
9831	0.000075660323769	0.000058551264844	0.000075660323769
9832	0.000034977081832	0.000035291337627	0.000034977081832
9833	0.000051984250590	0.000059779011469	0.000051984250590
9834	0.000056687533170	0.000056229308286	0.000056687533170
9835	0.000034977081832	0.000035291337627	0.000034977081832
9836	0.000048638549958	0.000071574351965	0.000048638549958
9837	0.000034977081832	0.000035291337627	0.000034977081832
9838	0.000036353382724	0.000036435671845	0.000036353382724
9839	0.000152294153590	0.000151061901874	0.000152294153590
9840	0.000034977081832	0.000035291337627	0.000034977081832
9841	0.000034977081832	0.000035291337627	0.000034977081832
9842	0.000049831154695	0.000070325095282	0.000049831154695
9843	0.000061837021074	0.000079228698431	0.000061837021074
9844	0.000072042007496	0.000086796761107	0.000072042007496
9845	0.000080716245955	0.000093229614382	0.000080716245955
9846	0.000039229050859	0.000039166322302	0.000039229050859
9847	0.000057712770186	0.000057629307797	0.000057712770186
9848	0.000019480539583	0.000019452367441	0.000019480539583
9849	0.000105793237095	0.000104487231733	0.000105793237095
9850	0.000089313315137	0.000088772658282	0.000089313315137
9851	0.000066085905354	0.000063502222620	0.000066085905354
9852	0.000043772933631	0.000043266989230	0.000043772933631
9853	0.000048638549958	0.000045513359703	0.000048638549958
9854	0.000043772933631	0.000043266989230	0.000043772933631
9855	0.000050826114682	0.000050732517143	0.000050826114682
9856	0.000048530285470	0.000048460102500	0.000048530285470
9857	0.000054815392772	0.000077540803235	0.000054815392772
9858	0.000043772933631	0.000043266989230	0.000043772933631
9859	0.000056697085593	0.000055673255487	0.000056697085593
9860	0.000128947375963	0.000154027113843	0.000128947375963
9861	0.000069048246215	0.000046165132869	0.000069048246215
9862	0.000019480539583	0.000019452367441	0.000019480539583
9863	0.000036038998229	0.000035986879765	0.000036038998229
9864	0.000079362578670	0.000079205464675	0.000079362578670
9865	0.000069048246215	0.000046165132869	0.000069048246215
9866	0.000036727951327	0.000036619943601	0.000036727951327
9867	0.000445598604687	0.000412556647750	0.000445598604687
9868	0.000044202134985	0.000043558615343	0.000044202134985
9869	0.000046513624578	0.000046160300339	0.000046513624578
9870	0.000102401160866	0.000097825955860	0.000102401160866
9871	0.000019480539583	0.000019452367441	0.000019480539583
9872	0.000036038998229	0.000035986879765	0.000036038998229
9873	0.000076412592280	0.000074568635390	0.000076412592280
9874	0.000035222592773	0.000035931897212	0.000035222592773
9875	0.000058831019595	0.000052713499732	0.000058831019595
9876	0.000051967414659	0.000051532968414	0.000051967414659
9877	0.000057012612899	0.000056930163055	0.000057012612899
9878	0.000039374287656	0.000039282245831	0.000039374287656
9879	0.000053948256774	0.000053230818529	0.000053948256774
9880	0.000070234505285	0.000070094366722	0.000070234505285
9881	0.000042044295083	0.000042229639138	0.000042044295083
9882	0.000091211211055	0.000091197389882	0.000091211211055
9883	0.000041834458755	0.000041773959079	0.000041834458755
9884	0.000061314245362	0.000061190474662	0.000061314245362
9885	0.000036504669705	0.000035999063186	0.000036504669705
9886	0.000019480539583	0.000019452367441	0.000019480539583
9887	0.000036038998229	0.000035986879765	0.000036038998229
9888	0.000046050325146	0.000042806963819	0.000046050325146
9889	0.000043915733427	0.000043756940470	0.000043915733427
9890	0.000055411068869	0.000057985436490	0.000055411068869
9891	0.000123396876769	0.000127908450462	0.000123396876769
9892	0.000051611259151	0.000051464375799	0.000051611259151
9893	0.000057114027559	0.000056673585977	0.000057114027559
9894	0.000019480539583	0.000019452367441	0.000019480539583
9895	0.000019480539583	0.000019452367441	0.000019480539583
9896	0.000019480539583	0.000019452367441	0.000019480539583
9897	0.000019480539583	0.000019452367441	0.000019480539583
9898	0.000019480539583	0.000019452367441	0.000019480539583
9899	0.000019480539583	0.000019452367441	0.000019480539583
9900	0.000019480539583	0.000019452367441	0.000019480539583
9901	0.000019480539583	0.000019452367441	0.000019480539583
9902	0.000019480539583	0.000019452367441	0.000019480539583
9903	0.000019480539583	0.000019452367441	0.000019480539583
9904	0.000019480539583	0.000019452367441	0.000019480539583
9905	0.000019480539583	0.000019452367441	0.000019480539583
9906	0.000019480539583	0.000019452367441	0.000019480539583
9907	0.000019480539583	0.000019452367441	0.000019480539583
9908	0.000019480539583	0.000019452367441	0.000019480539583
9909	0.000019480539583	0.000019452367441	0.000019480539583
9910	0.000019480539583	0.000019452367441	0.000019480539583
9911	0.000019480539583	0.000019452367441	0.000019480539583
9912	0.000039374287656	0.000039282245831	0.000039374287656
9913	0.000057297281272	0.000055103101619	0.000057297281272
9914	0.000408630653851	0.000391486446895	0.000408630653851
9915	0.000019480539583	0.000019452367441	0.000019480539583
9916	0.000019480539583	0.000019452367441	0.000019480539583
9917	0.000019480539583	0.000019452367441	0.000019480539583
9918	0.000077560382684	0.000077220198808	0.000077560382684
9919	0.000019480539583	0.000019452367441	0.000019480539583
9920	0.000019480539583	0.000019452367441	0.000019480539583
9921	0.000051785725862	0.000049805816219	0.000051785725862
9922	0.000019480539583	0.000019452367441	0.000019480539583
9923	0.000019480539583	0.000019452367441	0.000019480539583
9924	0.000055321625258	0.000055214677342	0.000055321625258
9925	0.000036529610151	0.000037486229567	0.000036529610151
9926	0.000019480539583	0.000019452367441	0.000019480539583
9927	0.000085714374166	0.000085590416739	0.000085714374166
9928	0.000019480539583	0.000019452367441	0.000019480539583
9929	0.000019480539583	0.000019452367441	0.000019480539583
9930	0.000019480539583	0.000019452367441	0.000019480539583
9931	0.000036529610151	0.000037486229567	0.000036529610151
9932	0.000019480539583	0.000019452367441	0.000019480539583
9933	0.000085714374166	0.000085590416739	0.000085714374166
9934	0.000019480539583	0.000019452367441	0.000019480539583
9935	0.000019480539583	0.000019452367441	0.000019480539583
9936	0.000019480539583	0.000019452367441	0.000019480539583
9937	0.000019480539583	0.000019452367441	0.000019480539583
9938	0.000058392917401	0.000058308471404	0.000058392917401
9939	0.000019480539583	0.000019452367441	0.000019480539583
9940	0.000085714374166	0.000085590416739	0.000085714374166
9941	0.000019480539583	0.000019452367441	0.000019480539583
9942	0.000019480539583	0.000019452367441	0.000019480539583
9943	0.000019480539583	0.000019452367441	0.000019480539583
9944	0.000019480539583	0.000019452367441	0.000019480539583
9945	0.000102272832812	0.000102124929064	0.000102272832812
9946	0.000019480539583	0.000019452367441	0.000019480539583
9947	0.000019480539583	0.000019452367441	0.000019480539583
9948	0.000019480539583	0.000019452367441	0.000019480539583
9949	0.000019480539583	0.000019452367441	0.000019480539583
9950	0.000047684784311	0.000047347901410	0.000047684784311
9951	0.000036529610151	0.000037486229567	0.000036529610151
9952	0.000019480539583	0.000019452367441	0.000019480539583
9953	0.000125870040924	0.000125687811734	0.000125870040924
9954	0.000125622185746	0.000125439599257	0.000125622185746
9955	0.000126147599066	0.000125964825166	0.000126147599066
9956	0.000126259397467	0.000126076026809	0.000126259397467
9957	0.000126470074368	0.000126287007415	0.000126470074368
9958	0.000126705998789	0.000126522468832	0.000126705998789
9959	0.000036529610151	0.000037486229567	0.000036529610151
9960	0.000126801027430	0.000126616990229	0.000126801027430
9961	0.000126980102796	0.000126796323744	0.000126980102796
9962	0.000127180638554	0.000126996465948	0.000127180638554
9963	0.000036529610151	0.000037486229567	0.000036529610151
9964	0.000127261412899	0.000127076809135	0.000127261412899
9965	0.000127413626960	0.000127229242623	0.000127413626960
9966	0.000127584082354	0.000127399363496	0.000127584082354
9967	0.000036529610151	0.000037486229567	0.000036529610151
9968	0.000127782122499	0.000127597223670	0.000127782122499
9969	0.000127927009584	0.000127741826413	0.000127927009584
9970	0.000127652740547	0.000127467655206	0.000127652740547
9971	0.000128095343707	0.000127910007560	0.000128095343707
9972	0.000128218497730	0.000128032919892	0.000128218497730
9973	0.000127985369048	0.000127799874366	0.000127985369048
9974	0.000036529610151	0.000037486229567	0.000036529610151
9975	0.000128361581735	0.000128175873867	0.000128361581735
9976	0.000128466262653	0.000128280349349	0.000128466262653
9977	0.000036529610151	0.000037486229567	0.000036529610151
9978	0.000019480539583	0.000019452367441	0.000019480539583
9979	0.000019480539583	0.000019452367441	0.000019480539583
9980	0.000036038998229	0.000035986879765	0.000036038998229
9981	0.000038269561650	0.000037206262807	0.000038269561650
9982	0.000036529610151	0.000037486229567	0.000036529610151
9983	0.000037118115144	0.000036968762677	0.000037118115144
9984	0.000036529610151	0.000037486229567	0.000036529610151
9985	0.000128587884058	0.000128401860228	0.000128587884058
9986	0.000128676862839	0.000128490664387	0.000128676862839
9987	0.000128268103274	0.000128082260652	0.000128268103274
9988	0.000128508427366	0.000128322288995	0.000128508427366
9989	0.000128855872996	0.000128669432170	0.000128855872996
9990	0.000128780241032	0.000128593948635	0.000128780241032
9991	0.000129008031630	0.000128821384785	0.000129008031630
9992	0.000128712702845	0.000128526313086	0.000128712702845
9993	0.000128943744460	0.000128757223780	0.000128943744460
9994	0.000129082722375	0.000128896007654	0.000129082722375
9995	0.000129137366468	0.000128950544508	0.000129137366469
9996	0.000128886337001	0.000128699733564	0.000128886337001
9997	0.000129247301081	0.000129060330273	0.000129247301081
9998	0.000129033926034	0.000128847140970	0.000129033926034
9999	0.000129200853602	0.000129013973947	0.000129200853602
10000	0.000129340745502	0.000129153648173	0.000129340745502
10001	0.000129159376712	0.000128972437266	0.000129159376712
10002	0.000129301265144	0.000129114245295	0.000129301265145
10003	0.000019480539583	0.000019452367441	0.000019480539583
10004	0.000129420173260	0.000129232968388	0.000129420173260
10005	0.000129266009789	0.000129078939116	0.000129266009789
10006	0.000051030937456	0.000050875815716	0.000051030937456
10007	0.000064181726967	0.000063645886925	0.000064181726967
10008	0.000019480539583	0.000019452367441	0.000019480539583
10009	0.000019480539583	0.000019452367441	0.000019480539583
10010	0.000154545808296	0.000150713907352	0.000154545808296
10011	0.000129356647903	0.000129169465690	0.000129356647903
10012	0.000129487686854	0.000129300390570	0.000129487686854
10013	0.000129386614956	0.000129199475942	0.000129386614956
10014	0.000129545073409	0.000129357699425	0.000129545073409
10015	0.000129433690301	0.000129246413277	0.000129433690301
10016	0.000129459162296	0.000129271921991	0.000129459162296
10017	0.000096963428700	0.000096823203246	0.000096963428700
10018	0.000129593851981	0.000129406411952	0.000129593851981
10019	0.000129499176339	0.000129311818726	0.000129499176339
10020	0.000129520827535	0.000129333501133	0.000129520827535
10021	0.000038273875507	0.000037635184779	0.000038273875507
10022	0.000129573242988	0.000129385843404	0.000129573242988
10023	0.000129554839471	0.000129367413358	0.000129554839471
10024	0.000129635313767	0.000129447817600	0.000129635313767
10025	0.000101899453978	0.000101752090200	0.000101899453978
10026	0.000129670556285	0.000129483012401	0.000129670556285
10027	0.000129602153134	0.000129414668795	0.000129602153134
10028	0.000129617796123	0.000129430334334	0.000129617796123
10029	0.000129655666287	0.000129468151625	0.000129655666287
10030	0.000129642369747	0.000129454835917	0.000129642369747
10031	0.000129700512426	0.000129512927982	0.000129700512426
10032	0.000129687855927	0.000129500296322	0.000129687855927
10033	0.000129676553868	0.000129488977970	0.000129676553868
10034	0.000050113688078	0.000050041215241	0.000050113688078
10035	0.000035745103285	0.000035265029134	0.000035745103285
10036	0.000046757773544	0.000046501869384	0.000046757773544
10037	0.000043772933631	0.000043266989230	0.000043772933631
10038	0.000019480539583	0.000019452367441	0.000019480539583
10039	0.000102272832812	0.000102124929064	0.000102272832812
10040	0.000019480539583	0.000019452367441	0.000019480539583
10041	0.000019480539583	0.000019452367441	0.000019480539583
10042	0.000019480539583	0.000019452367441	0.000019480539583
10043	0.000019480539583	0.000019452367441	0.000019480539583
10044	0.000019480539583	0.000019452367441	0.000019480539583
10045	0.000019480539583	0.000019452367441	0.000019480539583
10046	0.000019480539583	0.000019452367441	0.000019480539583
10047	0.000129705610371	0.000129517998715	0.000129705610371
10048	0.000129715217122	0.000129527619315	0.000129715217122
10049	0.000129725975145	0.000129538356225	0.000129725975145
10050	0.000019480539583	0.000019452367441	0.000019480539583
10051	0.000069155915520	0.000069055904415	0.000069155915520
10052	0.000019480539583	0.000019452367441	0.000019480539583
10053	0.000019480539583	0.000019452367441	0.000019480539583
10054	0.000129747618456	0.000129559970232	0.000129747618456
10055	0.000129738474136	0.000129550843858	0.000129738474136
10056	0.000129730308399	0.000129542666349	0.000129730308399
10057	0.000019480539583	0.000019452367441	0.000019480539583
10058	0.000052597456875	0.000052521392090	0.000052597456875
10059	0.000019480539583	0.000019452367441	0.000019480539583
10060	0.000019480539583	0.000019452367441	0.000019480539583
10061	0.000168506667394	0.000168262978363	0.000168506667395
10062	0.000019480539583	0.000019452367441	0.000019480539583
10063	0.000019480539583	0.000019452367441	0.000019480539583
10064	0.000019480539583	0.000019452367441	0.000019480539583
10065	0.000129758242599	0.000129570584720	0.000129758242599
10066	0.000129751301722	0.000129563633837	0.000129751301722
10067	0.000129766015271	0.000129578342138	0.000129766015271
10068	0.000019480539583	0.000019452367441	0.000019480539583
10069	0.000102272832812	0.000102124929064	0.000102272832812
10070	0.000019480539583	0.000019452367441	0.000019480539583
10071	0.000019480539583	0.000019452367441	0.000019480539583
10072	0.000019480539583	0.000019452367441	0.000019480539583
10073	0.000019480539583	0.000019452367441	0.000019480539583
10074	0.000129781652564	0.000129593958258	0.000129781652564
10075	0.000129769146047	0.000129581456202	0.000129769146047
10076	0.000129775045792	0.000129587364453	0.000129775045793
10077	0.000019480539583	0.000019452367441	0.000019480539583
10078	0.000019480539583	0.000019452367441	0.000019480539583
10079	0.000019480539583	0.000019452367441	0.000019480539583
10080	0.000019480539583	0.000019452367441	0.000019480539583
10081	0.000019480539583	0.000019452367441	0.000019480539583
10082	0.000019480539583	0.000019452367441	0.000019480539583
10083	0.000019480539583	0.000019452367441	0.000019480539583
10084	0.000019480539583	0.000019452367441	0.000019480539583
10085	0.000019480539583	0.000019452367441	0.000019480539583
10086	0.000019480539583	0.000019452367441	0.000019480539583
10087	0.000019480539583	0.000019452367441	0.000019480539583
10088	0.000110541514186	0.000110011109029	0.000110541514186
10089	0.000129784313723	0.000129596605213	0.000129784313723
10090	0.000129794944262	0.000129607231960	0.000129794944262
10091	0.000129789328507	0.000129601627226	0.000129789328507
10092	0.000019480539583	0.000019452367441	0.000019480539583
10093	0.000019480539583	0.000019452367441	0.000019480539583
10094	0.000019480539583	0.000019452367441	0.000019480539583
10095	0.000019480539583	0.000019452367441	0.000019480539583
10096	0.000019480539583	0.000019452367441	0.000019480539583
10097	0.000019480539583	0.000019452367441	0.000019480539583
10098	0.000019480539583	0.000019452367441	0.000019480539583
10099	0.000019480539583	0.000019452367441	0.000019480539583
10100	0.000043772933631	0.000043266989230	0.000043772933631
10101	0.000129806242206	0.000129618514607	0.000129806242206
10102	0.000485222888427	0.000480274611484	0.000485222888427
10103	0.000129797206248	0.000129609481872	0.000129797206248
10104	0.000036727951327	0.000036619943601	0.000036727951327
10105	0.000043772933631	0.000043266989230	0.000043772933631
10106	0.000043772933631	0.000043266989230	0.000043772933631
10107	0.000043772933631	0.000043266989230	0.000043772933631
10108	0.000039951601764	0.000038950373128	0.000039951601764
10109	0.000082883763561	0.000089237536488	0.000082883763561
10110	0.000039951601764	0.000038950373128	0.000039951601764
10111	0.000039951601764	0.000038950373128	0.000039951601764
10112	0.000080762874064	0.000079022402803	0.000080762874064
10113	0.000250208044081	0.000293069786742	0.000250208044081
10114	0.000092669645956	0.000084465447077	0.000092669645956
10115	0.000199008064690	0.000167501886653	0.000199008064690
10116	0.000104363690264	0.000103884393856	0.000104363690264
10117	0.000038420483599	0.000038388473047	0.000038420483599
10118	0.000104058967076	0.000090640669268	0.000104058967076
10119	0.000107930661598	0.000096496936319	0.000107930661598
10120	0.000049953748420	0.000049881506884	0.000049953748420
10121	0.000111221601942	0.000101474763312	0.000111221601942
10122	0.000472334746446	0.000504514862913	0.000472334746446
10123	0.000038420483599	0.000038388473047	0.000038420483599
10124	0.000034677174208	0.000033391052235	0.000034677174208
10125	0.000106095075465	0.000105941644110	0.000106095075465
10126	0.000044867301441	0.000046800278591	0.000044867301441
10127	0.000109661353728	0.000109502764935	0.000109661353728
10128	0.000112692690252	0.000112529717635	0.000112692690252
10129	0.000051163811108	0.000051244307511	0.000051163811108
10130	0.000062969779025	0.000063010028825	0.000062969779025
10131	0.000115269326298	0.000115102627431	0.000115269326298
10132	0.000052304555467	0.000052434861140	0.000052304555467
10133	0.000019480539583	0.000019452367441	0.000019480539583
10134	0.000036038998229	0.000035986879765	0.000036038998229
10135	0.000117459466936	0.000117289600757	0.000117459466936
10136	0.000119321086479	0.000119148528084	0.000119321086479
10137	0.000079601426365	0.000089063468942	0.000079601426365
10138	0.000120903463090	0.000120728616312	0.000120903463090
10139	0.000122248483210	0.000122071691306	0.000122248483210
10140	0.000042167796197	0.000041538919984	0.000042167796197
10141	0.000176075374768	0.000175955445636	0.000176075374768
10142	0.000088015846257	0.000087711352153	0.000088015846257
10143	0.000051389168174	0.000051343967870	0.000051389168174
10144	0.000379929718971	0.000377369283412	0.000379929718971
10145	0.000066010129040	0.000065600382725	0.000066010129040
10146	0.000044202134985	0.000043558615343	0.000044202134985
10147	0.000066010129040	0.000065600382725	0.000066010129040
10148	0.000041674112233	0.000041229896267	0.000041674112233
10149	0.000094422739428	0.000093969344176	0.000094422739428
10150	0.000039797423547	0.000039621566289	0.000039797423547
10151	0.000101968430616	0.000101099051393	0.000101968430616
10152	0.000019480539583	0.000019452367441	0.000019480539583
10153	0.000036038998229	0.000035986879765	0.000036038998229
10154	0.000019480539583	0.000019452367441	0.000019480539583
10155	0.000036038998229	0.000035986879765	0.000036038998229
10156	0.000043772933631	0.000043266989230	0.000043772933631
10157	0.000043772933631	0.000043266989230	0.000043772933631
10158	0.000052387032357	0.000051254525455	0.000052387032357
10159	0.000128672374649	0.000127685421978	0.000128672374649
10160	0.000038449534220	0.000038155165010	0.000038449534220
10161	0.000037806725571	0.000037752050676	0.000037806725571
10162	0.000038449534220	0.000038155165010	0.000038449534220
10163	0.000039951601764	0.000038950373128	0.000039951601764
10164	0.000039951601764	0.000038950373128	0.000039951601764
10165	0.000019480539583	0.000019452367441	0.000019480539583
10166	0.000036038998229	0.000035986879765	0.000036038998229
10167	0.000084001944459	0.000095073307569	0.000084001944459
10168	0.000055181365978	0.000073327241730	0.000055181365978
10169	0.000066384700665	0.000081780522911	0.000066384700665
10170	0.000075907535148	0.000088965811915	0.000075907535148
10171	0.000019480539583	0.000019452367441	0.000019480539583
10172	0.000036038998229	0.000035986879765	0.000036038998229
10173	0.000087937991056	0.000082609057851	0.000087937991056
10174	0.000057892565794	0.000056646479897	0.000057892565794
10175	0.000045999692055	0.000044803973012	0.000045999692055
10176	0.000032962993177	0.000033494888283	0.000032962993177
10177	0.000043772933631	0.000043266989230	0.000043772933631
10178	0.000074406082126	0.000073855837031	0.000074406082126
10179	0.000019480539583	0.000019452367441	0.000019480539583
10180	0.000019480539583	0.000019452367441	0.000019480539583
10181	0.000059536313154	0.000057792461726	0.000059536313154
10182	0.000132401906680	0.000130797690975	0.000132401906680
10183	0.000052304555467	0.000052434861140	0.000052304555467
10184	0.000140139997356	0.000138826564294	0.000140139997356
10185	0.000138599537336	0.000137454947091	0.000138599537336
10186	0.000043932058360	0.000045266951422	0.000043932058360
10187	0.000145012884459	0.000144060831916	0.000145012884459
10188	0.000108704746909	0.000108405156762	0.000108704746909
10189	0.000061895469626	0.000061724821211	0.000061895469626
10190	0.000042343350395	0.000041878916218	0.000042343350395
10191	0.000125002304161	0.000122735746580	0.000125002304161
10192	0.000125732498120	0.000123777752033	0.000125732498120
10193	0.000364468361761	0.000357783740509	0.000364468361761
10194	0.000045198853466	0.000045579823701	0.000045198853466
10195	0.000126353162985	0.000124663456669	0.000126353162985
10196	0.000135384172626	0.000134003522572	0.000135384172626
10197	0.000050369174066	0.000052294101972	0.000050369174066
10198	0.000077018812949	0.000076403864534	0.000077018812949
10199	0.000068004334228	0.000067766367465	0.000068004334228
10200	0.000053439401082	0.000052560184600	0.000053439401082
10201	0.000222178091819	0.000249250116021	0.000222178091819
10202	0.000019480539583	0.000019452367441	0.000019480539583
10203	0.000044393513769	0.000043881451639	0.000044393513769
10204	0.000085111834390	0.000104732918972	0.000085111834390
10205	0.000073180633852	0.000072434336525	0.000073180633852
10206	0.000150693085889	0.000149793955235	0.000150693085889
10207	0.000056635924309	0.000059055976814	0.000056635924309
10208	0.000173351230447	0.000172682566357	0.000173351230447
10209	0.000045557270842	0.000045412798856	0.000045557270842
10210	0.000083525101086	0.000083114798416	0.000083525101086
10211	0.000090476875506	0.000090099946094	0.000090476875506
10212	0.000096385883764	0.000096037321621	0.000096385883764
10213	0.000101408540782	0.000101084090819	0.000101408540782
10214	0.000059335648922	0.000059095068168	0.000059335648922
10215	0.000105677799248	0.000105373844637	0.000105677799248
10216	0.000093154812523	0.000092842458142	0.000093154812523
10217	0.000098662130228	0.000098368456862	0.000098662130228
10218	0.000103343350277	0.000103065555773	0.000103343350277
10219	0.000107322387318	0.000107058089848	0.000107322387319
10220	0.000110704568804	0.000110451743812	0.000110704568804
10221	0.000067621075246	0.000069649947733	0.000067621075246
10222	0.000113579423066	0.000113336349681	0.000113579423067
10223	0.000076958453542	0.000078654823014	0.000076958453542
10224	0.000116023049190	0.000115788264669	0.000116023049190
10225	0.000118100131394	0.000117872392410	0.000118100131394
10226	0.000084895225094	0.000086308967002	0.000084895225094
10227	0.000091641480913	0.000092814989393	0.000091641480913
10228	0.000119865651268	0.000119643900989	0.000119865651268
10229	0.000097375798359	0.000098345108425	0.000097375798359
10230	0.000121366343161	0.000121149683282	0.000121366343161
10231	0.000102249968188	0.000103045709602	0.000102249968188
10232	0.000058763202602	0.000058556000489	0.000058763202602
10233	0.000106393012543	0.000107041220602	0.000106393012543
10234	0.000109914600245	0.000110437404953	0.000109914600245
10235	0.000051589419778	0.000051508867521	0.000051589419778
10236	0.000063331546395	0.000063234904833	0.000063331546395
10237	0.000112907949791	0.000113324161651	0.000112907949791
10238	0.000073312354019	0.000073202036549	0.000073312354019
10239	0.000115452296906	0.000115777904844	0.000115452296906
10240	0.000117614991953	0.000117863586558	0.000117614991953
10241	0.000119453282743	0.000119636416015	0.000119453282743
10242	0.000075751349922	0.000075041386105	0.000075751349922
10243	0.000121015829915	0.000121143321054	0.000121015829915
10244	0.000122343995011	0.000122424190336	0.000122343995011
10245	0.000123472935343	0.000123512929227	0.000123472935343
10246	0.000078385342951	0.000077870719954	0.000078385342951
10247	0.000124432534624	0.000124438357284	0.000124432534624
10248	0.000081111015478	0.000080678221005	0.000081111015478
10249	0.000088424902740	0.000088028855295	0.000088424902740
10250	0.000094641706912	0.000094276894442	0.000094641706912
10251	0.000099925990458	0.000099587727716	0.000099925990458
10252	0.000036529610151	0.000037486229567	0.000036529610151
10253	0.000036529610151	0.000037486229567	0.000036529610151
10254	0.000036529610151	0.000037486229567	0.000036529610151
10255	0.000036529610151	0.000037486229567	0.000036529610151
10256	0.000036529610151	0.000037486229567	0.000036529610151
10257	0.000085366958642	0.000085000754569	0.000085366958642
10258	0.000052850254210	0.000042353852370	0.000052850254210
10259	0.000019480539583	0.000019452367441	0.000019480539583
10260	0.000082208426793	0.000081546517560	0.000082208426793
10261	0.000031338020930	0.000031238043319	0.000031338020930
10262	0.003201178837997	0.003190966125078	0.003201178837997
10263	0.000031338020930	0.000031238043319	0.000031338020930
10264	0.000031338020930	0.000031238043319	0.000031338020930
10265	0.000031338020930	0.000031238043319	0.000031338020930
10266	0.000031338020930	0.000031238043319	0.000031338020930
10267	0.000031338020930	0.000031238043319	0.000031338020930
10268	0.000031338020930	0.000031238043319	0.000031338020930
10269	0.000031338020930	0.000031238043319	0.000031338020930
10270	0.000031338020930	0.000031238043319	0.000031338020930
10271	0.000031338020930	0.000031238043319	0.000031338020930
10272	0.000031338020930	0.000031238043319	0.000031338020930
10273	0.000031338020930	0.000031238043319	0.000031338020930
10274	0.000031338020930	0.000031238043319	0.000031338020930
10275	0.000031338020930	0.000031238043319	0.000031338020930
10276	0.000031338020930	0.000031238043319	0.000031338020930
10277	0.000031338020930	0.000031238043319	0.000031338020930
10278	0.000031338020930	0.000031238043319	0.000031338020930
10279	0.000031338020930	0.000031238043319	0.000031338020930
10280	0.000031338020930	0.000031238043319	0.000031338020930
10281	0.000031338020930	0.000031238043319	0.000031338020930
10282	0.000031338020930	0.000031238043319	0.000031338020930
10283	0.000031338020930	0.000031238043319	0.000031338020930
10284	0.000031338020930	0.000031238043319	0.000031338020930
10285	0.000031338020930	0.000031238043319	0.000031338020930
10286	0.000031338020930	0.000031238043319	0.000031338020930
10287	0.000031338020930	0.000031238043319	0.000031338020930
10288	0.000031338020930	0.000031238043319	0.000031338020930
10289	0.000031338020930	0.000031238043319	0.000031338020930
10290	0.000031338020930	0.000031238043319	0.000031338020930
10291	0.000031338020930	0.000031238043319	0.000031338020930
10292	0.000031338020930	0.000031238043319	0.000031338020930
10293	0.000031338020930	0.000031238043319	0.000031338020930
10294	0.000031338020930	0.000031238043319	0.000031338020930
10295	0.000031338020930	0.000031238043319	0.000031338020930
10296	0.000031338020930	0.000031238043319	0.000031338020930
10297	0.000031338020930	0.000031238043319	0.000031338020930
10298	0.000031338020930	0.000031238043319	0.000031338020930
10299	0.000031338020930	0.000031238043319	0.000031338020930
10300	0.000031338020930	0.000031238043319	0.000031338020930
10301	0.000031338020930	0.000031238043319	0.000031338020930
10302	0.000031338020930	0.000031238043319	0.000031338020930
10303	0.000031338020930	0.000031238043319	0.000031338020930
10304	0.000031338020930	0.000031238043319	0.000031338020930
10305	0.000031338020930	0.000031238043319	0.000031338020930
10306	0.000031338020930	0.000031238043319	0.000031338020930
10307	0.000031338020930	0.000031238043319	0.000031338020930
10308	0.000031338020930	0.000031238043319	0.000031338020930
10309	0.000031338020930	0.000031238043319	0.000031338020930
10310	0.000031338020930	0.000031238043319	0.000031338020930
10311	0.000031338020930	0.000031238043319	0.000031338020930
10312	0.000031338020930	0.000031238043319	0.000031338020930
10313	0.000031338020930	0.000031238043319	0.000031338020930
10314	0.000031338020930	0.000031238043319	0.000031338020930
10315	0.000031338020930	0.000031238043319	0.000031338020930
10316	0.000031338020930	0.000031238043319	0.000031338020930
10317	0.000031338020930	0.000031238043319	0.000031338020930
10318	0.000031338020930	0.000031238043319	0.000031338020930
10319	0.000031338020930	0.000031238043319	0.000031338020930
10320	0.000031338020930	0.000031238043319	0.000031338020930
10321	0.000031338020930	0.000031238043319	0.000031338020930
10322	0.000031338020930	0.000031238043319	0.000031338020930
10323	0.000031338020930	0.000031238043319	0.000031338020930
10324	0.000031338020930	0.000031238043319	0.000031338020930
10325	0.000031338020930	0.000031238043319	0.000031338020930
10326	0.000031338020930	0.000031238043319	0.000031338020930
10327	0.000031338020930	0.000031238043319	0.000031338020930
10328	0.000031338020930	0.000031238043319	0.000031338020930
10329	0.000031338020930	0.000031238043319	0.000031338020930
10330	0.000031338020930	0.000031238043319	0.000031338020930
10331	0.000031338020930	0.000031238043319	0.000031338020930
10332	0.000031338020930	0.000031238043319	0.000031338020930
10333	0.000031338020930	0.000031238043319	0.000031338020930
10334	0.000031338020930	0.000031238043319	0.000031338020930
10335	0.000031338020930	0.000031238043319	0.000031338020930
10336	0.000031338020930	0.000031238043319	0.000031338020930
10337	0.000031338020930	0.000031238043319	0.000031338020930
10338	0.000031338020930	0.000031238043319	0.000031338020930
10339	0.000031338020930	0.000031238043319	0.000031338020930
10340	0.000031338020930	0.000031238043319	0.000031338020930
10341	0.000031338020930	0.000031238043319	0.000031338020930
10342	0.000031338020930	0.000031238043319	0.000031338020930
10343	0.000031338020930	0.000031238043319	0.000031338020930
10344	0.000031338020930	0.000031238043319	0.000031338020930
10345	0.000031338020930	0.000031238043319	0.000031338020930
10346	0.000031338020930	0.000031238043319	0.000031338020930
10347	0.000031338020930	0.000031238043319	0.000031338020930
10348	0.000031338020930	0.000031238043319	0.000031338020930
10349	0.000031338020930	0.000031238043319	0.000031338020930
10350	0.000031338020930	0.000031238043319	0.000031338020930
10351	0.000031338020930	0.000031238043319	0.000031338020930
10352	0.000031338020930	0.000031238043319	0.000031338020930
10353	0.000031338020930	0.000031238043319	0.000031338020930
10354	0.000031338020930	0.000031238043319	0.000031338020930
10355	0.000031338020930	0.000031238043319	0.000031338020930
10356	0.000031338020930	0.000031238043319	0.000031338020930
10357	0.000031338020930	0.000031238043319	0.000031338020930
10358	0.000031338020930	0.000031238043319	0.000031338020930
10359	0.000031338020930	0.000031238043319	0.000031338020930
10360	0.000031338020930	0.000031238043319	0.000031338020930
10361	0.000031338020930	0.000031238043319	0.000031338020930
10362	0.000031338020930	0.000031238043319	0.000031338020930
10363	0.000031338020930	0.000031238043319	0.000031338020930
10364	0.000031338020930	0.000031238043319	0.000031338020930
10365	0.000031338020930	0.000031238043319	0.000031338020930
10366	0.000031338020930	0.000031238043319	0.000031338020930
10367	0.000031338020930	0.000031238043319	0.000031338020930
10368	0.000031338020930	0.000031238043319	0.000031338020930
10369	0.000031338020930	0.000031238043319	0.000031338020930
10370	0.000031338020930	0.000031238043319	0.000031338020930
10371	0.000031338020930	0.000031238043319	0.000031338020930
10372	0.000031338020930	0.000031238043319	0.000031338020930
10373	0.000031338020930	0.000031238043319	0.000031338020930
10374	0.000031338020930	0.000031238043319	0.000031338020930
10375	0.000031338020930	0.000031238043319	0.000031338020930
10376	0.000031338020930	0.000031238043319	0.000031338020930
10377	0.000031338020930	0.000031238043319	0.000031338020930
10378	0.000031338020930	0.000031238043319	0.000031338020930
10379	0.000031338020930	0.000031238043319	0.000031338020930
10380	0.000031338020930	0.000031238043319	0.000031338020930
10381	0.000019480539583	0.000019452367441	0.000019480539583
10382	0.000120078238484	0.000118312121494	0.000120078238484
10383	0.000117461617298	0.000116678147083	0.000117461617298
10384	0.000034831610619	0.000034781238242	0.000034831610619
10385	0.000054936716617	0.000054911898939	0.000054936716617
10386	0.000019480539583	0.000019452367441	0.000019480539583
10387	0.000039121810264	0.000037140820515	0.000039121810264
10388	0.000019480539583	0.000019452367441	0.000019480539583
10389	0.000056279621873	0.000056014901125	0.000056279621873
10390	0.000050113688078	0.000050041215241	0.000050113688078
10391	0.000030232138764	0.000029970728562	0.000030232138764
10392	0.000036529610151	0.000037486229567	0.000036529610151
10393	0.000036529610151	0.000037486229567	0.000036529610151
10394	0.000036529610151	0.000037486229567	0.000036529610151
10395	0.000036529610151	0.000037486229567	0.000036529610151
10396	0.000030232138764	0.000029970728562	0.000030232138764
10397	0.000036529610151	0.000037486229567	0.000036529610151
10398	0.000078041525667	0.000077946791271	0.000078041525667
10399	0.000036529610151	0.000037486229567	0.000036529610151
10400	0.000036529610151	0.000037486229567	0.000036529610151
10401	0.000036529610151	0.000037486229567	0.000036529610151
10402	0.000036529610151	0.000037486229567	0.000036529610151
10403	0.000050113688078	0.000050041215241	0.000050113688078
10404	0.000035318900060	0.000035323340168	0.000035318900060
10405	0.000048956137660	0.000047834761840	0.000048956137660
10406	0.000033916032100	0.000033766473293	0.000033916032100
10407	0.000047768737720	0.000046801098024	0.000047768737720
10408	0.000042594070412	0.000040658985591	0.000042594070412
10409	0.000093384020936	0.000093246473986	0.000093384020936
10410	0.000141453592245	0.000141246903284	0.000141453592245
10411	0.000042594070412	0.000040658985591	0.000042594070412
10412	0.000042594070412	0.000040658985591	0.000042594070412
10413	0.000043915733427	0.000043756940470	0.000043915733427
10414	0.000051984250590	0.000059779011469	0.000051984250590
10415	0.000059536313154	0.000057792461726	0.000059536313154
10416	0.000051984250590	0.000059779011469	0.000051984250590
10417	0.000051984250590	0.000059779011469	0.000051984250590
10418	0.000051984250590	0.000059779011469	0.000051984250590
10419	0.000051984250590	0.000059779011469	0.000051984250590
10420	0.000048871803679	0.000048801126817	0.000048871803679
10421	0.000036529610151	0.000037486229567	0.000036529610151
10422	0.000036529610151	0.000037486229567	0.000036529610151
10423	0.000036529610151	0.000037486229567	0.000036529610151
10424	0.000036529610151	0.000037486229567	0.000036529610151
10425	0.000036529610151	0.000037486229567	0.000036529610151
10426	0.000035005623897	0.000043048406411	0.000035005623897
10427	0.000152294153590	0.000151061901874	0.000152294153590
10428	0.000152294153590	0.000151061901874	0.000152294153590
10429	0.000073866225001	0.000070798410298	0.000073866225001
10430	0.000053382942113	0.000053985259690	0.000053382942113
10431	0.000048742335977	0.000048583601662	0.000048742335977
10432	0.000088445543900	0.000088294274005	0.000088445543900
10433	0.000051424523500	0.000051388553312	0.000051424523501
10434	0.000019480539583	0.000019452367441	0.000019480539583
10435	0.000036038998229	0.000035986879765	0.000036038998229
10436	0.000051984250590	0.000059779011469	0.000051984250590
10437	0.000051984250590	0.000059779011469	0.000051984250590
10438	0.000019480539583	0.000019452367441	0.000019480539583
10439	0.000036038998229	0.000035986879765	0.000036038998229
10440	0.000052492317994	0.000050679348989	0.000052492317994
10441	0.000042085217894	0.000041496834986	0.000042085217894
10442	0.000019480539583	0.000019452367441	0.000019480539583
10443	0.000036038998229	0.000035986879765	0.000036038998229
10444	0.000043875183807	0.000050409915530	0.000043875183807
10445	0.000043875183807	0.000050409915530	0.000043875183807
10446	0.000043875183807	0.000050409915530	0.000043875183807
10447	0.000080992504032	0.000080865663838	0.000080992504032
10448	0.000043875183807	0.000050409915530	0.000043875183807
10449	0.000128483109242	0.000128297301019	0.000128483109242
10450	0.000125308793968	0.000129618069791	0.000125308793968
10451	0.000074085861011	0.000073978720374	0.000074085861011
10452	0.000227799931617	0.000241912929492	0.000227799931617
10453	0.000019480539583	0.000019452367441	0.000019480539583
10454	0.000019480539583	0.000019452367441	0.000019480539583
10455	0.000019480539583	0.000019452367441	0.000019480539583
10456	0.000078254105213	0.000081848777757	0.000078254105213
10457	0.000137469912327	0.000127179524433	0.000137469912327
10458	0.000077905252322	0.000073503665325	0.000077905252322
10459	0.000085700004057	0.000081930482967	0.000085700004057
10460	0.000039951601764	0.000038950373128	0.000039951601764
10461	0.000092325543032	0.000089093277963	0.000092325543032
10462	0.000097957251160	0.000095181653709	0.000097957251160
10463	0.000102744203069	0.000100356773093	0.000102744203069
10464	0.000198891492557	0.000195878451632	0.000198891492557
10465	0.000034922101462	0.000034830802101	0.000034922101462
10466	0.000104009423920	0.000102700709384	0.000104009423920
10467	0.000039951601764	0.000038950373128	0.000039951601764
10468	0.000107888549915	0.000106747970418	0.000107888549915
10469	0.000033143820038	0.000034346711344	0.000033143820038
10470	0.000111185807011	0.000110188142296	0.000111185807011
10471	0.000113988475543	0.000113112288392	0.000113988475543
10472	0.000116370743794	0.000115597812574	0.000116370743794
10473	0.000118395671808	0.000117710508129	0.000118395671808
10474	0.000120116860620	0.000119506299350	0.000120116860620
10475	0.000121579871110	0.000121032721888	0.000121579871110
10476	0.000122823430027	0.000122330181046	0.000122823430027
10477	0.000123880455106	0.000123433021330	0.000123880455106
10478	0.000124778926423	0.000124370435571	0.000124778926423
10479	0.000125542627043	0.000125167237676	0.000125542627043
10480	0.000126191772570	0.000125844519466	0.000126191772570
10481	0.000126743546268	0.000126420208987	0.000126743546268
10482	0.000208461631724	0.000207552731183	0.000208461631724
10483	0.000108076733066	0.000107662278194	0.000108076733066
10484	0.000039850039779	0.000039792409907	0.000039850039779
10485	0.000111387207467	0.000108607673282	0.000111387207467
10486	0.000033143820038	0.000034346711344	0.000033143820038
10487	0.000105633178855	0.000092030975783	0.000105633178855
10488	0.000051984250590	0.000059779011469	0.000051984250590
10489	0.000039951601764	0.000038950373128	0.000039951601764
10490	0.000041193798344	0.000041134225171	0.000041193798344
10491	0.000111345762689	0.000110965303905	0.000111345762689
10492	0.000114124437869	0.000113772875760	0.000114124437869
10493	0.000054495268176	0.000054416458837	0.000054495268176
10494	0.000065801517533	0.000065706357452	0.000065801517533
10495	0.000075411829486	0.000075302771275	0.000075411829486
10496	0.000083580594646	0.000083459723024	0.000083580594646
10497	0.000064374640597	0.000058565532148	0.000064374640597
10498	0.000090524045032	0.000090393132012	0.000090524045033
10499	0.000019480539583	0.000019452367441	0.000019480539583
10500	0.000074198984090	0.000069233069767	0.000074198984090
10501	0.000096425977861	0.000096286529651	0.000096425977861
10502	0.000055039829525	0.000054960232658	0.000055039829525
10503	0.000101442620765	0.000101295917644	0.000101442620765
10504	0.000105706767233	0.000105553897438	0.000105706767233
10505	0.000109331291731	0.000109173180263	0.000109331291732
10506	0.000112412137555	0.000112249570664	0.000112412137555
10507	0.000019480539583	0.000019452367441	0.000019480539583
10508	0.000049831154695	0.000044888731361	0.000049831154695
10509	0.000115030856505	0.000114864502506	0.000115030856505
10510	0.000117256767612	0.000117087194571	0.000117256767612
10511	0.000119148792054	0.000118976482826	0.000119148792054
10512	0.000120757012829	0.000120582377843	0.000120757012829
10513	0.000082549676060	0.000078300476743	0.000082549676060
10514	0.000122124000488	0.000121947388607	0.000122124000488
10515	0.000123285939998	0.000123107647757	0.000123285939998
10516	0.000033143820038	0.000034346711344	0.000033143820038
10517	0.000116486311772	0.000116159311837	0.000116486311772
10518	0.000118493904589	0.000118187782502	0.000118493904589
10519	0.000124273588581	0.000124093868034	0.000124273588581
10520	0.000019480539583	0.000019452367441	0.000019480539583
10521	0.000151948208749	0.000151728466038	0.000151948208749
10522	0.000019480539583	0.000019452367441	0.000019480539583
10523	0.000019480539583	0.000019452367441	0.000019480539583
10524	0.000019480539583	0.000019452367441	0.000019480539583
10525	0.000019480539583	0.000019452367441	0.000019480539583
10526	0.000019480539583	0.000019452367441	0.000019480539583
10527	0.000019480539583	0.000019452367441	0.000019480539583
10528	0.000019480539583	0.000019452367441	0.000019480539583
10529	0.000125113089877	0.000124932155270	0.000125113089877
10530	0.000125826665979	0.000125644699420	0.000125826665979
10531	0.000217147192559	0.000216702360084	0.000217147192559
10532	0.000298763162219	0.000298219704458	0.000298763162219
10533	0.000126433205665	0.000126250361948	0.000126433205665
10534	0.000176984272781	0.000176688887579	0.000176984272781
10535	0.000126948764399	0.000126765175096	0.000126948764399
10536	0.000164206748370	0.000163945892110	0.000164206748370
10537	0.000193301576868	0.000193001823022	0.000193301576868
10538	0.000127386989322	0.000127202766273	0.000127386989322
10539	0.000033143820038	0.000034346711344	0.000033143820038
10540	0.000171421577809	0.000171155146372	0.000171421577809
10541	0.000127759480507	0.000127574718773	0.000127759480507
10542	0.000163547983189	0.000163295876349	0.000163547983189
10543	0.000128076098014	0.000127890878398	0.000128076098014
10544	0.000167560642439	0.000167300168706	0.000167560642439
10545	0.000257496545417	0.000257076296855	0.000257496545417
10546	0.000128345222895	0.000128159614079	0.000128345222895
10547	0.000128573979044	0.000128388039408	0.000128573979044
10548	0.000167656210050	0.000167383428771	0.000167656210050
10549	0.000126100606066	0.000124170545044	0.000126100606066
10550	0.000128768421771	0.000128582200937	0.000128768421771
10551	0.000142958845671	0.000142752103094	0.000142958845671
10552	0.000080238048993	0.000080122011256	0.000080238048993
10553	0.000128933698088	0.000128747238238	0.000128933698088
10554	0.000136987327407	0.000147552120865	0.000136987327407
10555	0.000035625036763	0.000035573516957	0.000035625036763
10556	0.000035625036763	0.000035573516957	0.000035625036763
10557	0.000087682881227	0.000087556077008	0.000087682881227
10558	0.000137058842870	0.000136860632691	0.000137058842870
10559	0.000191218717076	0.000187309754387	0.000191218717076
10560	0.000094010988626	0.000093875032898	0.000094010988626
10561	0.000152969982571	0.000152737829923	0.000152969982571
10562	0.000152123409082	0.000151902409294	0.000152123409082
10563	0.000146148606447	0.000145939006126	0.000146148606447
10564	0.000035625036763	0.000035573516957	0.000035625036763
10565	0.000146246146182	0.000146034968994	0.000146246146182
10566	0.000099389879916	0.000099246145404	0.000099389879916
10567	0.000035625036763	0.000035573516957	0.000035625036763
10568	0.000141376244319	0.000141181873527	0.000141376244319
10569	0.000148955322373	0.000148744308563	0.000148955322373
10570	0.000103961937512	0.000103811591034	0.000103961937512
10571	0.000146436596981	0.000146229424128	0.000146436596981
10572	0.000035625036763	0.000035573516957	0.000035625036763
10573	0.000143142412311	0.000142947138680	0.000143142412311
10574	0.000035625036763	0.000035573516957	0.000035625036763
10575	0.000140567276727	0.000140387398268	0.000140567276727
10576	0.000141767557438	0.000141605875032	0.000141767557438
10577	0.000150100320347	0.000149903258122	0.000150100320347
10578	0.000147166882933	0.000147032619594	0.000147166882933
10579	0.000043875183807	0.000050409915530	0.000043875183807
10580	0.000144139622570	0.000143965308372	0.000144139622570
10581	0.000144532515322	0.000144346508200	0.000144532515322
10582	0.000129074182958	0.000128887519943	0.000129074182958
10583	0.000145919101187	0.000145713211142	0.000145919101187
10584	0.000129193595098	0.000129006759392	0.000129193595098
10585	0.000149764812680	0.000149554648349	0.000149764812680
10586	0.000070827293184	0.000069874387252	0.000070827293184
10587	0.000129295095416	0.000129108112924	0.000129295095416
10588	0.000129381370687	0.000129194263426	0.000129381370687
10589	0.000034977081832	0.000035291337627	0.000034977081832
10590	0.000019480539583	0.000019452367441	0.000019480539583
10591	0.000019480539583	0.000019452367441	0.000019480539583
10592	0.000059875821691	0.000058184685672	0.000059875821691
10593	0.000019480539583	0.000019452367441	0.000019480539583
10594	0.000036038998229	0.000035986879765	0.000036038998229
10595	0.000036932965482	0.000037140811547	0.000036932965482
10596	0.000019480539583	0.000019452367441	0.000019480539583
10597	0.000379281642823	0.000374623236374	0.000379281642823
10598	0.000019480539583	0.000019452367441	0.000019480539583
10599	0.000019480539583	0.000019452367441	0.000019480539583
10600	0.000102266059868	0.000101989431841	0.000102266059868
10601	0.000019480539583	0.000019452367441	0.000019480539583
10602	0.000048510940845	0.000050158941661	0.000048510940845
10603	0.000019480539583	0.000019452367441	0.000019480539583
10604	0.000036038998229	0.000035986879765	0.000036038998229
10605	0.000037958996032	0.000042641954447	0.000037958996032
10606	0.000042666811576	0.000042546743649	0.000042666811576
10607	0.000019480539583	0.000019452367441	0.000019480539583
10608	0.000036038998229	0.000035986879765	0.000036038998229
10609	0.000036319417600	0.000037056035706	0.000036319417600
10610	0.000191276514171	0.000183375518881	0.000191276514171
10611	0.000110904392411	0.000133412974371	0.000110904392411
10612	0.000224086369548	0.000221598523888	0.000224086369548
10613	0.000058430170230	0.000058356167527	0.000058430170230
10614	0.000040698941867	0.000040641173936	0.000040698941867
10615	0.000051505199217	0.000051178682006	0.000051505199217
10616	0.000042801699011	0.000042479275737	0.000042801699011
10617	0.000049831154695	0.000044888731361	0.000049831154695
10618	0.000045659392908	0.000045465950849	0.000045659392908
10619	0.000055039829525	0.000054960232658	0.000055039829525
10620	0.000061837021074	0.000057607789098	0.000061837021074
10621	0.000019480539583	0.000019452367441	0.000019480539583
10622	0.000036038998229	0.000035986879765	0.000036038998229
10623	0.000066038805499	0.000065960263332	0.000066038805499
10624	0.000043278428742	0.000042473392115	0.000043278428742
10625	0.000019480539583	0.000019452367441	0.000019480539583
10626	0.000059898582963	0.000059349576711	0.000059898582963
10627	0.000288791205319	0.000309022473644	0.000288791205319
10628	0.000046999845785	0.000046454071349	0.000046999845785
10629	0.000019480539583	0.000019452367441	0.000019480539583
10630	0.000019480539583	0.000019452367441	0.000019480539583
10631	0.000019480539583	0.000019452367441	0.000019480539583
10632	0.000037113565640	0.000036715799158	0.000037113565640
10633	0.000042342035025	0.000042224404729	0.000042342035025
10634	0.000094600057037	0.000094463249416	0.000094600057037
10635	0.000050113688078	0.000050041215241	0.000050113688078
10636	0.000091191363524	0.000088614301889	0.000091191363524
10637	0.000019480539583	0.000019452367441	0.000019480539583
10638	0.000477074237975	0.000476170882199	0.000477074237975
10639	0.000036727951327	0.000036619943601	0.000036727951327
10640	0.000019480539583	0.000019452367441	0.000019480539583
10641	0.000036652294406	0.000036343051892	0.000036652294406
10642	0.000019480539583	0.000019452367441	0.000019480539583
10643	0.000036038998229	0.000035986879765	0.000036038998229
10644	0.000050113688078	0.000050041215241	0.000050113688078
10645	0.000039074715647	0.000039018207025	0.000039074715647
10646	0.000040670523216	0.000041522772775	0.000040670523216
10647	0.000050113688078	0.000050041215241	0.000050113688078
10648	0.000019480539583	0.000019452367441	0.000019480539583
10649	0.000036227162532	0.000036174771951	0.000036227162532
10650	0.000064260409635	0.000063713475917	0.000064260409635
10651	0.000019480539583	0.000019452367441	0.000019480539583
10652	0.000070440003631	0.000070103488283	0.000070440003631
10653	0.000207721935170	0.000219522020146	0.000207721935170
10654	0.000047120763804	0.000051022393880	0.000047120763804
10655	0.000040698941867	0.000040641173936	0.000040698941867
10656	0.000047120763804	0.000051022393880	0.000047120763804
10657	0.000102190040518	0.000102042256503	0.000102190040518
10658	0.000039548759021	0.000039285239399	0.000039548759021
10659	0.000063455576140	0.000062808700625	0.000063455576140
10660	0.000043340124317	0.000042815064386	0.000043340124317
10661	0.000043340124317	0.000042815064386	0.000043340124317
10662	0.000081147335632	0.000084924888224	0.000081147335632
10663	0.000318847672805	0.000310342617040	0.000318847672805
10664	0.000290501061468	0.000283243591924	0.000290501061468
10665	0.000019480539583	0.000019452367441	0.000019480539583
10666	0.000036038998229	0.000035986879765	0.000036038998229
10667	0.000038463191049	0.000038138572853	0.000038463191049
10668	0.000082346889515	0.000083720910563	0.000082346889515
10669	0.000122817762368	0.000119688158735	0.000122817762368
10670	0.000179595253162	0.000192962523506	0.000179595253162
10671	0.000034368348598	0.000035309751254	0.000034368348598
10672	0.000029817211796	0.000029774091084	0.000029817211796
10673	0.000045460907387	0.000044242247306	0.000045460907387
10674	0.000052148793584	0.000051922303483	0.000052148793584
10675	0.000064188377927	0.000064095550717	0.000064188377927
10676	0.000019480539583	0.000019452367441	0.000019480539583
10677	0.000019480539583	0.000019452367441	0.000019480539583
10678	0.000059400307177	0.000059359801938	0.000059400307177
10679	0.000019480539583	0.000019452367441	0.000019480539583
10680	0.000041561583718	0.000041410084886	0.000041561583718
10681	0.000019480539583	0.000019452367441	0.000019480539583
10682	0.000019480539583	0.000019452367441	0.000019480539583
10683	0.000019480539583	0.000019452367441	0.000019480539583
10684	0.000019480539583	0.000019452367441	0.000019480539583
10685	0.000046317956336	0.000038900493208	0.000046317956336
10686	0.000048962040678	0.000048712160986	0.000048962040678
10687	0.000037023741242	0.000038772622053	0.000037023741242
10688	0.000072924244444	0.000071062875611	0.000072924244444
10689	0.000054456071694	0.000051529275701	0.000054456071694
10690	0.000019480539583	0.000019452367441	0.000019480539583
10691	0.000074547568013	0.000070395200576	0.000074547568013
10692	0.000054456071694	0.000051529275701	0.000054456071694
10693	0.000054456071694	0.000051529275701	0.000054456071694
10694	0.000050113688078	0.000050041215241	0.000050113688078
10695	0.000139310821841	0.000167274844017	0.000139310821841
10696	0.000287890330012	0.000277677758904	0.000287890330012
10697	0.000019480539583	0.000019452367441	0.000019480539583
10698	0.000039811593903	0.000039750229857	0.000039811593903
10699	0.000019480539583	0.000019452367441	0.000019480539583
10700	0.000054456071694	0.000051529275701	0.000054456071694
10701	0.000019480539583	0.000019452367441	0.000019480539583
10702	0.000019480539583	0.000019452367441	0.000019480539583
10703	0.000054456071694	0.000051529275701	0.000054456071694
10704	0.000054456071694	0.000051529275701	0.000054456071694
10705	0.000168816804175	0.000165156893953	0.000168816804175
10706	0.000039103795043	0.000038971459914	0.000039103795043
10707	0.000019480539583	0.000019452367441	0.000019480539583
10708	0.000019480539583	0.000019452367441	0.000019480539583
10709	0.000050971702429	0.000050420437425	0.000050971702429
10710	0.000050971702429	0.000050420437425	0.000050971702429
10711	0.000375346484451	0.000374739184392	0.000375346484451
10712	0.000019480539583	0.000019452367441	0.000019480539583
10713	0.000019480539583	0.000019452367441	0.000019480539583
10714	0.000019480539583	0.000019452367441	0.000019480539583
10715	0.000019480539583	0.000019452367441	0.000019480539583
10716	0.000019480539583	0.000019452367441	0.000019480539583
10717	0.000019480539583	0.000019452367441	0.000019480539583
10718	0.000019480539583	0.000019452367441	0.000019480539583
10719	0.000019480539583	0.000019452367441	0.000019480539583
10720	0.000019480539583	0.000019452367441	0.000019480539583
10721	0.000019480539583	0.000019452367441	0.000019480539583
10722	0.000084617109428	0.000084462409760	0.000084617109428
10723	0.000167780452644	0.000164304394978	0.000167780452644
10724	0.000036852846471	0.000036799551046	0.000036852846471
10725	0.000036852846471	0.000036799551046	0.000036852846471
10726	0.000057801512187	0.000051645371295	0.000057801512187
10727	0.000039705514072	0.000038730105674	0.000039705514072
10728	0.000034123629740	0.000034074281222	0.000034123629740
10729	0.000094189084303	0.000092694342916	0.000094189084303
10730	0.000019480539583	0.000019452367441	0.000019480539583
10731	0.000036038998229	0.000035986879765	0.000036038998229
10732	0.000029045414945	0.000028847352501	0.000029045414945
10733	0.000043278428742	0.000042473392115	0.000043278428742
10734	0.000091118309289	0.000086466956378	0.000091118309289
10735	0.000068764390117	0.000064145364740	0.000068764390117
10736	0.000019480539583	0.000019452367441	0.000019480539583
10737	0.000036038998229	0.000035986879765	0.000036038998229
10738	0.000106412447473	0.000106258557145	0.000106412447473
10739	0.000050654352176	0.000051237427805	0.000050654352177
10740	0.000050654352176	0.000051237427805	0.000050654352177
10741	0.000050654352176	0.000051237427805	0.000050654352177
10742	0.000051227948806	0.000050921542237	0.000051227948806
10743	0.000088000780911	0.000086730361911	0.000088000780911
10744	0.000034555636309	0.000034505663036	0.000034555636309
10745	0.000163757184820	0.000162046795752	0.000163757184820
10746	0.000088128982538	0.000086621409824	0.000088128982538
10747	0.000038914779406	0.000039189699749	0.000038914779406
10748	0.000036879722585	0.000036408189928	0.000036879722585
10749	0.000019480539583	0.000019452367441	0.000019480539583
10750	0.000036038998229	0.000035986879765	0.000036038998229
10751	0.000126178315918	0.000123462895387	0.000126178315918
10752	0.000019480539583	0.000019452367441	0.000019480539583
10753	0.000115244699642	0.000114059665097	0.000115244699642
10754	0.000058122310862	0.000057058277651	0.000058122310862
10755	0.000095152437272	0.000094595322423	0.000095152437272
10756	0.000066721923773	0.000066157638065	0.000066721923773
10757	0.000076194174790	0.000075686359796	0.000076194174790
10758	0.000079196941047	0.000077815923554	0.000079196941047
10759	0.000043451229335	0.000043495736024	0.000043451229335
10760	0.000067161003834	0.000066645679342	0.000067161003834
10761	0.000046308068601	0.000050000964780	0.000046308068601
10762	0.000051055383446	0.000051528316388	0.000051055383446
10763	0.000063989935539	0.000063057965268	0.000063989935539
10764	0.000113273786073	0.000107750962567	0.000113273786073
10765	0.000102853919583	0.000102083480329	0.000102853919583
10766	0.000072516911581	0.000070376793956	0.000072516911581
10767	0.000073106323848	0.000071924097980	0.000073106323848
10768	0.000043567035010	0.000041371317497	0.000043567035010
10769	0.000074864802451	0.000072401381912	0.000074864802451
10770	0.000046202487277	0.000044946400446	0.000046202487277
10771	0.000043772933631	0.000043266989230	0.000043772933631
10772	0.000044863030410	0.000043189933378	0.000044863030410
10773	0.000043772933631	0.000043266989230	0.000043772933631
10774	0.000255282226658	0.000271582723748	0.000255282226658
10775	0.000044812882225	0.000043909607601	0.000044812882225
10776	0.000054316974781	0.000053599573876	0.000054316974781
10777	0.000082084990681	0.000081199019512	0.000082084990681
10778	0.000054440639870	0.000059324351982	0.000054440639870
10779	0.000056559499522	0.000056513150870	0.000056559499522
10780	0.000044507780665	0.000043896542872	0.000044507780665
10781	0.000054066601283	0.000053660042941	0.000054066601283
10782	0.000054066601283	0.000053660042941	0.000054066601283
10783	0.000054066601283	0.000053660042941	0.000054066601283
10784	0.000019480539583	0.000019452367441	0.000019480539583
10785	0.000036038998229	0.000035986879765	0.000036038998229
10786	0.000062095985790	0.000061489415933	0.000062095985790
10787	0.000030232138764	0.000029970728562	0.000030232138764
10788	0.000047647299634	0.000047105531888	0.000047647299634
10789	0.000037249653955	0.000037140732156	0.000037249653955
10790	0.000019480539583	0.000019452367441	0.000019480539583
10791	0.000036038998229	0.000035986879765	0.000036038998229
10792	0.000052873887077	0.000051084869217	0.000052873887077
10793	0.000108130992414	0.000105656355313	0.000108130992414
10794	0.000050113688078	0.000050041215241	0.000050113688078
10795	0.000034538314119	0.000032638240058	0.000034538314119
10796	0.000076151864298	0.000076041735872	0.000076151864298
10797	0.000041125419139	0.000036833865771	0.000041125419139
10798	0.000085650269762	0.000084210799225	0.000085650269762
10799	0.000042594070412	0.000040658985591	0.000042594070412
10800	0.000042594070412	0.000040658985591	0.000042594070412
10801	0.000056936416350	0.000056944980917	0.000056936416350
10802	0.000104914937456	0.000102495607354	0.000104914937456
10803	0.000058432721951	0.000058099086845	0.000058432721951
10804	0.000058432721951	0.000058099086845	0.000058432721951
10805	0.000074843393203	0.000074626559678	0.000074843393203
10806	0.000043964373481	0.000042052668670	0.000043964373481
10807	0.000019480539583	0.000019452367441	0.000019480539583
10808	0.000019480539583	0.000019452367441	0.000019480539583
10809	0.000019480539583	0.000019452367441	0.000019480539583
10810	0.000019480539583	0.000019452367441	0.000019480539583
10811	0.000034797113830	0.000034746791341	0.000034797113830
10812	0.000115945383382	0.000132400196146	0.000115945383382
10813	0.000044880054066	0.000043201365785	0.000044880054066
10814	0.000044880054066	0.000043201365785	0.000044880054066
10815	0.000019480539583	0.000019452367441	0.000019480539583
10816	0.000019480539583	0.000019452367441	0.000019480539583
10817	0.000019480539583	0.000019452367441	0.000019480539583
10818	0.000055685499433	0.000054012505193	0.000055685499433
10819	0.000083130584972	0.000083013092989	0.000083130584972
10820	0.000019480539583	0.000019452367441	0.000019480539583
10821	0.000080417684730	0.000079419608375	0.000080417684730
10822	0.000083747355680	0.000081692070003	0.000083747355680
10823	0.000019480539583	0.000019452367441	0.000019480539583
10824	0.000089275022087	0.000089665722803	0.000089275022087
10825	0.000019480539583	0.000019452367441	0.000019480539583
10826	0.000035058378851	0.000032548078057	0.000035058378851
10827	0.000019480539583	0.000019452367441	0.000019480539583
10828	0.000055575954253	0.000055148344064	0.000055575954253
10829	0.000093453590038	0.000094544925927	0.000093453590038
10830	0.000019480539583	0.000019452367441	0.000019480539583
10831	0.000036038998229	0.000035986879765	0.000036038998229
10832	0.000019480539583	0.000019452367441	0.000019480539583
10833	0.000019480539583	0.000019452367441	0.000019480539583
10834	0.000019480539583	0.000019452367441	0.000019480539583
10835	0.000073557783070	0.000071911607712	0.000073557783070
10836	0.000019480539583	0.000019452367441	0.000019480539583
10837	0.000036038998229	0.000035986879765	0.000036038998229
10838	0.000019480539583	0.000019452367441	0.000019480539583
10839	0.000049761820832	0.000049689856855	0.000049761820832
10840	0.000155131474552	0.000176054038997	0.000155131474552
10841	0.000041797676375	0.000041195795908	0.000041797676375
10842	0.000049004116899	0.000051810325730	0.000049004116899
10843	0.000104692482098	0.000103239503457	0.000104692482098
10844	0.000096352375210	0.000094068959453	0.000096352375210
10845	0.000019480539583	0.000019452367441	0.000019480539583
10846	0.000054365184216	0.000054286563000	0.000054365184216
10847	0.000063426616947	0.000062613265210	0.000063426616947
10848	0.000115291809192	0.000127958798405	0.000115291809192
10849	0.000034538314119	0.000032638240058	0.000034538314119
10850	0.000034538314119	0.000032638240058	0.000034538314119
10851	0.000039017495607	0.000038613831739	0.000039017495607
10852	0.000034538314119	0.000032638240058	0.000034538314119
10853	0.000034538314119	0.000032638240058	0.000034538314119
10854	0.000034538314119	0.000032638240058	0.000034538314119
10855	0.000050113688078	0.000050041215241	0.000050113688078
10856	0.000045849990525	0.000045725544537	0.000045849990525
10857	0.000053553884566	0.000053476244871	0.000053553884566
10858	0.000054089201160	0.000053272201125	0.000054089201160
10859	0.000053168680236	0.000054383564828	0.000053168680236
10860	0.000019480539583	0.000019452367441	0.000019480539583
10861	0.000059763865427	0.000061612591145	0.000059763865427
10862	0.000056015629439	0.000063093383030	0.000056015629439
10863	0.000019480539583	0.000019452367441	0.000019480539583
10864	0.000036038998229	0.000035986879765	0.000036038998229
10865	0.000019480539583	0.000019452367441	0.000019480539583
10866	0.000050113688078	0.000050041215241	0.000050113688078
10867	0.000050113688078	0.000050041215241	0.000050113688078
10868	0.000085827319308	0.000084977346849	0.000085827319308
10869	0.000098201992276	0.000096708668689	0.000098201992276
10870	0.000081340299855	0.000076579791912	0.000081340299855
10871	0.000042988149080	0.000042090363442	0.000042988149080
10872	0.000039374287656	0.000039282245831	0.000039374287656
10873	0.000043353104233	0.000043033552161	0.000043353104233
10874	0.000118559574785	0.000119307201566	0.000118559574785
10875	0.000060987446939	0.000060169805597	0.000060987446939
10876	0.000060987446939	0.000060169805597	0.000060987446939
10877	0.000087966918766	0.000087868821078	0.000087966918767
10878	0.000062429349600	0.000058718902368	0.000062429349600
10879	0.000073393163989	0.000072673642869	0.000073393163989
10880	0.000019480539583	0.000019452367441	0.000019480539583
10881	0.000036038998229	0.000035986879765	0.000036038998229
10882	0.000102382098207	0.000122950579708	0.000102382098207
10883	0.000062992931321	0.000089124362608	0.000062992931321
10884	0.000019480539583	0.000019452367441	0.000019480539583
10885	0.000036038998229	0.000035986879765	0.000036038998229
10886	0.000056512519342	0.000054617987313	0.000056512519342
10887	0.000351997207113	0.000345203346293	0.000351997207113
10888	0.000283186656462	0.000321502045721	0.000283186656462
10889	0.000039517757551	0.000038721830280	0.000039517757551
10890	0.000071412965944	0.000071253695407	0.000071412965944
10891	0.000268415949072	0.000246887750315	0.000268415949072
10892	0.000063390322201	0.000062303014999	0.000063390322201
10893	0.000075584099970	0.000045727344526	0.000075584099970
10894	0.000184112226611	0.000204224820346	0.000184112226611
10895	0.000209344659339	0.000206207525857	0.000209344659339
10896	0.000043907286446	0.000043478990484	0.000043907286446
10897	0.000070546682403	0.000070175679138	0.000070546682403
10898	0.000039803603964	0.000035079044255	0.000039803603964
10899	0.000044151438460	0.000054503664468	0.000044151438460
10900	0.000089087454498	0.000095398718369	0.000089087454498
10901	0.000049738654457	0.000048631415110	0.000049738654457
10902	0.000050113688078	0.000050041215241	0.000050113688078
10903	0.000074426324133	0.000073845829407	0.000074426324133
10904	0.000047647299634	0.000047105531888	0.000047647299634
10905	0.000048871024480	0.000048561141655	0.000048871024480
10906	0.000057081308061	0.000057820375740	0.000057081308061
10907	0.000105386168005	0.000104712580243	0.000105386168005
10908	0.000218329342481	0.000218983198455	0.000218329342481
10909	0.000040881575640	0.000040885854689	0.000040881575640
10910	0.000034383152364	0.000034333428533	0.000034383152364
10911	0.000065254657324	0.000065831058883	0.000065254657324
10912	0.000048706219093	0.000048635781694	0.000048706219093
10913	0.000034345799362	0.000034451185932	0.000034345799362
10914	0.000037806725571	0.000037752050676	0.000037806725571
10915	0.000055685499433	0.000054012505193	0.000055685499433
10916	0.000066813214101	0.000065362996855	0.000066813214101
10917	0.000042594070412	0.000040658985591	0.000042594070412
10918	0.000042594070412	0.000040658985591	0.000042594070412
10919	0.000056319645253	0.000055845172169	0.000056319645253
10920	0.000048493049970	0.000047990048211	0.000048493049970
10921	0.000045126232496	0.000046046728860	0.000045126232496
10922	0.000094451023797	0.000093797389954	0.000094451023797
10923	0.000042152737074	0.000042122282836	0.000042152737074
10924	0.000764278628576	0.000786772956217	0.000764278628576
10925	0.000053611135359	0.000052846549655	0.000053611135359
10926	0.000034538314119	0.000032638240058	0.000034538314119
10927	0.000034538314119	0.000032638240058	0.000034538314119
10928	0.000034383152364	0.000034333428533	0.000034383152364
10929	0.000034538314119	0.000032638240058	0.000034538314119
10930	0.000034538314119	0.000032638240058	0.000034538314119
10931	0.000049758801557	0.000048640923974	0.000049758801557
10932	0.000340484893616	0.000323917741871	0.000340484893616
10933	0.000049758801557	0.000048640923974	0.000049758801557
10934	0.000037806725571	0.000037752050676	0.000037806725571
10935	0.000056455722232	0.000056335082208	0.000056455722232
10936	0.000056880871470	0.000056312771253	0.000056880871470
10937	0.000049758801557	0.000048640923974	0.000049758801557
10938	0.000040287636102	0.000039847335639	0.000040287636102
10939	0.000051142745445	0.000051021989773	0.000051142745445
10940	0.000080559819016	0.000081423024272	0.000080559819016
10941	0.000042594070412	0.000040658985591	0.000042594070412
10942	0.000031981967899	0.000031897610961	0.000031981967899
10943	0.000042594070412	0.000040658985591	0.000042594070412
10944	0.000042594070412	0.000040658985591	0.000042594070412
10945	0.000038370981155	0.000038315490251	0.000038370981155
10946	0.000066819235957	0.000066289731446	0.000066819235957
10947	0.000043772933631	0.000043266989230	0.000043772933631
10948	0.000043772933631	0.000043266989230	0.000043772933631
10949	0.000340316799377	0.000294027914369	0.000340316799377
10950	0.000070246904395	0.000069357901933	0.000070246904395
10951	0.000037613764122	0.000041468883489	0.000037613764122
10952	0.000039705514072	0.000038730105674	0.000039705514072
10953	0.000045954510347	0.000045543280144	0.000045954510347
10954	0.000047879331064	0.000047317455746	0.000047879331064
10955	0.000045954510347	0.000045543280144	0.000045954510347
10956	0.000037044090092	0.000038550912901	0.000037044090092
10957	0.000039019606433	0.000039071636007	0.000039019606433
10958	0.000043772933631	0.000043266989230	0.000043772933631
10959	0.000039019606433	0.000039071636007	0.000039019606433
10960	0.000054759395141	0.000055908329574	0.000054759395141
10961	0.000067622635779	0.000066699649543	0.000067622635779
10962	0.000042547400840	0.000041665269782	0.000042547400840
10963	0.000037044090092	0.000038550912901	0.000037044090092
10964	0.000241942267265	0.000257163716222	0.000241942267265
10965	0.000038720248844	0.000037705651229	0.000038720248844
10966	0.000038720248844	0.000037705651229	0.000038720248844
10967	0.000066880162360	0.000066290808639	0.000066880162360
10968	0.000053968157227	0.000055545444936	0.000053968157227
10969	0.000048854210317	0.000048783558898	0.000048854210317
10970	0.000048854210317	0.000048783558898	0.000048854210317
10971	0.000036757840951	0.000037372900375	0.000036757840951
10972	0.000038720248844	0.000037705651229	0.000038720248844
10973	0.000061756569658	0.000060554467273	0.000061756569658
10974	0.000037386060680	0.000036881468074	0.000037386060680
10975	0.000043772933631	0.000043266989230	0.000043772933631
10976	0.000043772933631	0.000043266989230	0.000043772933631
10977	0.000043772933631	0.000043266989230	0.000043772933631
10978	0.000041522224595	0.000041485651996	0.000041522224595
10979	0.000030016307152	0.000028227829231	0.000030016307152
10980	0.000062077174449	0.000061987400396	0.000062077174449
10981	0.000108100535609	0.000107483310664	0.000108100535609
10982	0.000171860196215	0.000163930014528	0.000171860196215
10983	0.000038359880777	0.000038062352781	0.000038359880777
10984	0.000038359880777	0.000038062352781	0.000038359880777
10985	0.000037044090092	0.000038550912901	0.000037044090092
10986	0.000052278433937	0.000052202830513	0.000052278433937
10987	0.000127202841965	0.000125242474090	0.000127202841965
10988	0.000040881575640	0.000040885854689	0.000040881575640
10989	0.000040881575640	0.000040885854689	0.000040881575640
10990	0.000212676309800	0.000209968994337	0.000212676309800
10991	0.000030016307152	0.000028227829231	0.000030016307152
10992	0.000030016307152	0.000028227829231	0.000030016307152
10993	0.000056635493567	0.000055180016478	0.000056635493568
10994	0.000082593933888	0.000082528651729	0.000082593933888
10995	0.000050805459084	0.000050731985830	0.000050805459084
10996	0.000341398420193	0.000339757660437	0.000341398420193
10997	0.000076567392842	0.000076101194881	0.000076567392842
10998	0.000073120844781	0.000072612726652	0.000073120844781
10999	0.000047952159841	0.000047713623200	0.000047952159841
11000	0.000037044090092	0.000038550912901	0.000037044090092
11001	0.000045771420190	0.000050388285286	0.000045771420190
11002	0.000047815796699	0.000048173357883	0.000047815796699
11003	0.000097938064888	0.000097016140540	0.000097938064888
11004	0.000042594070412	0.000040658985591	0.000042594070412
11005	0.000019480539583	0.000019452367441	0.000019480539583
11006	0.000090216990188	0.000093148050319	0.000090216990188
11007	0.000049854563977	0.000049245661785	0.000049854563977
11008	0.000049854563977	0.000049245661785	0.000049854563977
11009	0.000101849968646	0.000098192680357	0.000101849968646
11010	0.000050113688078	0.000050041215241	0.000050113688078
11011	0.000058076505065	0.000053915122752	0.000058076505065
11012	0.000062206682976	0.000060466336609	0.000062206682976
11013	0.000100322572450	0.000098103454292	0.000100322572450
11014	0.000051884751662	0.000051765224528	0.000051884751662
11015	0.000050113688078	0.000050041215241	0.000050113688078
11016	0.000075238625288	0.000074718322806	0.000075238625288
11017	0.000040778857016	0.000040719883918	0.000040778857016
11018	0.000040616519353	0.000040731765503	0.000040616519353
11019	0.000055681922314	0.000055261172379	0.000055681922314
11020	0.000047815796699	0.000048173357883	0.000047815796699
11021	0.000044867301441	0.000046800278591	0.000044867301441
11022	0.000044867301441	0.000046800278591	0.000044867301441
11023	0.000043772933631	0.000043266989230	0.000043772933631
11024	0.000048499912010	0.000047008629452	0.000048499912010
11025	0.000048499912010	0.000047008629452	0.000048499912010
11026	0.000062778337890	0.000062443242500	0.000062778337890
11027	0.000043772933631	0.000043266989230	0.000043772933631
11028	0.000040698941867	0.000040641173936	0.000040698941867
11029	0.000054074640171	0.000053997365286	0.000054074640171
11030	0.000060123966778	0.000060399721641	0.000060123966778
11031	0.000041489473075	0.000040619839334	0.000041489473075
11032	0.000038289767455	0.000038225987525	0.000038289767455
11033	0.000034425642817	0.000034272040260	0.000034425642817
11034	0.000256356304353	0.000290768432433	0.000256356304353
11035	0.000043143219054	0.000042873270232	0.000043143219054
11036	0.000093731351630	0.000093092322058	0.000093731351630
11037	0.000043143219054	0.000042873270232	0.000043143219054
11038	0.000019480539583	0.000019452367441	0.000019480539583
11039	0.000036038998229	0.000035986879765	0.000036038998229
11040	0.000063974844475	0.000063329156410	0.000063974844475
11041	0.000066171296470	0.000065171732177	0.000066171296470
11042	0.000077160474560	0.000074685653921	0.000077160474560
11043	0.000036674441131	0.000037225993424	0.000036674441131
11044	0.000053070633502	0.000052365923178	0.000053070633502
11045	0.000257368505064	0.000250169758214	0.000257368505064
11046	0.000064590578060	0.000063963402142	0.000064590578060
11047	0.000040507344121	0.000040048345839	0.000040507344121
11048	0.000031742321315	0.000035147688906	0.000031742321315
11049	0.000039229050859	0.000039166322302	0.000039229050859
11050	0.000048279617154	0.000047556663194	0.000048279617154
11051	0.000038289767455	0.000038225987525	0.000038289767455
11052	0.000031742321315	0.000035147688906	0.000031742321315
11053	0.000050113688078	0.000050041215241	0.000050113688078
11054	0.000046461512701	0.000049327903011	0.000046461512701
11055	0.000329041082840	0.000322336341685	0.000329041082840
11056	0.000195069087715	0.000251960328936	0.000195069087715
11057	0.000053911782086	0.000053493461404	0.000053911782086
11058	0.000131771655562	0.000130911140459	0.000131771655562
11059	0.000040369268845	0.000038035761263	0.000040369268845
11060	0.000032495990120	0.000032842352084	0.000032495990120
11061	0.000032495990120	0.000032842352084	0.000032495990120
11062	0.000045420142082	0.000045248618341	0.000045420142082
11063	0.000032495990120	0.000032842352084	0.000032495990120
11064	0.000057474690644	0.000055942993009	0.000057474690644
11065	0.000047945832204	0.000046029765587	0.000047945832204
11066	0.000031981967899	0.000031897610961	0.000031981967899
11067	0.000095275466171	0.000093001762109	0.000095275466171
11068	0.000050113688078	0.000050041215241	0.000050113688078
11069	0.000055240302329	0.000055212559184	0.000055240302329
11070	0.000052240177766	0.000051131951213	0.000052240177766
11071	0.000029817211796	0.000029774091084	0.000029817211796
11072	0.000019480539583	0.000019452367441	0.000019480539583
11073	0.000019480539583	0.000019452367441	0.000019480539583
11074	0.000036038998229	0.000035986879765	0.000036038998229
11075	0.000019480539583	0.000019452367441	0.000019480539583
11076	0.000019480539583	0.000019452367441	0.000019480539583
11077	0.000036038998229	0.000035986879765	0.000036038998229
11078	0.000031373413322	0.000031294874325	0.000031373413322
11079	0.000105090877678	0.000107024349493	0.000105090877678
11080	0.000047719921423	0.000047650910377	0.000047719921423
11081	0.000055252974793	0.000054724677179	0.000055252974793
11082	0.000046278410971	0.000046115401244	0.000046278410971
11083	0.000051735337126	0.000051007450805	0.000051735337126
11084	0.000039746425791	0.000039574115242	0.000039746425791
11085	0.000102624983809	0.000100990318765	0.000102624983809
11086	0.000033384326806	0.000033777644339	0.000033384326806
11087	0.000038449534220	0.000038155165010	0.000038449534220
11088	0.000038449534220	0.000038155165010	0.000038449534220
11089	0.000037941171516	0.000037742315887	0.000037941171516
11090	0.000097205037113	0.000096292356824	0.000097205037113
11091	0.000079127760229	0.000077802352390	0.000079127760229
11092	0.000118153594327	0.000201841542484	0.000118153594327
11093	0.000019480539583	0.000019452367441	0.000019480539583
11094	0.000036291315760	0.000036185947580	0.000036291315760
11095	0.000050328157979	0.000050210422884	0.000050328157979
11096	0.000036291315760	0.000036185947580	0.000036291315760
11097	0.000034538314119	0.000032638240058	0.000034538314119
11098	0.000331359749126	0.000320317785000	0.000331359749126
11099	0.000036291315760	0.000036185947580	0.000036291315760
11100	0.000061499593621	0.000060628107713	0.000061499593621
11101	0.000142542243515	0.000134785231393	0.000142542243515
11102	0.000061546594835	0.000061337777089	0.000061546594835
11103	0.000052893621225	0.000052638777473	0.000052893621225
11104	0.000036291315760	0.000036185947580	0.000036291315760
11105	0.000019480539583	0.000019452367441	0.000019480539583
11106	0.000041834458755	0.000041773959079	0.000041834458755
11107	0.000121194189653	0.000109132431899	0.000121194189653
11108	0.000019480539583	0.000019452367441	0.000019480539583
11109	0.000036038998229	0.000035986879765	0.000036038998229
11110	0.000068764390117	0.000064145364740	0.000068764390117
11111	0.000068764390117	0.000064145364740	0.000068764390117
11112	0.000038290367606	0.000037911154907	0.000038290367606
11113	0.000068764390117	0.000064145364740	0.000068764390117
11114	0.000162847495438	0.000207788258240	0.000162847495438
11115	0.000053501721395	0.000049640307642	0.000053501721395
11116	0.000076707005534	0.000076596074280	0.000076707005534
11117	0.000029817211796	0.000029774091084	0.000029817211796
11118	0.000068764390117	0.000064145364740	0.000068764390117
11119	0.000326645558366	0.000316225685112	0.000326645558366
11120	0.000019480539583	0.000019452367441	0.000019480539583
11121	0.000080862888726	0.000080506581298	0.000080862888726
11122	0.000030016307152	0.000028227829231	0.000030016307152
11123	0.000030016307152	0.000028227829231	0.000030016307152
11124	0.000039163183653	0.000038842786795	0.000039163183653
11125	0.000062328421389	0.000061612828724	0.000062328421389
11126	0.000050556898615	0.000050312776268	0.000050556898615
11127	0.000093816237550	0.000092905279234	0.000093816237550
11128	0.000058433650580	0.000058197693824	0.000058433650580
11129	0.000068764390117	0.000064145364740	0.000068764390117
11130	0.000076265755843	0.000073054042650	0.000076265755843
11131	0.000043772933631	0.000043266989230	0.000043772933631
11132	0.000046658963331	0.000046503677625	0.000046658963331
11133	0.000050113688078	0.000050041215241	0.000050113688078
11134	0.000043567035010	0.000041371317497	0.000043567035010
11135	0.000043772933631	0.000043266989230	0.000043772933631
11136	0.000053948256774	0.000053230818529	0.000053948256774
11137	0.000043772933631	0.000043266989230	0.000043772933631
11138	0.000051578788310	0.000055635223692	0.000051578788310
11139	0.000039074715647	0.000039018207025	0.000039074715647
11140	0.000052509393092	0.000052574272387	0.000052509393092
11141	0.000043459520792	0.000058794936959	0.000043459520792
11142	0.000056421132256	0.000069428063856	0.000056421132256
11143	0.000043772933631	0.000043266989230	0.000043772933631
11144	0.000054726839972	0.000054644238598	0.000054726839972
11145	0.000030016307152	0.000028227829231	0.000030016307152
11146	0.000038330143857	0.000036517877766	0.000038330143857
11147	0.000068397018195	0.000068318119137	0.000068397018195
11148	0.000062077174449	0.000061987400396	0.000062077174449
11149	0.000037237010726	0.000036882059199	0.000037237010726
11150	0.000037237010726	0.000036882059199	0.000037237010726
11151	0.000063884690684	0.000062914525972	0.000063884690684
11152	0.000247657134207	0.000235703457613	0.000247657134207
11153	0.000046631533124	0.000046191040979	0.000046631533124
11154	0.000019480539583	0.000019452367441	0.000019480539583
11155	0.000026675961696	0.000026930196161	0.000026675961696
11156	0.000019480539583	0.000019452367441	0.000019480539583
11157	0.000019480539583	0.000019452367441	0.000019480539583
11158	0.000072246137865	0.000072141657777	0.000072246137865
11159	0.000057741618962	0.000056387591827	0.000057741618962
11160	0.000050113688078	0.000050041215241	0.000050113688078
11161	0.000058623568260	0.000060616676267	0.000058623568260
11162	0.000056319645253	0.000055845172169	0.000056319645253
11163	0.000038414202488	0.000034843751150	0.000038414202488
11164	0.000056478724540	0.000056041239024	0.000056478724540
11165	0.000038414202488	0.000034843751150	0.000038414202488
11166	0.000070089055407	0.000093359675250	0.000070089055407
11167	0.000042191766606	0.000041953015898	0.000042191766606
11168	0.000083433371078	0.000082962941826	0.000083433371078
11169	0.000048114633338	0.000046127634314	0.000048114633338
11170	0.000043772933631	0.000043266989230	0.000043772933631
11171	0.000088690327885	0.000088487197400	0.000088690327885
11172	0.000104424789703	0.000102559201411	0.000104424789703
11173	0.000281928741215	0.000272767585826	0.000281928741215
11174	0.000068764390117	0.000064145364740	0.000068764390117
11175	0.000037946820638	0.000037123627488	0.000037946820638
11176	0.000041135971406	0.000041037486322	0.000041135971406
11177	0.000043661970418	0.000043342559366	0.000043661970419
11178	0.000124520151898	0.000108191809862	0.000124520151898
11179	0.000051627589142	0.000044202184056	0.000051627589142
11180	0.000043772933631	0.000043266989230	0.000043772933631
11181	0.000043772933631	0.000043266989230	0.000043772933631
11182	0.000043772933631	0.000043266989230	0.000043772933631
11183	0.000039203954958	0.000038681144347	0.000039203954958
11184	0.000039601323179	0.000038737107381	0.000039601323179
11185	0.000071749158781	0.000068436306423	0.000071749158781
11186	0.000019480539583	0.000019452367441	0.000019480539583
11187	0.000058656704340	0.000054020795244	0.000058656704340
11188	0.000061204836901	0.000061116324395	0.000061204836901
11189	0.000037384372994	0.000035343870953	0.000037384372994
11190	0.000055747329423	0.000055617099542	0.000055747329423
11191	0.000968731701865	0.001008345458022	0.000968731701865
11192	0.000039601323179	0.000038737107381	0.000039601323179
11193	0.000058675546412	0.000058148050322	0.000058675546412
11194	0.000034653336853	0.000038393398814	0.000034653336854
11195	0.000115310329110	0.000114878126132	0.000115310329110
11196	0.000050113688078	0.000050041215241	0.000050113688078
11197	0.000087919847104	0.000083569874218	0.000087919847104
11198	0.000141528023456	0.000147890321927	0.000141528023456
11199	0.000034797113830	0.000034746791341	0.000034797113830
11200	0.000055093112153	0.000054714138711	0.000055093112153
11201	0.000036859526941	0.000036690257410	0.000036859526941
11202	0.000162093924330	0.000159111103172	0.000162093924330
11203	0.000035884731875	0.000035589925862	0.000035884731875
11204	0.000063446237180	0.000062993335841	0.000063446237180
11205	0.000167942002156	0.000166088863560	0.000167942002156
11206	0.000050113688078	0.000050041215241	0.000050113688078
11207	0.000124295880739	0.000123431480994	0.000124295880739
11208	0.000039746425791	0.000039574115242	0.000039746425791
11209	0.000038930364875	0.000037454868985	0.000038930364875
11210	0.000036996851416	0.000037876616708	0.000036996851416
11211	0.000045892155122	0.000045958281406	0.000045892155122
11212	0.000019480539583	0.000019452367441	0.000019480539583
11213	0.000057747919855	0.000055969519100	0.000057747919855
11214	0.000050113688078	0.000050041215241	0.000050113688078
11215	0.000084822482470	0.000084592257393	0.000084822482470
11216	0.000051273542802	0.000049434607185	0.000051273542802
11217	0.000068203220630	0.000067397899592	0.000068203220630
11218	0.000049087408610	0.000049016419946	0.000049087408610
11219	0.000062077174449	0.000061987400396	0.000062077174449
11220	0.000058453031529	0.000058319080297	0.000058453031529
11221	0.000069401726935	0.000069040579951	0.000069401726935
11222	0.000034690219833	0.000034639262539	0.000034690219833
11223	0.000034690219833	0.000034639262539	0.000034690219833
11224	0.000019480539583	0.000019452367441	0.000019480539583
11225	0.000029648352283	0.000028456374267	0.000029648352283
11226	0.000029648352283	0.000037460381093	0.000029648352283
11227	0.000137906767772	0.000135499965926	0.000137906767772
11228	0.000363539197622	0.000336322858477	0.000363539197622
11229	0.000029648352283	0.000028456374267	0.000029648352283
11230	0.000037260184554	0.000037206300049	0.000037260184554
11231	0.000037044090092	0.000038550912901	0.000037044090092
11232	0.000068611824942	0.000063350933042	0.000068611824942
11233	0.000117707227228	0.000116788952944	0.000117707227228
11234	0.000019480539583	0.000019452367441	0.000019480539583
11235	0.000019480539583	0.000019452367441	0.000019480539583
11236	0.000131123831065	0.000131782892966	0.000131123831065
11237	0.000019480539583	0.000019452367441	0.000019480539583
11238	0.000040092097649	0.000040034117721	0.000040092097649
11239	0.000037044090092	0.000038550912901	0.000037044090092
11240	0.000037065390659	0.000036989558942	0.000037065390659
11241	0.000037065390659	0.000036989558942	0.000037065390659
11242	0.000037044090092	0.000038550912901	0.000037044090092
11243	0.000034093379338	0.000034044074567	0.000034093379338
11244	0.000019480539583	0.000019452367441	0.000019480539583
11245	0.000036038998229	0.000035986879765	0.000036038998229
11246	0.000047815796699	0.000048173357883	0.000047815796699
11247	0.000101107208408	0.000101517500717	0.000101107208408
11248	0.000064742165094	0.000062154259842	0.000064742165094
11249	0.000082406344277	0.000079724557739	0.000082406344277
11250	0.000035058378851	0.000032548078057	0.000035058378851
11251	0.000037044090092	0.000038550912901	0.000037044090092
11252	0.000037044090092	0.000038550912901	0.000037044090092
11253	0.000037044090092	0.000038550912901	0.000037044090092
11254	0.000047199719374	0.000048644347200	0.000047199719374
11255	0.000047199719374	0.000048644347200	0.000047199719374
11256	0.000047199719374	0.000048644347200	0.000047199719374
11257	0.000047199719374	0.000048644347200	0.000047199719374
11258	0.000087219917086	0.000088756610952	0.000087219917086
11259	0.000044425640569	0.000044511335597	0.000044425640569
11260	0.000067352238048	0.000066920763785	0.000067352238048
11261	0.000245172995303	0.000241755656281	0.000245172995303
11262	0.000094946363876	0.000094809055437	0.000094946363876
11263	0.000076813384263	0.000075707466598	0.000076813384263
11264	0.000055354110470	0.000054548207406	0.000055354110470
11265	0.000257422787410	0.000211347814302	0.000257422787410
11266	0.000053153697358	0.000052797639737	0.000053153697358
11267	0.000040939813376	0.000040611626633	0.000040939813376
11268	0.000089563522117	0.000087490289663	0.000089563522118
11269	0.000048051278487	0.000047607440014	0.000048051278487
11270	0.000037403533199	0.000035273223228	0.000037403533199
11271	0.000035913851195	0.000035835785806	0.000035913851195
11272	0.000052507781064	0.000049565857584	0.000052507781064
11273	0.000076800175112	0.000073380479374	0.000076800175112
11274	0.000082194288097	0.000081446395818	0.000082194288097
11275	0.000043772933631	0.000043266989230	0.000043772933631
11276	0.000019480539583	0.000019452367441	0.000019480539583
11277	0.000036038998229	0.000035986879765	0.000036038998229
11278	0.000044393513769	0.000043881451639	0.000044393513769
11279	0.000036879722585	0.000036408189928	0.000036879722585
11280	0.000061096490449	0.000062497711048	0.000061096490449
11281	0.000056857885442	0.000055565145421	0.000056857885442
11282	0.000124394132420	0.000121385542901	0.000124394132420
11283	0.000082424473464	0.000082168946689	0.000082424473464
11284	0.000019480539583	0.000019452367441	0.000019480539583
11285	0.000036038998229	0.000035986879765	0.000036038998229
11286	0.000055068032919	0.000054871408652	0.000055068032919
11287	0.000034383152364	0.000034333428533	0.000034383152364
11288	0.000071249387304	0.000071136154227	0.000071249387304
11289	0.000269896326046	0.000260523965478	0.000269896326046
11290	0.000089274814977	0.000088455034363	0.000089274814977
11291	0.000042834140398	0.000042733569003	0.000042834140398
11292	0.000055685499433	0.000054012505193	0.000055685499433
11293	0.000034653336853	0.000038393398814	0.000034653336854
11294	0.000034653336853	0.000038393398814	0.000034653336854
11295	0.000067797869207	0.000071057463195	0.000067797869207
11296	0.000083927536723	0.000081806673940	0.000083927536723
11297	0.000178859037618	0.000181794634428	0.000178859037618
11298	0.000019480539583	0.000019452367441	0.000019480539583
11299	0.000068293795771	0.000067541963130	0.000068293795771
11300	0.000037958996032	0.000042641954447	0.000037958996032
11301	0.000037403533199	0.000035273223228	0.000037403533199
11302	0.000085124712744	0.000082602775416	0.000085124712744
11303	0.000071611823809	0.000074221789614	0.000071611823809
11304	0.000042726898267	0.000042739168617	0.000042726898267
11305	0.000036996851416	0.000037876616708	0.000036996851416
11306	0.000050113688078	0.000050041215241	0.000050113688078
11307	0.000019480539583	0.000019452367441	0.000019480539583
11308	0.000036038998229	0.000035986879765	0.000036038998229
11309	0.000043772933631	0.000043266989230	0.000043772933631
11310	0.000076594816408	0.000076696674465	0.000076594816408
11311	0.000039079194946	0.000037851458790	0.000039079194946
11312	0.000039517757551	0.000038721830280	0.000039517757551
11313	0.000187245941319	0.000186810423312	0.000187245941319
11314	0.000528752191132	0.000521546375519	0.000528752191132
11315	0.000019480539583	0.000019452367441	0.000019480539583
11316	0.000019480539583	0.000019452367441	0.000019480539583
11317	0.000019480539583	0.000019452367441	0.000019480539583
11318	0.000019480539583	0.000019452367441	0.000019480539583
11319	0.000036859526941	0.000036690257410	0.000036859526941
11320	0.000059536134347	0.000060009155049	0.000059536134347
11321	0.000045177843161	0.000044800562164	0.000045177843161
11322	0.000132084924736	0.000132401446614	0.000132084924736
11323	0.000048688018371	0.000048626421008	0.000048688018371
11324	0.000038445961962	0.000038403132571	0.000038445961962
11325	0.000019480539583	0.000019452367441	0.000019480539583
11326	0.000043567035010	0.000041371317497	0.000043567035010
11327	0.000079852728253	0.000078343171886	0.000079852728253
11328	0.000079852728253	0.000078343171886	0.000079852728253
11329	0.000058236869081	0.000057113445744	0.000058236869081
11330	0.000073409841186	0.000072996702906	0.000073409841186
11331	0.000096447406850	0.000096028595421	0.000096447406850
11332	0.000093452552697	0.000093317404560	0.000093452552697
11333	0.000118091817314	0.000117544791490	0.000118091817314
11334	0.000080884823728	0.000080767850645	0.000080884823728
11335	0.000034797113830	0.000034746791341	0.000034797113830
11336	0.000019480539583	0.000019452367441	0.000019480539583
11337	0.000019480539583	0.000019452367441	0.000019480539583
11338	0.000019480539583	0.000019452367441	0.000019480539583
11339	0.000074200183505	0.000071960165297	0.000074200183505
11340	0.000044589942535	0.000046085175484	0.000044589942535
11341	0.000048838106584	0.000047194871491	0.000048838106584
11342	0.000067538991919	0.000068678184210	0.000067538991919
11343	0.000034452588497	0.000033937271756	0.000034452588497
11344	0.000044589942535	0.000046085175484	0.000044589942535
11345	0.000043772933631	0.000043266989230	0.000043772933631
11346	0.000082191959077	0.000082009839376	0.000082191959077
11347	0.000043772933631	0.000043266989230	0.000043772933631
11348	0.000036918741453	0.000036831404283	0.000036918741453
11349	0.000033916032100	0.000033766473293	0.000033916032100
11350	0.000037862637732	0.000037813558240	0.000037862637732
11351	0.000098230444089	0.000095955674076	0.000098230444089
11352	0.000043567035010	0.000041371317497	0.000043567035010
11353	0.000270470873447	0.000258424647100	0.000270470873443
11354	0.000058831019595	0.000052713499732	0.000058831019595
11355	0.000043567035010	0.000041371317497	0.000043567035010
11356	0.000046409361309	0.000045924181587	0.000046409361309
11357	0.000043012127381	0.000042785664552	0.000043012127381
11358	0.000039313639102	0.000039818063629	0.000039313639102
11359	0.000027241447229	0.000030682331854	0.000027241447229
11360	0.000391381546624	0.000398513268803	0.000391381546624
11361	0.000019480539583	0.000019452367441	0.000019480539583
11362	0.000036038998229	0.000035986879765	0.000036038998229
11363	0.000113972209842	0.000113163404090	0.000113972209842
11364	0.000058342778963	0.000057793096336	0.000058342778963
11365	0.000069513191889	0.000066753683391	0.000069513191889
11366	0.000056997960579	0.000056900318478	0.000056997960579
11367	0.000269864171347	0.000316782424477	0.000269864171347
11368	0.000217410422619	0.000215500906504	0.000217410422619
11369	0.000035395058170	0.000033754720602	0.000035395058170
11370	0.000034452588497	0.000033937271756	0.000034452588497
11371	0.000050113688078	0.000050041215241	0.000050113688078
11372	0.000094943054391	0.000090731374898	0.000094943054391
11373	0.000094996727373	0.000076382141920	0.000094996727373
11374	0.000019480539583	0.000019452367441	0.000019480539583
11375	0.000036038998229	0.000035986879765	0.000036038998229
11376	0.000062806486648	0.000062309739252	0.000062806486648
11377	0.000040116304985	0.000041286415793	0.000040116304985
11378	0.000068009667885	0.000062359974169	0.000068009667885
11379	0.000749506157983	0.000717443947089	0.000749506157983
11380	0.000019480539583	0.000019452367441	0.000019480539583
11381	0.000037249653955	0.000037140732156	0.000037249653955
11382	0.000048321377550	0.000053917448761	0.000048321377550
11383	0.000019480539583	0.000019452367441	0.000019480539583
11384	0.000019480539583	0.000019452367441	0.000019480539583
11385	0.000019480539583	0.000019452367441	0.000019480539583
11386	0.000019480539583	0.000019452367441	0.000019480539583
11387	0.000019480539583	0.000019452367441	0.000019480539583
11388	0.000019480539583	0.000019452367441	0.000019480539583
11389	0.000058488871437	0.000058516906636	0.000058488871437
11390	0.000093473969445	0.000093441831667	0.000093473969445
11391	0.000019480539583	0.000019452367441	0.000019480539583
11392	0.000019480539583	0.000019452367441	0.000019480539583
11393	0.000044622619651	0.000044377724477	0.000044622619651
11394	0.000042594070412	0.000040658985591	0.000042594070412
11395	0.000086158033708	0.000087401894256	0.000086158033708
11396	0.000092651185231	0.000087061651138	0.000092651185231
11397	0.000037220279486	0.000036843707586	0.000037220279486
11398	0.000019480539583	0.000019452367441	0.000019480539583
11399	0.000036038998229	0.000035986879765	0.000036038998229
11400	0.000019480539583	0.000019452367441	0.000019480539583
11401	0.000036038998229	0.000035986879765	0.000036038998229
11402	0.000019480539583	0.000019452367441	0.000019480539583
11403	0.000052597456875	0.000052521392090	0.000052597456875
11404	0.000019480539583	0.000019452367441	0.000019480539583
11405	0.000043772933631	0.000043266989230	0.000043772933631
11406	0.000044729107323	0.000041682371639	0.000044729107323
11407	0.000059206976597	0.000045927553080	0.000059206976597
11408	0.000043772933631	0.000043266989230	0.000043772933631
11409	0.000069806469691	0.000058490787559	0.000069806469691
11410	0.000239983887296	0.000244031950462	0.000239983887296
11411	0.000038025304206	0.000047177941359	0.000038025304206
11412	0.000038025304206	0.000033315154400	0.000038025304206
11413	0.000019480539583	0.000019452367441	0.000019480539583
11414	0.000132852924173	0.000130530311964	0.000132852924173
11415	0.000126737525822	0.000129417111047	0.000126737525822
11416	0.000038269561650	0.000037206262807	0.000038269561650
11417	0.000043772933631	0.000043266989230	0.000043772933631
11418	0.000055069131671	0.000054507646837	0.000055069131671
11419	0.000055069131671	0.000054507646837	0.000055069131671
11420	0.000083892387240	0.000083145609448	0.000083892387240
11421	0.000086620815437	0.000085427450514	0.000086620815437
11422	0.000068822337338	0.000062770920631	0.000068822337338
11423	0.000034677174208	0.000033391052235	0.000034677174208
11424	0.000185113358710	0.000225645415067	0.000185113358710
11425	0.000073498832577	0.000072307411314	0.000073498832577
11426	0.000072824246915	0.000072535587380	0.000072824246915
11427	0.000062328421389	0.000061612828724	0.000062328421389
11428	0.000062328421389	0.000061612828724	0.000062328421389
11429	0.000058831019595	0.000052713499732	0.000058831019595
11430	0.000058831019595	0.000052713499732	0.000058831019595
11431	0.000089107686469	0.000085970692454	0.000089107686469
11432	0.000095222073081	0.000092527456027	0.000095222073081
11433	0.000058831019595	0.000052713499732	0.000058831019595
11434	0.000058831019595	0.000052713499732	0.000058831019595
11435	0.000636973472343	0.000694531638267	0.000636973472343
11436	0.000058831019595	0.000052713499732	0.000058831019595
11437	0.000043772933631	0.000043266989230	0.000043772933631
11438	0.000043772933631	0.000043266989230	0.000043772933631
11439	0.000125133133467	0.000123776156147	0.000125133133467
11440	0.000324191811199	0.000338561846686	0.000324191811199
11441	0.000043772933631	0.000043266989230	0.000043772933631
11442	0.000043772933631	0.000043266989230	0.000043772933631
11443	0.001733756926456	0.001623518764375	0.001733756926456
11444	0.000756327233327	0.000172784695187	0.000756327233327
11445	0.000033714282499	0.000034193375276	0.000033714282499
11446	0.000074382530934	0.000073821259262	0.000074382530934
11447	0.000033714282499	0.000034193375276	0.000033714282499
11448	0.000057901894050	0.000057631774028	0.000057901894050
11449	0.000187312004718	0.000275356990383	0.000187312004718
11450	0.000068636624288	0.000066472686767	0.000068636624288
11451	0.000055412013165	0.000055331878058	0.000055412013165
11452	0.000019480539583	0.000019452367441	0.000019480539583
11453	0.000036038998229	0.000035986879765	0.000036038998229
11454	0.000068636624288	0.000066472686767	0.000068636624288
11455	0.000068636624288	0.000066472686767	0.000068636624288
11456	0.000152640908973	0.000163746142839	0.000152640908973
11457	0.000042594070412	0.000040658985591	0.000042594070412
11458	0.000041420497289	0.000041360596271	0.000041420497289
11459	0.000068636624288	0.000066472686767	0.000068636624288
11460	0.000097922769047	0.000091081540773	0.000097922769047
11461	0.000145717032026	0.000155954554841	0.000145717032026
11462	0.000068636624288	0.000066472686767	0.000068636624288
11463	0.000075805007227	0.000074881944408	0.000075805007227
11464	0.000019480539583	0.000019452367441	0.000019480539583
11465	0.000094996727373	0.000076382141920	0.000094996727373
11466	0.000094996727373	0.000076382141920	0.000094996727373
11467	0.000109899340154	0.000091263203012	0.000109899340154
11468	0.000065904851965	0.000064824950737	0.000065904851965
11469	0.000039074715647	0.000039018207025	0.000039074715647
11470	0.000076403089060	0.000076211606424	0.000076403089060
11471	0.000411873689022	0.000406861366566	0.000411873689022
11472	0.000019480539583	0.000019452367441	0.000019480539583
11473	0.000019480539583	0.000019452367441	0.000019480539583
11474	0.000019480539583	0.000019452367441	0.000019480539583
11475	0.000019480539583	0.000019452367441	0.000019480539583
11476	0.000063914133390	0.000063805741756	0.000063914133390
11477	0.000071290992980	0.000066780643431	0.000071290992980
11478	0.000052571510627	0.000054572300392	0.000052571510627
11479	0.000048580635953	0.000048388159547	0.000048580635953
11480	0.000047660554674	0.000053947783052	0.000047660554674
11481	0.000370635269293	0.000404012693969	0.000370635269293
11482	0.000046659986327	0.000046228153666	0.000046659986327
11483	0.000052694047883	0.000052617843412	0.000052694047883
11484	0.000040616519353	0.000040731765503	0.000040616519353
11485	0.000060774080143	0.000060582303056	0.000060774080143
11486	0.000077394116384	0.000079837243549	0.000077394116384
11487	0.000056687533170	0.000056229308286	0.000056687533170
11488	0.000050341166289	0.000050226850820	0.000050341166289
11489	0.000058293615682	0.000061258801686	0.000058293615682
11490	0.000150924833165	0.000150850918445	0.000150924833165
11491	0.000047879331064	0.000047317455746	0.000047879331064
11492	0.000045643941767	0.000044659252182	0.000045643941767
11493	0.000027241447229	0.000030682331854	0.000027241447229
11494	0.000034797113830	0.000034746791341	0.000034797113830
11495	0.000072320646635	0.000072216058795	0.000072320646635
11496	0.000050216814403	0.000050144192429	0.000050216814403
11497	0.000076715500145	0.000073062600108	0.000076715500145
11498	0.000055653069199	0.000078801021525	0.000055653069199
11499	0.000176336785077	0.000168552083289	0.000176336785077
11500	0.000231429742967	0.000230013447661	0.000231429742967
11501	0.000019480539583	0.000019452367441	0.000019480539583
11502	0.000063356517488	0.000062599514511	0.000063356517488
11503	0.000019480539583	0.000019452367441	0.000019480539583
11504	0.000041081535585	0.000040367080332	0.000041081535585
11505	0.000119212328822	0.000094204152705	0.000119212328822
11506	0.000052084627145	0.000050503972487	0.000052084627145
11507	0.000050968016162	0.000052220643407	0.000050968016162
11508	0.000066600674313	0.000063320655947	0.000066600674313
11509	0.000055891555241	0.000055810726636	0.000055891555241
11510	0.000077821670228	0.000075954151193	0.000077821670228
11511	0.000074002595182	0.000073895574961	0.000074002595182
11512	0.000052850254210	0.000042353852370	0.000052850254210
11513	0.000050113688078	0.000050041215241	0.000050113688078
11514	0.000035202709893	0.000034167209135	0.000035202709893
11515	0.000034977081832	0.000035291337627	0.000034977081832
11516	0.000037998415835	0.000037943463724	0.000037998415835
11517	0.000087797491123	0.000088707539306	0.000087797491123
11518	0.000086528137128	0.000068054566791	0.000086528137128
11519	0.000090136135415	0.000089986905962	0.000090136135415
11520	0.000034633847046	0.000036306549896	0.000034633847046
11521	0.000120116148946	0.000116072647841	0.000120116148946
11522	0.000055069131671	0.000054507646837	0.000055069131671
11523	0.000127073318921	0.000126675288344	0.000127073318921
11524	0.000077930271183	0.000073975927470	0.000077930271183
11525	0.000050113688078	0.000050041215241	0.000050113688078
11526	0.000068822337338	0.000062770920631	0.000068822337338
11527	0.000048127581965	0.000048215659311	0.000048127581965
11528	0.000027241447229	0.000030682331854	0.000027241447229
11529	0.000076608842112	0.000074833276578	0.000076608842112
11530	0.000038790953155	0.000038630242032	0.000038790953155
11531	0.000044463284341	0.000044560490794	0.000044463284341
11532	0.000019480539583	0.000019452367441	0.000019480539583
11533	0.000036038998229	0.000035986879765	0.000036038998229
11534	0.000076608842112	0.000074833276578	0.000076608842112
11535	0.000082004655192	0.000080577233996	0.000082004655192
11536	0.000044118933552	0.000047587409122	0.000044118933552
11537	0.000052830920631	0.000052542570775	0.000052830920631
11538	0.000056097703909	0.000044216237480	0.000056097703909
11539	0.000042411590032	0.000042350255727	0.000042411590032
11540	0.000037249653955	0.000037140732156	0.000037249653955
11541	0.000060177970988	0.000059672204825	0.000060177970988
11542	0.000041820501929	0.000041595811191	0.000041820501929
11543	0.000055039829525	0.000054960232658	0.000055039829525
11544	0.000151342292952	0.000169098300588	0.000151342292952
11545	0.000089335219430	0.000088638137839	0.000089335219430
11546	0.000226405294038	0.000222152625699	0.000226405294038
11547	0.000409284875414	0.000408818020924	0.000409284875414
11548	0.000089475395671	0.000090615141419	0.000089475395671
11549	0.000074698107030	0.000074326245694	0.000074698107030
11550	0.000192999070986	0.000105700360136	0.000192999070986
11551	0.000153209187509	0.000111540333370	0.000153209187509
11552	0.000047138422261	0.000048234081468	0.000047138422261
11553	0.000121656571194	0.000116254053379	0.000121656571194
11554	0.000087205004516	0.000120916345480	0.000087205004516
11555	0.000056542666503	0.000096536537685	0.000056542666503
11556	0.000047138422261	0.000048234081468	0.000047138422261
11557	0.000047952159841	0.000047713623200	0.000047952159841
11558	0.000044971042381	0.000044426187618	0.000044971042381
11559	0.000145785237180	0.000082057355506	0.000145785237180
11560	0.000033865700532	0.000033816725023	0.000033865700532
11561	0.000054706139097	0.000057378320448	0.000054706139097
11562	0.000038720248844	0.000037705651229	0.000038720248844
11563	0.000035913851195	0.000035835785806	0.000035913851195
11564	0.000057801512187	0.000051645371295	0.000057801512187
11565	0.000098916091116	0.000099815554479	0.000098916091116
11566	0.000095238427015	0.000094068295316	0.000095238427015
11567	0.000053553884566	0.000053476244871	0.000053553884566
11568	0.000048571375506	0.000048467197551	0.000048571375506
11569	0.000062077174449	0.000061987400396	0.000062077174449
11570	0.000044674449225	0.000044805147774	0.000044674449225
11571	0.000048108154497	0.000047993962387	0.000048108154497
11572	0.000044674449225	0.000044805147774	0.000044674449225
11573	0.000072246137865	0.000072141657777	0.000072246137865
11574	0.000076955600191	0.000063384557448	0.000076955600190
11575	0.000137281046974	0.000119092041849	0.000137281046966
11576	0.000141942227726	0.000131076433886	0.000141942227709
11577	0.000150864101641	0.000143552820432	0.000150864101614
11578	0.000083597782721	0.000080462316047	0.000083597782702
11579	0.000043907286446	0.000043478990484	0.000043907286446
11580	0.000043907286446	0.000043478990484	0.000043907286446
11581	0.000067149502086	0.000067045007596	0.000067149502086
11582	0.000056801733062	0.000056409509352	0.000056801733062
11583	0.000047070708180	0.000046797328294	0.000047070708180
11584	0.000019480539583	0.000019452367441	0.000019480539583
11585	0.000036038998229	0.000035986879765	0.000036038998229
11586	0.000059197874479	0.000059112264379	0.000059197874479
11587	0.000186399567851	0.000183930837295	0.000186399567851
11588	0.000166345360710	0.000164855538663	0.000166345360710
11589	0.000159164717154	0.000158194271464	0.000159164717154
11590	0.000074491150186	0.000074034792462	0.000074491150186
11591	0.000162323292398	0.000161596000215	0.000162323292398
11592	0.000088467938852	0.000088130667532	0.000088467938852
11593	0.001680350465707	0.001733163661960	0.001680350465707
11594	0.000048703320312	0.000046589886119	0.000048703320312
11595	0.000031373413322	0.000031294874325	0.000031373413322
11596	0.000054183322145	0.000053294546028	0.000054183322145
11597	0.000069975049097	0.000089452661365	0.000069975049097
11598	0.000477866320448	0.000551389801043	0.000477866320448
11599	0.000047816201941	0.000047747051656	0.000047816201941
11600	0.000080171234747	0.000077491132303	0.000080171234747
11601	0.000040040841640	0.000043258690916	0.000040040841640
11602	0.000034977081832	0.000035291337627	0.000034977081832
11603	0.000047161258712	0.000046955340620	0.000047161258712
11604	0.000060984183044	0.000060965769809	0.000060984183044
11605	0.000042366713641	0.000043050717341	0.000042366713641
11606	0.000043459520792	0.000043396671003	0.000043459520792
11607	0.000056421132256	0.000056339537793	0.000056421132256
11608	0.000075494233744	0.000073548610271	0.000075494233744
11609	0.000055039829525	0.000054960232658	0.000055039829525
11610	0.000046967725808	0.000046830932773	0.000046967725808
11611	0.000064270480284	0.000064177534341	0.000064270480284
11612	0.000048127581965	0.000048215659311	0.000048127581965
11613	0.000047138422261	0.000048234081468	0.000047138422261
11614	0.000327515019152	0.000327568630031	0.000327515019152
11615	0.000094946363876	0.000094809055437	0.000094946363876
11616	0.000065584837782	0.000051395366031	0.000065584837782
11617	0.000019480539583	0.000019452367441	0.000019480539583
11618	0.000080889756768	0.000080772776552	0.000080889756768
11619	0.000051424523500	0.000051388553312	0.000051424523501
11620	0.000226662614870	0.000225070082066	0.000226662614870
11621	0.000105674719396	0.000105466108875	0.000105674719396
11622	0.000305592603839	0.000301075871684	0.000305592603839
11623	0.000094985138624	0.000093431394768	0.000094985138624
11624	0.000100732346082	0.000080202487576	0.000100732346082
11625	0.000019480539583	0.000019452367441	0.000019480539583
11626	0.000274131953485	0.000257476377067	0.000274131953485
11627	0.000050113688078	0.000050041215241	0.000050113688078
11628	0.000053141664286	0.000052378908715	0.000053141664286
11629	0.001491591235697	0.001541883256880	0.001491591235697
11630	0.000019480539583	0.000019452367441	0.000019480539583
11631	0.000045126232496	0.000046046728860	0.000045126232496
11632	0.000045126232496	0.000046046728860	0.000045126232496
11633	0.000108467722797	0.000108313179716	0.000108467722797
11634	0.000086312285815	0.000085782861448	0.000086312285815
11635	0.000059206976597	0.000072402738719	0.000059206976597
11636	0.000044643504637	0.000050223531396	0.000044643504637
11637	0.000090443323011	0.000087616488612	0.000090443323011
11638	0.000044193019149	0.000063459476184	0.000044193019149
11639	0.000044193019149	0.000041455921813	0.000044193019149
11640	0.000326131180182	0.000317623477523	0.000326131180182
11641	0.000039714213267	0.000039640914473	0.000039714213267
11642	0.000039714213267	0.000039640914473	0.000039714213267
11643	0.000055069131671	0.000054507646837	0.000055069131671
11644	0.000050007313099	0.000049912785376	0.000050007313099
11645	0.000112593062403	0.000110474552921	0.000112593062403
11646	0.000041998743114	0.000042029729359	0.000041998743114
11647	0.000041998743114	0.000042029729359	0.000041998743114
11648	0.000062077174449	0.000061987400396	0.000062077174449
11649	0.000072246137865	0.000072141657777	0.000072246137865
11650	0.000080889756768	0.000080772776552	0.000080889756768
11651	0.000050113688078	0.000050041215241	0.000050113688078
11652	0.000052697855287	0.000051626107413	0.000052697855287
11653	0.000043172770616	0.000043060981982	0.000043172770616
11654	0.000019480539583	0.000019452367441	0.000019480539583
11655	0.000036038998229	0.000035986879765	0.000036038998229
11656	0.000142855830896	0.000141492220071	0.000142855830896
11657	0.000041998743114	0.000042029729359	0.000041998743114
11658	0.000053265001506	0.000053090365397	0.000053265001506
11659	0.000019480539583	0.000019452367441	0.000019480539583
11660	0.000036038998229	0.000035986879765	0.000036038998229
11661	0.000050113688078	0.000050041215241	0.000050113688078
11662	0.000703733192134	0.000698234770313	0.000703733192134
11663	0.000069486906239	0.000064258842213	0.000069486906239
11664	0.000019480539583	0.000019452367441	0.000019480539583
11665	0.000019480539583	0.000019452367441	0.000019480539583
11666	0.000228281365940	0.000255688804401	0.000228281365940
11667	0.000156624787716	0.000147785134850	0.000156624787716
11668	0.000049911987265	0.000049770497286	0.000049911987265
11669	0.000067438051493	0.000067720205947	0.000067438051493
11670	0.000127882032036	0.000127423164382	0.000127882032036
11671	0.000246522916568	0.000241478411811	0.000246522916568
11672	0.000032404691545	0.000031858633698	0.000032404691545
11673	0.000069436671304	0.000067024253570	0.000069436671304
11674	0.000564017647801	0.000565282862499	0.000564017647801
11675	0.000324337191602	0.000336840049781	0.000324337191602
11676	0.000032404691545	0.000031858633698	0.000032404691545
11677	0.000045228515211	0.000045880773032	0.000045228515211
11678	0.000135710756966	0.000134790283761	0.000135710756966
11679	0.000106217669752	0.000105320225359	0.000106217669752
11680	0.000086821972214	0.000086702089276	0.000086821972214
11681	0.000037862637732	0.000037813558240	0.000037862637732
11682	0.000041583038668	0.000041522902588	0.000041583038668
11683	0.000039860207516	0.000039730657301	0.000039860207516
11684	0.000051802048158	0.000047770248681	0.000051802048158
11685	0.000061773384977	0.000056208185922	0.000061773384977
11686	0.000051873024309	0.000051798007176	0.000051873024309
11687	0.000064083258589	0.000059355645347	0.000064083258589
11688	0.000019480539583	0.000019452367441	0.000019480539583
11689	0.000036038998229	0.000035986879765	0.000036038998229
11690	0.000061773384977	0.000056208185922	0.000061773384977
11691	0.000022397616096	0.000022106642887	0.000022397616096
11692	0.000044167607478	0.000044099887121	0.000044167607478
11693	0.000019480539583	0.000019452367441	0.000019480539583
11694	0.000036038998229	0.000035986879765	0.000036038998229
11695	0.000022397616096	0.000022106642887	0.000022397616096
11696	0.000022397616096	0.000022106642887	0.000022397616096
11697	0.000022397616096	0.000022106642887	0.000022397616096
11698	0.000048309140199	0.000047489243232	0.000048309140199
11699	0.000022397616096	0.000022106642887	0.000022397616096
11700	0.000037806725571	0.000037752050676	0.000037806725571
11701	0.000060430299047	0.000059431675208	0.000060430299047
11702	0.000111796053237	0.000109948599135	0.000111796053238
11703	0.000049761820832	0.000049689856855	0.000049761820832
11704	0.000050369174066	0.000052294101972	0.000050369174066
11705	0.000050369174066	0.000052294101972	0.000050369174066
11706	0.000050369174066	0.000052294101972	0.000050369174066
11707	0.000050369174066	0.000052294101972	0.000050369174066
11708	0.000050369174066	0.000052294101972	0.000050369174066
11709	0.000050369174066	0.000052294101972	0.000050369174066
11710	0.000050369174066	0.000052294101972	0.000050369174066
11711	0.000050369174066	0.000052294101972	0.000050369174066
11712	0.000055798403110	0.000055780660765	0.000055798403110
11713	0.000050369174066	0.000052294101972	0.000050369174066
11714	0.000259119969616	0.000251304815393	0.000259119969616
11715	0.000051745686210	0.000055698028721	0.000051745686210
11716	0.000022397616096	0.000022106642887	0.000022397616096
11717	0.000022397616096	0.000022106642887	0.000022397616096
11718	0.000022397616096	0.000022106642887	0.000022397616096
11719	0.000022397616096	0.000022106642887	0.000022397616096
11720	0.000101505144752	0.000041913693970	0.000101505144752
11721	0.000128180266813	0.000127762057165	0.000128180266814
11722	0.000049761820832	0.000049689856855	0.000049761820832
11723	0.000051424523500	0.000051388553312	0.000051424523501
11724	0.000035224277872	0.000035836505424	0.000035224277872
11725	0.000048991124887	0.000047937675208	0.000048991124887
11726	0.000048991124887	0.000047937675208	0.000048991124887
11727	0.000152639049288	0.000175759793242	0.000152639049288
11728	0.000059430408500	0.000058938328087	0.000059430408500
11729	0.000019480539583	0.000019452367441	0.000019480539583
11730	0.000036038998229	0.000035986879765	0.000036038998229
11731	0.000037801602971	0.000053215531464	0.000037801602971
11732	0.000037801602971	0.000036333949452	0.000037801602971
11733	0.000040763103980	0.000040454483419	0.000040763103980
11734	0.000040763103980	0.000040454483419	0.000040763103980
11735	0.000040763103980	0.000040454483419	0.000040763103980
11736	0.000040763103980	0.000040454483419	0.000040763103980
11737	0.000040763103980	0.000040454483419	0.000040763103980
11738	0.000040763103980	0.000040454483419	0.000040763103980
11739	0.000774393870989	0.000831191899428	0.000774393870989
11740	0.000072246137865	0.000072141657777	0.000072246137865
11741	0.000041405693523	0.000042336918992	0.000041405693523
11742	0.000063727647847	0.000061911945323	0.000063727647847
11743	0.000019480539583	0.000019452367441	0.000019480539583
11744	0.000682670635453	0.000670652479365	0.000682670635453
11745	0.000083914795726	0.000083102020188	0.000083914795726
11746	0.000054279380953	0.000053972250079	0.000054279380953
11747	0.000019480539583	0.000019452367441	0.000019480539583
11748	0.000052597456875	0.000052521392090	0.000052597456875
11749	0.000064144162597	0.000064937715975	0.000064144162597
11750	0.000064144162597	0.000064937715975	0.000064144162597
11751	0.000039074715647	0.000039018207025	0.000039074715647
11752	0.000039074715647	0.000039018207025	0.000039074715647
11753	0.000051505199217	0.000051178682006	0.000051505199217
11754	0.000139155661584	0.000138643814942	0.000139155661584
11755	0.000066264394679	0.000066168565200	0.000066264394679
11756	0.000041834458755	0.000041773959079	0.000041834458755
11757	0.000067289359470	0.000068171693707	0.000067289359470
11758	0.000040800207658	0.000040738307606	0.000040800207658
11759	0.000040800207658	0.000040738307606	0.000040800207658
11760	0.000039152830024	0.000039096208435	0.000039152830024
11761	0.000036120492344	0.000036068256026	0.000036120492344
11762	0.000041998743114	0.000042029729359	0.000041998743114
11763	0.000051552066631	0.000051508187610	0.000051552066631
11764	0.000065735806680	0.000064157189014	0.000065735806680
11765	0.000050273627735	0.000050200923599	0.000050273627735
11766	0.000048691935336	0.000047834013048	0.000048691935336
11767	0.000048691935336	0.000047834013048	0.000048691935336
11768	0.000039506864200	0.000041136884840	0.000039506864200
11769	0.000057506132368	0.000098147837854	0.000057506132368
11770	0.000033570547129	0.000032788007347	0.000033570547129
11771	0.000062328421389	0.000061612828724	0.000062328421389
11772	0.000049087408610	0.000049016419946	0.000049087408610
11773	0.000046513624578	0.000046160300339	0.000046513624578
11774	0.000039506864200	0.000041136884840	0.000039506864200
11775	0.000046513624578	0.000046160300339	0.000046513624578
11776	0.000046513624578	0.000046160300339	0.000046513624578
11777	0.000046513624578	0.000046160300339	0.000046513624578
11778	0.000048871803679	0.000048801126817	0.000048871803679
11779	0.000042920673900	0.000039971687564	0.000042920673900
11780	0.000042920673900	0.000039971687564	0.000042920673900
11781	0.000071095391053	0.000069209917992	0.000071095391053
11782	0.000019480539583	0.000019452367441	0.000019480539583
11783	0.000033570547129	0.000032788007347	0.000033570547129
11784	0.000027460622324	0.000027594161671	0.000027460622324
11785	0.000617653752897	0.000612951922206	0.000617653752897
11786	0.000061750562220	0.000059459287160	0.000061750562220
11787	0.000019480539583	0.000019452367441	0.000019480539583
11788	0.000112428697155	0.000112180128095	0.000112428697155
11789	0.000075805275061	0.000075695647861	0.000075805275061
11790	0.000037220279486	0.000036843707586	0.000037220279486
11791	0.000037220279486	0.000036843707586	0.000037220279486
11792	0.000050968016162	0.000052220643407	0.000050968016162
11793	0.000049915564702	0.000050996628027	0.000049915564702
11794	0.000131167097757	0.000099443363675	0.000131167097758
11795	0.000075226556130	0.000061715797003	0.000075226556130
11796	0.000083423112293	0.000071910794893	0.000083423112294
11797	0.000144081321864	0.000134863326055	0.000144081321864
11798	0.000080715101375	0.000076769281014	0.000080715101376
11799	0.000088088375752	0.000084706256303	0.000088088375752
11800	0.000094355658973	0.000091452685298	0.000094355658973
11801	0.000099682849710	0.000097187149944	0.000099682849710
11802	0.000104210961837	0.000102061444893	0.000104210961837
11803	0.000108059857144	0.000106204595600	0.000108059857144
11804	0.000111331418156	0.000109726273701	0.000111331418156
11805	0.000114112245016	0.000112719700087	0.000114112245016
11806	0.000116475947846	0.000115264112514	0.000116475947846
11807	0.000019480539583	0.000019452367441	0.000019480539583
11808	0.000022397616096	0.000022106642887	0.000022397616096
11809	0.000150467158423	0.000151076934599	0.000150467158423
11810	0.000022397616096	0.000022106642887	0.000022397616096
11811	0.000022397616096	0.000022106642887	0.000022397616096
11812	0.000128219032858	0.000125542832977	0.000128219032858
11813	0.000098531136388	0.000095758023254	0.000098531136388
11814	0.000019480539583	0.000019452367441	0.000019480539583
11815	0.000036038998229	0.000035986879765	0.000036038998229
11816	0.000022397616096	0.000022106642887	0.000022397616096
11817	0.000022397616096	0.000022106642887	0.000022397616096
11818	0.000022397616096	0.000022106642887	0.000022397616096
11819	0.000022397616096	0.000022106642887	0.000022397616096
11820	0.000045999692055	0.000044803973012	0.000045999692055
11821	0.000022397616096	0.000022106642887	0.000022397616096
11822	0.000022397616096	0.000022106642887	0.000022397616096
11823	0.000039665596359	0.000039479109017	0.000039665596359
11824	0.000074863155282	0.000073625694808	0.000074863155282
11825	0.000943103801180	0.000947185433116	0.000943103801181
11826	0.000019480539583	0.000019452367441	0.000019480539583
11827	0.000019480539583	0.000019452367441	0.000019480539583
11828	0.000019480539583	0.000019452367441	0.000019480539583
11829	0.000035384179705	0.000034993995422	0.000035384179705
11830	0.000051472492571	0.000049138429573	0.000051472492571
11831	0.000019480539583	0.000019452367441	0.000019480539583
11832	0.000228303990824	0.000227973824787	0.000228303990824
11833	0.000051616256318	0.000051541610515	0.000051616256318
11834	0.000107228375822	0.000107030469077	0.000107228375822
11835	0.000178607020199	0.000177502770806	0.000178607020199
11836	0.000088911192683	0.000087818346237	0.000088911192683
11837	0.000042866791483	0.000043611039585	0.000042866791483
11838	0.000052803901298	0.000052331340136	0.000052803901298
11839	0.000043546863881	0.000042809282901	0.000043546863881
11840	0.000057644530880	0.000060456903686	0.000057644530880
11841	0.000076091112749	0.000073274924995	0.000076091112749
11842	0.000057212937554	0.000057421517681	0.000057212937554
11843	0.000057212937554	0.000057421517681	0.000057212937554
11844	0.000040648387443	0.000040424874198	0.000040648387443
11845	0.000035389310104	0.000034837661097	0.000035389310104
11846	0.000045843745845	0.000045226497484	0.000045843745845
11847	0.000231054416526	0.000229462043228	0.000231054416526
11848	0.000019480539583	0.000019452367441	0.000019480539583
11849	0.000019480539583	0.000019452367441	0.000019480539583
11850	0.000036038998229	0.000035986879765	0.000036038998229
11851	0.000041962258681	0.000041901574185	0.000041962258681
11852	0.000041962258681	0.000041901574185	0.000041962258681
11853	0.000050968016162	0.000052220643407	0.000050968016162
11854	0.000033570547129	0.000032788007347	0.000033570547129
11855	0.000050182681655	0.000050110109043	0.000050182681655
11856	0.000019480539583	0.000019452367441	0.000019480539583
11857	0.000047879331064	0.000047317455746	0.000047879331064
11858	0.000069798732890	0.000069697792163	0.000069798732890
11859	0.000046413913835	0.000046037303317	0.000046413913835
11860	0.000128073524310	0.000127092860757	0.000128073524310
11861	0.000050832853105	0.000050865118714	0.000050832853105
11862	0.000073649040253	0.000072077520965	0.000073649040253
11863	0.000204279398809	0.000202628137969	0.000204279398809
11864	0.000125455965662	0.000116275963512	0.000125455965662
11865	0.000420941948657	0.000434770414768	0.000420941948658
11866	0.000019480539583	0.000019452367441	0.000019480539583
11867	0.000115702789549	0.000113867233363	0.000115702789549
11868	0.000034508984539	0.000034459078733	0.000034508984539
11869	0.000041998743114	0.000042029729359	0.000041998743114
11870	0.000045999692055	0.000044803973012	0.000045999692055
11871	0.000067006234062	0.000061752403484	0.000067006234062
11872	0.000067006234062	0.000061752403484	0.000067006234062
11873	0.000042405657584	0.000042380638089	0.000042405657584
11874	0.000034977081832	0.000035291337627	0.000034977081832
11875	0.000069071901702	0.000068576499327	0.000069071901702
11876	0.000054412122191	0.000054306549176	0.000054412122191
11877	0.000048580635953	0.000048388159547	0.000048580635953
11878	0.000392806630950	0.000345696293867	0.000392806630950
11879	0.000177750760513	0.000176712824324	0.000177750760513
11880	0.000054412122191	0.000054306549176	0.000054412122191
11881	0.000034977081832	0.000035291337627	0.000034977081832
11882	0.000019480539583	0.000019452367441	0.000019480539583
11883	0.000042157763772	0.000042083960728	0.000042157763772
11884	0.000053479097605	0.000050805163327	0.000053479097605
11885	0.000075483493197	0.000075089602136	0.000075483493197
11886	0.000062077174449	0.000061987400396	0.000062077174449
11887	0.000037314499523	0.000037260536469	0.000037314499523
11888	0.000037862637732	0.000037813558240	0.000037862637732
11889	0.000734015363525	0.000745374331167	0.000734015363525
11890	0.000083915023385	0.000083793668123	0.000083915023385
11891	0.000123981382001	0.000156308477152	0.000123981382001
11892	0.019145535401238	0.020018223828422	0.019145535401240
11893	0.000019480539583	0.000019452367441	0.000019480539583
11894	0.000599026592183	0.000598160298804	0.000599026592183
11895	0.000019480539583	0.000019452367441	0.000019480539583
11896	0.000019480539583	0.000019452367441	0.000019480539583
11897	0.000019480539583	0.000019452367441	0.000019480539583
11898	0.000019480539583	0.000019452367441	0.000019480539583
11899	0.000019480539583	0.000019452367441	0.000019480539583
11900	0.000019480539583	0.000019452367441	0.000019480539583
11901	0.000019480539583	0.000019452367441	0.000019480539583
11902	0.000019480539583	0.000019452367441	0.000019480539583
11903	0.000019480539583	0.000019452367441	0.000019480539583
11904	0.000037665275417	0.000034859526652	0.000037665275417
11905	0.000038814195898	0.000038392651309	0.000038814195898
11906	0.000038814195898	0.000038392651309	0.000038814195898
11907	0.000038722194994	0.000038636542450	0.000038722194994
11908	0.000042140694863	0.000042601168428	0.000042140694863
11909	0.000038722194994	0.000038636542450	0.000038722194994
11910	0.000039706550985	0.000039330900073	0.000039706550985
11911	0.000033570547129	0.000032788007347	0.000033570547129
11912	0.000053908614218	0.000053936329535	0.000053908614218
11913	0.000253523880169	0.000246188385006	0.000253523880169
11914	0.000234975837727	0.000228712494695	0.000234975837727
11915	0.000050113688078	0.000050041215241	0.000050113688078
11916	0.000057427518525	0.000062142369128	0.000057427518525
11917	0.000050113688078	0.000050041215241	0.000050113688078
11918	0.000264857933506	0.000269721337556	0.000264857933506
11919	0.000050020664675	0.000039380901185	0.000050020664675
11920	0.000054476890537	0.000054398107775	0.000054476890537
11921	0.000064856040379	0.000065339838178	0.000064856040379
11922	0.000146989440109	0.000147720526475	0.000146989440109
11923	0.000019480539583	0.000019452367441	0.000019480539583
11924	0.000051257256628	0.000049494657751	0.000051257256628
11925	0.000034633847046	0.000036306549896	0.000034633847046
11926	0.000050020664675	0.000059309434929	0.000050020664675
11927	0.000058580277830	0.000057535744501	0.000058580277830
11928	0.000064166186851	0.000063048022607	0.000064166186851
11929	0.000061998104557	0.000052926133448	0.000061998104557
11930	0.000072178928457	0.000064439580871	0.000072178928457
11931	0.000051416330447	0.000049038453806	0.000051416330447
11932	0.000063063050965	0.000061471783548	0.000063063050965
11933	0.000172105713604	0.000171497018013	0.000172105713604
11934	0.000062077174449	0.000061987400396	0.000062077174449
11935	0.000037806725571	0.000037752050676	0.000037806725571
11936	0.000019480539583	0.000019452367441	0.000019480539583
11937	0.000063263623330	0.000062975620778	0.000063263623330
11938	0.000037806725571	0.000037752050676	0.000037806725571
11939	0.000095208170936	0.000094445653699	0.000095208170936
11940	0.000072901021763	0.000069506751030	0.000072901021763
11941	0.000127390277237	0.000126777413976	0.000127390277237
11942	0.000053479097605	0.000050805163327	0.000053479097605
11943	0.000053479097605	0.000050805163327	0.000053479097605
11944	0.000049761820832	0.000049689856855	0.000049761820832
11945	0.000061778087290	0.000061688745767	0.000061778087290
11946	0.000053479097605	0.000050805163327	0.000053479097605
11947	0.000037806725571	0.000037752050676	0.000037806725571
11948	0.000037806725571	0.000037752050676	0.000037806725571
11949	0.000090192952660	0.000092008941210	0.000090192952660
11950	0.000045013034563	0.000043453205160	0.000045013034563
11951	0.000049294674653	0.000048909405625	0.000049294674653
11952	0.000070234505285	0.000070094366722	0.000070234505285
11953	0.000061381013038	0.000061025362222	0.000061381013038
11954	0.000136923752501	0.000090388900644	0.000136923752501
11955	0.000054675379077	0.000055438748584	0.000054675379077
11956	0.000030510809631	0.000027411527100	0.000030510809631
11957	0.000126879066743	0.000126813937297	0.000126879066743
11958	0.000019480539583	0.000019452367441	0.000019480539583
11959	0.000069155915520	0.000069055904415	0.000069155915520
11960	0.000019480539583	0.000019452367441	0.000019480539583
11961	0.000019480539583	0.000019452367441	0.000019480539583
11962	0.000049927921284	0.000046273658847	0.000049927921284
11963	0.000067703411454	0.000054548347293	0.000067703411454
11964	0.000112310038251	0.000119022245974	0.000112310038251
11965	0.000130349907409	0.000254998769389	0.000130349907409
11966	0.000049927921284	0.000046273658847	0.000049927921284
11967	0.000037806725571	0.000037752050676	0.000037806725571
11968	0.000037403533199	0.000035273223228	0.000037403533199
11969	0.000118673225343	0.000118668033639	0.000118673225343
11970	0.000049927921284	0.000046273658847	0.000049927921284
11971	0.000049927921284	0.000046273658847	0.000049927921284
11972	0.000049927921284	0.000046273658847	0.000049927921284
11973	0.000110804375836	0.000106497056062	0.000110804375836
11974	0.000477091053501	0.000525080692241	0.000477091053501
11975	0.000113664259044	0.000109974865093	0.000113664259044
11976	0.000116095159770	0.000112931002770	0.000116095159770
11977	0.000118161425388	0.000115443719795	0.000118161425388
11978	0.000119917751163	0.000117579529267	0.000119917751163
11979	0.000019480539583	0.000019452367441	0.000019480539583
11980	0.000121410628072	0.000119394967318	0.000121410628072
11981	0.000049927921284	0.000046273658847	0.000049927921284
11982	0.000122679573444	0.000120938089661	0.000122679573444
11983	0.000049927921284	0.000046273658847	0.000049927921284
11984	0.000071619358297	0.000070851055547	0.000071619358297
11985	0.000050113688078	0.000050041215241	0.000050113688078
11986	0.000055039829525	0.000054960232658	0.000055039829525
11987	0.000049207202097	0.000048818455072	0.000049207202097
11988	0.000051257256628	0.000049494657751	0.000051257256628
11989	0.000061873900707	0.000061608802655	0.000061873900707
11990	0.000058206527958	0.000060577565454	0.000058206527958
11991	0.000019480539583	0.000019452367441	0.000019480539583
11992	0.000036038998229	0.000035986879765	0.000036038998229
11993	0.000080715101375	0.000076769281014	0.000080715101375
11994	0.000088088375752	0.000084706256303	0.000088088375752
11995	0.000094355658973	0.000091452685298	0.000094355658973
11996	0.000099682849710	0.000097187149944	0.000099682849710
11997	0.000030733605473	0.000030665634003	0.000030733605473
11998	0.000104210961837	0.000102061444893	0.000104210961837
11999	0.000108059857144	0.000106204595600	0.000108059857144
12000	0.000111331418156	0.000109726273701	0.000111331418156
12001	0.000114112245016	0.000112719700087	0.000114112245016
12002	0.000030733605473	0.000030665634003	0.000030733605473
12003	0.000030733605473	0.000030665634003	0.000030733605473
12004	0.000035952715403	0.000033280513949	0.000035952715403
12005	0.000102633163277	0.000100108286554	0.000102633163277
12006	0.000030733605473	0.000030665634003	0.000030733605473
12007	0.000257350760132	0.000235147045141	0.000257350760132
12008	0.000068111536504	0.000068260657470	0.000068111536504
12009	0.000079324293295	0.000079191598716	0.000079324293295
12010	0.000204024067144	0.000203588489508	0.000204024067144
12011	0.000192900996656	0.000192502583522	0.000192900996656
12012	0.000054229878877	0.000054205343926	0.000054229878877
12013	0.000040058219987	0.000039961293514	0.000040058219987
12014	0.000065575936629	0.000065526909778	0.000065575936629
12015	0.000067911348447	0.000069456483895	0.000067911348447
12016	0.000132108962400	0.000133179263183	0.000132108962400
12017	0.000131773157624	0.000132654741146	0.000131773157624
12018	0.000131487723563	0.000132208897415	0.000131487723563
12019	0.000141489066399	0.000141797305285	0.000141489066399
12020	0.000143671791586	0.000144011198703	0.000143671791586
12021	0.000155591163063	0.000155661544572	0.000155591163063
12022	0.000147587712475	0.000147595362328	0.000147587712475
12023	0.000143265828809	0.000143385155879	0.000143265828809
12024	0.000080368516827	0.000080391058689	0.000080368516827
12025	0.000148681756130	0.000148723458575	0.000148681756130
12026	0.000145837479035	0.000145851384575	0.000145837479035
12027	0.000144651214528	0.000144646675780	0.000144651214528
12028	0.000148628689640	0.000148685993506	0.000148628689640
12029	0.000145372510482	0.000145371943670	0.000145372510482
12030	0.000150338134595	0.000150285570476	0.000150338134595
12031	0.000083374246786	0.000083323734893	0.000083374246786
12032	0.000090348649351	0.000090277542100	0.000090348649351
12033	0.000096276891532	0.000096188278226	0.000096276891532
12034	0.000101315897385	0.000101212403933	0.000101315897385
12035	0.000105599052361	0.000105482910784	0.000105599052361
12036	0.000109239734090	0.000109112841607	0.000109239734090
12037	0.000049927921284	0.000046273658847	0.000049927921284
12038	0.000112334313559	0.000112198282807	0.000112334313559
12039	0.000184099770875	0.000183443871456	0.000184099770875
12040	0.000199367948301	0.000198909811672	0.000199367948301
12041	0.000162636630350	0.000158040335285	0.000162636630350
12042	0.000244006110938	0.000242198695162	0.000244006110939
12043	0.000169198837137	0.000168244270093	0.000169198837137
12044	0.000176623422118	0.000175912346924	0.000176623422118
12045	0.000179074378320	0.000177463456827	0.000179074378320
12046	0.000184183343852	0.000183084247345	0.000184183343852
12047	0.000177814706312	0.000177056191797	0.000177814706312
12048	0.000188367636686	0.000187748280551	0.000188367636686
12049	0.000271470648705	0.000270686299886	0.000271470648705
12050	0.000178334863258	0.000177871615289	0.000178334863258
12051	0.000187254795516	0.000186830544106	0.000187254795516
12052	0.000196130832123	0.000195708942739	0.000196130832123
12053	0.000019480539583	0.000019452367441	0.000019480539583
12054	0.000036038998229	0.000035986879765	0.000036038998229
12055	0.000030733605473	0.000030665634003	0.000030733605473
12056	0.000030733605473	0.000030665634003	0.000030733605473
12057	0.000030733605473	0.000030665634003	0.000030733605473
12058	0.000030733605473	0.000030665634003	0.000030733605473
12059	0.000030733605473	0.000030665634003	0.000030733605473
12060	0.000030733605473	0.000030665634003	0.000030733605473
12061	0.000030733605473	0.000030665634003	0.000030733605473
12062	0.000069916660354	0.000069886281737	0.000069916660354
12063	0.000078909700884	0.000078855706917	0.000078909700884
12064	0.000086553785335	0.000086479718321	0.000086553785335
12065	0.000030733605473	0.000030665634003	0.000030733605473
12066	0.000030733605473	0.000030665634003	0.000030733605473
12067	0.000042458845129	0.000042257885691	0.000042458845129
12068	0.000049927921284	0.000046273658847	0.000049927921284
12069	0.000218701429669	0.000231355224935	0.000218701429669
12070	0.000126879066743	0.000126813937297	0.000126879066743
12071	0.000184200366803	0.000192964884708	0.000184200366803
12072	0.000040127309863	0.000040017335248	0.000040127309863
12073	0.000040127309863	0.000040017335248	0.000040127309863
12074	0.000053588752967	0.000053467102402	0.000053588752967
12075	0.000065030979605	0.000064899404482	0.000065030979605
12076	0.000069273775739	0.000068357750267	0.000069273775739
12077	0.000049761820832	0.000049689856855	0.000049761820832
12078	0.000128054640926	0.000125635664253	0.000128054640926
12079	0.000195165804633	0.000194779248765	0.000195165804633
12080	0.000199146751451	0.000198785481883	0.000199146751451
12081	0.000059282470598	0.000056576300782	0.000059282470598
12082	0.000212143762223	0.000210761937197	0.000212143762223
12083	0.000184230351612	0.000183927558017	0.000184230351612
12084	0.000061778087290	0.000061688745767	0.000061778087290
12085	0.000050182681655	0.000050110109043	0.000050182681655
12086	0.000131354943645	0.000126453311978	0.000131354943645
12087	0.000050182681655	0.000050110109043	0.000050182681655
12088	0.000048294633996	0.000049651789299	0.000048294633996
12089	0.000095316835994	0.000096574597303	0.000095316835994
12090	0.000058206527958	0.000060577565455	0.000058206527958
12091	0.000050724704392	0.000051219332760	0.000050724704392
12092	0.000115130960590	0.000113597911351	0.000115130960590
12093	0.000037801602971	0.000036333949452	0.000037801602971
12094	0.000069932965496	0.000081567151197	0.000069932965496
12095	0.000350019298335	0.000336626695481	0.000350019298335
12096	0.000168238741375	0.000076678905673	0.000168238741375
12097	0.000059944012231	0.000059591770263	0.000059944012231
12098	0.000070432949979	0.000070105372164	0.000070432949979
12099	0.000079348547066	0.000079041933780	0.000079348547066
12100	0.000045999692055	0.000044803973012	0.000045999692055
12101	0.000035625036763	0.000035573516957	0.000035625036763
12102	0.000119132987271	0.000115935435753	0.000119132987271
12103	0.000082704056807	0.000087676105669	0.000082704056807
12104	0.000048493851896	0.000052929605361	0.000048493851896
12105	0.000048493851896	0.000052929605361	0.000048493851896
12106	0.000048493851896	0.000052929605361	0.000048493851896
12107	0.000048493851896	0.000052929605361	0.000048493851896
12108	0.000048493851896	0.000052929605361	0.000048493851896
12109	0.000048493851896	0.000052929605361	0.000048493851896
12110	0.000048493851896	0.000052929605361	0.000048493851896
12111	0.000048493851896	0.000052929605361	0.000048493851896
12112	0.000043303201693	0.000042718357417	0.000043303201693
12113	0.000253023516307	0.000259157280722	0.000253023516307
12114	0.000050445540642	0.000050124789733	0.000050445540642
12115	0.000050445540642	0.000050124789733	0.000050445540642
12116	0.000050634989828	0.000050343961549	0.000050634989828
12117	0.000056687533170	0.000056229308286	0.000056687533170
12118	0.000065599217758	0.000063199483672	0.000065599217758
12119	0.000047360207130	0.000046312148001	0.000047360207130
12120	0.000049927921284	0.000046273658847	0.000049927921284
12121	0.000059270302113	0.000059149582395	0.000059270302113
12122	0.000055082896117	0.000055040088228	0.000055082896117
12123	0.000041834458755	0.000041773959079	0.000041834458755
12124	0.000038843400768	0.000039002628635	0.000038843400768
12125	0.000019480539583	0.000019452367441	0.000019480539583
12126	0.000052571349727	0.000051289006078	0.000052571349727
12127	0.000044192849424	0.000044600073877	0.000044192849424
12128	0.000112488891434	0.000112688917794	0.000112488891434
12129	0.000019480539583	0.000019452367441	0.000019480539583
12130	0.000036038998229	0.000035986879765	0.000036038998229
12131	0.000019480539583	0.000019452367441	0.000019480539583
12132	0.000229767158157	0.000260404103639	0.000229767158157
12133	0.000256366033194	0.000249987363711	0.000256366033194
12134	0.000065001341464	0.000064907175581	0.000065001341464
12135	0.000076191013460	0.000082043321357	0.000076191013460
12136	0.000042458845129	0.000042257885691	0.000042458845129
12137	0.000138017455387	0.000136038974025	0.000138017455387
12138	0.000048445863352	0.000047143146438	0.000048445863352
12139	0.000048445863352	0.000047143146438	0.000048445863352
12140	0.000064830534065	0.000061154719939	0.000064830534065
12141	0.000049927921284	0.000046273658847	0.000049927921284
12142	0.000716455367120	0.000715208727748	0.000716455367120
12143	0.000183968480464	0.000253770346708	0.000183968480464
12144	0.000049927921284	0.000046273658847	0.000049927921284
12145	0.000154373132374	0.000154149882815	0.000154373132374
12146	0.000071138507705	0.000070947325038	0.000071138507705
12147	0.000054279380953	0.000053972250079	0.000054279380953
12148	0.000078137958122	0.000077268931401	0.000078137958122
12149	0.000049927921284	0.000046273658847	0.000049927921284
12150	0.000359555506442	0.000348518388343	0.000359555506442
12151	0.000049927921284	0.000046273658847	0.000049927921284
12152	0.000049118814418	0.000048068652652	0.000049118814418
12153	0.000083640516332	0.000083519558053	0.000083640516332
12154	0.000095436862531	0.000095980667611	0.000095436862531
12155	0.000019480539583	0.000019452367441	0.000019480539583
12156	0.000036038998229	0.000035986879765	0.000036038998229
12157	0.000055027759024	0.000054948179613	0.000055027759024
12158	0.000037403533199	0.000035273223228	0.000037403533199
12159	0.000842902486168	0.000876546006759	0.000842902486168
12160	0.000052689171785	0.000052291663286	0.000052689171785
12161	0.000041533750876	0.000041677134473	0.000041533750876
12162	0.000050986121644	0.000050893492542	0.000050986121644
12163	0.000062077174449	0.000061987400396	0.000062077174449
12164	0.000049207202097	0.000048818455072	0.000049207202097
12165	0.000042218771176	0.000040549498189	0.000042218771176
12166	0.000036878731583	0.000040001207841	0.000036878731583
12167	0.000061306661365	0.000060948054252	0.000061306661365
12168	0.000039152830024	0.000039096208435	0.000039152830024
12169	0.000019480539583	0.000019452367441	0.000019480539583
12170	0.000036038998229	0.000035986879765	0.000036038998229
12171	0.000036866921161	0.000036813605382	0.000036866921161
12172	0.000019480539583	0.000019452367441	0.000019480539583
12173	0.000164761329563	0.000164523056921	0.000164761329563
12174	0.000149657882502	0.000130964247810	0.000149657882502
12175	0.000062164831826	0.000062074931005	0.000062164831826
12176	0.000062818742980	0.000062711836101	0.000062818742980
12177	0.000047864511406	0.000047096113975	0.000047864511406
12178	0.000050113688078	0.000050041215241	0.000050113688078
12179	0.000052689171785	0.000052291663286	0.000052689171785
12180	0.000047864511406	0.000047096113975	0.000047864511406
12181	0.000075238625288	0.000074718322806	0.000075238625288
12182	0.000282603135157	0.000268584151166	0.000282603135157
12183	0.000019480539583	0.000019452367441	0.000019480539583
12184	0.000082344355185	0.000082225271374	0.000082344355185
12185	0.000072876471116	0.000072757428127	0.000072876471116
12186	0.000070707782625	0.000069171939493	0.000070707782625
12187	0.000042801699011	0.000042479275737	0.000042801699011
12188	0.000041834458755	0.000041773959079	0.000041834458755
12189	0.000039203642057	0.000039336104017	0.000039203642057
12190	0.000081425540032	0.000081296181349	0.000081425540032
12191	0.000212823871783	0.000247915529768	0.000212823871783
12192	0.000088692248610	0.000088554121587	0.000088692248610
12193	0.000061919272674	0.000058784977461	0.000061919272674
12194	0.000037862637732	0.000037813558240	0.000037862637732
12195	0.000066162916293	0.000066067233568	0.000066162916293
12196	0.000059546009363	0.000059459895801	0.000059546009363
12197	0.000075719018432	0.000075609515974	0.000075719018432
12198	0.000019480539583	0.000019452367441	0.000019480539583
12199	0.000036038998229	0.000035986879765	0.000036038998229
12200	0.000050113688078	0.000050041215241	0.000050113688078
12201	0.000030245466725	0.000031301002225	0.000030245466725
12202	0.000019480539583	0.000019452367441	0.000019480539583
12203	0.000036038998229	0.000035986879765	0.000036038998229
12204	0.000057798443703	0.000057291758200	0.000057798443703
12205	0.000055366495083	0.000053919440901	0.000055366495083
12206	0.000030245466725	0.000031301002225	0.000030245466725
12207	0.000066162916293	0.000066067233568	0.000066162916293
12208	0.000041960328604	0.000041823847867	0.000041960328604
12209	0.000019480539583	0.000019452367441	0.000019480539583
12210	0.000070283488915	0.000069857115059	0.000070283488915
12211	0.000127520479573	0.000097586455686	0.000127520479573
12212	0.000075719018432	0.000075609515974	0.000075719018432
12213	0.000045659284270	0.000045593253252	0.000045659284270
12214	0.000052769245688	0.000052468736216	0.000052769245688
12215	0.000046229298771	0.000065597091989	0.000046229298771
12216	0.000041298722313	0.000041238997402	0.000041298722313
12217	0.000063615383501	0.000063522218536	0.000063615383501
12218	0.000064961584283	0.000064803999958	0.000064961584283
12219	0.000073553615559	0.000073446253196	0.000073553615559
12220	0.000064188377927	0.000064095550717	0.000064188377927
12221	0.000044418362689	0.000044303917217	0.000044418362689
12222	0.000103514353684	0.000099378349196	0.000103514353684
12223	0.000054476890537	0.000054398107775	0.000054476890537
12224	0.000082001112808	0.000081881682658	0.000082001112808
12225	0.000071619358297	0.000070851055547	0.000071619358297
12226	0.000062520280937	0.000062244734758	0.000062520280937
12227	0.000089181485470	0.000089051797700	0.000089181485470
12228	0.000095284802233	0.000095146395486	0.000095284802233
12229	0.000049915564702	0.000050996628027	0.000049915564702
12230	0.000100472621481	0.000100326803604	0.000100472621481
12231	0.000104882267842	0.000104730150504	0.000104882267842
12232	0.000108630467249	0.000108472995369	0.000108630467249
12233	0.000111816436745	0.000111654413504	0.000111816436745
12234	0.000055685499433	0.000054012505193	0.000055685499433
12235	0.000091810503803	0.000096400805836	0.000091810503803
12236	0.000062077174449	0.000061987400396	0.000062077174449
12237	0.000049058086339	0.000048987140081	0.000049058086339
12238	0.000019480539583	0.000019452367441	0.000019480539583
12239	0.000019480539583	0.000019452367441	0.000019480539583
12240	0.000019480539583	0.000019452367441	0.000019480539583
12241	0.000019480539583	0.000019452367441	0.000019480539583
12242	0.000019480539583	0.000019452367441	0.000019480539583
12243	0.000019480539583	0.000019452367441	0.000019480539583
12244	0.000019480539583	0.000019452367441	0.000019480539583
12245	0.000019480539583	0.000019452367441	0.000019480539583
12246	0.000019480539583	0.000019452367441	0.000019480539583
12247	0.000019480539583	0.000019452367441	0.000019480539583
12248	0.000019480539583	0.000019452367441	0.000019480539583
12249	0.000019480539583	0.000019452367441	0.000019480539583
12250	0.000019480539583	0.000019452367441	0.000019480539583
12251	0.000019480539583	0.000019452367441	0.000019480539583
12252	0.000019480539583	0.000019452367441	0.000019480539583
12253	0.000019480539583	0.000019452367441	0.000019480539583
12254	0.000019480539583	0.000019452367441	0.000019480539583
12255	0.000019480539583	0.000019452367441	0.000019480539583
12256	0.000019480539583	0.000019452367441	0.000019480539583
12257	0.000019480539583	0.000019452367441	0.000019480539583
12258	0.000019480539583	0.000019452367441	0.000019480539583
12259	0.000019480539583	0.000019452367441	0.000019480539583
12260	0.000019480539583	0.000019452367441	0.000019480539583
12261	0.000019480539583	0.000019452367441	0.000019480539583
12262	0.000019480539583	0.000019452367441	0.000019480539583
12263	0.000019480539583	0.000019452367441	0.000019480539583
12264	0.000019480539583	0.000019452367441	0.000019480539583
12265	0.000019480539583	0.000019452367441	0.000019480539583
12266	0.000019480539583	0.000019452367441	0.000019480539583
12267	0.000019480539583	0.000019452367441	0.000019480539583
12268	0.000060659523432	0.000059524041913	0.000060659523432
12269	0.000068566271460	0.000067026458676	0.000068566271460
12270	0.000066162916293	0.000066067233568	0.000066162916293
12271	0.000083433371078	0.000082962941826	0.000083433371078
12272	0.000037021911351	0.000036713176508	0.000037021911351
12273	0.000051282839615	0.000047282270100	0.000051282839615
12274	0.000072111921356	0.000069419598283	0.000072111921356
12275	0.000063070953256	0.000059642297026	0.000063070953256
12276	0.000025438109293	0.000027387939837	0.000025438109293
12277	0.000044393513769	0.000043881451639	0.000044393513769
12278	0.000061273041104	0.000062247761941	0.000061273041104
12279	0.000216146734873	0.000213128835639	0.000216146734873
12280	0.000025438109293	0.000027387939837	0.000025438109293
12281	0.000180415039461	0.000181075823320	0.000180415039462
12282	0.000096156931354	0.000096409592352	0.000096156931354
12283	0.000071041134501	0.000070047803067	0.000071041134501
12284	0.000041102932482	0.000042732116302	0.000041102932482
12285	0.000101213931234	0.000101400520940	0.000101213931234
12286	0.000105512381132	0.000105642810240	0.000105512381132
12287	0.000109166063546	0.000109248756144	0.000109166063546
12288	0.000032740046015	0.000033597453816	0.000032740046015
12289	0.000050373943823	0.000048501216143	0.000050373943823
12290	0.000112271693597	0.000112313810164	0.000112271693597
12291	0.000114911479141	0.000114919106080	0.000114911479141
12292	0.000054418032193	0.000055774666298	0.000054418032193
12293	0.000117155296853	0.000117133607609	0.000117155296853
12294	0.000119062541908	0.000119015933908	0.000119062541908
12295	0.000068490203035	0.000061794660761	0.000068490203035
12296	0.000104558806311	0.000116686116588	0.000104558806311
12297	0.000120683700205	0.000120615911263	0.000120683700205
12298	0.000085089120842	0.000084966067637	0.000085089120842
12299	0.000041819569354	0.000050267338112	0.000041819569354
12300	0.000065735866947	0.000066860833794	0.000065735866947
12301	0.000208151166453	0.000149245414840	0.000208151166453
12302	0.000091806292299	0.000091673524932	0.000091806292299
12303	0.000050373943823	0.000048501216143	0.000050373943823
12304	0.000063918032265	0.000069043966991	0.000063918032265
12305	0.000048563792553	0.000047227075753	0.000048563792553
12306	0.000075356026488	0.000076284076166	0.000075356026488
12307	0.000034797113830	0.000034746791341	0.000034797113830
12308	0.000054984697874	0.000056177487215	0.000054984697874
12309	0.000097515888037	0.000097374863633	0.000097515888037
12310	0.000073810867009	0.000078139739383	0.000073810867009
12311	0.000083533162098	0.000084293832182	0.000083533162098
12312	0.000050800635269	0.000050622181666	0.000050800635269
12313	0.000090483727367	0.000091102124795	0.000090483727367
12314	0.000054476890537	0.000054398107775	0.000054476890537
12315	0.000102369044415	0.000102221001529	0.000102369044415
12316	0.000096391707845	0.000096889173517	0.000096391707845
12317	0.000038226561030	0.000038129957108	0.000038226561030
12318	0.000101413491251	0.000101808164930	0.000101413491251
12319	0.000050113688078	0.000050041215241	0.000050113688078
12320	0.000106494227336	0.000106340218741	0.000106494227336
12321	0.000144787263015	0.000143522406943	0.000144787263015
12322	0.000110000632819	0.000109841553370	0.000110000632819
12323	0.000178589658738	0.000178331388002	0.000178589658738
12324	0.000066217532776	0.000067203231573	0.000066217532776
12325	0.000095381144547	0.000095243207342	0.000095381144547
12326	0.000100554512448	0.000100409093681	0.000100554512448
12327	0.000104951875164	0.000104800097070	0.000104951875164
12328	0.000037006603812	0.000037402076102	0.000037006603812
12329	0.000108689633473	0.000108532449950	0.000108689633473
12330	0.000125248194014	0.000125224971132	0.000125248194014
12331	0.000044393513769	0.000043881451639	0.000044393513769
12332	0.000045643941767	0.000044659252182	0.000045643941767
12333	0.000111866728035	0.000111704949898	0.000111866728035
12334	0.000125941504495	0.000125893592903	0.000125941504495
12335	0.000039706550985	0.000039330900073	0.000039706550985
12336	0.000114567258413	0.000114401574854	0.000114567258413
12337	0.000053231107920	0.000052883632503	0.000053231107920
12338	0.000126530818404	0.000126461921408	0.000126530818404
12339	0.000116862709234	0.000116693706067	0.000116862709234
12340	0.000064726981315	0.000064403455068	0.000064726981315
12341	0.000127031735226	0.000126945000638	0.000127031735226
12342	0.000127457514526	0.000127355617983	0.000127457514526
12343	0.000056687533170	0.000056229308286	0.000056687533170
12344	0.000127819426930	0.000127704642726	0.000127819426930
12345	0.000045643941767	0.000044659252182	0.000045643941767
12346	0.000074498473701	0.000074195304249	0.000074498473701
12347	0.000128127052474	0.000128001313758	0.000128127052474
12348	0.000194434456724	0.000193536278071	0.000194434456724
12349	0.000128388534186	0.000128253484135	0.000128388534186
12350	0.000073973628548	0.000072808071456	0.000073973628548
12351	0.000074570302322	0.000074287646227	0.000074570302322
12352	0.000225066615437	0.000221960057009	0.000225066615437
12353	0.000128610793641	0.000128467828956	0.000128610793641
12354	0.000082804242229	0.000082518376052	0.000082804242229
12355	0.000128799714178	0.000128650022053	0.000128799714178
12356	0.000089864145478	0.000089592987085	0.000089864145478
12357	0.000095865063239	0.000095606406463	0.000095865063239
12358	0.000100965843337	0.000100717812934	0.000100965843337
12359	0.000105301506419	0.000105062508435	0.000105301506419
12360	0.000128960296635	0.000128804886186	0.000128960296635
12361	0.000037006603812	0.000037402076102	0.000037006603812
12362	0.000108986820040	0.000108755499611	0.000108986820040
12363	0.000129096791723	0.000128936520699	0.000129096791723
12364	0.000112119336617	0.000111894542110	0.000112119336617
12365	0.000129212812547	0.000129048410035	0.000129212812547
12366	0.000114781975708	0.000114562728234	0.000114781975708
12367	0.000117045218935	0.000116830686440	0.000117045218935
12368	0.000118968975678	0.000118758450915	0.000118968975678
12369	0.000129311430248	0.000129143515970	0.000129311430248
12370	0.000054031668909	0.000053813510509	0.000054031668909
12371	0.000120604168909	0.000120397050718	0.000120604168909
12372	0.000129395255294	0.000129224356016	0.000129395255294
12373	0.000121994083156	0.000121789860551	0.000121994083156
12374	0.000123175510266	0.000122973748909	0.000123175510266
12375	0.000124179723309	0.000123980054014	0.000124179723309
12376	0.000125033304396	0.000124835413352	0.000125033304396
12377	0.000036120492344	0.000036068256026	0.000036120492344
12378	0.000059980744272	0.000059492069546	0.000059980744272
12379	0.000125758848320	0.000125562468790	0.000125758848320
12380	0.000126375560655	0.000126180465913	0.000126375560655
12381	0.000057215026287	0.000056751601334	0.000057215026287
12382	0.000126899766140	0.000126705763467	0.000126899766140
12383	0.000127345340802	0.000127152266387	0.000127345340802
12384	0.000127724079265	0.000127531793870	0.000127724079265
12385	0.000072246137865	0.000072141657777	0.000072246137865
12386	0.000128046006958	0.000127854392230	0.000128046006958
12387	0.000074570302322	0.000074287646227	0.000074570302322
12388	0.000128319645498	0.000128128600837	0.000128319645498
12389	0.000128552238256	0.000128361678152	0.000128552238256
12390	0.000074570302322	0.000074287646228	0.000074570302322
12391	0.000037403533199	0.000035273223228	0.000037403533199
12392	0.000082865296557	0.000082596866734	0.000082865296557
12393	0.000128749942101	0.000128559793870	0.000128749942101
12394	0.000129466506583	0.000129293070054	0.000129466506583
12395	0.000128917990369	0.000128728192230	0.000128917990369
12396	0.000089916041656	0.000089659704165	0.000089916041656
12397	0.000050182958075	0.000050110385063	0.000050182958075
12398	0.000129527070179	0.000129351476987	0.000129527070179
12399	0.000068113311927	0.000067691228574	0.000068113311927
12400	0.000129060831397	0.000128871330836	0.000129060831397
12401	0.000095909174991	0.000095663115981	0.000095909174991
12402	0.000129182246271	0.000128992998652	0.000129182246271
12403	0.000129578549235	0.000129401122880	0.000129578549235
12404	0.000129285448913	0.000129096416295	0.000129285448913
12405	0.000101003338326	0.000100766016025	0.000101003338326
12406	0.000069996386808	0.000069549946315	0.000069996386808
12407	0.000075765442443	0.000076575114278	0.000075765442443
12408	0.000129622306433	0.000129443321888	0.000129622306433
12409	0.000062136053947	0.000062046194744	0.000062136053947
12410	0.000129659500051	0.000129479191046	0.000129659500051
12411	0.000129373171159	0.000129184321291	0.000129373171159
12412	0.000152757080251	0.000151833898577	0.000152757080251
12413	0.000105333377160	0.000105103481062	0.000105333377160
12414	0.000083881165660	0.000084541214577	0.000083881165660
12415	0.000129447735069	0.000129259040538	0.000129447735069
12416	0.000019480539583	0.000019452367441	0.000019480539583
12417	0.000109013910169	0.000108790326343	0.000109013910169
12418	0.000090779530394	0.000091312399831	0.000090779530394
12419	0.000072296185438	0.000072191632973	0.000072296185438
12420	0.000129511114392	0.000129322551898	0.000129511114392
12421	0.000077376854721	0.000076989911729	0.000077376854721
12422	0.000112142363227	0.000111924144833	0.000112142363227
12423	0.000080932297206	0.000080815255468	0.000080932297206
12424	0.000129564986816	0.000129376536554	0.000129564986816
12425	0.000037403533199	0.000035273223228	0.000037403533199
12426	0.000114801548326	0.000114587890548	0.000114801548326
12427	0.000088615604349	0.000088075331070	0.000088615604349
12428	0.000117061855660	0.000116852074407	0.000117061855660
12429	0.000163090894757	0.000161819605506	0.000163090894757
12430	0.000094803803280	0.000094316398850	0.000094803803280
12431	0.000118983116894	0.000118776630687	0.000118983116894
12432	0.000129691114627	0.000129509679830	0.000129691114627
12433	0.000088272992208	0.000088145334589	0.000088272992208
12434	0.000120616188943	0.000120412503524	0.000120616188943
12435	0.000094512582960	0.000094375901841	0.000094512582960
12436	0.000099816235099	0.000099671884006	0.000099816235099
12437	0.000122004300185	0.000121802995437	0.000122004300185
12438	0.000104324339417	0.000104173468846	0.000104324339417
12439	0.000123184194741	0.000122984913562	0.000123184194741
12440	0.000129610778377	0.000129422423512	0.000129610778377
12441	0.000129717987016	0.000129535595296	0.000129717987016
12442	0.000091390045366	0.000090956182230	0.000091390045366
12443	0.000129649701203	0.000129461427426	0.000129649701203
12444	0.000124187105113	0.000123989543968	0.000124187105113
12445	0.000097162078145	0.000096765122336	0.000097162078145
12446	0.000129682785606	0.000129494580753	0.000129682785606
12447	0.000101743014799	0.000100514190384	0.000101743014799
12448	0.000062721320873	0.000047931388050	0.000062721320873
12449	0.000125039578929	0.000124843479814	0.000125039578929
12450	0.000129710907348	0.000129522761081	0.000129710907348
12451	0.000108156228088	0.000107999815960	0.000108156228088
12452	0.000129734810829	0.000129546714359	0.000129734810829
12453	0.000129755128788	0.000129567074646	0.000129755128788
12454	0.000129772399053	0.000129584380890	0.000129772399053
12455	0.000129787078778	0.000129599091197	0.000129787078778
12456	0.000129740828547	0.000129557623442	0.000129740828547
12457	0.000129799556545	0.000129611594959	0.000129799556545
12458	0.000129810162646	0.000129622223156	0.000129810162646
12459	0.000129819177832	0.000129631257123	0.000129819177832
12460	0.000129760243848	0.000129576347367	0.000129760243848
12461	0.000129826840741	0.000129638935995	0.000129826840741
12462	0.000102068306006	0.000101702721427	0.000102068306006
12463	0.000129833354213	0.000129645463037	0.000129833354213
12464	0.000129838890664	0.000129651011022	0.000129838890664
12465	0.000106238599688	0.000105899680654	0.000106238599688
12466	0.000111413333458	0.000111252211006	0.000111413333458
12467	0.000129843596648	0.000129655726810	0.000129843596648
12468	0.000129776746854	0.000129592262703	0.000129776746854
12469	0.000129847596734	0.000129659735229	0.000129847596734
12470	0.000129850996807	0.000129663142385	0.000129850996807
12471	0.000109783349318	0.000109467095996	0.000109783349318
12472	0.000129853886869	0.000129666038468	0.000129853886869
12473	0.000129856343422	0.000129668500139	0.000129856343422
12474	0.000114181873022	0.000114016746796	0.000114181873022
12475	0.000129858431492	0.000129670592559	0.000129858431492
12476	0.000019480539583	0.000019452367441	0.000019480539583
12477	0.000052597456875	0.000052521392090	0.000052597456875
12478	0.000019480539583	0.000019452367441	0.000019480539583
12479	0.000129860206351	0.000129672371116	0.000129860206351
12480	0.000129861714982	0.000129673882889	0.000129861714982
12481	0.000116535131652	0.000116366602218	0.000116535131652
12482	0.000129862997318	0.000129675167897	0.000129862997318
12483	0.000129864087303	0.000129676260153	0.000129864087303
12484	0.000129790774409	0.000129605790738	0.000129790774409
12485	0.000095051789766	0.000094701248954	0.000095051789766
12486	0.000129865013791	0.000129677188571	0.000129865013791
12487	0.000125764181673	0.000125569325283	0.000125764181673
12488	0.000118535401488	0.000118363979326	0.000118535401488
12489	0.000100274560884	0.000099948429052	0.000100274560884
12490	0.000042420469635	0.000042448043162	0.000042420469635
12491	0.000129802697831	0.000129617289568	0.000129802697831
12492	0.000097018833628	0.000096652720168	0.000097018833628
12493	0.000094545493983	0.000094215114884	0.000094545493983
12494	0.000129865801305	0.000129677977726	0.000129865801305
12495	0.000054004581033	0.000054074368118	0.000054004581033
12496	0.000129866470693	0.000129678648508	0.000129866470693
12497	0.000060713543875	0.000060529773512	0.000060713543875
12498	0.000067999651435	0.000068599686820	0.000067999651435
12499	0.000099844209469	0.000099535215092	0.000099844209469
12500	0.000104348117632	0.000104057300269	0.000104348117632
12501	0.000108176439570	0.000107901072669	0.000108176439570
12502	0.000053231107920	0.000052883632503	0.000053231107920
12503	0.000111430513218	0.000111168279210	0.000111430513218
12504	0.000114196475818	0.000113945404769	0.000114196475818
12505	0.000102836143235	0.000102628668105	0.000102836143235
12506	0.000106891261333	0.000106686735330	0.000106891261333
12507	0.000129812832739	0.000129627063574	0.000129812832739
12508	0.000076000840833	0.000074679098615	0.000076000840833
12509	0.000129867039672	0.000129679218672	0.000129867039672
12510	0.000129867523304	0.000129679703312	0.000129867523304
12511	0.000129867934392	0.000129680115256	0.000129867934392
12512	0.000129868283816	0.000129680465409	0.000129868283816
12513	0.000129868580827	0.000129680763038	0.000129868580827
12514	0.000129868833286	0.000129681016023	0.000129868833286
12515	0.000129869047876	0.000129681231061	0.000129869047876
12516	0.000129869230278	0.000129681413842	0.000129869230278
12517	0.000082722995053	0.000082528355682	0.000082722995053
12518	0.000129869385320	0.000129681569207	0.000129869385320
12519	0.000099063827678	0.000098855348686	0.000099063827678
12520	0.000129869517105	0.000129681701266	0.000129869517105
12521	0.000150731011531	0.000150641637415	0.000150731011531
12522	0.000129869629122	0.000129681813517	0.000129869629122
12523	0.000129869724337	0.000129681908930	0.000129869724337
12524	0.000129869805270	0.000129681990032	0.000129869805270
12525	0.000101079953090	0.000100874799421	0.000101079953090
12526	0.000121721859075	0.000119925947136	0.000121721859075
12527	0.000129869874062	0.000129682058968	0.000129869874062
12528	0.000129869932536	0.000129682117563	0.000129869932536
12529	0.000054637812481	0.000054526918606	0.000054637812481
12530	0.000129869982239	0.000129682167370	0.000129869982239
12531	0.000129870024486	0.000129682209705	0.000129870024486
12532	0.000103684793109	0.000103479413824	0.000103684793109
12533	0.000041081535585	0.000040367080332	0.000041081535585
12534	0.000057009262275	0.000065780482239	0.000057009262275
12535	0.000107612613726	0.000107409869191	0.000107612613726
12536	0.000110951261250	0.000110750756253	0.000110951261250
12537	0.000113789111646	0.000113590510256	0.000113789111646
12538	0.000104117908950	0.000103936197241	0.000104117908950
12539	0.000107980762191	0.000107798135096	0.000107980762191
12540	0.000111264187445	0.000111080782272	0.000111264187445
12541	0.000038657294588	0.000038200389137	0.000038657294588
12542	0.000114055098912	0.000113871032372	0.000114055098912
12543	0.000129870060397	0.000129682245690	0.000129870060397
12544	0.000129870090920	0.000129682276277	0.000129870090920
12545	0.000129870116865	0.000129682302277	0.000129870116865
12546	0.000129870138919	0.000129682324376	0.000129870138919
12547	0.000040550255519	0.000039739354221	0.000040550255519
12548	0.000129870157664	0.000129682343160	0.000129870157664
12549	0.000129870173598	0.000129682359127	0.000129870173598
12550	0.000095364308357	0.000095668231823	0.000095364308357
12551	0.000053948256774	0.000053230818529	0.000053948256774
12552	0.000111768096421	0.000111550870477	0.000111768096421
12553	0.000114483421541	0.000114270607346	0.000114483421541
12554	0.000116791447893	0.000116582383685	0.000116791447893
12555	0.000118753270292	0.000118547393573	0.000118753270292
12556	0.000120420819331	0.000120217651978	0.000120420819331
12557	0.000104130102212	0.000103947950371	0.000104130102212
12558	0.000107991126463	0.000107808125256	0.000107991126463
12559	0.000065599217758	0.000106946599903	0.000065599217758
12560	0.000055146818896	0.000055002638128	0.000055146818896
12561	0.000115133851144	0.000113785391670	0.000115133851144
12562	0.000019480539583	0.000019452367441	0.000019480539583
12563	0.000097778439018	0.000097621579598	0.000097778439018
12564	0.000102592212749	0.000102430710099	0.000102592212749
12565	0.000106683920420	0.000106518471025	0.000106683920420
12566	0.000055891555241	0.000055810726636	0.000055891555241
12567	0.000056989146570	0.000056707347841	0.000056989146570
12568	0.000110161871940	0.000109993067812	0.000110161871940
12569	0.000113118130732	0.000112946475081	0.000113118130732
12570	0.000115630950705	0.000115456871260	0.000115630950705
12571	0.000117766847683	0.000117590708012	0.000117766847683
12572	0.000119582360114	0.000119404469251	0.000119582360114
12573	0.000178231541593	0.000175602517681	0.000178231541593
12574	0.000088601107482	0.000086619509937	0.000088601107482
12575	0.000094791480943	0.000093078950887	0.000094791480943
12576	0.000100053298385	0.000098569475695	0.000100053298385
12577	0.000104525843210	0.000103236421782	0.000104525843210
12578	0.000108327506312	0.000107203325955	0.000108327506312
12579	0.000065599217758	0.000063199483672	0.000065599217758
12580	0.000072622778380	0.000072360391985	0.000072622778380
12581	0.000085162508109	0.000083505778065	0.000085162508109
12582	0.000065599217758	0.000063199483672	0.000065599217758
12583	0.000095587150369	0.000094874336592	0.000095587150369
12584	0.000127328579381	0.000124705816859	0.000127328579381
12585	0.000097758460720	0.000097263172562	0.000097758460720
12586	0.000102575231195	0.000102126064119	0.000102575231195
12587	0.000106669486099	0.000106259521942	0.000106669486099
12588	0.000110149602768	0.000109772961091	0.000110149602768
12589	0.000129870187141	0.000129682372699	0.000129870187141
12590	0.000113107701936	0.000112759384368	0.000113107701936
12591	0.000129870198653	0.000129682384235	0.000129870198653
12592	0.000065599217758	0.000063199483672	0.000065599217758
12593	0.000066200791362	0.000064140428949	0.000066200791362
12594	0.000075751212241	0.000073971732047	0.000075751212241
12595	0.000034651641101	0.000032867832630	0.000034651641101
12596	0.000096397223383	0.000096146819075	0.000096397223383
12597	0.000095272856468	0.000095047803939	0.000095272856468
12598	0.000100462467581	0.000100243000789	0.000100462467581
12599	0.000072320646635	0.000072216058795	0.000072320646635
12600	0.000050216814403	0.000050144192429	0.000050216814403
12601	0.000104873637027	0.000104658918111	0.000104873637027
12602	0.000108623131056	0.000108412447835	0.000108623131056
12603	0.000061021572711	0.000060933325235	0.000061021572711
12604	0.000062164831826	0.000062074931005	0.000062164831826
12605	0.000048934434519	0.000047390025177	0.000048934434519
12606	0.000065599217758	0.000063199483672	0.000065599217758
12607	0.000058470408881	0.000058332917506	0.000058470408881
12608	0.000088794169855	0.000088225699781	0.000088794169855
12609	0.000048188542197	0.000047503196658	0.000048188542197
12610	0.000094955583960	0.000094444212254	0.000094955583960
12611	0.000139644462415	0.000138915763951	0.000139644462415
12612	0.000100192785949	0.000099729947857	0.000100192785949
12613	0.000104644407640	0.000104222823119	0.000104644407640
12614	0.000108428286077	0.000108041767092	0.000108428286077
12615	0.000122061684757	0.000121975892014	0.000122061684757
12616	0.000050113688078	0.000050041215241	0.000050113688078
12617	0.000126380094005	0.000126186293931	0.000126380094005
12618	0.000062077174449	0.000061987400396	0.000062077174449
12619	0.000123232971627	0.000123131875653	0.000123232971627
12620	0.000124228565466	0.000124114461746	0.000124228565466
12621	0.000125074820229	0.000124949659925	0.000125074820229
12622	0.000126903619487	0.000126710717282	0.000126903619487
12623	0.000055917312344	0.000056521751088	0.000055917312344
12624	0.000039746425791	0.000039574115242	0.000039746425791
12625	0.000111644582749	0.000111287869469	0.000111644582749
12626	0.000127348616148	0.000127156477131	0.000127348616148
12627	0.000125794136778	0.000125659578377	0.000125794136778
12628	0.000127726863309	0.000127535373002	0.000127726863309
12629	0.000114378434919	0.000114047056490	0.000114378434919
12630	0.000116702209265	0.000116392365457	0.000116702209265
12631	0.000128048373395	0.000127857434492	0.000128048373395
12632	0.000126405555845	0.000126263009061	0.000126405555845
12633	0.000118677417458	0.000118385878079	0.000118677417458
12634	0.000128321656969	0.000128131186759	0.000128321656969
12635	0.000126925262051	0.000126775925143	0.000126925262051
12636	0.000019480539583	0.000019452367441	0.000019480539583
12637	0.000036038998229	0.000035986879765	0.000036038998229
12638	0.000128553948007	0.000128363876186	0.000128553948007
12639	0.000120356344423	0.000120080363808	0.000120356344423
12640	0.000128751395389	0.000128561662199	0.000128751395389
12641	0.000127367012327	0.000127211903812	0.000127367012327
12642	0.000121783432342	0.000121520676678	0.000121783432342
12643	0.000128919225664	0.000128729780310	0.000128919225664
12644	0.000116931785133	0.000115737312944	0.000116931785133
12645	0.000064363855686	0.000063934006556	0.000064363855686
12646	0.000129061881398	0.000128872680704	0.000129061881398
12647	0.000127742500061	0.000127582485681	0.000127742500061
12648	0.000122996457074	0.000122744942617	0.000122996457074
12649	0.000124027528096	0.000123785568665	0.000124027528096
12650	0.000038420483599	0.000038388473047	0.000038420483599
12651	0.000129183138771	0.000128994146039	0.000129183138771
12652	0.000124903938465	0.000124670100806	0.000124903938465
12653	0.000129286207539	0.000129097391574	0.000129286207539
12654	0.000125648887278	0.000125421953126	0.000125648887278
12655	0.000126282093770	0.000126061027598	0.000126282093770
12656	0.000126820319288	0.000126604240899	0.000126820319288
12657	0.000127277810978	0.000127065972205	0.000127277810978
12658	0.000127666678914	0.000127458443815	0.000127666678914
12659	0.000194252846817	0.000192552354048	0.000194252846817
12660	0.000127997216660	0.000127792044684	0.000127997216660
12661	0.000128278173744	0.000128075605422	0.000128278173744
12662	0.000128516987266	0.000128316632049	0.000128516987266
12663	0.000128719978759	0.000128521504683	0.000128719978759
12664	0.000128892521528	0.000128695646421	0.000128892521528
12665	0.000129039182882	0.000128843666899	0.000129039182882
12666	0.000129163845033	0.000128969484305	0.000129163845033
12667	0.000105480831649	0.000105328288595	0.000105480831649
12668	0.000039746425791	0.000039574115242	0.000039746425791
12669	0.000129269807861	0.000129076429100	0.000129269807861
12670	0.000129359876265	0.000129167332176	0.000129359876265
12671	0.000064309893034	0.000064216890093	0.000064309893034
12672	0.000129436434409	0.000129244599790	0.000129436434409
12673	0.000129501508831	0.000129310277262	0.000129501508831
12674	0.000129556822089	0.000129366103114	0.000129556822089
12675	0.000170977349937	0.000168714507470	0.000170977349937
12676	0.000129603838359	0.000129413555087	0.000129603838359
12677	0.000129643802188	0.000129453889265	0.000129643802188
12678	0.000164811287030	0.000162859698790	0.000164811287030
12679	0.000129677771443	0.000129488173316	0.000129677771443
12680	0.000089525336571	0.000088667739427	0.000089525336571
12681	0.000129706645310	0.000129517314760	0.000129706645310
12682	0.000171673611754	0.000170187524466	0.000171673611754
12683	0.000129731188097	0.000129542084986	0.000129731188097
12684	0.000129752049465	0.000129563139679	0.000129752049465
12685	0.000129769781629	0.000129581036168	0.000129769781629
12686	0.000058844861439	0.000058759761855	0.000058844861439
12687	0.000129784853968	0.000129596248184	0.000129784853968
12688	0.000108862993662	0.000108705559431	0.000108862993662
12689	0.000129797665456	0.000129609178397	0.000129797665456
12690	0.000129808555220	0.000129620169078	0.000129808555220
12691	0.000165403109574	0.000164111763237	0.000165403109574
12692	0.000160073182721	0.000158947366192	0.000160073182721
12693	0.000155542744896	0.000154557628704	0.000155542744896
12694	0.000151691872745	0.000150826351839	0.000151691872745
12695	0.000148418631416	0.000147654766504	0.000148418631416
12696	0.000145636376287	0.000144958918969	0.000145636376287
12697	0.000039746425791	0.000039574115242	0.000039746425791
12698	0.000143271459427	0.000142667448565	0.000143271459427
12699	0.000086768627789	0.000086496923246	0.000086768627789
12700	0.000141261280096	0.000140719698721	0.000141261280096
12701	0.000139552627665	0.000139064111353	0.000139552627665
12702	0.000138100273098	0.000137656862091	0.000138100273098
12703	0.000039746425791	0.000039574115242	0.000039746425791
12704	0.000129817811521	0.000129629511157	0.000129817811521
12705	0.000060766208764	0.000060649485359	0.000060766208764
12706	0.000136865771717	0.000136460700218	0.000136865771717
12707	0.000135816445542	0.000135443962626	0.000135816445542
12708	0.000102037999480	0.000101287117911	0.000102037999480
12709	0.000034383152364	0.000034333428533	0.000034383152364
12710	0.000110640475288	0.000110406607068	0.000110640475288
12711	0.000134924518294	0.000134579735673	0.000134924518294
12712	0.000134166380133	0.000133845142763	0.000134166380133
12713	0.000056357206393	0.000056213559820	0.000056357206393
12714	0.000106212839141	0.000105546417665	0.000106212839142
12715	0.000109761452853	0.000109166822456	0.000109761452853
12716	0.000065599217758	0.000063199483672	0.000065599217758
12717	0.000065599217758	0.000063199483672	0.000065599217758
12718	0.000111132777054	0.000108162204069	0.000111132777054
12719	0.000067384165018	0.000067233893288	0.000067384165018
12720	0.000133521962697	0.000133220738789	0.000133521962697
12721	0.000112777774509	0.000112244166529	0.000112777774509
12722	0.000129825679376	0.000129637451924	0.000129825679376
12723	0.000132974207875	0.000132689995412	0.000132974207875
12724	0.000076757079848	0.000076601176736	0.000076757079848
12725	0.000129832367052	0.000129644201577	0.000129832367053
12726	0.000132508616277	0.000132238863541	0.000132508616277
12727	0.000115341647916	0.000114859908990	0.000115341647916
12728	0.000065599217758	0.000063199483672	0.000065599217758
12729	0.000084724057454	0.000084563367666	0.000084724057454
12730	0.000065599217758	0.000063199483672	0.000065599217758
12731	0.000077284223677	0.000077053779786	0.000077284223677
12732	0.000043585112680	0.000043522081264	0.000043585112680
12733	0.000065599217758	0.000063199483672	0.000065599217758
12734	0.000117520940311	0.000117083290082	0.000117520940311
12735	0.000091495988419	0.000091331229957	0.000091495988419
12736	0.000129838051578	0.000129649938781	0.000129838051578
12737	0.000075239874677	0.000073171928562	0.000075239874677
12738	0.000129842883424	0.000129654815405	0.000129842883424
12739	0.000129846990494	0.000129658960535	0.000129846990494
12740	0.000119373338848	0.000118973164011	0.000119373338848
12741	0.000129850481503	0.000129662483895	0.000129850481503
12742	0.000129853448861	0.000129665478752	0.000129853448861
12743	0.000120947877604	0.000120579556850	0.000120947877604
12744	0.000129855971115	0.000129668024380	0.000129855971115
12745	0.000129858115031	0.000129670188164	0.000129858115031
12746	0.000122286235546	0.000121944990763	0.000122286235546
12747	0.000129859937359	0.000129672027380	0.000129859937359
12748	0.000123423839798	0.000123105609590	0.000123423839798
12749	0.000124390803411	0.000124092135592	0.000124390803411
12750	0.000222237090723	0.000289282534020	0.000222237090723
12751	0.000033496053070	0.000033386615803	0.000033496053070
12752	0.000125212722483	0.000124930682694	0.000125212722483
12753	0.000125911353693	0.000125643447731	0.000125911353693
12754	0.000126505190223	0.000126249298012	0.000126505190223
12755	0.000127009951272	0.000126764270751	0.000127009951272
12756	0.000127438998165	0.000127201997579	0.000127438998165
12757	0.000069019254841	0.000068837809436	0.000069019254841
12758	0.000065599217758	0.000063199483672	0.000065599217758
12759	0.000127803688023	0.000127574065383	0.000127803688023
12760	0.000050113688078	0.000050041215241	0.000050113688078
12761	0.000128113674403	0.000127890323016	0.000128113674403
12762	0.000033496053070	0.000033386615803	0.000033496053070
12763	0.000033496053070	0.000033386615803	0.000033496053070
12764	0.000128377162826	0.000128159142005	0.000128377162826
12765	0.000102426006552	0.000102233548166	0.000102426006552
12766	0.000106542645153	0.000106350883382	0.000106542645153
12767	0.000033496053070	0.000033386615803	0.000033496053070
12768	0.000110041787963	0.000109850618315	0.000110041787963
12769	0.000128601127985	0.000128387638145	0.000128601127985
12770	0.000113016059352	0.000112825393009	0.000113016059352
12771	0.000115544190032	0.000115353951498	0.000115544190032
12772	0.000117693101110	0.000117503226214	0.000117693101110
12773	0.000128791498370	0.000128581859864	0.000128791498370
12774	0.000119519675527	0.000119330109723	0.000119519675527
12775	0.000121072263781	0.000120882960705	0.000121072263781
12776	0.000128953313198	0.000128746948325	0.000128953313198
12777	0.000122391963797	0.000122202884040	0.000122391963797
12778	0.000129090855802	0.000128887273517	0.000129090855802
12779	0.000092437894118	0.000092290651550	0.000092437894118
12780	0.000129207767014	0.000129006549930	0.000129207767014
12781	0.000136664688624	0.000136467048458	0.000136664688624
12782	0.000065599217758	0.000063199483672	0.000065599217758
12783	0.000077730547803	0.000077618136335	0.000077730547803
12784	0.000065599217758	0.000063199483672	0.000065599217758
12785	0.000090734428854	0.000090590324668	0.000090734428854
12786	0.000180114603330	0.000179854127267	0.000180114603330
12787	0.000129307141545	0.000129107934882	0.000129307141545
12788	0.000085551505216	0.000085427783325	0.000085551505216
12789	0.000129391609897	0.000129194112090	0.000129391609897
12790	0.000092199319017	0.000092065983267	0.000092199319017
12791	0.000129463407995	0.000129267362717	0.000129463407995
12792	0.000075362822097	0.000075641148842	0.000075362822097
12793	0.000096029245998	0.000095890371529	0.000096029245998
12794	0.000080957305758	0.000080927204647	0.000080957305758
12795	0.000129524436379	0.000129329625751	0.000129524436379
12796	0.000043542414076	0.000043219162018	0.000043542414076
12797	0.000088294249477	0.000088240491391	0.000088294249477
12798	0.000101105398682	0.000100959183241	0.000101105398682
12799	0.000079613392803	0.000079716222187	0.000079613392803
12800	0.000042711320912	0.000042511921835	0.000042711320912
12801	0.000180675237783	0.000178667242900	0.000180675237783
12802	0.000129576310506	0.000129382549329	0.000129576310506
12803	0.000129620403513	0.000129427534370	0.000129620403513
12804	0.000081263856538	0.000081235443501	0.000081263856538
12805	0.000180675237783	0.000178667242900	0.000180675237783
12806	0.000105420128463	0.000105267673195	0.000105420128463
12807	0.000129657882569	0.000129465771655	0.000129657882569
12808	0.000047952184693	0.000047830990874	0.000047952184693
12809	0.000079565443419	0.000079454663689	0.000079565443419
12810	0.000054476890537	0.000054398107775	0.000054476890537
12811	0.000081635151710	0.000081517229262	0.000081635151710
12812	0.000109087648777	0.000108929889657	0.000109087648777
12813	0.000082786551591	0.000082668698579	0.000082786551591
12814	0.000080316064815	0.000080204901379	0.000080316064815
12815	0.000129689739767	0.000129498273348	0.000129689739767
12816	0.000083541219484	0.000083475063342	0.000083541219484
12817	0.000129716818385	0.000129525899787	0.000129716818385
12818	0.000090490576144	0.000090406171281	0.000090490576144
12819	0.000033916655048	0.000033869076290	0.000033916655048
12820	0.000096397529306	0.000096297613030	0.000096397529306
12821	0.000051552066631	0.000051508187610	0.000051552066631
12822	0.000101418439493	0.000101305338516	0.000101418439493
12823	0.000129739835211	0.000129549382259	0.000129739835211
12824	0.000105686213152	0.000105561905180	0.000105686213152
12825	0.000092669645956	0.000084465447077	0.000092669645956
12826	0.000112205041043	0.000112042773649	0.000112205041043
12827	0.000060239896572	0.000060108709683	0.000060239896572
12828	0.000109313820763	0.000109179986843	0.000109313820763
12829	0.000129759399512	0.000129569342361	0.000129759399512
12830	0.000070684451669	0.000070544770672	0.000070684451669
12831	0.000112397287231	0.000112255356258	0.000112397287231
12832	0.000115018233730	0.000114869420260	0.000115018233730
12833	0.000048309696374	0.000048241082287	0.000048309696374
12834	0.000117246038254	0.000117091374662	0.000117246038254
12835	0.000060543781501	0.000060457287385	0.000060543781501
12836	0.000119139672099	0.000118980035903	0.000119139672099
12837	0.000129776029168	0.000129586308448	0.000129776029169
12838	0.000079562323502	0.000079415422512	0.000079562323502
12839	0.000070942753859	0.000070841061718	0.000070942753859
12840	0.000079781880363	0.000079667269901	0.000079781880363
12841	0.000120749260867	0.000120585397959	0.000120749260867
12842	0.000087295137892	0.000087169546857	0.000087295137892
12843	0.000093681406791	0.000093546482269	0.000093681406791
12844	0.000114854824470	0.000114688725043	0.000114854824470
12845	0.000099109735356	0.000098966877369	0.000099109735356
12846	0.000129790164376	0.000129600729621	0.000129790164376
12847	0.000122117411320	0.000121949955706	0.000122117411320
12848	0.000103723814636	0.000103574213205	0.000103723814636
12849	0.000087108514560	0.000086955476576	0.000087108514560
12850	0.000107645782023	0.000107490448665	0.000107645782023
12851	0.000129802179303	0.000129612987619	0.000129802179303
12852	0.000123280339205	0.000123109829790	0.000123280339205
12853	0.000110979454303	0.000110819248806	0.000110979454303
12854	0.000204104163423	0.000203809379648	0.000204104163423
12855	0.000124268827908	0.000124095722763	0.000124268827908
12856	0.000106224809038	0.000106071353791	0.000106224809038
12857	0.000106224809038	0.000106071353791	0.000106224809038
12858	0.000109771627265	0.000109613018163	0.000109771627265
12859	0.000117107140383	0.000116937783727	0.000117107140383
12860	0.000112786422759	0.000112623432880	0.000112786422759
12861	0.000115348998928	0.000115182285389	0.000115348998928
12862	0.000060267049595	0.000060116086219	0.000060267049595
12863	0.000117527188672	0.000117357310021	0.000117527188672
12864	0.000120235630848	0.000120061749868	0.000120235630848
12865	0.000121680825804	0.000121504854828	0.000121680825804
12866	0.000129812391991	0.000129623406917	0.000129812391991
12867	0.000122909241516	0.000122731494045	0.000122909241516
12868	0.000119021608908	0.000118849483609	0.000119021608908
12869	0.000123953394872	0.000123774137379	0.000123953394872
12870	0.000119378649955	0.000119206080959	0.000119378649955
12871	0.000120952392045	0.000120777536256	0.000120952392045
12872	0.000124840925224	0.000124660384213	0.000124840925224
12873	0.000122290072821	0.000122113273258	0.000122290072821
12874	0.000125595326024	0.000125413694022	0.000125595326024
12875	0.000126236566704	0.000126054007359	0.000126236566704
12876	0.000123427101481	0.000123248649710	0.000123427101481
12877	0.000124393575842	0.000124213719694	0.000124393575842
12878	0.000125215079049	0.000125034029181	0.000125215079049
12879	0.000059034502251	0.000058550918623	0.000059034502251
12880	0.000126781621281	0.000126598273696	0.000126781621281
12881	0.000125913356775	0.000125731292245	0.000125913356775
12882	0.000126506892842	0.000126323965849	0.000126506892842
12883	0.000069659866497	0.000069220648270	0.000069659866497
12884	0.000127244917672	0.000127060900083	0.000127244917672
12885	0.000129821072775	0.000129632263320	0.000129821072775
12886	0.000127638719605	0.000127454132511	0.000127638719605
12887	0.000127973451247	0.000127788380075	0.000127973451247
12888	0.000129828451442	0.000129639791263	0.000129828451442
12889	0.000128257973143	0.000128072490505	0.000128257973143
12890	0.000128499816755	0.000128313984370	0.000128499816755
12891	0.000128705383825	0.000128519254155	0.000128705383825
12892	0.000065599217758	0.000063199483672	0.000065599217758
12893	0.000128880115834	0.000128693733473	0.000128880115834
12894	0.000120648907155	0.000120474428508	0.000120648907155
12895	0.000129028638042	0.000128842040892	0.000129028638042
12896	0.000129154881919	0.000128968102199	0.000129154881919
12897	0.000077730547803	0.000077618136335	0.000077730547803
12898	0.000104857874497	0.000101806734255	0.000104857874497
12899	0.000129262189214	0.000129075254310	0.000129262189214
12900	0.000078621695756	0.000078375988791	0.000078621695756
12901	0.000129353400415	0.000129166333605	0.000129353400415
12902	0.000127011398499	0.000126827738412	0.000127011398499
12903	0.000129430929936	0.000129243751005	0.000129430929936
12904	0.000065599217758	0.000063199483672	0.000065599217758
12905	0.000129496830029	0.000129309555795	0.000129496830029
12906	0.000127440228307	0.000127255945091	0.000127440228307
12907	0.000129552845108	0.000129365489866	0.000129552845108
12908	0.000127804733644	0.000127619920768	0.000127804733644
12909	0.000129600457925	0.000129413033827	0.000129600457925
12910	0.000032201494050	0.000032014980199	0.000032201494050
12911	0.000129640928819	0.000129453446194	0.000129640928819
12912	0.000129675329080	0.000129487796706	0.000129675329080
12913	0.000129704569301	0.000129516994641	0.000129704569301
12914	0.000037873871799	0.000037503559090	0.000037873871799
12915	0.000129729423489	0.000129541812885	0.000129729423489
12916	0.000077824984528	0.000070066485202	0.000077824984523
12917	0.000128114563181	0.000127929300094	0.000128114563181
12918	0.000065599217758	0.000063199483672	0.000065599217758
12919	0.000129750549549	0.000129562908393	0.000129750549549
12920	0.000128377918287	0.000128192272521	0.000128377918287
12921	0.000128601770127	0.000128415799083	0.000128601770127
12922	0.000085631776432	0.000079008879863	0.000085631776428
12923	0.000129768506700	0.000129580839575	0.000129768506700
12924	0.000128792044191	0.000128605796662	0.000128792044191
12925	0.000128953777146	0.000128767294603	0.000128953777146
12926	0.000129091250157	0.000128904567853	0.000129091250157
12927	0.000129208102217	0.000129021250116	0.000129208102217
12928	0.000086308980976	0.000086071957913	0.000086308980976
12929	0.000068701216992	0.000073120721307	0.000068701216992
12930	0.000068701216992	0.000073120721307	0.000068701216992
12931	0.000068701216992	0.000073120721307	0.000068701216992
12932	0.000129834723309	0.000129646190014	0.000129834723309
12933	0.000068701216992	0.000073120721307	0.000068701216992
12934	0.000060267049595	0.000060116086219	0.000060267049595
12935	0.000129783770278	0.000129596081080	0.000129783770278
12936	0.000096392305910	0.000093948039830	0.000096392305910
12937	0.000129840054396	0.000129651628953	0.000129840054396
12938	0.000129307426467	0.000129120430040	0.000129307426467
12939	0.000065599217758	0.000063199483672	0.000065599217758
12940	0.000070707531739	0.000070551040727	0.000070707531739
12941	0.000076955600191	0.000063384557448	0.000076955600190
12942	0.000129796744319	0.000129609036358	0.000129796744319
12943	0.000129844585820	0.000129656252051	0.000129844585820
12944	0.000129848437530	0.000129660181684	0.000129848437530
12945	0.000079581941561	0.000079420752059	0.000079581941561
12946	0.000129807772255	0.000129620048345	0.000129807772255
12947	0.000129391852080	0.000129204732974	0.000129391852080
12948	0.000129463613851	0.000129276390469	0.000129463613851
12949	0.000129817146000	0.000129629408534	0.000129817146000
12950	0.000129851711484	0.000129663521872	0.000129851711484
12951	0.000129524611357	0.000129337299339	0.000129524611357
12952	0.000092843173413	0.000092613531667	0.000092843173413
12953	0.000087125189910	0.000086960006691	0.000087125189910
12954	0.000129576459237	0.000129389071879	0.000129576459237
12955	0.000129825113683	0.000129637364695	0.000129825113683
12956	0.000041081535585	0.000040367080332	0.000041081535585
12957	0.000051282839615	0.000047282270100	0.000051282839615
12958	0.000093536951007	0.000093368373128	0.000093536951007
12959	0.000129620529934	0.000129433078538	0.000129620529934
12960	0.000129831886214	0.000129644127432	0.000129831886214
12961	0.000129657990027	0.000129470484198	0.000129657990027
12962	0.000129689831106	0.000129502279009	0.000129689831106
12963	0.000129716896024	0.000129529304599	0.000129716896024
12964	0.000129854494344	0.000129666361032	0.000129854494344
12965	0.000098986947939	0.000098815484600	0.000098986947939
12966	0.000129739901203	0.000129552276350	0.000129739901203
12967	0.000129759455606	0.000129571802338	0.000129759455606
12968	0.000103619445331	0.000103445529351	0.000103619445331
12969	0.000129776076848	0.000129588399428	0.000129776076848
12970	0.000129790204904	0.000129602506955	0.000129790204904
12971	0.000107557068115	0.000107381067389	0.000107557068115
12972	0.000129802213752	0.000129614498352	0.000129802213752
12973	0.000129812421272	0.000129624691040	0.000129812421272
12974	0.000129821097665	0.000129633354825	0.000129821097665
12975	0.000110904047481	0.000110726274721	0.000110904047481
12976	0.000098397236984	0.000098173869358	0.000098397236984
12977	0.000129828472598	0.000129640719042	0.000129828472598
12978	0.000065599217758	0.000063199483672	0.000065599217758
12979	0.000065599217758	0.000063199483672	0.000065599217758
12980	0.000113748979942	0.000113569700954	0.000113748979942
12981	0.000096029245999	0.000095890371529	0.000096029245999
12982	0.000129856859776	0.000129668774318	0.000129856859776
12983	0.000084892799745	0.000073329241271	0.000084892799744
12984	0.000129858870393	0.000129670825611	0.000129858870393
12985	0.000091639419367	0.000081782222521	0.000091639419366
12986	0.000129860579417	0.000129672569210	0.000129860579417
12987	0.000054246402475	0.000054850294480	0.000054246402475
12988	0.000097374046045	0.000088967256584	0.000097374046044
12989	0.000103118191020	0.000102900156395	0.000103118191020
12990	0.000035884731875	0.000035589925862	0.000035884731875
12991	0.000065599217758	0.000063199483672	0.000065599217758
12992	0.000102248478721	0.000095074535537	0.000102248478721
12993	0.000129862032088	0.000129674051270	0.000129862032088
12994	0.000075239874677	0.000073171928562	0.000075239874677
12995	0.000129863266858	0.000129675311020	0.000129863266858
12996	0.000128061664635	0.000127897480270	0.000128061664635
12997	0.000065599217758	0.000063199483672	0.000065599217758
12998	0.000049543454848	0.000048969329774	0.000049543454848
12999	0.000055310366096	0.000055256307851	0.000055310366096
13000	0.000187393520537	0.000182028459401	0.000187393520538
13001	0.000062077174449	0.000061987400396	0.000062077174449
13002	0.000037958996032	0.000042641954447	0.000037958996032
13003	0.000037958996032	0.000042641954447	0.000037958996032
13004	0.000075719018432	0.000075609515974	0.000075719018432
13005	0.000128489494578	0.000126811947700	0.000128489494578
13006	0.000034977081832	0.000035291337627	0.000034977081832
13007	0.000049118814418	0.000048068652652	0.000049118814418
13008	0.000061231531838	0.000060310722195	0.000061231531838
13009	0.000049058086339	0.000048987140081	0.000049058086339
13010	0.000071591201744	0.000071258213555	0.000071591201744
13011	0.000043670985029	0.000043154930696	0.000043670985029
13012	0.000090806189687	0.000090562859837	0.000090806189687
13013	0.000078982065713	0.000078806048400	0.000078982065713
13014	0.000034977081832	0.000035291337627	0.000034977081832
13015	0.000164503406160	0.000162019830074	0.000164503406160
13016	0.000038155321171	0.000036076584005	0.000038155321171
13017	0.000289254931174	0.000276572537240	0.000289254931174
13018	0.000019480539583	0.000019452367441	0.000019480539583
13019	0.000265347231081	0.000254539024095	0.000265347231081
13020	0.000056919038999	0.000056775571847	0.000056919038999
13021	0.000067861722732	0.000067711603510	0.000067861722732
13022	0.000042140694863	0.000042601168428	0.000042140694863
13023	0.000055785162358	0.000055587501001	0.000055785162358
13024	0.000053265001506	0.000053090365397	0.000053265001506
13025	0.000093990799722	0.000090840797631	0.000093990799722
13026	0.000072575370402	0.000071027097604	0.000072575370402
13027	0.000150681283091	0.000150014894169	0.000150681283091
13028	0.000109304051070	0.000109098559985	0.000109304051070
13029	0.000070435274350	0.000069915997763	0.000070435274350
13030	0.000140740386348	0.000140687735000	0.000140740386348
13031	0.000051973116459	0.000051862830983	0.000051973116459
13032	0.000055963112398	0.000053428301870	0.000055963112398
13033	0.000185217155731	0.000182145918512	0.000185217155731
13034	0.000054074640171	0.000053997365286	0.000054074640171
13035	0.000049351022372	0.000049141641341	0.000049351022372
13036	0.000072401604140	0.000065433886632	0.000072401604140
13037	0.000051552066631	0.000051508187610	0.000051552066631
13038	0.000323897772842	0.000330283471817	0.000323897772842
13039	0.000083049473022	0.000077355142958	0.000083049473022
13040	0.000052179260416	0.000051135092594	0.000052179260416
13041	0.000053265001506	0.000053090365397	0.000053265001506
13042	0.000875548124053	0.000946759328227	0.000875548124053
13043	0.000037694844093	0.000037640330998	0.000037694844093
13044	0.000047128476396	0.000044004159708	0.000047128476396
13045	0.000042103255266	0.000037047555692	0.000042103255266
13046	0.000047128476396	0.000044004159708	0.000047128476396
13047	0.000286257251497	0.000282867059348	0.000286257251497
13048	0.000041240589198	0.000040243503263	0.000041240589198
13049	0.000019480539583	0.000019452367441	0.000019480539583
13050	0.000047128476396	0.000044004159708	0.000047128476396
13051	0.000047128476396	0.000044004159708	0.000047128476396
13052	0.000047360207130	0.000046312148001	0.000047360207130
13053	0.000043546863881	0.000042809282901	0.000043546863881
13054	0.000019480539583	0.000019452367441	0.000019480539583
13055	0.000019480539583	0.000019452367441	0.000019480539583
13056	0.000055525348529	0.000055475909817	0.000055525348529
13057	0.000060713543875	0.000060529773512	0.000060713543875
13058	0.000019480539583	0.000019452367441	0.000019480539583
13059	0.000019480539583	0.000019452367441	0.000019480539583
13060	0.000036038998229	0.000035986879765	0.000036038998229
13061	0.000019480539583	0.000019452367441	0.000019480539583
13062	0.000019480539583	0.000019452367441	0.000019480539583
13063	0.000073584953821	0.000100349240779	0.000073584953821
13064	0.000019480539583	0.000019452367441	0.000019480539583
13065	0.000036038998229	0.000035986879765	0.000036038998229
13066	0.000050113688078	0.000050041215241	0.000050113688078
13067	0.000067163587906	0.000057036169299	0.000067163587906
13068	0.000128069479840	0.000227819269286	0.000128069479840
13069	0.000065599217758	0.000063199483672	0.000065599217758
13070	0.000019480539583	0.000019452367441	0.000019480539583
13071	0.000042414386117	0.000041470655051	0.000042414386117
13072	0.000038269561650	0.000037206262807	0.000038269561650
13073	0.000166053860879	0.000195981176766	0.000166053860879
13074	0.000579565575025	0.000576084125097	0.000579565575025
13075	0.000060568011103	0.000057375993243	0.000060568011103
13076	0.000057884311176	0.000074368147786	0.000057884311176
13077	0.000019480539583	0.000019452367441	0.000019480539583
13078	0.000066288367565	0.000066093064795	0.000066288367565
13079	0.000756327233327	0.001246110989413	0.000756327233327
13080	0.000193981091591	0.000211187594128	0.000193981091591
13081	0.000424071433535	0.000423249298638	0.000424071433535
13082	0.000030774788251	0.000030730282722	0.000030774788251
13083	0.000163932357533	0.000159041154852	0.000163932357533
13084	0.000035389310104	0.000034837661097	0.000035389310104
13085	0.000038930364875	0.000037454868985	0.000038930364875
13086	0.000069019254841	0.000068837809436	0.000069019254841
13087	0.000038169212513	0.000037508756431	0.000038169212513
13088	0.000072246137865	0.000072141657777	0.000072246137865
13089	0.000052497444638	0.000053087821906	0.000052497444638
13090	0.000048638549958	0.000045513359703	0.000048638549958
13091	0.000061919272674	0.000058784977461	0.000061919272674
13092	0.000047952184693	0.000047830990874	0.000047952184693
13093	0.000065599217758	0.000063199483672	0.000065599217758
13094	0.000027132755459	0.000026839412318	0.000027132755459
13095	0.000027132755459	0.000026839412318	0.000027132755459
13096	0.000038930364875	0.000037454868985	0.000038930364875
13097	0.000047319261003	0.000047000322719	0.000047319261003
13098	0.000027132755459	0.000026839412318	0.000027132755459
13099	0.000767746786010	0.000767153254730	0.000767746786010
13100	0.000065599217758	0.000063199483672	0.000065599217758
13101	0.000065599217758	0.000063199483672	0.000065599217758
13102	0.000065599217758	0.000063199483672	0.000065599217758
13103	0.000065599217758	0.000063199483672	0.000065599217758
13104	0.000067049185122	0.000064866424030	0.000067049185122
13105	0.000050113688078	0.000050041215241	0.000050113688078
13106	0.000075239874677	0.000073171928562	0.000075239874677
13107	0.000055570557943	0.000055371570278	0.000055570557943
13108	0.000045974073416	0.000045907587160	0.000045974073416
13109	0.000046631533124	0.000046191040979	0.000046631533124
13110	0.000050380914899	0.000050422688509	0.000050380914899
13111	0.000264910874046	0.000269225172519	0.000264910874046
13112	0.000052918074715	0.000052335871777	0.000052918074715
13113	0.000093330809134	0.000091313786246	0.000093330809134
13114	0.000019480539583	0.000019452367441	0.000019480539583
13115	0.000036038998229	0.000035986879765	0.000036038998229
13116	0.000045974073416	0.000045907587160	0.000045974073416
13117	0.000033570547129	0.000032788007347	0.000033570547129
13118	0.000058558501987	0.000058473816527	0.000058558501987
13119	0.000294793646499	0.000300193318485	0.000294793646499
13120	0.000051912562578	0.000050117463845	0.000051912562578
13121	0.000037665275417	0.000034859526652	0.000037665275417
13122	0.000037665275417	0.000034859526652	0.000037665275417
13123	0.000037665275417	0.000034859526652	0.000037665275417
13124	0.001257414100919	0.001186732353402	0.001257414100919
13125	0.000247779875543	0.000299559987364	0.000247779875543
13126	0.000045974073416	0.000045907587160	0.000045974073416
13127	0.000061603118425	0.000104327697194	0.000061603118425
13128	0.000049927921284	0.000046273658847	0.000049927921284
13129	0.000052339239983	0.000051922698207	0.000052339239983
13130	0.000073911787415	0.000073466833263	0.000073911787415
13131	0.000075704592974	0.000075905224143	0.000075704592974
13132	0.000036460917421	0.000036282512447	0.000036460917421
13133	0.000132787869056	0.000131466617375	0.000132787869056
13134	0.000075825652013	0.000075631472517	0.000075825652013
13135	0.000051257256628	0.000049494657751	0.000051257256628
13136	0.000046229298771	0.000042524729715	0.000046229298771
13137	0.000038464854419	0.000036457499339	0.000038464854419
13138	0.000019480539583	0.000019452367441	0.000019480539583
13139	0.000036038998229	0.000035986879765	0.000036038998229
13140	0.000870460365961	0.000900833145541	0.000870460365961
13141	0.000077453277118	0.000076740582094	0.000077453277118
13142	0.000037403533199	0.000035273223228	0.000037403533199
13143	0.000054952165265	0.000054546979198	0.000054952165265
13144	0.000089685383388	0.000089601721410	0.000089685383388
13145	0.000030774788251	0.000030730282722	0.000030774788251
13146	0.000061153215932	0.000061414335951	0.000061153215932
13147	0.000032740046015	0.000033597453816	0.000032740046015
13148	0.000054418899532	0.000053962165475	0.000054418899532
13149	0.000058839185176	0.000058158375125	0.000058839185176
13150	0.000043126542360	0.000042566405165	0.000043126542360
13151	0.000052146552188	0.000055707360322	0.000052146552188
13152	0.000058839185176	0.000058158375125	0.000058839185176
13153	0.000084402298690	0.000083981774336	0.000084402298690
13154	0.000044880934182	0.000044049596503	0.000044880934182
13155	0.000628467601635	0.000627379786027	0.000628467601635
13156	0.000139013000386	0.000122254072357	0.000139013000386
13157	0.000056687533170	0.000056229308286	0.000056687533170
13158	0.000048342862673	0.000048971373096	0.000048342862673
13159	0.000067664942777	0.000067247279484	0.000067664942777
13160	0.000035622963119	0.000035483213895	0.000035622963119
13161	0.000054279380953	0.000053972250079	0.000054279380953
13162	0.000019480539583	0.000019452367441	0.000019480539583
13163	0.000036038998229	0.000035986879765	0.000036038998229
13164	0.000050113688078	0.000050041215241	0.000050113688078
13165	0.000075239874677	0.000073171928562	0.000075239874677
13166	0.000038824041942	0.000037250762931	0.000038824041942
13167	0.000035913851195	0.000035835785806	0.000035913851195
13168	0.000321151734906	0.000344303125861	0.000321151734906
13169	0.000054815392772	0.000048496585338	0.000054815392772
13170	0.000034633847046	0.000036306549896	0.000034633847046
13171	0.000034633847046	0.000036306549896	0.000034633847046
13172	0.000048919309572	0.000050312934852	0.000048919309572
13173	0.000066070187091	0.000067625559452	0.000066070187091
13174	0.000034633847046	0.000036306549896	0.000034633847046
13175	0.000048446782117	0.000049206940001	0.000048446782117
13176	0.000048919309572	0.000050312934852	0.000048919309572
13177	0.000090941006164	0.000087569845852	0.000090941006164
13178	0.000039665596359	0.000039479109017	0.000039665596359
13179	0.000050216814403	0.000050144192429	0.000050216814403
13180	0.000056138100589	0.000055633811831	0.000056138100589
13181	0.000047213768946	0.000047430567466	0.000047213768946
13182	0.000047213768946	0.000047430567466	0.000047213768946
13183	0.000058623568260	0.000060616676267	0.000058623568260
13184	0.000039665596359	0.000039479109017	0.000039665596359
13185	0.000052558102078	0.000052763612228	0.000052558102078
13186	0.000069310572604	0.000070976542267	0.000069310572604
13187	0.000060440800451	0.000059830084600	0.000060440800451
13188	0.000052571349727	0.000051289006078	0.000052571349727
13189	0.000038824041942	0.000037250762931	0.000038824041942
13190	0.000038824041942	0.000037250762931	0.000038824041942
13191	0.000033831203743	0.000033782278122	0.000033831203743
13192	0.000074021798406	0.000073043186657	0.000074021798406
13193	0.000308341516581	0.000286459877908	0.000308341516581
13194	0.000033831203743	0.000033782278122	0.000033831203743
13195	0.000033831203743	0.000033782278122	0.000033831203743
13196	0.000033831203743	0.000033782278122	0.000033831203743
13197	0.000065618013393	0.000065328780008	0.000065618013393
13198	0.000075255850967	0.000074981830447	0.000075255850967
13199	0.000071504650949	0.000071401243177	0.000071504650949
13200	0.000143397991186	0.000089201119621	0.000143397991186
13201	0.000063492853670	0.000063401032306	0.000063492853670
13202	0.000038399541767	0.000037797615031	0.000038399541767
13203	0.000052120150085	0.000051580340217	0.000052120150085
13204	0.000052009666986	0.000051077690827	0.000052009666986
13205	0.000044197729779	0.000043945689836	0.000044197729779
13206	0.000058267364507	0.000058844059183	0.000058267364507
13207	0.000056887264092	0.000055675777474	0.000056887264092
13208	0.000067982862209	0.000067884547536	0.000067982862209
13209	0.000044393513769	0.000043881451639	0.000044393513769
13210	0.000063259958918	0.000062954247146	0.000063259958918
13211	0.000037319625851	0.000036570875915	0.000037319625851
13212	0.000043303201693	0.000042718357417	0.000043303201693
13213	0.000056152275779	0.000055894647138	0.000056152275779
13214	0.000075239874677	0.000073171928562	0.000075239874677
13215	0.000057048609896	0.000056806203801	0.000057048609896
13216	0.000051202221557	0.000050537611968	0.000051202221557
13217	0.000044856870850	0.000044241282845	0.000044856870850
13218	0.000056177394607	0.000056054202125	0.000056177394607
13219	0.000413598218096	0.000385242706923	0.000413598218096
13220	0.000066264394679	0.000066168565200	0.000066264394679
13221	0.000130337858265	0.000129029092087	0.000130337858265
13222	0.000047777905352	0.000041710216122	0.000047777905352
13223	0.000047777905352	0.000041710216122	0.000047777905352
13224	0.000047777905352	0.000041710216122	0.000047777905352
13225	0.000047777905352	0.000063968064804	0.000047777905352
13226	0.000026152099061	0.000024426043174	0.000026152099061
13227	0.000026152099061	0.000024426043174	0.000026152099061
13228	0.000041081535585	0.000040367080332	0.000041081535585
13229	0.000078816038820	0.000069169536866	0.000078816038820
13230	0.000052120150085	0.000051580340217	0.000052120150085
13231	0.000041709823785	0.000040214504139	0.000041709823785
13232	0.000084852859093	0.000084087463007	0.000084852859093
13233	0.000050927863287	0.000051647491643	0.000050927863287
13234	0.000032201494050	0.000032014980199	0.000032201494050
13235	0.000129870208438	0.000129682394040	0.000129870208438
13236	0.000050113688078	0.000050041215241	0.000050113688078
13237	0.000062259473865	0.000062131226892	0.000062259473865
13238	0.000129837642865	0.000129649875758	0.000129837642865
13239	0.000037403533199	0.000035273223228	0.000037403533199
13240	0.000052132611698	0.000049069555918	0.000052132611698
13241	0.000056512519342	0.000054617987313	0.000056512519342
13242	0.000058377694104	0.000050176688529	0.000058377694104
13243	0.000030245466725	0.000031301002225	0.000030245466725
13244	0.000044291059577	0.000040777460066	0.000044291059577
13245	0.000030245466725	0.000031301002225	0.000030245466725
13246	0.000030245466725	0.000031301002225	0.000030245466725
13247	0.000034651641101	0.000032867832630	0.000034651641101
13248	0.000059356982382	0.000049348511128	0.000059356982382
13249	0.000052656538001	0.000051972468031	0.000052656538001
13250	0.000071131817032	0.000071004429996	0.000071131817032
13251	0.000079942584061	0.000079806132938	0.000079942584061
13252	0.000053479097605	0.000050805163327	0.000053479097605
13253	0.000050113688078	0.000050041215241	0.000050113688078
13254	0.000274298536192	0.000281902727636	0.000274298536192
13255	0.000126968558265	0.000123075742519	0.000126968558265
13256	0.000057546700718	0.000057655626515	0.000057546700718
13257	0.000045189186300	0.000046058219332	0.000045189186300
13258	0.000039786149358	0.000046638794982	0.000039786149358
13259	0.000066264394679	0.000066168565200	0.000066264394679
13260	0.000055300130217	0.000055663360605	0.000055300130217
13261	0.000078829436109	0.000078491567120	0.000078829436109
13262	0.000051707762906	0.000051618107696	0.000051707762906
13263	0.000063096157702	0.000062373252916	0.000063096157702
13264	0.000034651641101	0.000032867832630	0.000034651641101
13265	0.000035224277872	0.000035836505424	0.000035224277872
13266	0.000035224277872	0.000035836505424	0.000035224277872
13267	0.000063096157702	0.000062373252916	0.000063096157702
13268	0.000046238202271	0.000059397487429	0.000046238202271
13269	0.000368225750425	0.000494375253010	0.000368225750425
13270	0.000219736293099	0.000219237583935	0.000219736293099
13271	0.000042822068559	0.000042907404861	0.000042822068559
13272	0.000077942727190	0.000078599050985	0.000077942727191
13273	0.000083841705250	0.000083720456019	0.000083841705250
13274	0.000095364132314	0.000094639146649	0.000095364132314
13275	0.000112998124936	0.000091934129361	0.000112998124936
13276	0.000055881904232	0.000055241957111	0.000055881904232
13277	0.000047157496343	0.000046551042374	0.000047157496343
13278	0.000044418362689	0.000044303917217	0.000044418362689
13279	0.000104241368062	0.000107340109286	0.000104241368062
13280	0.000049657764551	0.000049804298624	0.000049657764551
13281	0.000045727081688	0.000045188016032	0.000045727081688
13282	0.000058348559018	0.000057862181068	0.000058348559018
13283	0.000045727081688	0.000045188016032	0.000045727081688
13284	0.000072246137865	0.000072141657777	0.000072246137865
13285	0.000038464854419	0.000036457499339	0.000038464854419
13286	0.000073333579448	0.000072661954775	0.000073333579448
13287	0.000046920745833	0.000046510270017	0.000046920745833
13288	0.000061689639452	0.000061786021271	0.000061689639452
13289	0.000048742335977	0.000048583601662	0.000048742335977
13290	0.000067829280333	0.000067318223006	0.000067829280333
13291	0.000047319261003	0.000047000322719	0.000047319261003
13292	0.000057608879806	0.000057057457859	0.000057608879806
13293	0.000053527012791	0.000052401148410	0.000053527012791
13294	0.000052273741271	0.000051193770357	0.000052273741271
13295	0.000086901523670	0.000088972340380	0.000086901523670
13296	0.000042822068559	0.000042907404861	0.000042822068559
13297	0.000042822068559	0.000042907404861	0.000042822068559
13298	0.000065618013393	0.000065328780008	0.000065618013393
13299	0.000058580277830	0.000057535744501	0.000058580277830
13300	0.000202870419661	0.000199490343631	0.000202870419661
13301	0.000044084880046	0.000043527121397	0.000044084880046
13302	0.000043983984519	0.000043863969244	0.000043983984519
13303	0.000057506132368	0.000045684190912	0.000057506132368
13304	0.000057506132368	0.000045684190912	0.000057506132368
13305	0.000057506132368	0.000045684190912	0.000057506132368
13306	0.000057506132368	0.000045684190912	0.000057506132368
13307	0.000073106323848	0.000071924097980	0.000073106323848
13308	0.000206256388717	0.000205804313785	0.000206256388717
13309	0.000053070633502	0.000052365923178	0.000053070633502
13310	0.000084562823499	0.000084138383090	0.000084562823499
13311	0.000050113688078	0.000050041215241	0.000050113688078
13312	0.000064937772548	0.000062636756269	0.000064937772548
13313	0.000043983984519	0.000043863969244	0.000043983984519
13314	0.000045999692055	0.000044803973012	0.000045999692055
13315	0.000077055528628	0.000070882203598	0.000077055528628
13316	0.000038342532882	0.000038423074203	0.000038342532882
13317	0.000038342532882	0.000038423074203	0.000038342532882
13318	0.000271848328086	0.000275503048037	0.000271848328086
13319	0.000051117777146	0.000050769518889	0.000051117777146
13320	0.000037306378248	0.000033874988127	0.000037306378248
13321	0.000066355335645	0.000066204609849	0.000066355335645
13322	0.000058558501987	0.000058473816527	0.000058558501987
13323	0.000019480539583	0.000019452367441	0.000019480539583
13324	0.000070464172214	0.000070020626555	0.000070464172214
13325	0.000019480539583	0.000019452367441	0.000019480539583
13326	0.000036038998229	0.000035986879765	0.000036038998229
13327	0.000139476571858	0.000139806981366	0.000139476571858
13328	0.000037306378248	0.000033874988127	0.000037306378248
13329	0.000100184948878	0.000100040064562	0.000100184948878
13330	0.000047864511406	0.000047096113975	0.000047864511406
13331	0.000075805275061	0.000075695647861	0.000075805275061
13332	0.000034797113830	0.000034746791341	0.000034797113830
13333	0.000063782667155	0.000063295656625	0.000063782667155
13334	0.000044169142287	0.000043972617066	0.000044169142287
13335	0.000069933974608	0.000061398601900	0.000069933974608
13336	0.000078146906198	0.000077964505461	0.000078146906198
13337	0.000029132319776	0.000029067698838	0.000029132319776
13338	0.000019480539583	0.000019452367441	0.000019480539583
13339	0.000295108923681	0.000278352765885	0.000295108923681
13340	0.000176693525339	0.000174229019889	0.000176693525339
13341	0.000082331678758	0.000084194823435	0.000082331678758
13342	0.000029132319776	0.000029067698838	0.000029132319776
13343	0.000051957794419	0.000051387941734	0.000051957794419
13344	0.000051957794419	0.000051387941734	0.000051957794419
13345	0.002170148303544	0.002102685039862	0.002170148303544
13346	0.000106065110671	0.000104757197751	0.000106065110671
13347	0.000092963643373	0.000093059752932	0.000092963643373
13348	0.000048919309572	0.000050312934852	0.000048919309572
13349	0.000297129264195	0.000288244199786	0.000297129264195
13350	0.000064423343599	0.000062874506276	0.000064423343599
13351	0.000115133851144	0.000113785391670	0.000115133851144
13352	0.000117344313055	0.000116169950360	0.000117344313055
13353	0.000037306378248	0.000033874988127	0.000037306378248
13354	0.000037306378248	0.000033874988127	0.000037306378248
13355	0.000085551505216	0.000085427783325	0.000085551505216
13356	0.000071466473469	0.000071711103135	0.000071466473469
13357	0.000056122021353	0.000056038744722	0.000056122021353
13358	0.000048919309572	0.000050312934852	0.000048919309572
13359	0.000029132319776	0.000029067698838	0.000029132319776
13360	0.000048919309572	0.000050312934852	0.000048919309572
13361	0.000048919309572	0.000050312934852	0.000048919309572
13362	0.000508905272633	0.000502899712110	0.000508905272633
13363	0.000128368859992	0.000127746248556	0.000128368859992
13364	0.000057024310527	0.000056829091947	0.000057024310527
13365	0.000059335648922	0.000059095068168	0.000059335648922
13366	0.000068609216731	0.000068150361910	0.000068609216731
13367	0.000069915841167	0.000069683175383	0.000069915841167
13368	0.000063582578496	0.000063452808289	0.000063582578496
13369	0.000094390174740	0.000093080565791	0.000094390174740
13370	0.000050945632905	0.000051201377185	0.000050945632905
13371	0.000062784327553	0.000062973538048	0.000062784327553
13372	0.000074037305080	0.000073744523077	0.000074037305080
13373	0.000050113688078	0.000050041215241	0.000050113688078
13374	0.000076503580652	0.000076346419159	0.000076503580652
13375	0.000141368832092	0.000095273319119	0.000141368832092
13376	0.000174754706064	0.000135494571966	0.000174754706064
13377	0.000068609181733	0.000068921503237	0.000068609181733
13378	0.000041709823785	0.000040214504139	0.000041709823785
13379	0.000019480539583	0.000019452367441	0.000019480539583
13380	0.000036038998229	0.000035986879765	0.000036038998229
13381	0.000050113688078	0.000050041215241	0.000050113688078
13382	0.000037403533199	0.000035273223228	0.000037403533199
13383	0.000184364467436	0.000198961822450	0.000184364467436
13384	0.000043750466695	0.000043588638417	0.000043750466695
13385	0.000050945632905	0.000051201377185	0.000050945632905
13386	0.000039684814722	0.000039565227207	0.000039684814722
13387	0.000037403533199	0.000035273223228	0.000037403533199
13388	0.000057127940224	0.000054113208497	0.000057127940224
13389	0.000048309166869	0.000048153869740	0.000048309166869
13390	0.000042605691514	0.000042532650840	0.000042605691514
13391	0.000060388984254	0.000060435677855	0.000060388984254
13392	0.000058844861439	0.000058759761855	0.000058844861439
13393	0.000058844861439	0.000058759761855	0.000058844861439
13394	0.000108418796914	0.000108262005067	0.000108418796914
13395	0.000061204836901	0.000061116324395	0.000061204836901
13396	0.000036051515340	0.000035909908244	0.000036051515340
13397	0.000056687533170	0.000056229308286	0.000056687533170
13398	0.000077821670228	0.000075954151193	0.000077821670228
13399	0.000044674449225	0.000044805147774	0.000044674449225
13400	0.000044674449225	0.000044805147774	0.000044674449225
13401	0.000057453821424	0.000057536743048	0.000057453821424
13402	0.000019480539583	0.000019452367441	0.000019480539583
13403	0.000036038998229	0.000035986879765	0.000036038998229
13404	0.000060085142243	0.000059857029391	0.000060085142243
13405	0.000053061374153	0.000054418719555	0.000053061374153
13406	0.000048801283463	0.000048665440489	0.000048801283463
13407	0.000058095862281	0.000057906882503	0.000058095862281
13408	0.000019480539583	0.000019452367441	0.000019480539583
13409	0.000048706219093	0.000048635781694	0.000048706219093
13410	0.000019480539583	0.000019452367441	0.000019480539583
13411	0.000036038998229	0.000035986879765	0.000036038998229
13412	0.000118649939203	0.000122893321723	0.000118649939203
13413	0.000032853793406	0.000033234932481	0.000032853793406
13414	0.000073973628548	0.000072808071456	0.000073973628548
13415	0.000037403533199	0.000035273223228	0.000037403533199
13416	0.000049861912733	0.000049777667013	0.000049861912733
13417	0.000048546997051	0.000048205278915	0.000048546997051
13418	0.000044339503740	0.000044234897925	0.000044339503740
13419	0.000047233377298	0.000047127565885	0.000047233377298
13420	0.000073871984791	0.000073051637919	0.000073871984791
13421	0.000062466411900	0.000062174823679	0.000062466411900
13422	0.000056058994461	0.000055793364723	0.000056058994461
13423	0.000050113688078	0.000050041215241	0.000050113688078
13424	0.000034620430135	0.000034570363160	0.000034620430135
13425	0.000044339503740	0.000044234897925	0.000044339503740
13426	0.000019480539583	0.000019452367441	0.000019480539583
13427	0.000036038998229	0.000035986879765	0.000036038998229
13428	0.000042605691514	0.000042532650840	0.000042605691514
13429	0.000019480539583	0.000019452367441	0.000019480539583
13430	0.000049861912733	0.000049777667013	0.000049861912733
13431	0.000044897777239	0.000044756632539	0.000044897777239
13432	0.000037435906772	0.000037279408826	0.000037435906772
13433	0.000758706729677	0.000733756656066	0.000758706729677
13434	0.000050113688078	0.000050041215241	0.000050113688078
13435	0.000019480539583	0.000019452367441	0.000019480539583
13436	0.000036038998229	0.000035986879765	0.000036038998229
13437	0.000075239874677	0.000073171928562	0.000075239874677
13438	0.000034797113830	0.000034746791341	0.000034797113830
13439	0.000050135819067	0.000049455351167	0.000050135819067
13440	0.000034797113830	0.000034746791341	0.000034797113830
13441	0.000019480539583	0.000019452367441	0.000019480539583
13442	0.000085492960035	0.000103009753423	0.000085492960035
13443	0.000321297086591	0.000337947145223	0.000321297086591
13444	0.000050113688078	0.000050041215241	0.000050113688078
13445	0.000046161333187	0.000045990745503	0.000046161333187
13446	0.000049067563332	0.000048510807840	0.000049067563332
13447	0.000048608742930	0.000045486538854	0.000048608742930
13448	0.000048608742930	0.000045486538854	0.000048608742930
13449	0.000143913816903	0.000117917255027	0.000143913816903
13450	0.000048608742930	0.000045486538854	0.000048608742930
13451	0.000063024296068	0.000062735678342	0.000063024296068
13452	0.000046161333187	0.000045990745503	0.000046161333187
13453	0.000054476890537	0.000054398107775	0.000054476890537
13454	0.000032109357015	0.000036920027249	0.000032109357015
13455	0.000057312153149	0.000056764428882	0.000057312153149
13456	0.000068195869760	0.000067702131991	0.000068195869760
13457	0.000067225746263	0.000064394556705	0.000067225746263
13458	0.000076622423906	0.000074187740640	0.000076622423906
13459	0.000055321625258	0.000055214677342	0.000055321625258
13460	0.000048742335977	0.000048583601662	0.000048742335977
13461	0.000034797113830	0.000034746791341	0.000034797113830
13462	0.000050113688078	0.000050041215241	0.000050113688078
13463	0.000072246137865	0.000072141657777	0.000072246137865
13464	0.000039203642057	0.000039336104017	0.000039203642057
13465	0.000083857846570	0.000084824632903	0.000083857846570
13466	0.000060911525164	0.000060748428853	0.000060911525164
13467	0.000090759709168	0.000091553305409	0.000090759709168
13468	0.000046038610830	0.000044855505376	0.000046038610830
13469	0.000039203642057	0.000039336104017	0.000039203642057
13470	0.000051117777146	0.000050769518889	0.000051117777146
13471	0.000050809162851	0.000047619942984	0.000050809162851
13472	0.000086608925738	0.000098689478102	0.000086608925738
13473	0.000044081371833	0.000051058830250	0.000044081371833
13474	0.000056687533170	0.000056229308286	0.000056687533170
13475	0.000087483979329	0.000086346596447	0.000087483979329
13476	0.000053139239528	0.000052524134951	0.000053139239528
13477	0.000064648893182	0.000064097882149	0.000064648893182
13478	0.000019480539583	0.000019452367441	0.000019480539583
13479	0.000057918951863	0.000056689375101	0.000057918951863
13480	0.000088478679880	0.000087517743028	0.000088478679880
13481	0.000082705690877	0.000082200437813	0.000082705690877
13482	0.000062077174449	0.000061987400396	0.000062077174449
13483	0.000034962974236	0.000032708504602	0.000034962974236
13484	0.000034962974236	0.000032708504602	0.000034962974236
13485	0.000285110769197	0.000268564569341	0.000285110769197
13486	0.000019480539583	0.000019452367441	0.000019480539583
13487	0.000046241662992	0.000046028294594	0.000046241662992
13488	0.000045892155122	0.000045958281406	0.000045892155122
13489	0.000128389540627	0.000121329687024	0.000128389540627
13490	0.000063474139899	0.000061688165849	0.000063474139899
13491	0.000051320182357	0.000050574377527	0.000051320182357
13492	0.000106153705607	0.000105386561125	0.000106153705607
13493	0.000063615383501	0.000063522218536	0.000063615383501
13494	0.000019480539583	0.000019452367441	0.000019480539583
13495	0.000036038998229	0.000035986879765	0.000036038998229
13496	0.000094477948175	0.000093935891614	0.000094477948175
13497	0.000050113688078	0.000050041215241	0.000050113688078
13498	0.000019480539583	0.000019452367441	0.000019480539583
13499	0.000118831291457	0.000118659441389	0.000118831291457
13500	0.000071504650949	0.000071401243177	0.000071504650949
13501	0.000057215026287	0.000056751601334	0.000057215026287
13502	0.000019480539583	0.000019452367441	0.000019480539583
13503	0.000019480539583	0.000019452367441	0.000019480539583
13504	0.000019480539583	0.000019452367441	0.000019480539583
13505	0.000055695377370	0.000055605120655	0.000055695377370
13506	0.000050113688078	0.000050041215241	0.000050113688078
13507	0.000055685499433	0.000054012505193	0.000055685499433
13508	0.000075239874677	0.000073171928562	0.000075239874677
13509	0.000019480539583	0.000019452367441	0.000019480539583
13510	0.000068222240301	0.000068128404269	0.000068222240301
13511	0.000040778857016	0.000040719883918	0.000040778857016
13512	0.000050216814403	0.000050144192429	0.000050216814403
13513	0.000061778087290	0.000061688745767	0.000061778087290
13514	0.000019480539583	0.000019452367441	0.000019480539583
13515	0.000047534195382	0.000046739688264	0.000047534195382
13516	0.000044671824387	0.000044007699829	0.000044671824387
13517	0.000036415326834	0.000035883539063	0.000036415326834
13518	0.000081927485614	0.000087468877934	0.000081927485614
13519	0.000047864511406	0.000047096113975	0.000047864511406
13520	0.000065558528272	0.000065463719594	0.000065558528272
13521	0.000047534195382	0.000046739688264	0.000047534195382
13522	0.000085152311476	0.000091661874591	0.000085152311476
13523	0.000019480539583	0.000019452367441	0.000019480539583
13524	0.000069155915520	0.000069055904415	0.000069155915520
13525	0.000019480539583	0.000019452367441	0.000019480539583
13526	0.000019480539583	0.000019452367441	0.000019480539583
13527	0.000019480539583	0.000019452367441	0.000019480539583
13528	0.000085714374166	0.000085590416739	0.000085714374166
13529	0.000019480539583	0.000019452367441	0.000019480539583
13530	0.000019480539583	0.000019452367441	0.000019480539583
13531	0.000019480539583	0.000019452367441	0.000019480539583
13532	0.000141240574950	0.000140996214052	0.000141240574950
13533	0.000054354246846	0.000054098809937	0.000054354246846
13534	0.000052013333764	0.000051442274503	0.000052013333764
13535	0.000042753282518	0.000035293060820	0.000042753282518
13536	0.000047534195382	0.000046739688264	0.000047534195382
13537	0.000055098603682	0.000054395584248	0.000055098603682
13538	0.000059510900412	0.000058847463180	0.000059510900412
13539	0.000060877317458	0.000060744611779	0.000060877317458
13540	0.000051472492571	0.000049138429573	0.000051472492571
13541	0.000055957150289	0.000055567739852	0.000055957150289
13542	0.000092337757624	0.000092204221669	0.000092337757624
13543	0.000046439068564	0.000046881614280	0.000046439068564
13544	0.000046439068564	0.000046881614280	0.000046439068564
13545	0.000034962974236	0.000032708504602	0.000034962974236
13546	0.000143423385192	0.000137745477781	0.000143423385192
13547	0.000035202709893	0.000034167209135	0.000035202709893
13548	0.000058990088017	0.000059002762437	0.000058990088017
13549	0.000051301060339	0.000051139864943	0.000051301060339
13550	0.000062077174449	0.000061987400396	0.000062077174449
13551	0.000051273542802	0.000049434607185	0.000051273542802
13552	0.000052213248591	0.000051959490231	0.000052213248591
13553	0.000036518577853	0.000036465765837	0.000036518577853
13554	0.000059700382623	0.000059534491448	0.000059700382623
13555	0.000135865729209	0.000096282932989	0.000135865729209
13556	0.000077223474497	0.000060372613961	0.000077223474497
13557	0.000035625036763	0.000035573516957	0.000035625036763
13558	0.000049761820832	0.000049689856855	0.000049761820832
13559	0.000049058086339	0.000048987140081	0.000049058086339
13560	0.000261824693401	0.000247732251381	0.000261824693401
13561	0.000051603782070	0.000038886488864	0.000051603782070
13562	0.000042414386117	0.000041470655051	0.000042414386117
13563	0.000072342552778	0.000070523497936	0.000072342552778
13564	0.000242031528974	0.000230024781114	0.000242031528974
13565	0.000062077174449	0.000061987400396	0.000062077174449
13566	0.000053533423648	0.000053208906147	0.000053533423648
13567	0.000283501091737	0.000268656445058	0.000283501091737
13568	0.000043977562108	0.000043104875140	0.000043977562108
13569	0.000260456467559	0.000247810345740	0.000260456467559
13570	0.000043527276420	0.000043045731274	0.000043527276420
13571	0.000041193798344	0.000041134225171	0.000041193798344
13572	0.000167290802189	0.000164450403758	0.000167290802189
13573	0.000063805108943	0.000066803623715	0.000063805108943
13574	0.000107023252334	0.000106264387588	0.000107023252334
13575	0.000238002690700	0.000238263333919	0.000238002690700
13576	0.000052120150085	0.000051580340217	0.000052120150085
13577	0.000037801602971	0.000036333949452	0.000037801602971
13578	0.000037801602971	0.000036333949452	0.000037801602971
13579	0.000064965421825	0.000064614732166	0.000064965421825
13580	0.000074701148135	0.000074374889782	0.000074701148135
13581	0.000050113688078	0.000050041215241	0.000050113688078
13582	0.000041199137008	0.000041527430193	0.000041199137008
13583	0.000065423267217	0.000065132774473	0.000065423267217
13584	0.000019480539583	0.000019452367441	0.000019480539583
13585	0.000036038998229	0.000035986879765	0.000036038998229
13586	0.000041199137008	0.000041527430193	0.000041199137008
13587	0.000041199137008	0.000041527430193	0.000041199137008
13588	0.000052162643670	0.000051884257699	0.000052162643670
13589	0.000038464854419	0.000036457499339	0.000038464854419
13590	0.000041199137008	0.000041527430193	0.000041199137008
13591	0.000039684814722	0.000039565227207	0.000039684814722
13592	0.000043977562108	0.000043104875140	0.000043977562108
13593	0.000043977562108	0.000043104875140	0.000043977562108
13594	0.000050968016162	0.000052220643407	0.000050968016162
13595	0.000065768200523	0.000063252251786	0.000065768200523
13596	0.000078472007478	0.000078136860399	0.000078472007478
13597	0.000035818977574	0.000036919775330	0.000035818977574
13598	0.000053265001506	0.000053090365397	0.000053265001506
13599	0.000035818977574	0.000036919775330	0.000035818977574
13600	0.000033756425294	0.000033707607815	0.000033756425294
13601	0.000063818786703	0.000063553986485	0.000063818786703
13602	0.000048956137660	0.000047834761840	0.000048956137660
13603	0.000041706659074	0.000041744346229	0.000041706659074
13604	0.000041706659074	0.000041744346229	0.000041706659074
13605	0.000019480539583	0.000019452367441	0.000019480539583
13606	0.000036038998229	0.000035986879765	0.000036038998229
13607	0.000041737885771	0.000040935871310	0.000041737885771
13608	0.000038464854419	0.000036457499339	0.000038464854419
13609	0.000057047128989	0.000056904799791	0.000057047128989
13610	0.000063350109862	0.000063197086870	0.000063350109862
13611	0.000041834458755	0.000041773959079	0.000041834458755
13612	0.000038464854419	0.000036457499339	0.000038464854419
13613	0.000036415326834	0.000035883539063	0.000036415326834
13614	0.000048688018371	0.000048626421008	0.000048688018371
13615	0.000045911296969	0.000046175381050	0.000045911296969
13616	0.000062223057590	0.000061369916633	0.000062223057590
13617	0.000038464854419	0.000036457499339	0.000038464854419
13618	0.000050113688078	0.000050041215241	0.000050113688078
13619	0.000149225312211	0.000158636588854	0.000149225312211
13620	0.000057850468118	0.000057766806595	0.000057850468118
13621	0.000039019606433	0.000039071636007	0.000039019606433
13622	0.000043831884124	0.000042871185629	0.000043831884124
13623	0.000077288757285	0.000072458345485	0.000077288757285
13624	0.000039746425791	0.000039574115242	0.000039746425791
13625	0.000019480539583	0.000019452367441	0.000019480539583
13626	0.000036038998229	0.000035986879765	0.000036038998229
13627	0.000074509383052	0.000075280344096	0.000074509383052
13628	0.000049322719830	0.000049251390868	0.000049322719830
13629	0.000033143820038	0.000034346711344	0.000033143820038
13630	0.000062223057590	0.000061369916633	0.000062223057590
13631	0.000035818977574	0.000036919775330	0.000035818977574
13632	0.000045643941767	0.000044659252182	0.000045643941767
13633	0.000019480539583	0.000019452367441	0.000019480539583
13634	0.000036038998229	0.000035986879765	0.000036038998229
13635	0.000019480539583	0.000019452367441	0.000019480539583
13636	0.000019480539583	0.000019452367441	0.000019480539583
13637	0.000036038998229	0.000035986879765	0.000036038998229
13638	0.000055532767783	0.000054702424234	0.000055532767783
13639	0.000063913219664	0.000062967072244	0.000063913219664
13640	0.000019480539583	0.000019452367441	0.000019480539583
13641	0.000019480539583	0.000019452367441	0.000019480539583
13642	0.000036038998229	0.000035986879765	0.000036038998229
13643	0.000069854467519	0.000069446632021	0.000069854467519
13644	0.000109930685091	0.000089695100875	0.000109930685091
13645	0.000044622619651	0.000044377724477	0.000044622619651
13646	0.000063220856906	0.000048797046012	0.000063220856906
13647	0.000050113688078	0.000050041215241	0.000050113688078
13648	0.000065164914064	0.000066297535034	0.000065164914064
13649	0.000080356994136	0.000079675764655	0.000080356994136
13650	0.000052175665839	0.000050441241879	0.000052175665839
13651	0.000051616256318	0.000051541610515	0.000051616256318
13652	0.000090898441072	0.000088893665421	0.000090898441072
13653	0.000047175628060	0.000047628819830	0.000047175628060
13654	0.000032237470123	0.000031449194864	0.000032237470123
13655	0.000054850402899	0.000054748542954	0.000054850402899
13656	0.000052492317994	0.000050679348989	0.000052492317994
13657	0.000052727883090	0.000052266006409	0.000052727883090
13658	0.000067664942777	0.000067247279484	0.000067664942777
13659	0.000034651641101	0.000032867832630	0.000034651641101
13660	0.000061778087290	0.000061688745767	0.000061778087290
13661	0.000052148793584	0.000051922303483	0.000052148793584
13662	0.000046500426951	0.000046558366457	0.000046500426951
13663	0.000035641293871	0.000039502992518	0.000035641293871
13664	0.000082813515177	0.000083440659923	0.000082813515177
13665	0.000056040847857	0.000055820182310	0.000056040847857
13666	0.000019480539583	0.000019452367441	0.000019480539583
13667	0.000019480539583	0.000019452367441	0.000019480539583
13668	0.000036038998229	0.000035986879765	0.000036038998229
13669	0.000046165516067	0.000044528618360	0.000046165516067
13670	0.000035202709893	0.000034167209135	0.000035202709893
13671	0.000070422628532	0.000069091290452	0.000070422628532
13672	0.000019480539583	0.000019452367441	0.000019480539583
13673	0.000019480539583	0.000019452367441	0.000019480539583
13674	0.000019480539583	0.000019452367441	0.000019480539583
13675	0.000069155915520	0.000069055904415	0.000069155915520
13676	0.000019480539583	0.000019452367441	0.000019480539583
13677	0.000019480539583	0.000019452367441	0.000019480539583
13678	0.000048792455561	0.000048582336655	0.000048792455561
13679	0.000073187099784	0.000079539884744	0.000073187099784
13680	0.000035202709893	0.000034167209135	0.000035202709893
13681	0.000034486059855	0.000034271157370	0.000034486059855
13682	0.000056687533170	0.000056229308286	0.000056687533170
13683	0.000072523594619	0.000071709159172	0.000072523594619
13684	0.000072523594619	0.000071709159172	0.000072523594619
13685	0.000041583104500	0.000045598757736	0.000041583104500
13686	0.000060668808901	0.000060544474142	0.000060668808901
13687	0.000043062544438	0.000043000268743	0.000043062544438
13688	0.000057093092120	0.000050479537328	0.000057093092120
13689	0.000063464372862	0.000066795691854	0.000063464372862
13690	0.000156656802531	0.000153895236042	0.000156656802531
13691	0.000056962124839	0.000055922966351	0.000056962124839
13692	0.000019480539583	0.000019452367441	0.000019480539583
13693	0.000048369824948	0.000047320878047	0.000048369824948
13694	0.000043503704574	0.000043547539877	0.000043503704574
13695	0.000019480539583	0.000019452367441	0.000019480539583
13696	0.000036038998229	0.000035986879765	0.000036038998229
13697	0.000019480539583	0.000019452367441	0.000019480539583
13698	0.000329755588461	0.000307896681075	0.000329755588461
13699	0.000155256144790	0.000131067187522	0.000155256144790
13700	0.000089253992569	0.000087509684109	0.000089253992569
13701	0.000051022844530	0.000062251340683	0.000051022844530
13702	0.000062849957434	0.000072366007022	0.000062849957434
13703	0.000072903003402	0.000080963473409	0.000072903003402
13704	0.000081448092475	0.000088271319839	0.000081448092475
13705	0.000088711418187	0.000094482989304	0.000088711418187
13706	0.000094885245042	0.000099762908349	0.000094885245042
13707	0.000100132997869	0.000104250839537	0.000100132997869
13708	0.000104593587772	0.000108065581047	0.000104593587772
13709	0.000108385089189	0.000111308111331	0.000108385089189
13710	0.000111607865394	0.000114064262072	0.000111607865394
13711	0.000114347225168	0.000116406990202	0.000114347225168
13712	0.000116675680976	0.000118398309113	0.000116675680976
13713	0.000118654868413	0.000120090930187	0.000118654868413
13714	0.000120337177734	0.000121529658099	0.000120337177734
13715	0.000121767140657	0.000122752576825	0.000121767140657
13716	0.000122982609142	0.000123792057742	0.000122982609142
13717	0.000124015757354	0.000124675616522	0.000124015757354
13718	0.000124893933334	0.000125426641484	0.000124893933334
13719	0.000125640382917	0.000126065012702	0.000125640382917
13720	0.000126274865063	0.000126607628238	0.000126274865063
13721	0.000126814174886	0.000127068851443	0.000126814174886
13722	0.000127272588237	0.000127460891167	0.000127272588237
13723	0.000127662239584	0.000127794124933	0.000127662239584
13724	0.000127993443230	0.000128077373634	0.000127993443230
13725	0.000128274966329	0.000128318135030	0.000128274966329
13726	0.000128514260962	0.000128522782216	0.000128514260962
13727	0.000128717661401	0.000128696732324	0.000128717661401
13728	0.000043062544438	0.000043000268743	0.000043062544438
13729	0.000128890551774	0.000128844589916	0.000128890551774
13730	0.000129037508591	0.000128970268870	0.000129037508591
13731	0.000129162421886	0.000129077095980	0.000129162421886
13732	0.000045372420087	0.000044393049870	0.000045372420087
13733	0.000112539620173	0.000112069305246	0.000112539620173
13734	0.000034962974236	0.000032708504602	0.000034962974236
13735	0.000051611259151	0.000051464375799	0.000051611259151
13736	0.000099023235302	0.000098880031020	0.000099023235302
13737	0.000303386276255	0.000294650292096	0.000303386276255
13738	0.000042103255266	0.000037047555692	0.000042103255266
13739	0.000035935549352	0.000034728318887	0.000035935549352
13740	0.000044267667060	0.000043917236434	0.000044267667060
13741	0.000050113688078	0.000050041215241	0.000050113688078
13742	0.000069180387132	0.000069035347320	0.000069180387132
13743	0.000054495268176	0.000054416458837	0.000054495268176
13744	0.000045771420190	0.000050388285286	0.000045771420190
13745	0.000056737641088	0.000055892875225	0.000056737641088
13746	0.000083520084897	0.000115086862474	0.000083520084897
13747	0.000083520084897	0.000051330532452	0.000083520084897
13748	0.000034678694063	0.000064425502398	0.000034678694063
13749	0.000037665275417	0.000034859526652	0.000037665275417
13750	0.000051745686210	0.000055698028721	0.000051745686210
13751	0.000055681922314	0.000055261172379	0.000055681922314
13752	0.000093471550725	0.000086170606409	0.000093471550725
13753	0.000075226556130	0.000061715797003	0.000075226556130
13754	0.000083423112294	0.000071910794893	0.000083423112294
13755	0.000090390185033	0.000080576543100	0.000090390185033
13756	0.000096312196861	0.000087942429076	0.000096312196861
13757	0.000101345906915	0.000094203432155	0.000101345906915
13758	0.000105624560461	0.000099525284773	0.000105624560461
13759	0.000176864287709	0.000177199937056	0.000176864287709
13760	0.000109261415975	0.000104048859498	0.000109261415975
13761	0.000112352743162	0.000107893898014	0.000112352743162
13762	0.000057122201432	0.000056435955831	0.000057122201432
13763	0.000053515254977	0.000056222254719	0.000053515254977
13764	0.000066309684913	0.000065959385345	0.000066309684913
13765	0.000059701911435	0.000059402641752	0.000059701911435
13766	0.000095415476098	0.000094794784604	0.000095415476098
13767	0.000088982598186	0.000087618274076	0.000088982598186
13768	0.000035202709893	0.000034167209135	0.000035202709893
13769	0.000053231107920	0.000052883632503	0.000053231107920
13770	0.000069592087767	0.000069659016273	0.000069592087767
13771	0.000070227164303	0.000069944612930	0.000070227164303
13772	0.000059700382623	0.000059534491448	0.000059700382623
13773	0.000081021903102	0.000075071171078	0.000081021903102
13774	0.000054495268176	0.000054416458837	0.000054495268176
13775	0.000019480539583	0.000019452367441	0.000019480539583
13776	0.000036038998229	0.000035986879765	0.000036038998229
13777	0.000056296322262	0.000054761213848	0.000056296322262
13778	0.000164574868165	0.000211981708355	0.000164574868165
13779	0.000055770003710	0.000055640309214	0.000055770003710
13780	0.000043932058360	0.000045266951422	0.000043932058360
13781	0.000043932058360	0.000045266951422	0.000043932058360
13782	0.000043932058360	0.000045266951422	0.000043932058360
13783	0.000075208167786	0.000075460096951	0.000075208167786
13784	0.000075208167786	0.000075460096951	0.000075208167786
13785	0.000054676283533	0.000054914647908	0.000054676283533
13786	0.000089252781662	0.000088471534026	0.000089252781662
13787	0.000063191384559	0.000063132637756	0.000063191384559
13788	0.000408024698658	0.000391880381039	0.000408024698658
13789	0.000045297393882	0.000043951338415	0.000045297393882
13790	0.000064627090737	0.000063642001137	0.000064627090737
13791	0.000074413566710	0.000073548068407	0.000074413566710
13792	0.000048721924834	0.000048651464722	0.000048721924834
13793	0.000045297393882	0.000043951338415	0.000045297393882
13794	0.000050724704392	0.000051219332760	0.000050724704392
13795	0.000045297393882	0.000043951338415	0.000045297393882
13796	0.000127872947220	0.000102400854774	0.000127872947220
13797	0.000089525336571	0.000088667739427	0.000089525336571
13798	0.000042103255266	0.000037047555692	0.000042103255266
13799	0.000062077174449	0.000061987400396	0.000062077174449
13800	0.000554159741238	0.000542628558636	0.000554159741238
13801	0.000134155327442	0.000134015974773	0.000134155327442
13802	0.000040350977265	0.000040104723495	0.000040350977265
13803	0.000040350977265	0.000040104723495	0.000040350977265
13804	0.000053778870258	0.000053541382412	0.000053778870258
13805	0.000045126232496	0.000046046728860	0.000045126232496
13806	0.000057837837204	0.000058592086972	0.000057837837204
13807	0.000063343754343	0.000052505882975	0.000063343754343
13808	0.000051142745445	0.000051021989773	0.000051142745445
13809	0.000035818977574	0.000036919775330	0.000035818977574
13810	0.000061919272674	0.000058784977461	0.000061919272674
13811	0.000041360034354	0.000040839440492	0.000041360034354
13812	0.000152792538100	0.000152511989478	0.000152792538100
13813	0.000050811137483	0.000050639086239	0.000050811137483
13814	0.000035818977574	0.000036919775330	0.000035818977574
13815	0.000050113688078	0.000050041215241	0.000050113688078
13816	0.000050113688078	0.000050041215241	0.000050113688078
13817	0.000039963904589	0.000039416325905	0.000039963904589
13818	0.000057628585540	0.000056173528358	0.000057628585540
13819	0.000043165049182	0.000039318583999	0.000043165049182
13820	0.000043165049182	0.000039318583999	0.000043165049182
13821	0.000043165049182	0.000059184800557	0.000043165049182
13822	0.000043165049182	0.000039318583999	0.000043165049182
13823	0.000043165049182	0.000039318583999	0.000043165049182
13824	0.000043165049182	0.000039318583999	0.000043165049182
13825	0.000172702047201	0.000168543525959	0.000172702047201
13826	0.000066032597296	0.000062127064761	0.000066032597296
13827	0.000043165049182	0.000039318583999	0.000043165049182
13828	0.000056170831388	0.000052873163840	0.000056170831388
13829	0.000039664881541	0.000039306538829	0.000039664881541
13830	0.000170710796579	0.000163630385281	0.000170710796579
13831	0.000120975947540	0.000119818334389	0.000120975947540
13832	0.000041611603901	0.000041524912368	0.000041611603901
13833	0.000052571349727	0.000051289006078	0.000052571349727
13834	0.000101968430616	0.000101099051393	0.000101968430616
13835	0.000047544393434	0.000045856369964	0.000047544393434
13836	0.000176606571895	0.000175231775737	0.000176606571895
13837	0.000040350977265	0.000040104723495	0.000040350977265
13838	0.000111806863103	0.000108379623138	0.000111806863103
13839	0.000096749582801	0.000096553259580	0.000096749582801
13840	0.000042609324924	0.000042684725642	0.000042609324924
13841	0.000019480539583	0.000019452367441	0.000019480539583
13842	0.000072111921356	0.000069419598283	0.000072111921356
13843	0.000080775672736	0.000078459025981	0.000080775672736
13844	0.000054636568784	0.000054165891859	0.000054636568784
13845	0.000040699906129	0.000039118672451	0.000040699906129
13846	0.000064188377927	0.000064095550717	0.000064188377927
13847	0.000037665275417	0.000034859526652	0.000037665275417
13848	0.000037665275417	0.000034859526652	0.000037665275417
13849	0.000048321377550	0.000053917448761	0.000048321377550
13850	0.000067516181024	0.000065877656657	0.000067516181024
13851	0.000050829279808	0.000050735387895	0.000050829279808
13852	0.000048782003029	0.000048279288062	0.000048782003029
13853	0.000055762207192	0.000055489398950	0.000055762207192
13854	0.000019480539583	0.000019452367441	0.000019480539583
13855	0.000072910141138	0.000080603002797	0.000072910141138
13856	0.000083608003051	0.000080539933685	0.000083608003051
13857	0.000050113688078	0.000050041215241	0.000050113688078
13858	0.000072799324990	0.000068869651934	0.000072799324990
13859	0.000059990194881	0.000060496571294	0.000059990194881
13860	0.000366301533443	0.000352550691324	0.000366301533443
13861	0.000380314645032	0.000370612564166	0.000380314645032
13862	0.000448494465752	0.000426063036310	0.000448494465752
13863	0.000328410932959	0.000305718617458	0.000328410932959
13864	0.000059548198505	0.000060451336688	0.000059548198505
13865	0.000037403533199	0.000035273223228	0.000037403533199
13866	0.000046500426951	0.000046558366457	0.000046500426951
13867	0.000019480539583	0.000019452367441	0.000019480539583
13868	0.000019480539583	0.000019452367441	0.000019480539583
13869	0.000019480539583	0.000019452367441	0.000019480539583
13870	0.000019480539583	0.000019452367441	0.000019480539583
13871	0.000019480539583	0.000019452367441	0.000019480539583
13872	0.000019480539583	0.000019452367441	0.000019480539583
13873	0.000019480539583	0.000019452367441	0.000019480539583
13874	0.000019480539583	0.000019452367441	0.000019480539583
13875	0.000019480539583	0.000019452367441	0.000019480539583
13876	0.000019480539583	0.000019452367441	0.000019480539583
13877	0.000019480539583	0.000019452367441	0.000019480539583
13878	0.000019480539583	0.000019452367441	0.000019480539583
13879	0.000019480539583	0.000019452367441	0.000019480539583
13880	0.000037665275417	0.000034859526652	0.000037665275417
13881	0.000043166763208	0.000042962304420	0.000043166763208
13882	0.000037403533199	0.000035273223228	0.000037403533199
13883	0.000049292660793	0.000047131047164	0.000049292660793
13884	0.000076563768956	0.000075252582699	0.000076563768956
13885	0.000062751130062	0.000065547385252	0.000062751130062
13886	0.000066613599320	0.000064136033778	0.000066613599320
13887	0.000037403533199	0.000035273223228	0.000037403533199
13888	0.000041298722313	0.000041238997402	0.000041298722313
13889	0.000037403533199	0.000035273223228	0.000037403533199
13890	0.000054584453549	0.000054505515232	0.000054584453549
13891	0.000146125500386	0.000143986752843	0.000146125500386
13892	0.000034797113830	0.000034746791341	0.000034797113830
13893	0.000037403533199	0.000035273223228	0.000037403533199
13894	0.000045149344322	0.000044733970721	0.000045149344322
13895	0.000063835107945	0.000063603234830	0.000063835107945
13896	0.000171610915660	0.000171959626359	0.000171610915660
13897	0.000058290931213	0.000058206632705	0.000058290931213
13898	0.000075239874677	0.000073171928562	0.000075239874677
13899	0.000437588892090	0.000487120643378	0.000437588892090
13900	0.000081182952534	0.000078775102933	0.000081182952534
13901	0.000037403533199	0.000035273223228	0.000037403533199
13902	0.000037403533199	0.000035273223228	0.000037403533199
13903	0.000046178801503	0.000045087897526	0.000046178801503
13904	0.000110062982658	0.000107762027445	0.000110062982658
13905	0.000036231650389	0.000036120603889	0.000036231650389
13906	0.000034812940686	0.000036006161872	0.000034812940686
13907	0.000034812940686	0.000036006161872	0.000034812940686
13908	0.000192662124337	0.000188455784598	0.000192662124337
13909	0.000072459697764	0.000071823271856	0.000072459697764
13910	0.000067130684875	0.000066876727455	0.000067130684875
13911	0.000036231650389	0.000036120603889	0.000036231650389
13912	0.000042098245694	0.000037486282919	0.000042098245694
13913	0.000034797113830	0.000034746791341	0.000034797113830
13914	0.000056083702355	0.000056002595872	0.000056083702355
13915	0.000042098245694	0.000055520198397	0.000042098245694
13916	0.000049251546156	0.000048808411418	0.000049251546156
13917	0.000078264858469	0.000082285649338	0.000078264858469
13918	0.000049251546156	0.000048808411418	0.000049251546156
13919	0.000068908575903	0.000057903185897	0.000068908575903
13920	0.000058717672792	0.000058544501119	0.000058717672792
13921	0.000036231650389	0.000036120603889	0.000036231650389
13922	0.000036231650389	0.000036120603889	0.000036231650389
13923	0.000272148346976	0.000272845659205	0.000272148346976
13924	0.000050113688078	0.000050041215241	0.000050113688078
13925	0.000060530978480	0.000061656388345	0.000060530978480
13926	0.000050113688078	0.000050041215241	0.000050113688078
13927	0.000049874542499	0.000049595806135	0.000049874542499
13928	0.000057914702694	0.000057184795839	0.000057914702694
13929	0.000044678756568	0.000044008886589	0.000044678756568
13930	0.000270447905194	0.000269059630838	0.000270447905194
13931	0.000062077174449	0.000061987400396	0.000062077174449
13932	0.000365338805308	0.000382108971434	0.000365338805308
13933	0.000052009666986	0.000051077690827	0.000052009666986
13934	0.000039121810264	0.000037140820515	0.000039121810264
13935	0.000057169117762	0.000057052030677	0.000057169117762
13936	0.000064238596884	0.000063628965267	0.000064238596884
13937	0.000048838106584	0.000047194871491	0.000048838106584
13938	0.000048430416154	0.000048457843900	0.000048430416154
13939	0.000060646393314	0.000060641534756	0.000060646393314
13940	0.000759371850650	0.000785160541151	0.000759371850650
13941	0.000051273542802	0.000049434607185	0.000051273542802
13942	0.000042098245694	0.000037486282919	0.000042098245694
13943	0.000053078855014	0.000052010231460	0.000053078855014
13944	0.000042444862790	0.000042082344734	0.000042444862790
13945	0.000042098245694	0.000037486282919	0.000042098245694
13946	0.000042098245694	0.000037486282919	0.000042098245694
13947	0.000064597566345	0.000063661064182	0.000064597566345
13948	0.000072575370402	0.000071027097604	0.000072575370402
13949	0.000061919272674	0.000058784977461	0.000061919272674
13950	0.000050025756532	0.000048971438495	0.000050025756532
13951	0.000715096391750	0.000735186924401	0.000715096391750
13952	0.000054709038320	0.000058816830403	0.000054709038320
13953	0.000034797113830	0.000034746791341	0.000034797113830
13954	0.000034797113830	0.000034746791341	0.000034797113830
13955	0.000091713981682	0.000090879490883	0.000091713981682
13956	0.000113749273133	0.000132853395656	0.000113749273133
13957	0.000056495373882	0.000055840257906	0.000056495373882
13958	0.000019480539583	0.000019452367441	0.000019480539583
13959	0.000036038998229	0.000035986879765	0.000036038998229
13960	0.000034797113830	0.000034746791341	0.000034797113830
13961	0.000344298956728	0.000576749878095	0.000344298956728
13962	0.000035307106521	0.000034867741011	0.000035307106521
13963	0.000095248500651	0.000095308840158	0.000095248500651
13964	0.000033219439888	0.000031330919710	0.000033219439888
13965	0.000055314638790	0.000055223734059	0.000055314638790
13966	0.000064188377927	0.000064095550717	0.000064188377927
13967	0.000049058086339	0.000048987140081	0.000049058086339
13968	0.000102976417059	0.000101014690405	0.000102976417059
13969	0.000050113688078	0.000050041215241	0.000050113688078
13970	0.000238243768888	0.000232096661923	0.000238243768888
13971	0.000041744954650	0.000042206432519	0.000041744954650
13972	0.000041744954650	0.000042206432519	0.000041744954650
13973	0.000033219439888	0.000031330919710	0.000033219439888
13974	0.000045500443261	0.000038822950864	0.000045500443261
13975	0.000045500443261	0.000038822950864	0.000045500443261
13976	0.000053948256774	0.000053230818529	0.000053948256774
13977	0.000055724791927	0.000055463929794	0.000055724791927
13978	0.000040800207658	0.000040738307606	0.000040800207658
13979	0.000052830920631	0.000052542570775	0.000052830920631
13980	0.000081125595009	0.000080405152737	0.000081125595009
13981	0.000075239874677	0.000073171928562	0.000075239874677
13982	0.000062077174449	0.000061987400396	0.000062077174449
13983	0.000064710681464	0.000061969484729	0.000064710681464
13984	0.000195566961921	0.000183123805494	0.000195566961921
13985	0.000019480539583	0.000019452367441	0.000019480539583
13986	0.000065801517533	0.000065706357452	0.000065801517533
13987	0.000053778870258	0.000053541382412	0.000053778870258
13988	0.000055558672954	0.000055222360465	0.000055558672954
13989	0.000045563105020	0.000048384216990	0.000045563105020
13990	0.000050113688078	0.000050041215241	0.000050113688078
13991	0.000045563105020	0.000048384216990	0.000045563105020
13992	0.000045563105020	0.000048384216990	0.000045563105020
13993	0.000085905409851	0.000085722197083	0.000085905409851
13994	0.000062223057590	0.000061369916633	0.000062223057590
13995	0.000062223057590	0.000061369916633	0.000062223057590
13996	0.000065877325100	0.000065782055388	0.000065877325100
13997	0.000050277442414	0.000050154880747	0.000050277442414
13998	0.000052283105348	0.000051778648733	0.000052283105348
13999	0.000019480539583	0.000019452367441	0.000019480539583
14000	0.000033219439888	0.000031330919710	0.000033219439888
14001	0.000050113688078	0.000050041215241	0.000050113688078
14002	0.000234944855663	0.000234677821248	0.000234944855663
14003	0.000058744091309	0.000058657014222	0.000058744091309
14004	0.000096096254686	0.000095941237509	0.000096096254686
14005	0.000063931514837	0.000063182018911	0.000063931514837
14006	0.000148927620860	0.000145726699719	0.000148927620860
14007	0.000047309578696	0.000048010203184	0.000047309578696
14008	0.000041616352239	0.000041677562563	0.000041616352239
14009	0.000047309578696	0.000048010203184	0.000047309578696
14010	0.000061721733761	0.000061437920166	0.000061721733761
14011	0.000060599112274	0.000060487502762	0.000060599112274
14012	0.000119332103240	0.000119190441471	0.000119332103240
14013	0.000311241671544	0.000313535590190	0.000311241671544
14014	0.000019480539583	0.000019452367441	0.000019480539583
14015	0.000019480539583	0.000019452367441	0.000019480539583
14016	0.000048550381645	0.000040684400920	0.000048550381645
14017	0.000090032301293	0.000089864472813	0.000090032301293
14018	0.000074037305080	0.000073744523077	0.000074037305080
14019	0.000116556455446	0.000107734892562	0.000116556455446
14020	0.000036678479891	0.000036734489887	0.000036678479891
14021	0.000041213516556	0.000041153914867	0.000041213516556
14022	0.000041213516556	0.000041153914867	0.000041213516556
14023	0.000045659284270	0.000045593253252	0.000045659284270
14024	0.000048871803679	0.000048801126817	0.000048871803679
14025	0.000069176548265	0.000068640725442	0.000069176548265
14026	0.000109765558873	0.000108974558996	0.000109765558873
14027	0.000058245304281	0.000058211258141	0.000058245304281
14028	0.000056560278798	0.000056139515983	0.000056560278798
14029	0.000312868039778	0.000306174162848	0.000312868039778
14030	0.000151448262654	0.000130859476835	0.000151448262654
14031	0.000073112273630	0.000072469632419	0.000073112273630
14032	0.000047579891739	0.000041358976331	0.000047579891740
14033	0.000047579891739	0.000041358976331	0.000047579891740
14034	0.000019480539583	0.000019452367441	0.000019480539583
14035	0.000071049027149	0.000070915170461	0.000071049027149
14036	0.000106153705607	0.000105386561125	0.000106153705607
14037	0.000019480539583	0.000019452367441	0.000019480539583
14038	0.000036038998229	0.000035986879765	0.000036038998229
14039	0.000019480539583	0.000019452367441	0.000019480539583
14040	0.000036038998229	0.000035986879765	0.000036038998229
14041	0.000048967226441	0.000048895740599	0.000048967226441
14042	0.000036866921161	0.000036813605382	0.000036866921161
14043	0.000065701109436	0.000065011179705	0.000065701109436
14044	0.000041834458755	0.000041773959079	0.000041834458755
14045	0.000064755790863	0.000064579178028	0.000064755790863
14046	0.000044605230905	0.000038391990465	0.000044605230905
14047	0.000019480539583	0.000019452367441	0.000019480539583
14048	0.000019480539583	0.000019452367441	0.000019480539583
14049	0.000019480539583	0.000019452367441	0.000019480539583
14050	0.000019480539583	0.000019452367441	0.000019480539583
14051	0.000019480539583	0.000019452367441	0.000019480539583
14052	0.000019480539583	0.000019452367441	0.000019480539583
14053	0.000019480539583	0.000019452367441	0.000019480539583
14054	0.000019480539583	0.000019452367441	0.000019480539583
14055	0.000019480539583	0.000019452367441	0.000019480539583
14056	0.000019480539583	0.000019452367441	0.000019480539583
14057	0.000019480539583	0.000019452367441	0.000019480539583
14058	0.000019480539583	0.000019452367441	0.000019480539583
14059	0.000019480539583	0.000019452367441	0.000019480539583
14060	0.000093083410709	0.000089126603003	0.000093083410709
14061	0.000134684960016	0.000169346018210	0.000134684960016
14062	0.000037665275417	0.000034859526652	0.000037665275417
14063	0.000057881706270	0.000057532845281	0.000057881706270
14064	0.000112342270639	0.000109969056766	0.000112342270639
14065	0.000069165616383	0.000069023585693	0.000069165616383
14066	0.000055645830298	0.000054867846756	0.000055645830298
14067	0.000175374861297	0.000170406258337	0.000175374861297
14068	0.000195455847995	0.000199766006707	0.000195455847995
14069	0.000019480539583	0.000019452367441	0.000019480539583
14070	0.000059923447562	0.000054607497322	0.000059923447562
14071	0.000081015126365	0.000080449390392	0.000081015126365
14072	0.000041903628733	0.000039491591100	0.000041903628733
14073	0.000350872631999	0.000338929171008	0.000350872631999
14074	0.000019480539583	0.000019452367441	0.000019480539583
14075	0.000036038998229	0.000035986879765	0.000036038998229
14076	0.000244018930735	0.000252374618585	0.000244018930735
14077	0.000041306657886	0.000041246921499	0.000041306657886
14078	0.000050124327622	0.000049975789448	0.000050124327622
14079	0.000039074715647	0.000039018207025	0.000039074715647
14080	0.000036678479891	0.000036734489887	0.000036678479891
14081	0.000168549171686	0.000164297687027	0.000168549171686
14082	0.000043703544926	0.000048638464244	0.000043703544926
14083	0.000071087051877	0.000070902674926	0.000071087051877
14084	0.000061919272674	0.000058784977461	0.000061919272674
14085	0.000052694047883	0.000052617843412	0.000052694047883
14086	0.000036089398742	0.000035970001376	0.000036089398742
14087	0.000057093092120	0.000050479537328	0.000057093092120
14088	0.000019480539583	0.000019452367441	0.000019480539583
14089	0.000057924777512	0.000058451024518	0.000057924777512
14090	0.000186883607274	0.000177824024385	0.000186883607274
14091	0.000019480539583	0.000019452367441	0.000019480539583
14092	0.000063652842043	0.000063255390593	0.000063652842043
14093	0.000073585455320	0.000073219449445	0.000073585455320
14094	0.000034383152364	0.000034333428533	0.000034383152364
14095	0.000052013333764	0.000051442274503	0.000052013333764
14096	0.000054476890537	0.000054398107775	0.000054476890537
14097	0.000056794473310	0.000057153071646	0.000056794473310
14098	0.000050113688078	0.000050041215241	0.000050113688078
14099	0.000048765239805	0.000048299048433	0.000048765239805
14100	0.000019480539583	0.000019452367441	0.000019480539583
14101	0.000058209178850	0.000060578951882	0.000058209178850
14102	0.000047952184693	0.000047830990874	0.000047952184693
14103	0.000056997960579	0.000056900318478	0.000056997960579
14104	0.000345029586970	0.000325232228534	0.000345029586970
14105	0.000019480539583	0.000019452367441	0.000019480539583
14106	0.000036038998229	0.000035986879765	0.000036038998229
14107	0.000066705411594	0.000066391373836	0.000066705411595
14108	0.000062077174449	0.000061987400396	0.000062077174449
14109	0.000051535818198	0.000050842312364	0.000051535818198
14110	0.000056861467375	0.000056091511310	0.000056861467375
14111	0.000055881904232	0.000055241957111	0.000055881904232
14112	0.000062077174449	0.000061987400396	0.000062077174449
14113	0.000249588240437	0.000234168932041	0.000249588240437
14114	0.000093558429909	0.000098746862901	0.000093558429909
14115	0.000019480539583	0.000019452367441	0.000019480539583
14116	0.000040717280248	0.000040412079332	0.000040717280248
14117	0.000056179724613	0.000055267866707	0.000056179724613
14118	0.000019480539583	0.000019452367441	0.000019480539583
14119	0.000060165374279	0.000059484064320	0.000060165374279
14120	0.000047229657968	0.000046940273927	0.000047229657968
14121	0.000041213516556	0.000041153914867	0.000041213516556
14122	0.000053234885977	0.000052300740904	0.000053234885977
14123	0.000062077174449	0.000061987400396	0.000062077174449
14124	0.000019480539583	0.000019452367441	0.000019480539583
14125	0.000036038998229	0.000035986879765	0.000036038998229
14126	0.000045914292723	0.000045246795307	0.000045914292723
14127	0.000050042757631	0.000046383333813	0.000050042757631
14128	0.000062016883569	0.000058878201182	0.000062016883569
14129	0.000019480539583	0.000019452367441	0.000019480539583
14130	0.000036038998229	0.000035986879765	0.000036038998229
14131	0.000044348729146	0.000043991692022	0.000044348729146
14132	0.000057176959357	0.000056845305659	0.000057176959357
14133	0.000047791319294	0.000046710181796	0.000047791319294
14134	0.000057453821424	0.000057536743048	0.000057453821424
14135	0.000312238387189	0.000323765396682	0.000312238387189
14136	0.000054229878877	0.000054205343926	0.000054229878877
14137	0.000041819569354	0.000050267338112	0.000041819569354
14138	0.000042475437566	0.000041594251670	0.000042475437566
14139	0.000119332103240	0.000119190441471	0.000119332103240
14140	0.000043209299365	0.000043105115197	0.000043209299365
14141	0.001012746976639	0.001155498333109	0.001012746976639
14142	0.000084559743196	0.000083417062735	0.000084559743196
14143	0.000048425210898	0.000037939227433	0.000048425210898
14144	0.000049087408610	0.000049016419946	0.000049087408610
14145	0.000095970755887	0.000091731839384	0.000095970755887
14146	0.000019480539583	0.000019452367441	0.000019480539583
14147	0.000056008222453	0.000055882384827	0.000056008222453
14148	0.000176287994716	0.000192581284003	0.000176287994716
14149	0.000048425210898	0.000037939227433	0.000048425210898
14150	0.000291647526663	0.000354533603650	0.000291647526663
14151	0.000048425210898	0.000037939227433	0.000048425210898
14152	0.016323747848683	0.017061873587971	0.016323747848685
14153	0.000073807552964	0.000073687247934	0.000073807552964
14154	0.000037726423845	0.000037279326166	0.000037726423845
14155	0.000050113688078	0.000050041215241	0.000050113688078
14156	0.000034051983191	0.000034002738287	0.000034051983191
14157	0.000019480539583	0.000019452367441	0.000019480539583
14158	0.000019480539583	0.000019452367441	0.000019480539583
14159	0.000040181652138	0.000039850490760	0.000040181652138
14160	0.000050326828109	0.000048430143846	0.000050326828109
14161	0.000070419297853	0.000077227642783	0.000070419297853
14162	0.000056687533170	0.000056229308286	0.000056687533170
14163	0.000035202709893	0.000034167209135	0.000035202709893
14164	0.000019480539583	0.000019452367441	0.000019480539583
14165	0.000036038998229	0.000035986879765	0.000036038998229
14166	0.000049531347199	0.000048850441725	0.000049531347199
14167	0.000043447297461	0.000043274691637	0.000043447297461
14168	0.000043447297461	0.000043274691637	0.000043447297461
14169	0.000099346830511	0.000096954922553	0.000099346830511
14170	0.000052213248591	0.000051959490231	0.000052213248591
14171	0.000052213248591	0.000051959490231	0.000052213248591
14172	0.000067529822838	0.000067253914132	0.000067529822838
14173	0.000181114263722	0.000176962707211	0.000181114263722
14174	0.000060748363981	0.000054034108223	0.000060748363981
14175	0.000038464854419	0.000036457499339	0.000038464854419
14176	0.000084892799745	0.000073329241271	0.000084892799744
14177	0.000295585161805	0.000297398321741	0.000295585161805
14178	0.000019480539583	0.000019452367441	0.000019480539583
14179	0.000047710780312	0.000047512682887	0.000047710780312
14180	0.000141528023456	0.000147890321927	0.000141528023456
14181	0.000066375580725	0.000065287728217	0.000066375580725
14182	0.000733629487509	0.000756046923774	0.000733629487509
14183	0.000047652786616	0.000048647072083	0.000047652786616
14184	0.000038464854419	0.000036457499339	0.000038464854419
14185	0.000048674469041	0.000048735875483	0.000048674469041
14186	0.000019480539583	0.000019452367441	0.000019480539583
14187	0.000034797113830	0.000034746791341	0.000034797113830
14188	0.000148211562839	0.000130682922750	0.000148211562839
14189	0.001490974616820	0.001578661723995	0.001490974616820
14190	0.000152971111449	0.000149030604595	0.000152971111449
14191	0.000019480539583	0.000019452367441	0.000019480539583
14192	0.000038464854419	0.000036457499339	0.000038464854419
14193	0.000056995647894	0.000050208356038	0.000056995647894
14194	0.000060377977920	0.000058660856608	0.000060377977920
14195	0.000060705464792	0.000059409702475	0.000060705464792
14196	0.000093751289660	0.000077037560526	0.000093751289660
14197	0.000019480539583	0.000019452367441	0.000019480539583
14198	0.000019480539583	0.000019452367441	0.000019480539583
14199	0.000046500426951	0.000046558366457	0.000046500426951
14200	0.000224664047491	0.000221797575051	0.000224664047491
14201	0.000112998124936	0.000091934129361	0.000112998124936
14202	0.000124168404043	0.000123086387879	0.000124168404043
14203	0.000050069875479	0.000048907234756	0.000050069875479
14204	0.000019480539583	0.000019452367441	0.000019480539583
14205	0.000068068169696	0.000066144438676	0.000068068169696
14206	0.000065584837782	0.000083338364621	0.000065584837782
14207	0.000350165525261	0.000349244243619	0.000350165525261
14208	0.000019480539583	0.000019452367441	0.000019480539583
14209	0.000235707057959	0.000218641673747	0.000235707057959
14210	0.000118909092582	0.000109637606437	0.000118909092582
14211	0.000079008678878	0.000068928635287	0.000079008678878
14212	0.000072111921356	0.000069419598283	0.000072111921356
14213	0.000034797113830	0.000034746791341	0.000034797113830
14214	0.000380299941136	0.000371795605622	0.000380299941136
14215	0.000185912180723	0.000184059928833	0.000185912180723
14216	0.000019480539583	0.000019452367441	0.000019480539583
14217	0.000060177970988	0.000059672204825	0.000060177970988
14218	0.000060699632057	0.000060243908420	0.000060699632057
14219	0.000044125899757	0.000046195932322	0.000044125899757
14220	0.000302726266251	0.000291389399144	0.000302726266251
14221	0.000268335697150	0.000367609136970	0.000268335697149
14222	0.000051156088000	0.000050604470529	0.000051156088000
14223	0.000050113688078	0.000050041215241	0.000050113688078
14224	0.000056687533170	0.000056229308286	0.000056687533170
14225	0.000045177857533	0.000044927486719	0.000045177857533
14226	0.000048068709360	0.000046769698814	0.000048068709360
14227	0.000182662334919	0.000157334602361	0.000182662334919
14228	0.000048068709360	0.000046769698814	0.000048068709360
14229	0.000203205264225	0.000200611877734	0.000203205264225
14230	0.000122310094992	0.000121297951671	0.000122310094992
14231	0.000019480539583	0.000019452367441	0.000019480539583
14232	0.000037665275417	0.000034859526652	0.000037665275417
14233	0.000051834879565	0.000051571215073	0.000051834879565
14234	0.000054591861864	0.000054865491127	0.000054591861864
14235	0.000019480539583	0.000019452367441	0.000019480539583
14236	0.000036038998229	0.000035986879765	0.000036038998229
14237	0.000054591861864	0.000054865491127	0.000054591861864
14238	0.000050113688078	0.000050041215241	0.000050113688078
14239	0.000084726116426	0.000084808599315	0.000084726116426
14240	0.000047710780312	0.000047512682887	0.000047710780312
14241	0.000060034702848	0.000059838147894	0.000060034702848
14242	0.000247565882160	0.000331920133865	0.000247565882160
14243	0.000040891723975	0.000040170724014	0.000040891723975
14244	0.000182759013335	0.000179907581524	0.000182759013335
14245	0.000217855566217	0.000251687695940	0.000217855566217
14246	0.000019480539583	0.000019452367441	0.000019480539583
14247	0.000054844924901	0.000047873782951	0.000054844924901
14248	0.000054844924901	0.000047873782951	0.000054844924901
14249	0.000038464854419	0.000036457499339	0.000038464854419
14250	0.000064449674389	0.000070972052817	0.000064449674389
14251	0.000054844924901	0.000047873782951	0.000054844924901
14252	0.000050113688078	0.000050041215241	0.000050113688078
14253	0.000059316364026	0.000059016604315	0.000059316364026
14254	0.000057741618962	0.000056387591827	0.000057741618962
14255	0.000080358785979	0.000071867437797	0.000080358785979
14256	0.000060338942539	0.000059206611433	0.000060338942539
14257	0.000051250414644	0.000051101226854	0.000051250414644
14258	0.000084863952832	0.000069617039506	0.000084863952832
14259	0.000041958492358	0.000042492905210	0.000041958492358
14260	0.000043983984519	0.000043863969244	0.000043983984519
14261	0.000285418373395	0.000279700405861	0.000285418373395
14262	0.000047438982283	0.000047449342101	0.000047438982283
14263	0.000106904920064	0.000105599762568	0.000106904920064
14264	0.000065614862601	0.000051528756531	0.000065614862601
14265	0.000091614899490	0.000078626851021	0.000091614899490
14266	0.000019480539583	0.000019452367441	0.000019480539583
14267	0.000036038998229	0.000035986879765	0.000036038998229
14268	0.000040374145002	0.000040315757186	0.000040374145002
14269	0.000984569426429	0.000989020366757	0.000984569426429
14270	0.000066193242358	0.000065013749144	0.000066193242358
14271	0.000019480539583	0.000019452367441	0.000019480539583
14272	0.000036038998229	0.000035986879765	0.000036038998229
14273	0.000055039829525	0.000054960232658	0.000055039829525
14274	0.000019480539583	0.000019452367441	0.000019480539583
14275	0.000048015504643	0.000047322173686	0.000048015504643
14276	0.000044670195895	0.000044547101959	0.000044670195895
14277	0.000040374145002	0.000040315757186	0.000040374145002
14278	0.000042787616284	0.000034673805798	0.000042787616284
14279	0.000019480539583	0.000019452367441	0.000019480539583
14280	0.000145045282096	0.000122052264232	0.000145045282096
14281	0.000034450141512	0.000034723423756	0.000034450141512
14282	0.000019480539583	0.000019452367441	0.000019480539583
14283	0.000085988807152	0.000085003445667	0.000085988807152
14284	0.000188018630768	0.000182775357319	0.000188018630768
14285	0.000040939813376	0.000040611626633	0.000040939813376
14286	0.000096876015819	0.000096507283034	0.000096876015819
14287	0.000019480539583	0.000019452367441	0.000019480539583
14288	0.000036038998229	0.000035986879765	0.000036038998229
14289	0.000597447477409	0.000624999687867	0.000597447477409
14290	0.000019480539583	0.000019452367441	0.000019480539583
14291	0.000044348729146	0.000043991692022	0.000044348729146
14292	0.000038464854419	0.000036457499339	0.000038464854419
14293	0.000205111302108	0.000200781322983	0.000205111302108
14294	0.000027482450579	0.000026661098383	0.000027482450579
14295	0.000019480539583	0.000019452367441	0.000019480539583
14296	0.000044636150294	0.000044692496712	0.000044636150294
14297	0.000051627589142	0.000044202184056	0.000051627589142
14298	0.000041085491733	0.000041026075189	0.000041085491733
14299	0.000041085491733	0.000041026075189	0.000041085491733
14300	0.000051627589142	0.000044202184056	0.000051627589142
14301	0.000103903070422	0.000104478176225	0.000103903070422
14302	0.000051627589142	0.000068952000671	0.000051627589142
14303	0.000097469671958	0.000068188381402	0.000097469671958
14304	0.000294274883552	0.000312048047269	0.000294274883552
14305	0.000056515985840	0.000055108124366	0.000056515985840
14306	0.000216889075937	0.000262447782537	0.000216889075937
14307	0.000911322110774	0.000846393157706	0.000911322110774
14308	0.000237233229120	0.000225703028057	0.000237233229120
14309	0.000031369667177	0.000031310191377	0.000031369667177
14310	0.000031369667177	0.000031310191377	0.000031369667177
14311	0.000046144756684	0.000046066030111	0.000046144756684
14312	0.000059700382623	0.000059534491448	0.000059700382623
14313	0.000049273762435	0.000046098077961	0.000049273762435
14314	0.000148373825762	0.000137896793934	0.000148373825762
14315	0.000049273762435	0.000046098077961	0.000049273762435
14316	0.000094510518144	0.000095616745411	0.000094510518144
14317	0.000064309893034	0.000064216890094	0.000064309893034
14318	0.000048435985623	0.000047123602190	0.000048435985623
14319	0.000051197864177	0.000051123823440	0.000051197864177
14320	0.000050113688078	0.000050041215241	0.000050113688078
14321	0.000050113688078	0.000050041215241	0.000050113688078
14322	0.000034651641101	0.000032867832630	0.000034651641101
14323	0.000081124784474	0.000045388473590	0.000081124784474
14324	0.000174825700918	0.000172373811736	0.000174825700918
14325	0.000178331605766	0.000170602788168	0.000178331605766
14326	0.000333078442102	0.000343358594965	0.000333078442102
14327	0.000108035376651	0.000107467022551	0.000108035376651
14328	0.000072812523434	0.000058008387123	0.000072812523434
14329	0.000047879331064	0.000047317455746	0.000047879331064
14330	0.000066914503970	0.000056016409980	0.000066914503970
14331	0.000019480539583	0.000019452367441	0.000019480539583
14332	0.000019480539583	0.000019452367441	0.000019480539583
14333	0.000038464854419	0.000036457499339	0.000038464854419
14334	0.000063184420463	0.000061135053176	0.000063184420463
14335	0.000165186346041	0.000236144489139	0.000165186346041
14336	0.000052175665839	0.000050441241879	0.000052175665839
14337	0.000075660323769	0.000058551264844	0.000075660323769
14338	0.000049273762435	0.000046098077961	0.000049273762435
14339	0.000040374145002	0.000040315757186	0.000040374145002
14340	0.000056952106412	0.000055269685140	0.000056952106412
14341	0.000075653559134	0.000073429256668	0.000075653559134
14342	0.000042693487208	0.000042574049145	0.000042693487208
14343	0.000091239592488	0.000090748623500	0.000091239592488
14344	0.000019480539583	0.000019452367441	0.000019480539583
14345	0.000058931717516	0.000059149904755	0.000058931717516
14346	0.000215227720718	0.000211588282209	0.000215227720718
14347	0.000019480539583	0.000019452367441	0.000019480539583
14348	0.000036038998229	0.000035986879765	0.000036038998229
14349	0.000049068037133	0.000048790188399	0.000049068037133
14350	0.000076059858354	0.000077530155175	0.000076059858354
14351	0.000019480539583	0.000019452367441	0.000019480539583
14352	0.000036038998229	0.000035986879765	0.000036038998229
14353	0.000048994422468	0.000046152958127	0.000048994422468
14354	0.000019480539583	0.000019452367441	0.000019480539583
14355	0.000084260913849	0.000065358020635	0.000084260913849
14356	0.000046292321317	0.000045729007106	0.000046292321317
14357	0.000070989785016	0.000070866744789	0.000070989785016
14358	0.000061676698827	0.000050419291131	0.000061676698827
14359	0.000049273762435	0.000046098077961	0.000049273762435
14360	0.000186723152170	0.000185325610737	0.000186723152170
14361	0.000349776442527	0.000349428525626	0.000349776442527
14362	0.000057457482666	0.000056859921041	0.000057457482666
14363	0.000041405693523	0.000042336918992	0.000041405693523
14364	0.000051454810748	0.000051556216043	0.000051454810748
14365	0.000276979354082	0.000278824268131	0.000276979354082
14366	0.000045103771267	0.000044642165758	0.000045103771267
14367	0.000191252274340	0.000266637970881	0.000191252274340
14368	0.000057412905236	0.000056105941074	0.000057412905236
14369	0.000044118933552	0.000047587409122	0.000044118933552
14370	0.000409210523090	0.000394940887013	0.000409210523090
14371	0.000326634678686	0.000404276783679	0.000326634678686
14372	0.000047612766962	0.000038328053745	0.000047612766962
14373	0.000112468179152	0.000078602731280	0.000112468179152
14374	0.000037525405581	0.000037231771455	0.000037525405581
14375	0.000056687533170	0.000056229308286	0.000056687533170
14376	0.000034797113830	0.000034746791341	0.000034797113830
14377	0.000100438074967	0.000097171906805	0.000100438074967
14378	0.000046259564083	0.000046192664959	0.000046259564083
14379	0.000046259564083	0.000046192664959	0.000046259564083
14380	0.000046259564083	0.000046192664959	0.000046259564083
14381	0.000081371184502	0.000068759496495	0.000081371184502
14382	0.000103759776535	0.000092910556391	0.000103759776535
14383	0.000049273762435	0.000046098077961	0.000049273762435
14384	0.000065558528272	0.000065463719594	0.000065558528272
14385	0.000059951391501	0.000052031213124	0.000059951391501
14386	0.000065579321772	0.000065485468820	0.000065579321772
14387	0.000062166721444	0.000060750427833	0.000062166721444
14388	0.000086237381055	0.000088058444039	0.000086237381055
14389	0.000069443773752	0.000069476656038	0.000069443773752
14390	0.000069443773752	0.000069476656038	0.000069443773752
14391	0.000062166721444	0.000060750427833	0.000062166721444
14392	0.000069443773752	0.000069476656038	0.000069443773752
14393	0.000050113688078	0.000050041215241	0.000050113688078
14394	0.000069443773752	0.000069476656038	0.000069443773752
14395	0.000049677475046	0.000049848422210	0.000049677475046
14396	0.000056347938683	0.000055036954976	0.000056347938683
14397	0.000069443773752	0.000069476656038	0.000069443773752
14398	0.000081177664844	0.000104958241429	0.000081177664844
14399	0.000046259564083	0.000046192664959	0.000046259564083
14400	0.000047070708180	0.000046797328294	0.000047070708180
14401	0.000113016405554	0.000114798741557	0.000113016405554
14402	0.000060091759133	0.000054906051145	0.000060091759133
14403	0.000046259564083	0.000046192664959	0.000046259564083
14404	0.000046259564083	0.000046192664959	0.000046259564083
14405	0.000046259564083	0.000046192664959	0.000046259564083
14406	0.000046259564083	0.000046192664959	0.000046259564083
14407	0.000059490641537	0.000059230096491	0.000059490641537
14408	0.000046259564083	0.000046192664959	0.000046259564083
14409	0.000046259564083	0.000046192664959	0.000046259564083
14410	0.000046259564083	0.000046192664959	0.000046259564083
14411	0.000043699634175	0.000043499590810	0.000043699634175
14412	0.000092008465681	0.000084994871433	0.000092008465681
14413	0.000391857821228	0.000394307190825	0.000391857821228
14414	0.000065638674734	0.000063987835030	0.000065638674734
14415	0.000065638674734	0.000063987835030	0.000065638674734
14416	0.000051955891302	0.000051144037481	0.000051955891302
14417	0.000116609297931	0.000116601334243	0.000116609297931
14418	0.000092008465681	0.000084994871433	0.000092008465681
14419	0.000065638674734	0.000063987835030	0.000065638674734
14420	0.000062992931321	0.000054288365025	0.000062992931321
14421	0.000057212937554	0.000057421517681	0.000057212937554
14422	0.000034797113830	0.000034746791341	0.000034797113830
14423	0.000068111536504	0.000068260657470	0.000068111536504
14424	0.000077593051399	0.000076856946326	0.000077593051399
14425	0.000019480539583	0.000019452367441	0.000019480539583
14426	0.000019480539583	0.000019452367441	0.000019480539583
14427	0.000036038998229	0.000035986879765	0.000036038998229
14428	0.000068701216992	0.000073120721307	0.000068701216992
14429	0.000068701216992	0.000073120721307	0.000068701216992
14430	0.000078507747273	0.000078507525073	0.000078507747273
14431	0.000051912562578	0.000050117463845	0.000051912562578
14432	0.000033879199275	0.000033830204245	0.000033879199275
14433	0.000044291059577	0.000040777460066	0.000044291059577
14434	0.000044720492027	0.000050691937089	0.000044720492027
14435	0.000044720492027	0.000050691937089	0.000044720492027
14436	0.000044720492027	0.000050691937089	0.000044720492027
14437	0.000048220159789	0.000047799718496	0.000048220159789
14438	0.000068701216992	0.000073120721307	0.000068701216992
14439	0.000049211059141	0.000049450004423	0.000049211059141
14440	0.000068701216992	0.000073120721307	0.000068701216992
14441	0.000019480539583	0.000019452367441	0.000019480539583
14442	0.000036038998229	0.000035986879765	0.000036038998229
14443	0.000057492957806	0.000062540513966	0.000057492957806
14444	0.000059510900412	0.000058847463180	0.000059510900412
14445	0.000058801169053	0.000058716132656	0.000058801169053
14446	0.000063727647847	0.000061911945323	0.000063727647847
14447	0.000042755569630	0.000042477725745	0.000042755569630
14448	0.000069017033148	0.000065239696780	0.000069017033148
14449	0.000078145017759	0.000074906109704	0.000078145017759
14450	0.000049273762435	0.000046098077961	0.000049273762435
14451	0.000061592476204	0.000061076297749	0.000061592476204
14452	0.000062077174449	0.000061987400396	0.000062077174449
14453	0.000075843771759	0.000075517844984	0.000075843771759
14454	0.000083947745579	0.000083642535677	0.000083947745579
14455	0.000044720492027	0.000050691937089	0.000044720492027
14456	0.000044720492027	0.000050691937089	0.000044720492027
14457	0.000078507747273	0.000078507525073	0.000078507747273
14458	0.000027482450579	0.000026661098383	0.000027482450579
14459	0.000047111159359	0.000047041659642	0.000047111159359
14460	0.000047111159359	0.000047041659642	0.000047111159359
14461	0.000059579900173	0.000078714805016	0.000059579900173
14462	0.000344298956728	0.000130911869572	0.000344298956728
14463	0.000050113688078	0.000050041215241	0.000050113688078
14464	0.000070552910490	0.000070330842423	0.000070552910490
14465	0.000042988149080	0.000042090363442	0.000042988149080
14466	0.000303836550092	0.000324196963430	0.000303836550092
14467	0.000045102507809	0.000045160273066	0.000045102507809
14468	0.000072306288897	0.000071910746863	0.000072306288897
14469	0.000059197874479	0.000059112264379	0.000059197874479
14470	0.000019480539583	0.000019452367441	0.000019480539583
14471	0.000019480539583	0.000019452367441	0.000019480539583
14472	0.000054263434046	0.000049970526892	0.000054263434046
14473	0.000062077174449	0.000061987400396	0.000062077174449
14474	0.000054263434046	0.000049970526892	0.000054263434046
14475	0.000050692737837	0.000050318051433	0.000050692737837
14476	0.000051743370995	0.000051827366559	0.000051743370995
14477	0.000062219385194	0.000062115964114	0.000062219385194
14478	0.000066879600203	0.000054398078239	0.000066879600203
14479	0.000057449132116	0.000039081380970	0.000057449132116
14480	0.000057449132116	0.000039081380970	0.000057449132116
14481	0.000049273762435	0.000046098077961	0.000049273762435
14482	0.000037946776466	0.000041127262839	0.000037946776466
14483	0.000037946776466	0.000041127262839	0.000037946776466
14484	0.000051205619901	0.000050425813594	0.000051205619901
14485	0.000067664942777	0.000067247279484	0.000067664942777
14486	0.000043699634175	0.000043499590810	0.000043699634175
14487	0.000062077174449	0.000061987400396	0.000062077174449
14488	0.000051205619901	0.000050425813594	0.000051205619901
14489	0.000092008465681	0.000084994871433	0.000092008465681
14490	0.000030232126249	0.000031105091912	0.000030232126249
14491	0.000073806776297	0.000072974378849	0.000073806776297
14492	0.000058206527958	0.000060577565455	0.000058206527958
14493	0.000049273762435	0.000046098077961	0.000049273762435
14494	0.000139401106973	0.000115567465142	0.000139401106973
14495	0.000057449132116	0.000039081380970	0.000057449132116
14496	0.000048919742869	0.000049054517371	0.000048919742869
14497	0.000057449132116	0.000039081380970	0.000057449132116
14498	0.000068312301881	0.000052671541265	0.000068312301881
14499	0.000061363237653	0.000058635733708	0.000061363237653
14500	0.000057449132116	0.000039081380970	0.000057449132116
14501	0.000049273762435	0.000046098077961	0.000049273762435
14502	0.000050113688078	0.000050041215241	0.000050113688078
14503	0.000049273762435	0.000046098077961	0.000049273762435
14504	0.000054238504962	0.000053597482852	0.000054238504962
14505	0.000068956088348	0.000070943298077	0.000068956088348
14506	0.000049273762435	0.000046098077961	0.000049273762435
14507	0.000049273762435	0.000046098077961	0.000049273762435
14508	0.000051585495407	0.000051322436018	0.000051585495407
14509	0.000063328210679	0.000063076438056	0.000063328210679
14510	0.000312134652802	0.000130727456577	0.000312134652802
14511	0.000094821526421	0.000094684398518	0.000094821526421
14512	0.000049273762435	0.000046098077961	0.000049273762435
14513	0.000267380937246	0.000320805930543	0.000267380937246
14514	0.000074864294141	0.000057056540967	0.000074864294141
14515	0.000065638674734	0.000063987835030	0.000065638674734
14516	0.000065638674734	0.000063987835030	0.000065638674734
14517	0.000048446782117	0.000049206940001	0.000048446782117
14518	0.000061603118425	0.000040671199879	0.000061603118425
14519	0.000221128784335	0.000211299941289	0.000221128784335
14520	0.000060467675404	0.000060082128163	0.000060467675404
14521	0.000039860207516	0.000039730657301	0.000039860207516
14522	0.000054114909412	0.000053635683083	0.000054114909412
14523	0.000098446660336	0.000095199863567	0.000098446660336
14524	0.000065058326981	0.000064956411260	0.000065058326981
14525	0.000065058326981	0.000064956411260	0.000065058326981
14526	0.000065058326981	0.000064956411260	0.000065058326981
14527	0.000118598442825	0.000118563501547	0.000118598442825
14528	0.000117131581800	0.000130124111487	0.000117131581800
14529	0.000047612766962	0.000038328053745	0.000047612766962
14530	0.000030232126249	0.000031105091912	0.000030232126249
14531	0.000058158139702	0.000058048904822	0.000058158139702
14532	0.000104657516993	0.000083702251487	0.000104657516993
14533	0.000048485624862	0.000048415506479	0.000048485624862
14534	0.000065058326981	0.000064956411260	0.000065058326981
