0x699a884a3e41bbab0b9b68ac6d749e64cbe3ea7b	True
0xb759b80efd95c17c3ef82fcf0b94c1df4c72c83a	True
0x17b56b0737e413ef8c38008ec95f6b7bed215cc3	True
0xc63d4171dfa493a1566ad747cb514b02a392b02c	True
0x5d3f7690df8bc854cc37e10771892ad28aa1349b	True
0xcf01853ec39ac9123854d45445128b2d2f159576	True
0x89430ac32b6e5386d9554d2253c37160556acd70	True
0x1c8221c8d9239cd1a83e17035b0e6cd966a6b002	True
0x61591d18aa2e6e09009c2823ee1c9609f1b1dc34	True
0x0d615e45fc7eabe6e77b5b255f47454fa6fadb53	True
0x80ecaa8ce62ad0f2d27516112f5f218515b282a9	True
0x01d60dd27e94e03662d5878d7bfef60b8a4cb502	True
0xefc0602b7367c1bf8a7a8c891fe564d489328142	True
0xe592ada525d16514a546a33223a04089c0c07bc0	True
0xe0bed2872bba3065011446098b4b9cbd44444fde	True
0x9f18af684bc1a59b5b52abf32e8066c79bb0b6a3	True
0x4d32776058d1628b602af09d1d01f4e7e9fdc62c	True
0xe08906219f27b3a7e8a688f5743365e1c025d994	True
0x196e493b3c51dd263373cbd4927a6614e3d5364f	True
0x1b1af60232d63bde5ba17258e8afdf8a7597b3e3	True
0x3d10ba7b89c9e5458c8249b0622c358f2e6902c4	True
0xb56b89aa6b6987e9da521c213b1de58394695720	True
0xc42b1b901e491e425733320f8198c9f9204a7893	True
0x7a8219d2c70a28ce422443c2ac4bfb960fa7034c	True
0xb344609e4c0677f8854a3d4a12089d70b74029e9	True
0xec1b69f8e5adb304fcad067b22cb4c292c514ca0	True
0x84984dd597e99b64dd176fb4afce8b02125f5c2e	True
0xbfbcbd817d9d07ae6f3f5c526a6ceb3f0473a74e	True
0x243ca54d69ac4c4eda2b09634cde706b59bc0864	True
0x3bfa36c41b8bd56e8a22952e08540592a0f91131	True
0xf05cbff2fa298ac040e3915d67a277c6c37aeafd	True
0xb3f0417a13789e9b080079a32fa341bed2162a43	True
0xdbb6998667873510970c44dd143a015d2dc9c8cb	True
0x4d9c0732f203b3a03dc92eceac21cf326c08d798	True
0xbc960ef21ba3b29140d6209fc2ab84e026673965	True
0x17afb59384dd2779a0d9d5812a760033a9008eac	True
0x362d8c20c329792bae3ad4adeddbdf8a1a024918	True
0x1e6d6e45b3dd9f9210323392a01c8646dcbc494f	True
0x221287f10a1bf7d0f708fd6d0c2c08552bc8d144	True
0x82fc3ca1ddefb2bc831d2ed94537886ed2ad0d9c	True
0xf7b24c63fe941f2caadaee49f10e565d850be067	True
0x0c79956a7ff6304abd6e3a69880a472e4d442701	True
0xfc0dc8e92937105a9cc08d5ddfcafa20d5f41260	True
0xaf69972a2d882554894ee8568be60c170faac17d	True
0xb78dbd30308f0da19f991616d36243d48bbdc7e8	True
0xa31ddc720358e114753c92f5c638ab5379670e21	True
0x43498b1e8f0d99fc06c755e2ad1eea90fb1cc516	True
0x9cbe544611aa057ef236ae7d319e9f7cf1afaf36	True
0x9527813cbfc376375a024d5655c09c8406c3a906	True
0x7c7dcdc9af3f94247215b72296571cc0e0c459f8	True
0xd7821804c2e6376796ff85da171886f586198e5b	True
0xdb7a79415d43ce70f7ce5b029d049d48885a29c8	True
0x6ca1aea0964e75ce3bfe64160643c74dc8a597fd	True
0x08f1a3883927206d84575c03c2a4e2303cbd8b98	True
0xdf8f2102786caba6e3ff839508e1ed5171f4476d	True
0xa0fab9d8a04d3cdeef18bc0319fd8b831314fee7	True
0x00a3e70637e5d897e0c19bf1c6369a97ab07b163	True
0x0ac448a5501a9330687912d296dff43128edb9bc	True
0x4037159c6bc027ac3e13076e086e22a5f7449d4f	True
0xee260dc78a27ba8a12092f2e2232b4c92dbdd700	True
0x005f2051595491e5a17d1e294e7acd64ee33b552	True
0x08a45a7f4c45ef5b5a7d4dcf261e38cb00db7a89	True
0x79d73884fea4ab033459ba9929aaa83fa9c3962f	True
0x0123ba72107d16b8a9177ee424e479916c23f90a	True
0x4f5208a0543324ab7df43bbfea58c928e5f6d10e	True
0xe0e16006cf163a19535d794f5ee6aea9b9481a65	True
0x3cda14f624f763220479ab0490115a8bd6e42b05	True
0xd242bc861b28d0a0b8e1e1543adef68f36bb6b65	True
0x629112fedf08b210ab0dca4844caef279d8e88b2	True
0x84e35ad10dcf0aaee3f51289307b5ae5f9120fce	True
0xd34fde0e4efaf770995289076032ac3d59cc48c7	True
0x5b3ba154158c252c61afb33ab9e8c946cc82530b	True
0x1834d23519ee88f03dcaa9941572089a06cbec34	True
0x45b550ad397722ad9799783db0f0e25ced1bd4ec	True
0xac2a0a7ecd59a9cec6bd2d1b775db05386a1c7df	True
0x992d9c2c3464fe1bda3824420a34601cecb429a3	True
0x454805c458e7dbeb20cbb6ce42f3229386b34022	True
0x99254f055dfe2c13b276932a6f0edd2403d86372	True
0x27c9a4eac7865fcecd0fda394f7c4b8f27181134	True
0x92e7c93dbbadd40524b35e7acf493d392abfa4c1	True
0x27ab1053141a6de53318751bfcf6537dbcbfa921	True
0x375806eda6dd0049ad0872596175baf7374ffdee	True
0x14dbedcde7f6212ba112a233bcff10a93a5d3fe6	True
0x67a17663553338d46c4c553a8553de298ea24783	True
0x81e560f7f0e9de720ffc0a7504a39cb0c6b8feed	True
0x2bce882c162483d4835a002b4b424ba9a44080ef	True
0xc846647f644bb2a6ccda862a9af4766a5c1bb287	True
0x6d20d4d071265d317ab36028819d55beb4edda88	True
0xac798f568fb4c2ab7207048903624b65be3774c8	True
0xa626bde6755a73eccb0e1070c95f2cfd66cafc4c	True
0xafa83e2af808d5dfded18bd39767f28ca379c696	True
0x2e656b390eaf7b74f395f801196bab305b6cbb3b	True
0x129174bcca997e51e4c2849c99f1ddb3a9ba387f	True
0x8cfa7c78314c2f6291ef261c9418702bbb42da3f	True
0x65698da984dee37987bdc58cab353fa9538661b8	True
0x7a9769d20006e15a2eab1a63406faebdc9d8c97d	True
0xa96af4d2b5c61d130a7f6fa410af9cf6b1ddd107	True
0x61ba72dfffcd9be1c18c74de75ddd5d2193de358	True
0x6b426d7ca6011a8e9525e158039f6620292104b1	True
0x093dbaeb0019ad19a6fcf6a3ee776b92713da7b8	True
0x695db697ccf0e6f796dec04097cf2081c360f571	True
0xc3e8814f72221298b9ab906d68d6b8df23f696e9	True
0x825ad6f89edcb7abb8f14d60d7dc2c2a253d15b7	True
0xdffc33758e10f98fde9446a7697d2e68de46a552	True
0x139ef043115caf7cdf66d66e4c24ee309a663bde	True
0xeb52373e6b2041211e3441258c68ef40a325b51f	True
0xe664c86e68665826f978762757f610109a7ef17c	True
0xf2ec68ecd208f0c7e7ee803291f14595e241acfc	True
0x679b9cb7288f7f6e85e0bcf71a7bb85dedf871cb	True
0x15845217625b0077c13e1ed097f9bee20b34da01	True
0x64a8d04c60452729874ed60e4ff87972a029c232	True
0x77cec5956197e54ab2412389c4261527d9f2cae8	True
0x16a6d47a91bd8b42cd77c136e21841a489ebde1a	True
0x9190c11810a268d156385ff7053628ecb1bcbd5e	True
0x38f623325716d025159a1568b59f03510c602a2f	True
0xb912fdbfe60c6930c652fedeb320a9d394ed79f7	True
0x9ae45bf795b98eae51ca58b3050a10789d9fec94	True
0x4b51061c8274c806a8f34c8e7542ce723693b6cb	True
0x340e41bda509873850d1c0d99826a73819ca7fce	True
0x79d56d13edae8517182b3de4fd993d42eed1832a	True
0x931f5a0056acda8f5b655348172cf756a69b32aa	True
0x07a5e8ecefaff061e6e24efeafc54e17f2b5d2bd	True
0x716160c3ff1e9abea92028906233f1aa59122e62	True
0x6e97af18982e7def4029c941c07ac327b0db5a65	True
0x362301dcffc63136ce8dd45ea00217c8758955e8	True
0xde9abd257f5bbdc1b9b7d9b4f31fbfa5056b98e5	True
0x8e497e3deec27aab2ea5821e6713585ba1929eb7	True
0x7b4f74593230df8b4e72d2afaf2f7855eb6d9fb0	True
0x79206d2aa0e0c9925073bd901b019da5c76b44b9	True
0x63d3b9c716344f7100df5d3cc84848cdd566c450	True
0x8b1b436b081be1559f6f0865315a84f9cc6d8461	True
0x251cd60ba9ccb5c82b59f5ab2fdec5065b4e3574	True
0x0c943d8c76ae7012d43663d17c4c646566bf7ec4	True
0x235fc27f98abad9da2c1ad8283bc819b25946f21	True
0x981341f10f8051f7fcc82d172873e2e7f1e08336	True
0x1268ed1bc6f4dde736baa99448f59fe4e3166a43	True
0x96085554843c071ae2cacceed47da9999b9fb7d3	True
0x3ee993d10b827ccf2ebe32b0d0f877aaf1b7c113	True
0xbfd4bc6ec9e7fa68ea69b4977fb976df3c715220	True
0xa39deb95c449a9a28d66dd35c8749d75b4443eea	True
0x8d4ba11f332673c51b06c20c121be2a3edf8c2f1	True
0x20d2f2d28ca17dfb1f2e08ba7b00aebb400bf5e4	True
0xcf97760fc0b867f49e2294f593c068e83afd051e	True
0x49d38c87a8d5c8c67c6d84321752d9af0bcb428c	True
0x09fe5cb9f303326606f808cde85d1deee868c3fa	True
0xe6998d84d9e9c8bd2e20cab3d9714c6b9db76a0d	True
0xf1fb80660f4e505a1a7bd8544c445621087fe758	True
0xacadac6aef38015f94f11fbc730884dad27403f4	True
0x18a0b9ca32a89c488e26db2b07e61389a117c00e	True
0xf47b388b3ba59aea86fb5c2b9b2558fe9f063c62	True
0x95433ca9b5d1d9fa07b2533e4f7f694aba033878	True
0x7f4e20db8ceb69723b24ebabb719476ac083bfda	True
0x54f920536f4f7bae1007f9f5e15b65f6530415f1	True
0xc111e5e6b53886a29f9577c979feff1a393bd502	True
0xb3e22e7fcdd22f2e4b0ced1bfcaf787d51ca094e	True
0x07f4ef3d725dd279a9fecd1d2362a75c67cfb45f	True
0xe3c35a3b538f2842c3b63a9f8d3c411f9a7d7698	True
0xaed57c0139dab429411e069ed1cbf87dd36e131d	True
0xc8696b2dbcf17b0727e9da9ed40128677250c819	True
0x8e2d55cab91959543711a2ca73c523ce703066f6	True
0x95d5bbf87325fd803ca3386652a86e87dfb36da8	True
0xc765b97dae72c46af620f3b66c66ffd80112ec8e	True
0x7ede366e05d4297936a184f9e551f6bb07d37cb3	True
0x286aac045b096b55c66430d324931ebf15e64b26	True
0x0e5208904242bb54a76873b078184f0ae1b96d68	True
0x8ec5846eb6dd89d41a0d0bce3af5d935e71578eb	True
0x61035a862890c8c18f7fc74e81748ceac39c4e81	True
0x81874b637d3e3c8dec02169ce0237cd79cc2d9a1	True
0x8699f03ce7004101ffb90fa80bc8d65b8d623ffd	True
0x0bff5cbaf6a6a8321e1f3e230ee2208537380fbe	True
0x2ebd415b1ad55b00b8b180309db899e20497698f	True
0x84fb99c60f8ffb94d055bee4e05ca98cb2716260	True
0xf2c61dc865072e7d103e7939fc622f5e2311d8f8	True
0x7314f8ad2d1af0ee7c6d595f71356fc5a73d6c1a	True
0x978a6665ac89255f078f87b667e88b39ec026b8c	True
0x1137fea97d72d245494ccaab7a35256a5db1970e	True
0x24c23b1dda0106f304add6a5507e111bf97357ee	True
0x2f20d483670df9ae8de42e3c9b70766f552c6aa9	True
0x118ec31dc2e7a7eced802c6e17338ee736d2740d	True
0xeeb2a6e345577c418d41fec455adec87d714b139	True
0x5f3e50d35f0fe0bf494c21cc16f61b0d9dcc7e9f	True
0x7b25398fa4dbb6ac14d0b4a721a76c818b40f5c3	True
0x1122cbab5eb8193810cf4b49de2e0c9dfb204549	True
0x02ca7ca94d8e05fc4ae45b84c2e934483144674b	True
0x6fbfb68f6de8cb829e51aba85393ab5b72cc6f13	True
0x8b4185ba531ba11c8340b662bff57c36fa2d337b	True
0x3b697542ca9e1d2229a82627fe01d59f6cff0fda	True
0xc543a8f710602fccc2565d1a7117857c571ee218	True
0x48a164011d8342f3fe500c305c1c0073921714f9	True
0x07f7d365be41f35968ca8881e8800fb90ea8c43a	True
0xec3bed49fd8768e1aa646fbb49cd99021f7cae6f	True
0xa5fed3246a86e493320e3e884add15807808fba8	True
0x0c3e5dfefacd84b37258ef3e72fdb41be7844c94	True
0x48289cc9e45df9ac3027b9d2d75ef1a88fd58859	True
0x1d69c8867e6c7eb6066fa47fe9dcacda7a269c73	True
0xb198ae47b16a367c9daa3d4863be7647ddc10206	True
0xac40e68c9e7a342e538e237ec0fcd4b91932062b	True
0xd42bd47a737af5e63dfeb29ef4cb320fca2a7372	True
0xa5358f4c47a490db99311e46fb7c72643e5d02e0	True
0xf001ccfd73bb47dfe46b0bbed25596fec5899670	True
0xcc98b32b51d6a3e1d1e9d9cb3110b02489e229f0	True
0x3557a76e94e109811b608cad4cb3a2115ee6ea2e	True
0x5d489f8b30c98e65c3c54c053e12433b96be9b63	True
0x49f1990870d7ead205b035ea16d42b8d8454dfa8	True
0xaff292c57e64efa55278989db1abc2ca46272a46	True
0xdcca06a0fd40d9814f8ad675a8da9f663fb59786	True
0xd6582e59bcb301500e1bc66300dc22453cb7ca68	True
0xf12ddae39460b41e368616779f67c594dbaa215d	True
0x639524419dd35fb24df31e76b2a4cfb0089ed64e	True
0xcdcce2da6875a3cfbe2832ed5052b690d180c217	True
0xd7c0f627ee97b8591885ea666ec632b6f16b2fa1	True
0x36f047edc9cc620d9fb19612bc880cc93cc7e469	True
0x1330752a03678b605ac2713fb3ed2645b443a5b3	True
0x6d2f520477da8cf90b9caf8d21352bbde038581b	True
0xbee21b14e37661c8ecb1482d176aaca7304be0b3	True
0x9c5e21db8e3d1aa0b634aa5286c03e026c807c5d	True
0x7d058190fc18044c38cb6f2e7e8737015731fa4c	True
0x856a9b2895772dedca71c6ed4fc995ae0e01d59f	True
0x701d5c517afa7fcf46ea4499758895a3e6a4b8b3	True
0x0b9380dbb61e636d8996cfdfd3082c5a50bdaf18	True
0xa0938d7fdac6683bda9bfcfb016ba4253d88d819	True
0x4c17d5ed8d5dab7879c2bc22af754e13654fe316	True
0x4406becbf94c4ab305a3dd347f7af393ae4d59d2	True
0xeadb42e7bbf9d3c41e973340e854cf07e0737a38	True
0x3d704b335ca48c2d7cdd1cafec72f570ace693eb	True
0x2cf49e8e64db07ab29ae655b7955a0c74cb30ed1	True
0x8dfbd05d2f5234b5dbe99dfcd65da07aae93e41b	True
0x30dafe88b14d125e575e0c0b4e873dbe5b0fea00	True
0x3f6351949dcb10fc4ebda4017f1ae2bdfe88dc01	True
0xb234215508c46ea5bb5be45608b9d7b17aaaa2c9	True
0xec7de9b444e5dbf8abdfcecfbb6fbae45697e348	True
0x5221c9c0e1165ce082341ee23e0151a73cce8532	True
0x08cb3f66fd5eb31cf1f2a6d10c0cf8b093d8c411	True
0x2ba6ecf95eacdd3eafd89598e26d93dc62811335	True
0x60e70615958ffa6bd3c7255ba6506e35919470e5	True
0x2dcf92a17fd08e25ac2bb614fbdbb5b18dce304a	True
0xebfbc901c9e4c1207c8ce63e9e2b04b2e6f3bfbd	True
0xf1d4a7c88014b92397acde0ba5806ad53cfad2b3	True
0xbb7c16df72a70181e699964f66760a1447fd7c0e	True
0x5dc25a499435d5c534aa2c0107fb509ede8e6ca3	True
0xe14fc11bb8f98f00e92bd76546f8f1a04c8f9b44	True
0x17169f4159967492b33d41a3dc1ee095d29779ca	True
0xac945358d1830d2c9661cedf1d2a55fd7ae22a8e	True
0xc291d1a235e5a040deb6fd1e8c3a9fb01bbcb909	True
0x3e574b0013241f43461792bd245c6063a660758b	True
0xf364fc3908f81dde0e8b2f6d7cc0a1e011aa2e97	True
0x5946252c167d3715559f7cb6045cad0366b416fa	True
0x16ddff155d261861b9f5ad2eff29330d99f1b3ce	True
0xbf29c687d525dc9e7472189e5c95da97d49b99bd	True
0x67124588260f861ecdbd50823d5005e8a22df889	True
0x6abe8d8437ce41eac1d51478a1930aaa1bf8121e	True
0xd3e9758c8e0ef0adb42c5ea3090f1dc888c38c06	True
0x2beb323b55f132d652bb34f093a2e1f9a691e2ea	True
0xdf4ed51495c9e313b633697f9438461b23d3c4b5	True
0x402ec05d01ec034b0e68683c78c07ace94aa2974	True
0x59b2fc6760a06dce9737ae3e29ff938312b6afcc	True
0x4cc7f9fc7a2115efe34f0eb00aa94d3466ca01ee	True
0x5c4c946d643677b706d78275d0b24a75b475dce0	True
0x55996a957d8a037e2bebe78f58ab66f3a48433ef	True
0x71d752553247de39e6162bc7113b44298be37f84	True
0x075557837d73172d075c5fbcee1a297ddcd83029	True
0x579ef2910e84bc3dfa3ab8461aeca6847bebbaf2	True
0xa7bbf5d4585df255206a0097ee0fa059a28f9e37	True
0xe03dc79b5267a30cdade8a3db7d9ea8d15de4f99	True
0xca37568f6f9d52b8d5f6db504445c7d571ece21f	True
0x727defb5fa8731c9690a27435ef5098747a2bc1f	True
0x3e8823a74d97000dc62b88b8d98dca7647892cc8	True
0x74fae5a6080305078b80be2c1ced12fecacc3d61	True
0xb3d586821980a28cc9223ecb6c3121c0ef7779ed	True
0xd7a22a3e88fb3d78a07d27a5032c20fbc4d3d7f9	True
0xa744274d2ee93f591dc1b0dc366e30ec3aa8cd54	True
0xf62600192d866558ee720362d5dba8df4c985514	True
0x3d2b7ced498cf849a14802727d52512974649d20	True
0xb38a4a1a8c9ddd99bfd38578b3d1bd6b3fabf1b3	True
0xb8df35fc1b94e92800fcbe4f4212a17927c3aec2	True
0x56fb247d81fb9fe8ab02374f214931f09098e73e	True
0xdcdaeb0cb451ba66aaf3a3526ba95647720cba2e	True
0x2cb4425e37741f71fff755e70a2fd717194109b8	True
0x833642471e6f8934d9cd7340fff76bfe730e69c3	True
0x1cb20a010b718c603b58b2ee240969de444e0061	True
0x2adfcbeabe9f30a84a03a25b353d8caa0d6ca39a	True
0xfa224f7586c4dd116553b31fbb3716bf63951cfc	True
0x647b63d3c14c8e3be28a3d5bbb371aaff9fa1abf	True
0xf6305e056f623aba29479133c351276781ef8313	True
0x2c431875e9ebc37da2509c63ff8328f6028a3f45	True
0x443ab9cdf1b1b85219d816459ceb095e3b986b2a	True
0x0a506c12ffce009aaf881dcc5710024a7a428d7b	True
0x6227909849215685ded3858f7a655557fe86fc25	True
0x28cbfba08bdf9c7acef61cc304d8e1faf6fe339c	True
0x1d8ed0b89f9328b631a87bfe3d19252eca25635b	True
0xfd987d5d80b80fa0891590e16268db6b5784a85b	True
0x279f0eda21afd33fb657f41ae3cce250c1df1533	True
0x065fcf16ee68957448b15c8e64c2f68adaeb7ff8	True
0xd871607cbe77bcc3cd3a87898d8d7286b20a9c0f	True
0x811c9854e2ab5b59c25830a2dbc223bf7ed50ce8	True
0xc6c96adafa1d80571c31e1b67b3cb28ed98daa26	True
0xa89be303ba380244b4b76b3e82964487ff59416f	True
0x30d16b4d268c1993f145268889b0a084f526e273	True
0xaf02c4c3470b5682fe4063d39a5465c315bbf0ed	True
0x0811abcec38edfcfaa31f5b79ffdfc19a05b0a69	True
0x8f22519e5dd31cfb2a7bd8daaf95066dfe07d8c2	True
0xeb46b69f4c4a9a78b5bfbe45ad20c8375bcf0a21	True
0x9678ad50521f9cbce8cfa4497c102131f3402a31	True
0x4bdc0a25adca5e6303915f67d8ce3b8d5efd2b09	True
0x6eb3c3d3ff831a5e74cc64a84489c88f343f5a9e	True
0x5c59eb4ae8ec4207221f7ef9912a0221a603d30d	True
0x1bb575a0381b6d348bf938409a005297be1b5d8c	True
0x9b40be65ae9edbc10a15d003f76d29407b9e1347	True
0x272c8ea3d9ce6b64e0d8247ee25c5345159f0b5e	True
0x82a7239e92bfafe19980ba69c9b9054f765faf52	True
0x24e53345f89cf1e5518ba1fbad5f8f2f8458d800	True
0x4d72ad8b419a364f3a475ae1c73f9f2c1a9d4351	True
0xd42649a48aa330b656d8ec6f64ac7c24d87fe7f3	True
0xf1430d376ce285c13b9970a851764241daab0a62	True
0x07490f6a95a0087b5dac53cae624619bb6e635f6	True
0x71f65f2b5ccb1e26c574bd184c0dbea3a9fda151	True
0x7cf05ccdfc4d632e46d95722a066163578236c71	True
0x0c4281e560d48585ca1f77919d926330826a0b4a	True
0x2e3533b4b0add2fee609213c26679ea98d2461f3	True
0xd1cb0e283f0c000f75293fbdd19f583f35987c49	True
0x7929e683918346e98394a2d4056ff302dbb310a4	True
0xc3b24955c72981e6acf9eac668097f20e0b8fc96	True
0xbb97057b287c5370105df9a362eff329b0de5360	True
0xc71b8df28842218fad32b56ed7d752d5410d0d25	True
0x8ccaa0468cccea3df4ccf90fc24b3e0b3bb166ec	True
0xbf1ed60b9094b8d2a476f19c71a6e601db891862	True
0xa222ff8887e57e07363c4ed4dbb414bfc6b9f533	True
0xacafe8cb89a4b35856ee7cf57c06c9edf1c58e77	True
0x7a27b742f8c3d7bf69a03458c08d47e74208f0c4	True
0x036151e8f1cc9046e78a0d0acbf04421d54a1f32	True
0x020381678bbd492eddc4a17403715e2f2f3df892	True
0x9c32cdfad33534308aa98d8e9c0f146120169100	True
0xe6998bb1d01555998f70b5ceaa75badc873fd2e8	True
0x385916acb8bee42a91141c18f42ea56efa9a1ca0	True
0x16b4b01cedb8ed8684a3a9547c5348c36d6ae87b	True
0x518966403576bedc96479bf54bbe85bdfceeb2bd	True
0xaf25e378e1ff5d31e51ced6da9bcb6ad511523b3	True
0x7e9c2c320ab866d9ae05d4ebff75910256432016	True
0x8c54fb75180e4c19fe9cb574048ebea5c58f7a09	True
0x2cf6d1572072546e5316e54de9ed635494858a56	True
0x8bf06d917441d8ac89f7e430b6e7b4fc6b9289f3	True
0x21fa4bc0fd90b00c32d0c584ec80feb308a6150b	True
0xf3320310b4f95e1315e488f0dfd4eb925ad0dede	True
0x53b5422d5296c397df5c44e27239d46862583753	True
0xd69bf33f7ffd1274e1ae52aa5c799834c09f4a24	True
0x23f55e52f31eb8a8fb643bd9c0ed7a3e882d4ccd	True
0x46aebec0b0f58316a5c754bfe865496fb4a6ca96	True
0x2bc63969d0eefbb0fb580596901f334976fcc1dd	True
0x3dc21f9c49f9f7f8870a4f237567d0e1a4d3d76d	True
0x376cbdacf9f34bbac5a1d501a3de7185a19f3698	True
0x09bdcdc5276707a0d71fb3830b1ed242fc45f5cf	True
0xe7f915feb58c50272ece5cfade253f90d9340322	True
0xf97525e4712042007109e82585f151850b1fa1b4	True
0x54e5a11277b8ba2bff5779a1781ff8e1eb6d795e	True
0x0e5599f8079bef3ddfac053828aa89965b481b34	True
0xc98fed1a5ff55801e1037ffcf0ad1b2cd8500945	True
0xfadf40d4d5270f00a8f27b54a018c63e7f225087	True
0x55e72f01fd94651d6278c99da321b88af2c07935	True
0xdddd19465a7434e4b2bd1aebebf7935891a1bbbd	True
0x6262613c258f8e37f855960f0ac26f13536d05e9	True
0xf0684b2d7172199ad149e149e3f4517c8e90710a	True
0xc62d6c96e1a68906a9d61a69ce6afcf148d03801	True
0xb32c8875ac5658250ca4f9a8f9cc7db224686f57	True
0x29849882b18c168c238f64863b85ae9e96465870	True
0x233a4fdd31d1581958a8de52252a85c376a6f5b5	True
0xa3af7bc2feef9107a7611e2a272438d79191aad2	True
0xf875edf436644c6520e9093aec2b617ab4b4e69a	True
0x69656ce770b19c79e1e36d6b1cfec7c10164e55f	True
0xe13c851c331874028cd8f681052ad3367000fb13	True
0x39a70ecd5682ff1fed833a12e9854db0f6a3c478	True
0x7fe91efcb05f319e985cc5f70a69550d998cbe17	True
0x2ff2533e7482343e6df60722d1e487fe74010ad1	True
0x7b2e9ede9cd9bd989ad5ca8f61a8b7197f152ba5	True
0xd02058338b795024fbacc5e3155f263c8c120abf	True
0x91bfaeee957409f774d3d4acabb1bff1305bcf01	True
0x82311e360c6433436ce33f8ef0b872151ec648cd	True
0xed79d03529706b33fb9b5309b99be553dd5ac44b	True
0x94368e285a58ad1ef11998df988697231ac63c1b	True
0x4c9ea4dbd0077975851c52c332c75770d3850035	True
0xce411f9dce86c97308639f305c15ebd3509a5213	True
0x75156bbe360ef242137affa06a9708c578269233	True
0xb91630291d3e346396826dd444fc8527bfa9abec	True
0x8f43efc9fd89174c5404f716717da56f1e26a7c2	True
0x75a34bcf1e51931b4f2136fa0e7fbd7df12c8457	True
0xd2489fef230188afe3066bf75a10d3065d2adbee	True
0x07003189e2866408f6b1fdee1ecb679ab93eccec	True
0x5da8908eec3da85290c52722b01b1dc27d8cc2da	True
0x2c34f9fab458d3dd9091772f22c168f7461ae45a	True
0x821819b40f07b5e0259613c9eedb10364fa57058	True
0x6725aefe1d8eb8084be1e4a74f29749df13aaf61	True
0x31889b28587801a6a044029aa89034f444f4cf58	True
0xd8abfc52b9fe5a1ce5017907fd731d1217543762	True
0xa327f2619b51d641f360ad6c1a61ee1fd4155401	True
0x52e3a8b8c46a0574456e6d9fdbe4005f9f545b8a	True
0x83c3231b1c3f2eeb72e2478360b5dfe56a5766dd	True
0x42fa63a9a24636211a740ba8a30878f0626dc144	True
0x33da2342525dc4685af1dd93959a1b45c618cf9c	True
0xc58638ebb84306c892447bd3eb846e2eaccd2c05	True
0x8d50b61c9fc6b4b3164ccdef025be66d04c04759	True
0x8eb69e9a8df1e6edb2cb1bd95322312dc6dcb4c2	True
0x75079ae1ed80229a21fb3bc214c35ac8e0047920	True
0xeb5b031497b9af56854203d4edc21ae510c29d1f	True
0x0c7ff037f8546d6af8cb4122488adee911ea6181	True
0xf6ffd1cb888c12058329a95a88c382af7d4e8361	True
0x52966efef137afcab2bae1751a87f8763be999e2	True
0xe255d88532646a541fc5d85ee935d3c9987fb4af	True
0xcfa6d9a05a47feead056bb10b0d1d12b3295bfcd	True
0x73caa88669fdb4d499db8a7b07c3ed548e333b21	True
0x9aef3bfcb110733cadaafefae660c59ad463beba	True
0x394701374926993e776dd03198442f87abb9252f	True
0xf889108fbb279ecd141faae9d31eead2cb666ebb	True
0xf84a72211069dc8669c106ad4672760e46a3c4f4	True
0x65aa6cef7ed55f4320d26783eb5128fdb89504a4	True
0x326123811e66b8eb1c7f727f4f7a943858895471	True
0xbaeb09ebba484daea0c6329e4ce30a9407969be5	True
0xf677181464fb7957ac508c05fb7d688c61d8fbe1	True
0xfbb31d25040240940340003ed86b09c3efaa285c	True
0x2cef3a11cecd9750b7ddf56568dffa360259b1c4	True
0xc34d95472353d4afa0f5a024cd67b287ad30c431	True
0xa877225ad0e33fb62671c03b0e9a415808e0ebec	True
0x9fd04cc296301aab9e23afcb87b6ecaf2810369c	True
0xfc6c83bcfea8b2a11b36190ebde7eff17c1279f6	True
0x65d7a14b85aa67aa57ccca362686c16fd0f5a347	True
0x121372ae2ceb12fe6506c094efe1cd10955e0ed5	True
0x20da54272ce15dafca3b78ec98bc3ce3cd39c8fb	True
0x3c4901be47b113010ccc60ebe7a8052067a70a79	True
0x838d8dac81866a460896d44a565f882ca99ae6c9	True
0x357d87c6c75a8f0a60b2d0dfc7edfe4e20468203	True
0x93790e5a74ad58e01b78cab05a2aa4f10e79908f	True
0xaebb5b8ff12030cba4ed638e320c1831acce4a1b	True
0x44243bb2c42d52d1745fb4755f1cdebe05eafebc	True
0x5c3c208fcbde4f1f73f3bb6ff02487d0cbc141f0	True
0x3fdb4c8313fb597b38177091abe71f99fefaeef6	True
0x1ae5b41aaf4d6f72062591672bc74450d6d13ebc	True
0xc3cd0618286b0ecda5bee762f94e54367498b597	True
0x9ddefe8cb12b1162adc3508ae524e3292e3823b4	True
0x8c65b5734053f35873ed5a917c887d758626d522	True
0x323111a6034675912e636e2855187283376af7e6	True
0x3ee8d9a559c510ba415f8cd52b933eda14a928d0	True
0x91ab019179935f7eef30a2cf6d1df98acf40576d	True
0x0206f6e26ff9f30562c4172eb2fa17d2e99dbef5	True
0xbbbdc71685a69860d40107319f5ca798fae6d839	True
0xffee63475e174b34b0d1a02c9650eacabae5b2de	True
0x002dfd399a476ab5d740accf558adf963282237a	True
0x85c129fa5ec0787e2481d9e1ec5a062559d8376f	True
0x92834b51bf9935585e8a739c4b6e3cb33ab34853	True
0xafb192f8e7fd3f2ed94ff09a1a801725dafe679e	True
0xf0a46057376a58c4334bf7c9788f6aa7b5a1831d	True
0x580c18ced6738742cc411890433a515ed0a88bc7	True
0x39e6ee0101a754942db6d6d8a6cdba203f51d5e5	True
0xef6e7f9e3c8a2e0d268c08f94b5e013fcf62b252	True
0x3058d3af968a5a0eab851cc74f1df973d02e1eb4	True
0x810c0ea508ca3c3bade8c5bc8256964f126528a6	True
0x1e58db0be07aeca660d7ac664dcdc7bc5a2656c6	True
0x8b544a51bd36d5a8aba50f40dcf3345222fc75c5	True
0xfc8b1a49c1f6f90d297d3e1e58fb6475ea86f1a8	True
0x000a887f63291dbb283edc700f9a99463b5d3ddf	True
0x16243218d36433148d2e7302a9c184245b0f44c9	True
0xf52691e92864012eddb2d2e0f14846084812d123	True
0xa69e368b1e4efbd46e83388aacede087ff2b2d4f	True
0x9d45a089effc87d4cdb10682482dffaf43ab0d01	True
0xfeeee126af3aa50deaeb3f7dd4ca1fd79f9f7da3	True
0x34a090e59d909fcfc9b93171b38248a339886542	True
0x3980d1c8d03f55117e81c43313616af2cfdbd1e3	True
0x1e4d550031078bf87c5ff0f5a6cbbbc0ff9ae430	True
0x2a1505f0c1676308b0229cfdbfcc2995f6f5fef3	True
0x9a77eefc1e3e9cd75d987e11e867791ea9b77bbd	True
0x1c2602b69d06af85bc4164463226b339fb93ebd6	True
0xcca9b01dd29f50b47b114a93d33b47124dade884	True
0x33920e558e5e6a9a71fb8298a2765ad2700d1aaf	True
0x21732e92eb62fab94e0853078988d462e5fddd2d	True
0xdf1fe2e1f97d91b841303fc7f3fe6ae96fa7de95	True
0xfc5ac215e3c257f432a7ac1641f6c0daa6bece2c	True
0x5f79f9378600a4e6165f2cd1e76568d42bb6e3ff	True
0x8038e1d109fe653df168456e4dc77ca3128fcc0c	True
0xa4757d0849b13b5e54d8e38166c0c19d2bfcf33b	True
0x5a05a0b059a79eb6617c5f3a0da049886062770d	True
0xef36a722d854647025fa5e42b3380d10f1d42f7c	True
0x734b23e87ce6a65f5098b3c4fe86986a12f1557b	True
0x3e1cae0ebea42058d6d13fef46753f9c8c46a245	True
0x32ab34d6048ecee812ea17b0db38c402f2d3a415	True
0x7597ec3bcab2cba9a781c0f5ecf7b1a40cf8a9e4	True
0x97d66a9ce0198e0255a4ed41950987231d2c83e0	True
0xa29b8e2278887d1cd5bc0a835cdc36dea17c8bf3	True
0x0b6a7e0db77e432e790d285c0b89715dd78f2014	True
0x5d4e1a3eb52f35101cc925e2d8ea8bbf8f4867a3	True
0xd8361c04103ea5a572b9fa7c58bd159296991c0b	True
0x8e9bfbb60fb0adc026fe68129d2e93d8eb57214e	True
0x16fba5b1e77152dc9d5e3ff57757e1df3882f8fd	True
0x7df06da2db7f93fed070cfbe8644b134eee2de2e	True
0x6fcc618fd5b90659d1d1171dc4a07f3f5f9902a3	True
0xa0cf75f0d9c2996e28d62f40bf4498bf715612cb	True
0x775e98c1442420ca80b69e1c6fe9df4d2463d898	True
0x15bd92cb9879f525e711839e5a53a6e3902b9692	True
0x91937abb7e2203e783a636eac82f32e85ed4fea6	True
0x7329e7a50454033c3e86bea68af075df1f72edbe	True
0xad2e35a1ab0afdbec2521b251c0d78020eddeafe	True
0xf160b160c57fe11b70422cefdb21350c03e9a740	True
0xe4383aa6f89a5bb6a8d14cd9c1c63699ca040beb	True
0xc8831745466a60623e7999f7a16191a3ad408aa9	True
0xbdbb0e60a45ae0b52e097fb93aac5aaaea7e50a5	True
0xdd130892224be68028bf6590c288c3bf6ac253f1	True
0xc793c3e907c8ae97336306df4295ed1ed2d2f2b2	True
0xec593634e3877772b2a7a6bbb955e5f34cdae3ef	True
0xfd2709b3a3131098ca65bb37ca8219c3ba2a0dd9	True
0xf93777fd34a990a67dcd508ec21632f6d94916b2	True
0xb158eacfbf605b30e6c3a4315090f2fe4a212478	True
0xf46e0da7cd9f682079063009929a013a0b8ac57f	True
0xbf5fa64cc0e821b6b658e73cb1c3fe3ab2366fad	True
0x23625bf12f3235b95853b42f323d9d53f483d21b	True
0x27e8058aa81da565fde55a34cf7507d26bd40b22	True
0xadfb5b25c9b693346044be280d335222027401ce	True
0x1bfe736cfb13348d5f18ca523f6ba552eb40b972	True
0xa207e65cbc23a3c6ac2ac69ee6094082fc8e7a59	True
0xe01201947c87bc1a7bb3073f86c54cb3268897db	True
0xdb31502a0531a4e2b989c132439e2d7e8905aeef	True
0x646b0737a5ec45f2d370495b1c0088d76561e6f9	True
0xc0d8844c5cb71948c3072a36d5110a3a286f345f	True
0x703471a224ee7b31b473d2bc4576b45288c54d3a	True
0x2078ef82e94fd644b92bb0153d4b9abcbd8ba8b8	True
0x987983d22dd72ae96fa9b67427b03dc4c33b96a6	True
0x8a2d39a673926a509d4c87ec20b9b92f88316639	True
0x8369e578c316ea1400cbde8c6b9afce1c484181f	True
0x0cd7e882b3a52c7313b81aba3f602f0a4ff947dc	True
0x3375f9f0203c0004c1f06ad5edea25d9bc0db9e7	True
0x5699013ce610c5016832db4e5a60644a3ba5f1cf	True
0x0086f1dc3dd91cfe8d749c7f937da5e74a4cd76c	True
0xa39fde03647f6fb0fbe83e6c8e9c3e307a0278df	True
0x86763fe471653e3a7979977cf995b60b2a53b516	True
0x5622d41f3692433f41f88dd714da9f6ea107954c	True
0xccec802785501ac34f5f5750fdc7806bb9aecded	True
0x7cf75b73bbd7c359edd2b3c5c91e0d6a992e905f	True
0x81aa9b6b7b56d881ffc14b04563fb93697cca5c5	True
0x5b1cba83c4523c07ac8a279e8617ae1df6b79f97	True
0x449d4de38683862b62529bd469bc60d106e9f152	True
0xd331bad980efabfc08839fcbafce99ac8b5342a6	True
0xe1c6b1dc6f67c615c26bec8078043850b46db515	True
0x49ce8a13361e212372f94bc2595cd042d6d26d54	True
0x2198590a072f7866d17249395ea46ceead90f683	True
0x8c1751fce6ea43b4eeaecf613c795ab82d777daa	True
0xe79a59c2f88417ff19dea972fbf281d2540368ae	True
0x7ce88b70e0c709139e50cbd83b86b360ed473b9e	True
0x35b554fc36e151d61a2d4e44b02408157dd737dd	True
0x916a3ce0092d3c372a4b33e260356b4cf9418e1f	True
0x393e7759d9a7300ec39350247671cf1eb14dd20b	True
0x3a48df6e00e1c6c749642cd0ff62baab1e6100e1	True
0xf9a605365ce3e7453a48b210eaa0c9f15ed03fa2	True
0xc9b3de980987f318a4942f67112014315c149a19	True
0xb9acdbe905c7ccf65d4f1e0337fb96d4c8fc5c8b	True
0xf36af5ea09d289483ca722a607ae1907b1bcc343	True
0x97d8b5ffadae4f754132621f46ee3ad708408684	True
0x01c5eefc7b25a33bc598adbb675337c508cf0225	True
0xe255cd95665759967f1bce1fc0fe33b4df8b1838	True
0xd769ee075a7ffb1cbbeaef3fca0a659be5981c5c	True
0xf4c4bb3d599b17f9a2072cb548cb35deff0b00c9	True
0xd24d1e22443b4aeed5dc49b3f1aacf863110dabf	True
0x6e77e101ac73466157f4330abc9b5a26781ad5fd	True
0xa3f94dfe2f836bdd5dc38d2659e5d7eae260c9c9	True
0x2c274c0b3c441d0e2a8a49e7654be46187fe5858	True
0x6bbea10dfff1f6f5abd9c414ed5cb63751676918	True
0xd7a412d47f938ad75aafb1e9033bff05ab4f7b50	True
0xafab848585899b7ca16748368fea52e60bb6964d	True
0x068ef704a1e1adf87cbaa6bd08100d38419d6c66	True
0xf8d4703f9ed95996362b1c4f40399a9b3b3e70bf	True
0x5c609ea0ec31b760053063f07cf449640512a3cc	True
0x1fb2c61090cd368de351393f38cb9c824cde64e5	True
0xa66e5b300ad7750f626f23f955ff33e7ede00ed6	True
0xafabc519384b07f1e51bf4e8debea9533773d661	True
0xe66e78d824882779a09cec67b442a5adb657834a	True
0x4c8879f1cce2d54740e996a70ab33d4c95dbd2fd	True
0xbaa4d0676ca0c202c56f01826a7f361eea49857b	True
0x5d3f574789492a13a0a17ceea8ff606d4f320a29	True
0xfdf18c806fa7eb02694f0efc5c64cdadfbd82e2f	True
0x0f644fe8079203cbaf9dba9abae9574bc88cefac	True
0x93faebe752dfc5cfd131b73a307f615b4f17f1ab	True
0xa158d4071ae36730a940263bfce8e4ce19b3812f	True
0x75c9256c30dd2e5dadbd31e29ada059ee626bdf2	True
0x6b3faa41d6f84efca00c965b6621742bf65cd852	True
0x387d2f60693ae8215a206467a9b560e2e2ec9ec7	True
0x52e4f4adf9c834cb5bb6be1832fb7de1798594f5	True
0xaf7f131be0a0479f22a6e21b266110cdc18a9751	True
0x152750e2c87b2519521025cfe42d020bd244446b	True
0x484e07d7861f09f5a0090c503df27f9be0ad599f	True
0x54d1b38405f2070aa1ad046b7ef78dc67d9adc07	True
0xd6b9826c3c3291e5213684c527156daf4ca42c2a	True
0xf661a0c1a9cc97ae343da6983326bf9f2f5f9503	True
0x3077d0d4348e17b5b03b3fabbcd24df861e59b1d	True
0x847043dc557df5239267165f8176687152ff47a1	True
0x3609d8c96bf66050c31ffa499ab11f2331a9c627	True
0x06cee19b68197a5c8114866ff6b6a0a64a2d384a	True
0xf0849c8598a144977889d80f65c45320878fe061	True
0x9eef5d0efcb32d6021b0dc26b8ca4c9df34b5916	True
0x23c367d7e143cf7a7a57df94df7008905d250a54	True
0xd403df9d51bbd4988e8fb9687313d9c9041c2d54	True
0x1c45029ba5c013b288c0f39510a0d0801e82fc32	True
0x7b22c10cf3daf40d1fbac2387e4d30ed01e48565	True
0x2cd3d5e92a0c01958297082724a9952e9b201090	True
0x1c2c979bbfebb6f8537c67eb38ca66ff70b46200	True
0xced2e8bbfc870e84d03abe45a92367570d1308f6	True
0x70d8181c2a8b8ffefaacfc199525f10274acf0f5	True
0xe33531f1c373dd6ae97545945f987478c58058cd	True
0x135bcb252c018cffdfed6c8e881bcd885b7024f4	True
0xb4e4de0a9ec34d697cdbd245a416305b4c846ae7	True
0x474caeddedffe5a33123f4b9cda26195e2071a2e	True
0xa017918c32d46d6cc75da2fcecfba5228982ed94	True
0xf6a9ab512fc77f9f6a55a32886725da4893bef3d	True
0xdd52a08b2aeb2dd1f0dc74a0cd77c22a64d3ad06	True
0xe2d41424a1e88ccc2f1eb713f950e52c1931c8f2	True
0x50932ef56fd022bcd224bd98d8b7bc3f0d1ad0c5	True
0x0ddd65a94fac139481641b4bbbe34c4a18a0090e	True
0x74fb633e7fb150dfd506d6e23c2952416adfa082	True
0xa2dfe5c80363ecd009c8f2cf342d8c7a26268605	True
0x28373a66cd70162f57add9ec28cfbfb7df39c549	True
0x8526f63d7d98d76e92162616291ba9ad208291c4	True
0x05da4a0bc7ba9c566fa206904f6dceec1de7a10d	True
0xb5ce9f77afc788cec40ad96224452a881ad07cb1	True
0x8da3f71432b9354a0970f4c96cabd08f4da31d52	True
0xdf81c144c3cd7babce5ff90c84372c3f3b3497c7	True
0xcd468d518b0e966e297849952ac1680403a78eba	True
0xd7dcdb207747f1d7f0b55a680d12500acd67e29a	True
0x5fc345de355595b575021fdf8479b7c53471cbad	True
0x7ad796e61f3d6a0b794ba9d067f2531197c69106	True
0x2ec1b19ca4d070f007e766b1c729f543cfba3a6f	True
0x381618286ea730c6fea04a47ce0eb4a3db4b6dbb	True
0x2f9a6bd56698caad231bf074cd3f97e335b37baa	True
0xa7ae9fd7b199cb35f09468ddc1b0e01def455704	True
0xec58840046affc99319f437391ed518ab1b4011b	True
0xe4da3da2b3b58168c528642b93a0aa117b224adb	True
0x255a92715953935344de479d66f9c2fb1bb4b1ff	True
0x3f4ece7024bcc4a5e5f1cf0121202b1de2bde2f6	True
0x242634361882ab7b253d64da5602b69837b68038	True
0x3cd18d556eaf3bc88f6ef19fbcd4296d542ad48b	True
0x800d2992609f257b08e9e1e7e70361399dbaa6ba	True
0xcd9bcc2e070016760c488aed4e6f37e1518e94fc	True
0xd3436cc1b756fd4bdc8693c1666959293b372376	True
0x1201111e1030587467e70a77b06e5878cc8d0504	True
0xc4f6493f356459fc6daf05a929c1366eab36c685	True
0x07abf724e858b31ac8d3c74e7189de174efdb50d	True
0x99dbd7542c5db7f19aa9e1bad9c2d8e4ea39bd9b	True
0x227ddfee1a1528298e7c100d8ede55ad9db2cca7	True
0xad42d2f243b80ce4654d3d8c5033f46c22e392bb	True
0x3ae04f73c576c64b58dba65245ab49a16ca6715c	True
0x9ee6eb2019e33c05d9f7d5e3508a8f20a4e9a04d	True
0x240b31501cd02ab45faafbae4277cc035d26c095	True
0x52639ddb781792bfbb5fc254d58773b3046ee55a	True
0x6274fa456a86f27ad91e48e50b4f60c7a2ab02bb	True
0x486057b2e6864f435b9e75c73848355eacfbd70c	True
0xbd3d4d4dde2a3cc09a6963fd7d4e1e5ccad1ef7e	True
0x4f805731004f79acfe821ba1ab4e05e48a725349	True
0x40bc666959ac06cfd732cbd18099d61dc3bfa6b2	True
0xc5fde5757897b4bef9568d25365d320bce158159	True
0x06876eb969ee59601a80587d088b7d3f609b6b82	True
0xfdafbf033953e2505ab1a8d46ba1089536773c90	True
0xd3a089d0cf87a72832fbd31952be0de959cb5917	True
0x8a796072784aad48bf321fbf98725fb825e3e567	True
0x0da6a03809408a9f58ffbb2964808b9a895498e6	True
0xcd1b30cb81e841a1a83213fd7a793a696fd07054	True
0x8d8173071b07012aa41cc46460a5f842364d843a	True
0x43743759546473b0f0666656318c721ff9506914	True
0x8a8186d5825673c663fce4912adb0058b2918d48	True
0x202bf1778a290b9f06b925946fa39c03dcc9fdd9	True
0x809882c142d5ebef2e8b5ca4f71fe14c7bc4d6fd	True
0x51cb9651217f566a5b416b43fb630195bee8c67a	True
0x8e38649ba282119875c26a98bb58ff7db6ae6546	True
0x23c62284cc7fa9651c9f4272707bce6b3259dea9	True
0xecc6d265a80a91bdb4d136bc3f169a8eeca301ef	True
0x9ac237219cf764800b774382f41522fd520a7354	True
0xb1304dd52a92dea3051271327b974df0c6821c1f	True
0x1f97c20ac68e7e0766421d58c27aabbdcb45fd05	True
0x2ec2b289066f09f6b8c3e3b0be0eba27e01d6f23	True
0x12346190c356dea104383fd17091b166705e8839	True
0x69b3bfc8f295bd20450a7e017e5975537be7a5a7	True
0x2a2e3b1e821590350a682caaf99f6385fe92eee4	True
0xba9c24517767a171db486b0072426b36be5add20	True
0x4c3a15dbba1d249cdc4a120901fdcb892b77d704	True
0x81e71ae26cdf9b0dc89849e8e59878901dd90078	True
0x3e739a75b9161f89d461858070160bc133255773	True
0x3a5ae51f0fe21fee2d7c04340ea09f48f7508d0c	True
0x5a3203a78d64a543721b46d33d0a3ae54034b27f	True
0x8bed470c0795f050c2171676b467182f66c77ad9	True
0x6d457846493ce519412773e2c598943f3bc25d74	True
0xc15ea7172a74e7a01b2854098b347953fcb7146f	True
0x93adaa444520ebb72e240f180cd8e0f7488a1768	True
0x7c43b1400220127e74a1e189cc0f76ffbfa95132	True
0x992533ba8a9cccc4103c6425f15db6682bb7b09e	True
0x2317e9a39a85ffb3aa887cfbefa8a1403246154d	True
0x04decabce8fd33e94c6464ae57c979cd384972f6	True
0xaca86d325dc4236e998fe9def5a04159adf2a30f	True
0x06675fe9325ff9d3fe18f94669f1a91b0e7cc77e	True
0x3143c2820787c05e1b072d01b01bc5b935e40251	True
0x84f56d0973ace6ad3a36295ec480866a26ed9efb	True
0xb7d380ab8ce8a84432b1309833a55a0d28ccdc4a	True
0xcfc5b8bb83a7432ba9349d94a14736761d0ba8cb	True
0xec861cdb2d7f76de74b0656cce24da2a0ecc7df3	True
0x6f4629ce178d62aef8c4b078b7f82840d9a323aa	True
0xcdaf4d273ba7849ad37965e42c5f61ba51b14dd0	True
0x1f98e015605cee2ade258a7d3ba23bfc7afac4c9	True
0xe75f827c915c3959a36d73cd1428107834155046	True
0x3705aebb01bb659687993fe0becb27470d9b2f1b	True
0x0024b96d2ea6226fac0987524074f520c244fe83	True
0xab3a02a4eb829327c57104f757bbccfabd25fced	True
0xfd021744a399e2bb8f8ad820a80a93d2dc65aa4b	True
0x3ae427f99318fe0343fab1f9772d9a8c6ff3014e	True
0xaed1f3c50be825160da342bd4f42c93f8f4b370e	True
0xb607ab030b98063ef6d16eff9dec530f877dbdf2	True
0x1293969508b58020968df6d7e545010c571fb649	True
0x1814bd9be545410dca8c03f519a60b910e586889	True
0x3b747ea5170e9f195c91f288553a57c08c9daf85	True
0xa085f8af370b3b9b6d0eefef77f64b64f1e3ecbb	True
0x5442a63d2254335d7e341badebdf3034a23ddeb4	True
0x7c1c9af35a1e0a50e01bbdfaa452f5458cf76d08	True
0x2a15a870daa62c70dd39c41f31d3dc5aa967d432	True
0xcfc57973fa3cf88c14e67dc5172825ea3abcd4ba	True
0x6bdf1ce722e7fb7fd484e9ff1918efe705364d1e	True
0x9011fcf44f5f76232e999f83075002fc7c45efc2	True
0x4caad5c428e0c0c294ddc8911c3e41fe0e36d098	True
0x8279862136ba74376aa5cfad9b159f117ac007c1	True
0x53c71ef1f20b7eaaa6e6d2977b03417e2ca1f573	True
0x104ad136084e5d7d8b888186d4ee81fb63378503	True
0x130c8cdbf9ba02a2540e29a5fad3a13cb452edfa	True
0xd1f8624e379643213d31311ce23950695c9b74eb	True
0x47b03a070c885bd5abd957d3b68dd76110f3d623	True
0x350a0901129d1092f3fd3b8dd790e4fa6378df92	True
0xec8bfa06644bc0b0aff40aa14f62adbf586a1e0a	True
0xdc073f52dc02db110f3563efa3824f425fa9d722	True
0x08e08ed8768c207f36e54bc182529a1bd64b8c9b	True
0xc5e1578da30ec1a21de6ff5ae222557d3bc19259	True
0xa5d7716040356c523c21d6d17372795a80e7e57f	True
0x9fe419ff2c730381cf695806ddffd11c01ad5134	True
0x7074dd33cd7dc7986839a897ad085a49da275955	True
0x9361a18105cb2e67fabd26869d7d71dd5d645a3c	True
0xe60fb1048ba0f7ce9d49a8840613374dee1aba1e	True
0x8e21cd9c8c246987a7e55928fa081ce9287b738c	True
0xc34019ca12083a7b71da182e991c5d08ad49d6c6	True
0x86a8381f0048dfafdd869a0c2bb8ed335cd49d21	True
0x058a39455781070133c4f7c56d68f5608c415e5b	True
0x87dfa0d5ecec496c31448c3fe26a76fd6456c6b4	True
0xb7e28a3fbd004acefaac0ce6102d1890bb74cbc2	True
0xda59969df77197254009dd0b8e6a17171e58f2cb	True
0x8bd1a10e32c52e771a977b69d76bce3d651046d4	True
0x4737203feebd079d504b1312cb347180ddcee90c	True
0xb133f9ad2493935249e2ac02e8e78e32f338e7b1	True
0xcaed340a6ce9630ede6d676fcf2c847934ba28b7	True
0xdd5443595c8b527678aa9cdcd01acd56b06075be	True
0xf031df830be170fda79e8508148d16b9502bd800	True
0xa357800cc64401ce65e76b43212f36d99290e8d6	True
0x89cfeab41ada740c3dd4c4a9b0ac99975e085ddf	True
0x10dc90587ce0b24a167f41f4a606bca1606677af	True
0xcd0fd86c156eaab5cc39a4b1b46eb9bbc6d1e100	True
0x6a82a05b7ff82b9f0c0043aacacf4cc967b2599e	True
0x2fb1054071fee2441c5de6f04485777c3ceb6f18	True
0xf15bcd8c87dcf74297cf41210b7ef88cf75a884a	True
0x685552d0fd5d83b457ddaa9e6c02150274ec1b83	True
0x4505b3fa7ea6acc35ce19b59950660280ca2cca2	True
0x3132225a65ce6051fe2e0bf7f97a173c6fc3470f	True
0xa4bf84b3c43406417b1e1a2338e3739ed659487a	True
0x8752e9ec29f01c4cc4aebee38ecc89fa34006d15	True
0xb23c16355aa5408b59caa141444ba1484e60623f	True
0x4754cfe3d50a51ef17b9d872395649ba6fa6cf72	True
0x33f781acbc436318d460dba4d4f351294e867e81	True
0xeb6f9f08169ecdc15851bd9dca5ff862e07edd18	True
0xb1d864d6de02a2aac45a592f88997e100d5ec3bf	True
0x667ebd40504b2a7307957d6246e9830b36f68bac	True
0x8a8682bafb2237cb7eb2a954cb31206a3a3a9fb8	True
0xbfe8c4a301cf5fde6b53cc0d01c37a14de0785da	True
0x3fde6de9095ab8ba6bc8a0041fce6ef7f3678adb	True
0x86b7b71ad7901c8a3ec8e101bd0f4f2bf0b6429f	True
0x93e98bbb4396ee01fc595ac7fb2b4ac243811dd4	True
0xdaaac164a3580ab9747c0d998a698536cca9c542	True
0x45cd94867ff9f2abb6653ccc54fe755f7ed9691a	True
0xa5bc6949b428e36149ce715587d9fd30573e1aee	True
0x4022879f290cdaf12d2e3eea015071d41270e872	True
0xab593345374ab5ef7c303b41345c0c3157bdf5ca	True
0xb03f53c803c43405ddea9bc6393a9573dae8b91c	True
0xf2d8ebf6bc7c4a59d72358bb4031a9ad1010b787	True
0xb35ba0befd841171f86fabc3ee6bb94b58f6d86a	True
0x3592fe8cfd018fb494d98fc33bc1ee9de87dc395	True
0x786b5fd8f108ba11027163de51e387f2b3e63e1a	True
0x31fa7e6e34bdb2b827feea32fa1fad823d6e0689	True
0x6ba3e515fd1c9e59190cf65fe630899d8dcd646d	True
0xcb4d750dabd2bc4a57546764eca22269801d2def	True
0xa9bf5c60e46d27a0f76eaa1cf9da2390042b0cc0	True
0x5ebaf935912269fd76d3cba16ca6568ba1530f1e	True
0x7a1637c2f9250a64508dbbab39176809793ac15b	True
0xa985440aee52e5584e93363b604cb999941f54f7	True
0xb147834b00cc964718dbda9cd6ce0aec29ef1946	True
0x36eb605f06a4cc5b6f0d8bfd2c5013ef236217fb	True
0x3b39e26475b2478d6239137955d64ff189c02e1e	True
0x515f1f643c4219118da2f1038747bf66acc4aca5	True
0x14f8916a752e667be84949b25e2fe7ab09ac39a2	True
0xc70f82b74df3d23055f3a95343a2541dbda21d06	True
0x55baf8878df8ee59c6566c1ee229182a11ef60c4	True
0xcace1d761f8e78f3a297c0b6f54aaa4f21b62073	True
0xe3d264691bb8458d72dde19d6f8637e6c572475c	True
0x5c06a21c0c512e139e82b9e051dd9e61fac39454	True
0x186e500a9dfa553e051fb1e345d5f080c2bafb59	True
0x4a0180a2495ca9d603842282dea0729a2501caef	True
0x166c61f39e5121d4b7e771fc0dbe98ef5fe54329	True
0x0187ac2bc5c734c73aa068d1aa9f0b69605cf996	True
0xd5a4a544da61eb51b3f9d7986f84a19db7d967d3	True
0xf61ef4486a30a670c0e2ebc4fc026181353cef23	True
0x68a73e3dc417c8106efe5ba6152560e6d934b288	True
0xab64aed2dd8fa9ba306bf7d30bfd7c0bfcdbfed9	True
0x7a3e506515e58ae975d52f6909394b8edb6d9fea	True
0x9b74b799314aebb6e4f52c9ac66361348fb4d1d9	True
0xf7f98ef7218ad20731f651dd45f3f15264069cc4	True
0x77b350dd21182cc02ee31bc02c246e0808c05b05	True
0x72ebbffdab7112cbb6a905368f344ecca4998e6e	True
0x2152ad5dde92878e69cf331b448c597b2538db52	True
0xbfe6709892c6061fc2ade1f820068f6d28dc69c4	True
0xa44005b59b015de1173398f5f6245349ce7b321c	True
0x41abacbb9ba0171a5c6d2ace8facfe05b372bdf5	True
0xe2146c41edb6227521058b560312a97fa90b75ff	True
0xf3d3b262d2fa451642f110dba7af8a6e134b59be	True
0x2d040361602e0204b311cc18c31b5fc3390f817a	True
0xe4d4abf476a87ae5bc03373a9eb70c620209444c	True
0x20bcb6e425e436a191e2d060069dc20f50639d4f	True
0xe2f4db26c19287442f91c3aa76b64880f40433bc	True
0xf7f791923d79c843774c52eba432889e314995fa	True
0xe55e3d64df31b3a7e074317884eada1ab6340212	True
0xecaaa73d8f22a6a29528fcfe45b892f3044d983f	True
0x8efb3b32df7ba9667a9b1749f2478df110dca56f	True
0x0aeff161c53271a53b484164c6a689224a87a0eb	True
0xba0cf95530fdbafb0e26f7a152260187f1b1d256	True
0x5478e94125a0cb52969caebeb2e2d23e041d8858	True
0xc6f82489a48666fedf19ca3a70795e1945eaf1c8	True
0xcc8eb72d83c2ca1c3e87de954d0a4e21734df0ed	True
0xb09ae19ae57581e965f41349d973d4ff19ebd928	True
0xb23074f0f167ec00fd9471dd59f21c4da3ce37fb	True
0xcfcfe2c9c8fad8dadd4aca0e73a7fb13fd85632a	True
0xf56ffdf54abaf69656ad551a8d4908b7b038954e	True
0x1c859f60a4f0cd34df26d730949c7762ff9d64bf	True
0xc87df1f6160af512fb80cb5abe9def2f8ef2c892	True
0x50e76a3f5908046cb4d93b046e7e39b5681c052d	True
0xed99016f917311ad28430d23a701e7c545d021a3	True
0x61d5e0d1d12e33cfe2d72b01a40073b26739d01f	True
0xdec0246d74bd9509c3b574aca7a5f7c7655896d8	True
0xe8b26178119c983fafb81eac95b53c8c45c6ddd3	True
0xf054d250e5aa5be6bd4e98029dc58f2618634fcb	True
0xc7be69d3129e2875bb8a8acd33094566dad1f89b	True
0xce90243c2605b8ff89153b72766de0ebfc7c2446	True
0xbefe10c5e88944ea299dbe521a441e6a341b7241	True
0x0108caae4d45349a7061dfc15db076e780af7f2d	True
0x41b5ef1bf87a6ecfb0f07eb122e13dee9376d795	True
0x942c0161b2b04a0420afcd26632650bbfe4e1a5e	True
0x1f5767efbd7dbeebef3471018c7a1f69d46c5392	True
0x372b09932a2d364e02b642fb5fb559ec4a0bb033	True
0x99949a8a80f5acaefe79e94f832dd92346774f9d	True
0x0f671bcbe2d822b9c523f847c0366dd3f8576868	True
0x6b1e1bfa3014731a32b034d4b1dac5852015bc4f	True
0xad578e3dfa4fd64fd4d8e8123847d80f6e227fa3	True
0xb160f2e8740faf11477cce0fde243e12a88a948e	True
0x9c28d5d88e79161d1832b1ef57062bbe0d9d6115	True
0xbd16d871dffa0e1a64a376dfbbf03a3b06877854	True
0x47805fb7e255761327f926e5a801707656d53487	True
0x12aa2d8aaedfa070f3a695e81f8ed0deed52c7fb	True
0xaf8cc72dc1388b244a42f57f5e539a2955a5cd12	True
0x93b2dbf97689fc235b78214e2dbd860ee9d375f0	True
0x2a3a927615d158e908f3631eb93dfe675d0b48e0	True
0xeddc678e8c91a3c367097f68848a6c0d5aea8abc	True
0x3c32536db2b49a4f6baad4435d0ca47e5bf71a13	True
0xf59a2aa82b1620a7eea69d10b39efcba3693ecac	True
0x771492ef89dfe7d1efaed1ddf8cb1bcdeb4b111a	True
0xeda02fb518c1b24cf79490056444cd46b777dd9c	True
0x34f414335fc9f0f180ec2d4a69703d2e34e8c102	True
0xec342acf9f9efd325ad801297a538960602bcbd3	True
0xeea2975dbc1c7b096dbfd1575cb86e59506e7872	True
0x2b827f4584c19c5f3237874a5313ba0c7fd6e42a	True
0x91788b809e981bb4c983fe68d25aeb18f5980441	True
0xa4879d49a81ff79a66133d36afa603507e9d9e02	True
0xf98b8a4bdb9a70197a573118a6c5d9a34531f452	True
0xdefd40bc7a7f42f02221502dd42fb31da854d4a6	True
0xc47f39cd062949784c345efaf0ea7ff917748d0f	True
0x4daa376f249715c25c9c17704a34904baf58aa68	True
0x08b596b55c881a5cfa8746740894772a605569b7	True
0x779e292d62f463a28e2f79510d0403370b2904c0	True
0xa73829d696fa6ab0200b25bd355ff63f78e7a265	True
0xafa14ce1e55062af505298a2cb7eec10f8fa236f	True
0xe589afec8abbd5bfb502ab31ed7e708104bdb06e	True
0xa3bfc0675ed6febcfbf7757b907698a3d1c33c7f	True
0xf2eb56cb5be17002d9aae09d39669927b7834227	True
0x195779b7e7ba41d64ee90eb8001a0e4b37483fa3	True
0x212bc823e02ce6ffae371dc81177c60d9e9f9046	True
0x86c20fa9f94a7e7f1a726e830435cb790a025755	True
0x8b0ab687dd23343917fe50ff24fc92f73e4150b7	True
0x0e4aaf897b920cfd240a3bd614fa9418283d97b7	True
0xb1e0df976b3e06fd15eccd8634a3ba960b3b2109	True
0xefbcb494422c3af99c9cd1ee06f7c5d535621605	True
0x238db2b78eecc56e89b249875e6d1bcf397db9ec	True
0x7eaec0bd868821cb6c0dc74633f5d61788b11b9c	True
0x618f9eb583a9cf06038e29630f710e1451906ae3	True
0xd215dd503e909e07ea342c7ecf4446a9b7df952a	True
0xd9e0a0764fc858c2b258fe7476dcfa82044ec31b	True
0x9aff17887c1cb7570906fd58c70688eb8f0ceb7b	True
0x9d0731f82ccb7a9cf3753e27dd441ae99a590b96	True
0xbf70615aba4b62c4b4ab583f591f9fb34facd9ed	True
0x58742d52785795d560ed5a4d374a9530cc5cb8fb	True
0x7a4c95a7c3cf818ecb6d9cbdd91690b1408e7865	True
0x23c1ecb37fdf6aaa8f0470be1aed412b0f9fc0fe	True
0xb9fdcc9b11c756cd26dfdd5745c73c944e6335e9	True
0x608f27aea6d948c0d0544af086d6b03b04cc211e	True
0xcbd72c073a2d64cac796b1331dc2727137c26417	True
0x082f95f4c6f711775a42550fc2d5efb74a6f6689	True
0x2255748885fb56449eeb56a567b8cd8993dd0ef5	True
0x4581f0b3c07f1e3e4640f7e32d2bbe23501e4aa2	True
0x34d35e3215ce18321f53bcf2c43200117b67757c	True
0xba5047939a2e6754f3143a501d46b0045c8ad2f1	True
0x8c5f06a5d0b6e65138ed1b333007be3569ea1d0a	True
0x41cfdd8bc9756bfac4e2cd484aee84677f32335e	True
0xea3f7d611a99aeb690010ec6db256ebb8a8eb220	True
0xca388ffb5388369006c4a61626626bd41699cdaa	True
0x2720c5ed8141d9fab703b8b5fb1fb393719564d5	True
0xea4359439c96b23d47508de541b3b7674f9d2d88	True
0x138a78b6a50137e4ee12beb3ff6a29e425d32b9c	True
0x2b1ee2147b95ba2dfc9ab45d09b26b859ff27a56	True
0x32c45dd634f58e90776543e29978722fc2b7733e	True
0xe6dbdd1ad1f245e6bb0ee629fadddcf7d075c432	True
0x4d34635f53349c78b513572bb88edd62327242cf	True
0xb3b851ed8f9083a5ce6f79734414c11977571823	True
0x405e40d33cbc6868a23e263fd9b112143e09b3e4	True
0x2396f58ff42608bca6add837103e76af2d17e752	True
0x1de5710267941fe920bfa42329ce956d5ebd37f1	True
0x5070e1e79211bcd2cb192811d12ada42d62bb3d2	True
0x08e5f438af1db772bfeda6362ce77420d0f7eeef	True
0x0f69d376ce0fb7a501972953c3d0528c9b3b6b7b	True
0x7456ca5d2493b7afb0cd29cbe3c04917b2508686	True
0xa5fed38b189a27596ce0b1e603d6ba3db211cff5	True
0x3039fecce60ebcf7876d6af7c62975466b3e084a	True
0xf4f4fceb608099db30cc32d2b78130b1946aba62	True
0x40b0724f9d5d1f1b2f7ac653450bcf44a10eaa2e	True
0xc03f1cec61af8b0e597b5ae932eb531959f4ced1	True
0x57cc89593005bdd75bbfa3988a11f000a910589a	True
0x4fa8faa24e1932c5b1d40d63f5bec6428dae13ad	True
0x9bfd19b001c0c791f8ecd8df9eae5164e4a556e6	True
0x170529184b8f684b3e54af081776ee0f843fef7f	True
0xff24fa99e0dab7e1cd199381cec7aecd3c73db70	True
0x2df3cac34fd7c118a1d8c742e4a2740f289461cf	True
0x9bc026d71bec2582690239d879c33f4de6a4680c	True
0x53ce1f19625a8ce5287efa21618a8661ab65168f	True
0xb581c8bfdc9ac7cff6c85f9248067cb1f7e9f0c5	True
0x6495bb591eba1bfd816efc0e3421d415c52d57e7	True
0xc0f36479c180886466a615e37d989015ca99b4c1	True
0x75d2fb2ddea7c8a8bd05a2772058042ae73a32c0	True
0x72dfd5e971aee32705c6030465737356e2ed431a	True
0xb49ceba35bcd8bff24a4454f5da370bc326568a1	True
0x7df0d6707cd4303037c528872cad42f89a3637b8	True
0x593fc2ef92e7ec889ea35e5933d29a50587e574c	True
0x3c058e62a66a5ea7c8e73820f9d44bcb9ae2488c	True
0x968b746cae33c6b52621e8c353e817eeffcca9d9	True
0xce9127e29b964cb6f02ad91674e74969a072af2b	True
0x1fbe2e7c96420eea84cb1be118e0318646360cb1	True
0x2547ed045992e4875816ada87f25cfd2ade1d545	True
0x69683b2047806d390cd0b863bd3f98db4811c59b	True
0x197ba3fa40c40555c23c2ff747162026b1cfef8b	True
0xd141894a8b19f0d093ae79b24f5933ea850d9ee5	True
0x44aa1d295e837e36880a50a44c391627b83da132	True
0xdc128caeb2328ff83d3fa16036acfd32199bb471	True
0x5113b281bc8d62ee94a9fe52e3390ef10f62610c	True
0x72261230caedcfabdbd643051fb1ef667dce71cb	True
0x5f62cf5c3e33632c6440cabb90d704ddbf8daac3	True
0xaf669363b19df85f06d608e53c4072023bd81b8e	True
0x84de2765c31e99937091d43e5efe46dbd0adcf5f	True
0xc01ebec6897aae9835ca09be2433d111f6ad480e	True
0xa46e76a490f66ec61df461f4c36a7ff3501d9395	True
0x148932fc33d97ae4f85443d2f6af25cacddd6062	True
0x0e84327e4e9798245685f551c52be3080e74e7b7	True
0x105c6167e7563f42b8d1f5dde6371c649fd1b224	True
0xcf6bc34bb1ea9b25b12b8cb268cc0ba527bfd895	True
0x5e5038c9f9a225a793a283c50ba8ba3300095561	True
0x94df9c7b461ed689a3288858c0bc1cb0e05db57f	True
0xa795cd32d8c40bab22e85279cbfae13c595ca953	True
0x41d5e9c7772549783fc41dc7f7905763da89ae3b	True
0xaf84756ec49481e758fd0d477ac9506aeb4a2a46	True
0xc5c4176ad1171cc7aa8a953b091f715f2cfa166d	True
0x8f3595351df2e84f37c4544c754f8f9e4c9d149d	True
0xe9f4c37ba6ed4875ca3a8763a1f42ae6d5382b31	True
0x04d76d8fe59e75f14c442db1c4f9f7592f3f399a	True
0xaa5e3610b39a0cf3d82b97bf685fd0be36a8cd0c	True
0x57c5be01bd2830df35a31daa6013bab010783ec9	True
0xd6b722ab1d38e92b3c9d13bf52d8de01728f527f	True
0xb4029167cce3f0b5ad95bd6284bb24a0240c3f81	True
0x26047ef9f2232a765a0876ed72c5a8d5707513dd	True
0xf19059826e08ffc1da54ccda729d3ef025ec95d3	True
0xfddeffb9f6804870a73b114f90c8d88b62703dbd	True
0x66c4591f35fa51037dbf2ed7eeffbc05f0658127	True
0xa5a4d7a4b225b8c3a7c3a9feab799692721ade82	True
0x05baca0278cc2b2bf96b929d0adc466d05d3f41d	True
0x019e154bc203d03cb8e0d1f405900f4cce717917	True
0x1da7b1db04cfd34e10708003307929ac609be230	True
0xeb9d5295194abb013b2d8b646f29dba833e726ad	True
0x53b8ddeb642e2e4691f9fedb97ead663f2ac0d8a	True
0xbe0fb087ab7283fb35b031df89d206e132807f74	True
0x3131030c30c58dae997cc225026f648498f350d5	True
0xb0973e0f0b963798cfc7ba9c556af6a3e2af5a17	True
0x71412b40cfd582d6d2ae9beddc643b85a35bb887	True
0x1f7da607ecba8edf68b2275dc84b9a48a3bf93f6	True
0x1ffd7693d31d36c0e3c7983b644de7e27d7d1a7a	True
0xf8c07c6c88b64416f5bb72009fb83049dda0aa1a	True
0xa2e704ad96ee3de7c65ba09f87a1d80c38f4fb12	True
0xf6f23197f085431efbccee9c53dc086d88e99bf3	True
0xe1eba486187a09004589d4116e41ec349b1dab93	True
0xe69d45fb43a2fd2a18ef8becca1535ba4accce2f	True
0x0961273cc6409256d65bc288953903a3415df2de	True
0x8f4e30756d125e2025731f12c926101d547d3f31	True
0x2b4374976e1b38da55bf3768657a69fc0455c977	True
0x14674cbe2d52ebe064e87c6909602aba35cb097d	True
0x7c39e543732deb2cfedc22b24442d3a4b8a49161	True
0xc545df8b27cd702c0dd783b0a0f8a71bf2cc4e38	True
0x932b57c709e185c72fa6dacf728be38773c01c31	True
0x14db9368ccedca6347bf4d6fb29810f75b645c8c	True
0x7bdbd7430997ee596b6885963cd51887521433a6	True
0x41efdaa6c83132536193422ab2400c6a3a39dd9a	True
0x112b952c3517e0f11f6bf05608421cc51f0c200f	True
0x5ae0a71de779f62fb232e9665a1e7abd5d1fd1cb	True
0x2e4d1befa37e855bf5caa345fe136f86b727b5e6	True
0x04dbdce62abfd180cf1d3cd05b693d7dec541b20	True
0x3228774d2cc6728fe45236e13bcd4e4615c17105	True
0xaec8c04d38f9ce8705fcc3661c85fd2ba1e4012b	True
0x988807865f79d449446452097bf981ec5de77a0b	True
0xa7a6f3c054a6ffa67ba0d51991a565d79e52e426	True
0x3dd1786c654f4fbf0de0c9a61fa35d57ed171607	True
0xf25e46a612f5fe78d1ab658e56f9fcd5b4305d3b	True
0xd24311d6ad35653fc559347b996fdb1ca50fccdb	True
0xa99731c49ce362dbcbcd968b60c6251b1853b39d	True
0x5d40c27968c54464827563dc549b39df6b2209ee	True
0x3e05fd91fbd6b419314d8eeeb5be60351729bf0f	True
0x0c03b56e29276f4830354b165dbbd2c3f7774883	True
0xf8d16624c1e9154f96fbcd45f1c044448c34f1e0	True
0x09ae12dd1fd9367f7b353107357146424fccb500	True
0xa9939a637f4e536c86f566152eec7acc8af21979	True
0xbe84e2972fa516826645d8f0f4f787c98c84b953	True
0x136bc402b504b3be630d4eb3687375418a13c8ce	True
0xd6c59dc3e63bb1a1c9436b95a477b52ca187a558	True
0x4bceee037e5c88be95b883a5896371e103f9558d	True
0x86c2d9c104b992114ecf3044c9946b1b4236a7a9	True
0x5bed93d1a1e42dc5487e3098f75c0a603f44d3e6	True
0x2d601f2641976136658ea34d85096bb9d07c6140	True
0x08323d23a76b8c6cd21e45be73b7bbf55ebb7da6	True
0xdc5193ef0fc6516e185c46eb45dbac4dbe259778	True
0x56cc8a7ab739102b750a88d1c872c92e4f497fd4	True
0xf0b5c76d347d3601e557280840a4ed94a3436df4	True
0xcbaf624705cc02894e2ae04f7c4b55b362574423	True
0xf25f77aeb487b7328daffdf497db4203675faf54	True
0xe88602d11fed92cd1fe18016022c433ddf062bf4	True
0xfc192b1f72476fe1d89d7546c8342b33a05c43a2	True
0xa0488c5ec125cb104a7e50d65d0fc4fc1fd9bc6a	True
0x15373746622da8de91bd5b1a515c8ad979bec516	True
0x048862ccd0cbe38442bb9bf52903c5632368251a	True
0xe39dac4544522d9a020d9c0067b561fc49b5c7b3	True
0xf66a472e2cb067ba8308d7f65c8a467210de6238	True
0xdb29d42bad16d93d8ba0fc9b7696fff684e57183	True
0x14e298879520cba8083ddc1b7806ee44b1794c59	True
0x19d07e3c29bf4b0ec8f4ac4e7787dd93acb9e8bb	True
0x3d59f36914ff07f24d8b72ec28323f2321b895fb	True
0x001789139abc3c77b063a8063cd7fa59975b1b20	True
0xb06545f0edee3afa50715777c8d2f5de70704f7c	True
0x7041a0dd0dcc9b83e3868afc30de7d35f5f19ed5	True
0x19fcbdff9b884a611bd3221d26d52bd1b7fb895b	True
0x575776c5a3fa0cc6d17aa006ce3d0df16e788cd1	True
0xec9378bd946cb5495af61452a799cec094559417	True
0x9bf0641ce7609050ab493734adfd5d7f447bc493	True
0xb881b7783997f1044faff9983a598ec8213a2893	True
0x4ecc0a123608e9edc4a219df2d334a6d98a6fea8	True
0xa4248b400f801cb204bf27dd4c7a36b48ab6e44a	True
0xf3c63bc8aa6d2224615967aa136c9206aa48bf62	True
0x1cd6b1a72ad0cc83fc6cdf6f9ce34a97101ec7b5	True
0x8ae1c0a26972aeb6c14689e5518e146a544cb737	True
0x234aa5d6a436a3aaca0374935f07125670d4f548	True
0xeb7961c447cdd6c4fa2157b1985cb6ec7fc57567	True
0x7ec673651bad4b6e7aa282e05f48234fd0eb59c4	True
0x74688d530f4615f5a38eeee78be84aa8d70312a2	True
0xe146143cd0fc92865c8c2dc1b27f90edf3963fe4	True
0x9e5706082180fb16456187dbd1bd5ae1987fdaa6	True
0x330be646e6b6434be06ea244ef3cdb19f96b97b6	True
0x8a4b955838c231a1ebc50bd967c2166f8c349c41	True
0x96703e04c4d57244c4047c9f70dc2a45a8d05e71	True
0x75eb24fda1fb262c853569d75510dca569f25a5b	True
0x57509f2ced2afca714e1162a08f6689ca3713179	True
0x5e608f36ce2ccd05c6f68927360d5ae7af418d6d	True
0x98427ec763f93a724cc4f26e2309114623155bad	True
0x160792d11b417c469b6f086217887bcb0938f92f	True
0x8a12c9e30dbc1256a57bd5bb953f03e4ee30ef45	True
0xbbea3046c28c72f8bb3c3329c528090a2ec83225	True
0x1f6b726f4993299b490cf24571417b9bcfd8f428	True
0x5adb2aa0b007db884f230dd47c52e5097409a225	True
0xd5e45e5bd77a2e3a2df773ad11ccd1a1d1da4528	True
0x752a855be45bf1d87f6fe322f65903a1b35c6588	True
0xe39290338b0e2045346aa9dfb40ef646e850eb36	True
0x815f71c9c75e61f2e278a8e53b6938f094c6ce86	True
0x144d5d015119f76a87d9eea060147f457b76f1d5	True
0x6a393d66be1089495d9bc573b153e6d1c2bcd668	True
0x0eef7b2ae9decc43035cade212e479d08084b66e	True
0xbfba317445c2d943e82d5a21c107d83f675f7753	True
0xde5f0addeb8918eb9a6ba1c6c4f636dd64d01129	True
0xcc1210d9e8e248a1e7c0715d99021e6586610522	True
0x88b4baa0c9a7913b0922f9f84b727ce3ef61298e	True
0x6b6607c87d66a75aac681a8c495fc164aa3a3604	True
0x650cfbf5de2bd1f4e3088299f61b26dbb16a66b2	True
0x87e035142a2d71884f9c8396115c28cd54e38089	True
0xfa4860b55c0c68a069c086638b4e2a9bf75fab7a	True
0x070a7475d5bfa811ce484421d0df49a9a97ce6ec	True
0x1f95c6af886dae41e0df60754cc9095f311a1609	True
0xc266034937b41fec743f91a2c73099d06fda2ca4	True
0x84813586160c450389946d4767461ced365697f4	True
0x200a17682885f31fd05dfa6e4c04685286eb0a1c	True
0x739b39e75f4adfe92fdb34be5fe693f86f6e84ef	True
0x330b937987f682380782a10df205629910cc0dfa	True
0xec5132eef0272d0838f8e9678052250464fe9ceb	True
0xaf94d91428849a5f8a49289133f18b84d9e44b01	True
0xebef74d0d63c1a288e853c748552510aeb79726b	True
0x9b6c4d59ce53c56902353a7625e3f66e74fccf62	True
0x26cfb7ef8fce43c8819b33c02f3d0498072e6fe1	True
0x5772349bb17a3d04de358ef40451adcac1c04062	True
0x9a04d7862c8342a614c4a35e0bd277e3d88b3f9b	True
0xa1f8f3b8059c5a69ad3b680c4d354d6dba90b675	True
0xe670813250e06cde5de7ca370795fdb9ced6520f	True
0x194cfc67285583372e87cff9d9d638c4ea571dc8	True
0xeae3fc9b8262e03ffd83b154156e237bf8953073	True
0xdddde2bf7e784d172f8ba288ad7cd55ba0f10cb6	True
0x99b2c52980cde0e13c5a347bde9e453216196d11	True
0xae7390215bc6968422b43d66b9df2a6c4709e889	True
0xa43ed971fb6ba49251ce1e6cd8d30bad67509fe6	True
0x96e4af8a405ec06fd4d0c3e6c9ea137b4f0477a0	True
0xe44ccb7ab70f2c4551044953ec730a257bace8ae	True
0x067af335b5b1ae26eb7acf5e3e7e09cd63dc48b2	True
0xbffed9105c99344a127c816d6f4675ac42a6cff3	True
0xc4e93b3f6c500d0c321a3ef7779d9a78c3d8f680	True
0x299802bb931b9f71e69aff7639d4b3499adc54f8	True
0x910aec8d7aef50674e3ef10971b02949ce490b9d	True
0x522a4cc60f2abde8c335ce0078cd87f04dfbd0a4	True
0x72d650292459d6a2d44bad6d6310f3eed0c92601	True
0x678eaacd98a4bd0f7c2795c36810b92481a70c7a	True
0xd2d4cbff96b8b8353df1fce47fc6739950ae13c6	True
0xac05797cdc9456058e99808623e36267dfa9a35a	True
0x0c2365766dd71d4a63165fd63af3931db47106f9	True
0x4f211383078d3a633bc4e1d2006057ddcca034fe	True
0xd0a7c515a004a4419ee546aa018cfe34ae3244c0	True
0x27b7eae3013401be0796609112529204af63164b	True
0x1e21559844141503f2f05c5a3b086065b235441b	True
0x6f0523af23ae55a5f17a35328234ec2ffd6e0050	True
0x62fee5b197822e122641a4d17fa813b8ecd5806d	True
0xe0378805e0eaa8291deb3580524a1c2000f30ce0	True
0x943c78ef731afeea0e372f4310f595a5e60945b0	True
0x1e34df233f368b2b2ad9886f7d88b399dccc1402	True
0x2e3acbdf221600dcb959ca3127531d65db23a92f	True
0xab84fc27e0e93ccda099bea14b02cc1fe7c66db1	True
0x7841a4b4652bc27e5b01748c74de33345e6ece49	True
0x5a9c7632ad1d33cc68bf0b2632e444d964da57e2	True
0x5389dd05d8ebeb3e852510fa6516d01c369c2b3b	True
0x70eac0bdd6b1e764206b51bf3ffaee8fdb396f61	True
0x79b950d1ab31cca0d88553abd57cf9b13c8919d2	True
0x7973355edd65b634990fe7ce213c100d3f48a210	True
0xb7cb432c314a7da1d5615304ec66a2a97fe9866b	True
0x38f29f6df9abfa48462f7b4a288209e5c492f6c2	True
0x96875d44ab1dcfac779011b0331a5b4a9a1393fc	True
0x1887df860bae5bce6dd4aeed209bd8bf3eaa6f60	True
0xa79655e258b3f932580a188474163a0a107b81bb	True
0xfaa6570ec3a77902b4d50ab71006b1ae9b4b926e	True
0xfec935fe86817ff7a6a15a46b1d18099ffad5bf9	True
0x2c9e70d670b33f5bfbcbcb68cc46716d69e73572	True
0x91308dc585377f1be3454380d29a527f5d7d43da	True
0x1e19023b89574bea0d9c65328aa10c4bd1b0490f	True
0x5c01f99170c4a22036d3e641d4e3bd7ba3993d1d	True
0x6c5fd6cfb627f9d2af8ca1a5dfbe11f2d6884226	True
0x33c4e7e8c1b168aa211754993216acc4a3c4ff9b	True
0x0630e62607bd7c6b17aed1aee15443f1ef4f6242	True
0x09d8e563284a157fda7fd725e36f008873ad4f57	True
0x7a495b3f4909834b12c08bb7b242c55606be0c35	True
0xcf59a41ca544913036300669003c8ed094b94532	True
0x4eb78d94d92865b01e8cc00a463ec7eafb4fad1f	True
0xae057ce79cfb06fa39c03146ae8c49f0e3afa93e	True
0x241ff1f86df8762cdb466bfccea0bd195ecedbc2	True
0x5e674f6fb81e0563683e0533aef8c4056d3264b0	True
0xd440c54b2095d1d89ec902f6c9391044c15642b6	True
0x953a9b84ef3d48853e385800644a3f22200bb76a	True
0x69bb31b30ffeff7b1fc78a122614bf518f9c6284	True
0x471f14dd2961810b40a1b25252c9aeba6bc99784	True
0x036a1056fea81ac39860388d4b00bbfb3d3b2e78	True
0x964ab0c84db7f08d610405e41b790ac4fc697914	True
0x3f977a627dbb3047dea7061d6c792c6a0a49d3ca	True
0xa3243d02e3320ed8e68d272df04353bd27b7945a	True
0xe773c3050f6183bf96f5e259497019b704c01a45	True
0xc25ae4f7428fccc4b156e43ce7d7f4bdc58d64ea	True
0x9477470720993e73545860d9e887498f8f1f3fdc	True
0x39d0ac2e5ed54e4512d6a463efe55d8d0a8f1a02	True
0xdbb4d2c1eadc30ca8bf54e58a8293323f6c12e89	True
0x5cc9dd607bed72b4db5660ce2362d711b3fba90e	True
0xe63ab65b71f29db87b563d78ad75dc4d653905c8	True
0x26a2f9edc8f38ad416a2aa96e0219ddc6c31f33f	True
0x2678e23cfea91eb56f9a937fd54f6590ea307964	True
0x6eecedfed50291ef8990460551466e8a6ffaa21c	True
0xafbc886ea9d52e0fbfbd55e431ea0656846710cf	True
0x61b07680f874f51af2b1a8f3af151306294a1a3d	True
0x231f01847e5e4500252007fc1157e03d140182a0	True
0x5c1a6d5746d4ba7de58179cbd0954f0f3b78cbaa	True
0xea0b7e140bc946e8770fa1944387f45feeaf3425	True
0xc40bb43836ad4ce85a6d0d54e45744cb0ae29113	True
0x7d3246a4321b1b7f301d22c0a0003e2b90583d88	True
0x733170b9be913cdf52f970635f330e17b805cdb1	True
0x7a414fe2199bb343a3e89f5ca5ff237a5a3ca7a6	True
0xe9e75cc91a828d022d9d8afb8baf0ff76100ee89	True
0x0d1e7ef6a2d6b06fcc850e5aaf468d00edbcb2c2	True
0xb9b5ca7cba5c6df2ee03e7af8313a816dd42790b	True
0xdc521421fe1c5a5e76a95bd9bad4f06afe36f131	True
0x3e5266ac5b929b0a2f6eadde240e80c2ec729eb8	True
0x8f637b21e8e2e1e4682c49c9e2003931838b91d7	True
0x1c54b6e287d07a4251d1e1f1ad4dc3a09f4886d3	True
0xf6811c7cf6effffb836da63753e15e5ddcc57e80	True
0x333137f6c6a3dae3c4a476d09a0d239bfecc01f8	True
0xa8cce19d153c1cede65ee694fb50361ae2c8d249	True
0x455f28fe4d3ae01518df7f3b17076a5acf57470e	True
0x1b42760b65864df30b37cea62845431dee525434	True
0xde21f358e0363ce207994784bde33b1653df9358	True
0x6b574ed00e8b7e37a432b30e946e8e27995a73f2	True
0x29dfc4cfd7aa88f5cc60effd915d07820f44e4c3	True
0xf071d18e9b8520ac3a5085602961b042874f343c	True
0x8392ffebd2fedad5c053ec0f513f5e0a450aeccf	True
0x5b5fbb2f52fff9d5c9f772923b2e0444f22012dc	True
0x3b4742e1cf44af29562670868aa1cae0e6f75165	True
0x040e3d6b883a1746693a4a9c6c47ac95a3fd8fc8	True
0x3ad914156df9e830d342a2d01ca0a88d9b5b7ddd	True
0xe001601bfcfb87e882ae8c669f5a73c966fa2ab8	True
0x48c661edf13d845e23878ef5f3aacb4f9a68563e	True
0x00ce2c5caadcf2b365e4a275169989986a405df4	True
0x2559ac824159f1f78070841a5869e7adf88c7681	True
0xe1ba7e3eca70025aae41ceeb1f96116e7fcb8108	True
0xac08954fbed193a58057e2bade72c8d60b594b00	True
0x81a66e1dd1f635809ce19f1a096c67a38ca01cce	True
0xfb8770714f76089e7f3e687f921d8c82fa8cf907	True
0xfb69b7612c76fc8977b9bf948f353f95074bc5be	True
0x34d32d4f908266a01792fd278652c3d23ec67b29	True
0x29bfc70e5d853823a49b3a74ef1fe192387ced9a	True
0x19e8fb9aa4fe63fb5242e026fd89ce8cb376d66d	True
0xb4b862bb4bdd2ff90de8901f8ff669a0a25ae4db	True
0xb91a7659a592008f2b7b3ee0aa92b07947c3cf38	True
0xaa9437b966a066259c1b4e3108dbc36de49229d0	True
0xa08fff0906987af6ff703647a8a0bf88e1b787fe	True
0x124d476aa8323e3ad465796ebacb859dde9b2f39	True
0x680778f17ba8c977a4692fd7b4e674f6fb28d688	True
0xc1674667c1e6a1746cd310ff8a388d1e599aba4c	True
0x82f8592e25df99bc102a1b0e143afeb9a0154fac	True
0xaccb5e3e83d1d1a39e086f6981b43529539ee28e	True
0x89e661dd3779b6c17ba88ccaf0400904397ac9cd	True
0x16fe354fac109fb99ccc7bcbcb8723025dfe7b0a	True
0x2ce5547cb3cc52bd2def567bef66144c1fd15429	True
0xf11f3a0349ff01590f10237841bd00aab0959bd1	True
0x8173056b7e2af634d8e5c292ade50de366fb6d6c	True
0xec408d85c532670cf4f6ae6bd8aa7fd227b162ad	True
0x356baae53d1a0d5338f35d2dc979feeae1f64b9f	True
0xff6269271a6dc161815fdfe5cb6493b66e1ec93d	True
0xf45c6382643488d5a2d77671a9a5b8292b4b99ee	True
0x2f16c6d24d13363fbf15b261c33ec83a8a505ade	True
0xe3bb90c705938cd56baf0a0f1ea82127d1325e12	True
0x6688456105188a71c874d89b89055c1cd96cb3f5	True
0x3d9ac9c8ba144f95947b78c33bfc9c8a73f5f21c	True
0xfdfa13b6d1402c8190474d9a57a9e29d6d5ec6ab	True
0x6fd124135290a0ea4c7f3f57650eb478e801cb41	True
0x3e5d48ca5a55f913a6400051a185ef09a39da69e	True
0x28796645005e8d8a74e7569ed2ab1dfffd5573a4	True
0x9a84adf4aef630cf6de93fbf096e8f44e57e475b	True
0x576aca5fded47b32a26416ef96c5fe72396d9094	True
0x90ef14eaf562681403084550504cf8616c43ff9a	True
0x54a08e84fdbe3b908e92cc0ab1f04e4348ef5d3d	True
0x6601ace56e4c1206a58d713687dab2a5123a4530	True
0x64fa7d78444072c3159dc929247a0b334f281fc1	True
0x29fd0433279d3fb9037ea2c7643546974ca60cf1	True
0x73130992264a0e1155b0992b23e7973f4d501e00	True
0x0838e29c024f1c16ff45914cbe23578a4fc3c06f	True
0x2353942cf137f7fdfb54c78b74c600baad58dbf1	True
0x9244e810efcaecf0662ddb42c65304e24fce6a38	True
0x9d87d1534575a5b0fcbe0e73bd58178e878397cb	False
0x3112d3204d7730241c50111197820e16f9345d26	True
0x9ceaa7a1c5bd7ec5f082002143c40b1765966cc0	True
0xc3db5a659677f60ddca9369bda1b55fb8a1b3927	True
0x313f3094219f3dae7d7ad6fb5d4c23da5cd6fd90	True
0x183739b61aa02a963d03e9daba6826c836aa297b	True
0x077099cac135674be2141f445216e0e47de8005b	True
0x440ddc7144959f29d6a36fd18d75fd18f62cf478	True
0x1b3334ff865dba2259265c75610445fb0e64f0a7	True
0x9ee7cd3e25a391c8e177a10ad421db2dbfbb0955	True
0x16bdf031700fe35862f475c2f889803a4517555a	True
0xb773fdda32840c4e0afcc0a383704163db807266	True
0x4aaff64aab9b214435a0d0e55b7a4360cee22655	True
0x67f4797d84acfe5e42110051b46fa09e14a3e3f0	True
0x928b1c354ec16a543cdeddb17f9c3be97f74eafe	True
0x1746917e33808c1b6ef74b91720d82e927f39b3f	True
0x01417e334953c23a9722dc726cd19226b309da29	True
0x4cbe9dd0822a47a17350e566c491f5f892aaa426	True
0xfe3595212a27ba4f432223522caf29fc81dbadee	True
0x899ac9da721b0c5710b577559b553a51263421bf	True
0x852dcecb62dd3834d137d0ac4ed1db3dcab97b5d	True
0xbeb2d34933a2daafdcc32343a0d10ab7641e48cf	True
0x611f0a5f51cd88532839399f86e0cb4a6ae140be	True
0x34684ffb6de4858b2675dce1bdb18ecf9ab963ff	True
0x3f044e71c6619be3ce75d59a02d881c017a4b9ce	True
0xa2a3e19762826df5842028e5f6c68b417e0aa27d	True
0x6ff6de19426d5e7059e169b4b5f8845e5191731e	True
0xb5b784c4338e2097c768f441de890bd1ad0346e2	True
0x41778fb219451c64ba860b29344c81bf18b50db3	True
0xbe5111d0d634be7c467ee729e7fa23e95bd8d9e0	True
0x343dfe0894edcec4b741db8467594bbb9e7f0178	True
0x42a5a64449b183d167f199ee338bf4cb4003103d	True
0x40f1e7025683e7b0fb6de4dc85b933681bc98104	True
0x276483c46c892a226993bd00b41a72a4619d35de	True
0x36e22638f2e671b92506fb9d25395f2297c8fbda	True
0x0c74e1dbb5b3bf642bd0edbc45c532db8eb05d6b	True
0xb760605da52c03c6c2bfb03fc18e4d9b9b4fdb53	True
0x1ad99c3373f0461838c0a82eb58a1ebdffb2fbb1	True
0xfacd2edd83f8e054df541000c162972c59be987c	True
0xabebcaff7fdc2adbbcaf92e0281dde2aeb943193	True
0xc061f85d3de023899407d0ee50cd646f6f263a7e	True
0x70509cec0d7efdd127ce6be0a404c7750e2ab8e6	True
0x65124aee85c444691c163705b8d19843dcb2c94d	True
0x5d91a85da3c3a686efc679ac9e1780bfb4fc8bdf	True
0x98eeecb1b5495651d4b53aa04205a63277cda03d	True
0x44f8dc5d407a6a90b91f79176c8c29830340e22b	True
0x70f5a98954dc38d46c1497b717e06a4d9704ad9f	True
0x8085ad7c3ca6d24830736b472eb232ddf074c9a6	True
0x5827006671164ef75c906d5eac9af5f36b5f0da5	True
0xb4b33a0c5422487ee61f6c216d3f6ffb1bf94b43	True
0x5de8b09f8507832a574ecc5f9ea4d1f282009df9	True
0xb846c753b3ef0eeea4e197aee73bb25b399a48c1	True
0x78f7f246926664ee85ec4b6a8c08c7f433fe96dd	True
0xb99ef872c5abbc790271c40269eb16e3a1a3fa80	True
0x2d87a81e0aade32a033d8922b0dbc94b91aa62c6	True
0xb0d3a3dce1bb661953c22786c0d935133529aa17	True
0xe61259093a6fccdc5037bfb77fe609d60a10b6a9	True
0x9c3d5839e84c398b34ba1d5aa93cae7573ab0dd1	True
0xaf8f6d22dd679aa37836596f76a962f67ae85dbe	True
0x220500d226638a63527c2099d3e11b3722e914ba	True
0xc29582eec6b3d649356dbc19849ee95f1b23f63e	True
0x8f3fa3ebe36447c35b10779de3209ebfd8505d6e	True
0x2d6b8a710858c0172e89b0be960ce70037841d0e	True
0xccbcc6ef306a12598bed8afa95882d0f0f530888	True
0xdd5f4841df16a249f1f42ac55b55003f4085e5e1	True
0xaaf1bf817aa66bd52839a03654d9275f41ffd78c	True
0x51c55578d904345015d2ec2b557e4bd84d467bf0	True
0x88074f176293a97ec9f81f697976a78a02774f39	True
0x17d61f73a80d477d686ad454beb0dd5fdb77b72e	True
0x0642e6f3067885022ad90be41d75d40491e12b3d	True
0xe536f15d6d3048e0748663af402b5d76184fc9a3	True
0x66535b303994875116e08c48890ee614a2d51aaf	True
0xa78676b35fbb4f838d0610a7060f6d2825f12e03	True
0x538fd47b0b9ff4156b4d6ea1f684893a51648942	True
0x676f852b6fe51e2fe8cb5cab50576558a5d61ab3	True
0x0cd13265c1a50ce6dc018487a344ba77415b51f8	True
0x46dcdd63a7f8972514bc4b3851a5d18b3d6540e0	True
0xf3fd16ee0f3a7a8666f20d70257133cedf0f5c93	True
0x2e9ff4805101a009dbac922b01e3fdcbcefb9950	True
0x12b61fa10ebfad7c957de207388c01349323fff8	True
0x1c103d6d2b65ac8af456acb0aea39135b44c82df	True
0x6948016e710dce576d237004e5a30546870918ce	True
0xe00bf0c62c0148995fb744ba2dd60634ef030e51	True
0xb4c746cb4c8f879c1a848d0ad7db0c7c0fe70c47	True
0xd6d64abedea13a674aca1f2a5b7c086be9e927b9	True
0x92d65e5010c7922cfa6bbdc8a7998702af73f941	True
0x2c4e64832208db7dc0a416a2bc46428ed9de6e1f	True
0x8dca3fbfada89aca548010531ffa6475901e667a	True
0xcc2e6a122b096a47332af2faa424084b11650cc6	True
0x0031eb5dd0b890dc2a03e1204d2eecb486680c3d	True
0xed9ad0ee3b6bd5d0a58a8839709f15357d18f334	True
0xd3451c621187b510799d6d97a88c6fc297a4ca19	True
0x61e560b3b10be26281c07a52525b64b306f84feb	True
0x2b6972b1c8a6835374a46c188cdbe1f616f3f0b8	True
0x3b3486ced2a6a2459392cb1f345ab786f8a5bdf1	True
0xd7cf0c1f37c190052c8296c630d574b22cfc8e5a	True
0x62ee8285b9e68e601d153ac381c3adb7da75d4ff	True
0xcb45f008676c2638056849be2813ab08063f67ce	True
0x549c6750eb193872eadfa0459085385de5bac006	True
0xdf696fd0d715331e10c771a522113c126af79535	True
0x321cb99e5fa455c0817d324526992d01078aa845	True
0x0c2b77bc275a534f62a63ef16e99e0e774bd029e	True
0x0a25180ad38b47e25981d6d38d143028eaa5c489	True
0xca54c23814982ef16c4ea160418c751c6c2c4dee	True
0x6bd0b2153cf2a2b13cd53a4c85f98e6545602d36	True
0x55f6973c59b5d9b0275b91bfe9683110dd14839b	True
0xa41427df4c2aac40ffd4f1a4bc4747df664da26c	True
0x1f50ac5dfa43bd32c4e8e4bb49966faabbfa9658	True
0x4864966833f0539f4b13788e684be9a192fbeca6	True
0x2881b1d4e5f0c9af8526db2d3df473372b861bd6	True
0xc9d940e9eb3f08f01c3105e80c6fc4fdc3125e36	True
0x2ea16c6743b8d7a3cb7c2334f3ca10115c2a087a	True
0x92599d9ec69777a1d1d3548c8ac596683f0ccf54	True
0xa4c3c0dd20edc3962d1ca1f19a1b48507c331a12	True
0x8503f22a8c8c293cb387467c3b9fdb61865148d8	True
0x220d2415e29cc52cccd0b76b287f4f64466c1e21	True
0x49818237ad1bc66c821b658b08f107de82cf01bf	True
0xd0cee6c38144209d30dc3b88ce0faba4c9b8824d	True
0x38560778ef27d48b787f25724a479d7a4d36bfcc	True
0x5a9f24f0e0099bc80d6ea6b0997e4191e6e9a852	True
0xfcedf02d1566246d2aa4e8e1ff59268445ceb851	True
0x227d8c22f2fbeeb81612d677f488b94b127c2829	True
0xc4371b21be86d49d1bcbd6e51f9faeb74317f65a	True
0xa8ec07269e705a61e0e94f577c434ef6a30af624	True
0xf8f04dda7a188a23e926d866c69fb572b3ec207f	True
0xe3cbac79bafcde751cb941d77eb119615921504c	True
0xf7f2e9adba9b8391b0a987275f2be13a2fc7736e	True
0x59814deb9cc0e5eb9b1276f7d02181fbe5c6290e	True
0x0dc9fbb9bb1470a34e31072e13cc9659ec26fcf2	True
0x784f3071aa3e70f82ed7bce1e4ed965a03213556	True
0xb972813a5fdb0a6a546f76c313fdeeb5ea9d36f3	True
0xd893733406cca453f47d1cde73089ab6c2f2700f	True
0x7056e13070065fabcc23ff5f3bad4f07533acdf6	True
0x25a66e6e0b6f8473810443feaf9c5a9ad828d63c	True
0x44aa212a6e276a5e56a2dfb942f0568a9dd1b922	True
0x3b284cbd525385301e259ad9f68ae55d95619a83	True
0xb37913700d4ffea90be4d5eca3550cfdc68cff5e	True
0x33b06b7694e0bb5a596ed0e458b3d0d1cd42b19b	True
0xe2768a1e7525e7cdbae34fe49f5a8da182fe51fc	True
0xf9cbcd79c689a52542f961d77b42e9b4b77fe97a	True
0xe51af69e02af0135111c796291f2b4083c289958	True
0x6771ec4ce6510510ff94b2f1faec91159334a8aa	True
0x63f089755f46d0b962bbb2eedde92d8d73460a9d	True
0xb62ec8bdc6a6ee9d49de41fda2676c65220f2f7a	True
0x56a66939ac1e7c31f449a9859e6977e482155839	True
0xfc49e3a6606dda72560ecdaa2ad3333e79d18ebc	True
0xef950bbe0cb2acd738e8b6d38643190f515867ff	True
0x92da0bf557790754b1fb80bbfbc8ba320e4a55c6	True
0x85ce709b4cec2b517031565ca7ca954581b7c598	True
0x4fa49cc1301bafae50ebbf1a162ad3e387c33aab	True
0x68c2c316848b8b8495d92ee5ec3792639f433bbd	True
0x00fd658873019300fd44bd15660dc7355f04144a	True
0x2d6d453d5c4b231fe06cd35b83efce946b283ad0	True
0x8caa10510f5d15c7b704d47dc2ad62ce446b6e4b	True
0x81cbe80aeede554680bcc64182bd7a2e0520d172	True
0x6e2771a2374b4fe1f5d068fcee8154bf1eae5d6e	True
0x700c3c19c218266ca2eac696b138216325e14ed2	True
0x13375faf9683519e1bfbf685fff7b71574feff21	True
0x0b1e912ba8a8fcb3a78285fe863d796d829952cd	True
0xdad13912b48526aa06742564e3ef85cd379d5c18	True
0xc92026233ec471c084edf82efa86d431e6cdd6f7	True
0x85a8747ceacc31c1c1c8c8439faaffa623129f9c	True
0xf2772a964df3f8c9ddebc47f4a3f37202c50470e	True
0xe95189b0d69f4eda4f5eadd4016b0cd6482b2c67	True
0x8fc851ee1f88c6fa3432e8117a8d32a585e9578e	True
0xeba028eff19eb851b1a795579a910b730b6eeb23	True
0xd5add4a5ac90e0e65cc94de32cde59f43901170d	False
0x86d467a74f53685932e2e13be9dde535f27c9577	True
0x9efce668f402f895cbe67517c000148219d1f9ed	True
0x09febb7eea9ed356ecca87d74c67753c45a4cad9	True
0x1e11526c3a44bbcb1d7025d41f5ffbd004bffcf8	True
0x392992b34d5cdc8e49eb17d6c28b437ded103897	True
0x24e194ab7c914370e85b1333d20f647fdd08e45e	True
0xcc375713b275c0a15f47364cb160ca5c1aab5ad5	True
0x2ebb390fb9556528bd7ac4455e7aa29a60430424	True
0x7a54ef6226ee538cf8688365556489355237b5cd	True
0xe3262604b8ee7264840e5863ae1a9c4fe5ea1e9a	True
0x311e5f96c979a533baa4505d883921d681c46c6c	True
0xd7aeffa1fdfee619bd44dd5113521905f792f664	True
0x07a081aac126555ba10d44d0c661853e5041ed36	True
0xa085a9c0fb71931fdf0aea6f0d28b927e9541fc8	True
0x54be215d605617eccc22c80512a6eb66137f79b8	True
0x8c40928cd9c0248d15382252a05a3046cd6d9dd0	True
0xbd5a9d4394fe6b53080a36670bd22d198dbd8559	True
0x92ea1b66b428bbcbc0fd420f9ecb4662b1eec6bc	True
0x5b88a11ee54c326e0cd193730b405911dcaf680a	True
0x3d9907c49e856bf20a7edec44ae0959f08e12632	True
0xcc29bc2088623ab99a06e71e3d4108001dd0302b	True
0xc9c701c6d4032ff52d1b3cbfca4c854a55edb121	True
0xfecbb043b0f461c5c018d21dd89d97d1d37df7d5	True
0xf7b649807f894877478d00d4e21381cd099c6f03	True
0xbafaedd438e2a641012379af7ddeabbe87bf0263	True
0x0072b43e75876d4cf8547922d30f2287edd3d4c5	True
0xcbf593ad9e5837e575cde29dc5e75c060105ffbc	True
0xf7c30d6d10126711a90faf56065f60a504c0d0fb	True
0xecb729b9e1cbae9248690d356eb5e67a01e08265	True
0x5646d478e6f296bd43270566ab6cefd891891c24	True
0xfa709d64f85ce53485b8f474cddcc99798b0dd10	True
0xdb657197d7f21e4b6cba30ef49130557ef964bc2	True
0x5d5a7601663948abe45a7345e7b42218d8ea4e72	True
0x7ddf0c4a3ad1b8b1eb3fff1c0bdb85fa475a55fc	True
0xd709e3ac83f3a3af098f90747edbd634742a302a	True
0x77ddfacf3517c21baf489e87b14a4f6fb8939ac5	True
0xd3141db57cb98d139b86964c4dd4f51d1059c4f3	True
0xb47e39517be4e1d40b08b6f38d552f59fb8ad33e	True
0xcaf7ee75f2a2597c12405128ebca9e89a18c9c5b	True
0xb6dd6b69e4b78115fff93e5ac668023b113ba150	True
0xf078560b6a174f013435cf44fdfcc942ecb4a06f	True
0xa5a5dcf4ae499e8b0298216b1aff93b4c53c6e4e	True
0x52df6ba0a3f7f56370f06d160cc0b6b8376ca7af	True
0x15234d80a165af91956ecd04e2969d8140e4aa0a	True
0x87d75ffb3786a5ec7b5e4d85555687a5caafd2ea	True
0xbda90f5085b19109d547cec3f903c5170b1b8f7e	True
0xc58612b54fdbe170bab429faad680b35c37eaf3f	True
0x4d1f64873a43aa02eb302e1eae2c8dbced7332c2	True
0x55b4343f57b069d73212987285460e95488b1c63	True
0x1c9ca8ea1931d3270e2351ba85e03da976bbd8f6	True
0x20002b424a690f589013ff768e94686417e88e99	True
0x3915611496ba1059df87ad33085f90e1d6e5997b	True
0x44710cdd5d78a5279fdead416423dcef3d6b04e4	True
0x0e5e7e79733783dfff0b9e5a0231da305756bc9b	True
0x1d44e91d75ada2b6d815eefae7ed95e66b825d6b	True
0x2c57fcd0c4ad79a64f5f305687f6e7835ef47a9c	True
0x31533f1e06a190aeeaf8cfb415e2283bc9acf317	True
0x23c3d0f620a331e85236461089d812e1cb7732ea	True
0xa99222a53596988515d6444d1ae8582c903d5a61	True
0x9cceb174afa112f49e4773f995fdc9afc135581b	True
0x098f90bf37c8fd72b7b5ce78ca4d82c7ec41257d	True
0x8a2aedad967936bc2e9282a7a949794600e5334d	True
0xad28b68e8cd67dc61eddbd45d5ac05241f7566a1	True
0x20510f2648f43484f4495977943c14f78e7dfdf0	True
0x139af9019a86151f215cc032ee212c7cf109e0a2	True
0x7abd53b59046eabb5fc0d586c55cad49aa9a8652	True
0x46666be17bb97b44facf837d8e7b6bb643e78c32	True
0xf2e8958af4a6019331d36b72b12e5deba40ec34d	True
0xe4e614deabe6a5ecddc7734c3085061b63970d4a	True
0x11acb73e241bf51960f36e9d78ad1d2ef4122cfa	True
0xd4d37e4fb59fc83b097bc7b0d64ab95229be198b	True
0x6896ce3c09beef99699fadb66ca55d569741be23	True
0xc8b75e9a7e23393305ddfb524235e7bee340a795	True
0x2bd3a07eed80c4383a2a1e879cbb3995c62179cd	True
0x0f345e79e2fb4f6c38b8d9919ef719969d9e7a8a	True
0x56011fa7dc62f87c9950c42c75a58966045a5a06	True
0x504473bcb25ecab791289d43192dd9a4bc6577ba	True
0xcaa97b6e5ebb7268c013c3c7b6e6c0b26f23ec26	True
0xd8b2a0c43059bcef021736804187ffaee29c7895	True
0xa3cda92cc4f0055a4fd2eef33bc55e3aa7b2debf	True
0xa9da891e6081b13982ad3f533164cd779cf5dc45	True
0x5a21f8c239e9884d136922f029d766a519fab3f0	True
0x1e52a90e35df9d6b6abd47d86c3b9e870bfd1c00	True
0x23fcf82936546f1b48a3f447429369671e3d03a7	True
0x25bfdcf2cc9bca0d8b42e816a6ffd3b5b64d855f	True
0xc7c9a22c8aa10b88f75e56d79fb8393ab24d8406	True
0xb7d32bf9d357797ab330fd8efd66c02683bdedab	True
0x0334941f6cb27a4c38de231671eec605cb8c9dc3	True
0x2125e22bd8c8ebea497e5d8764a2c5a825f5e5bd	True
0x7e43d3ba42ee6bb4a0d8a093534b508b510ba294	True
0xc1723dfb44c424e7978cf58614885bb6fba4fdaa	True
0xc15e7761f32cadbe5ce6fa5bee60985d23576d4f	True
0x0d2b09f6295dcfbfc09236d3496f765947313ba9	True
0xe2c2dc57474c0cd6ef6b5b375ad608508054aa9f	True
0x36808888bf8a6a5c67a3dec278e505d18fdbf825	True
0x781017d53a28af7c1eb3bb63035a708b4109bb29	True
0xa390f02921f7ddc3dacf9da84ed73be3beaffaed	True
0x6f6011a453f3dfdb4d01d7891273800b3e75fba5	True
0xda3130c81e46ccebeb530f9d1e00ea4064dd7ab4	False
0xa137223078b1983e05e39c7e644e6dba8a29bccd	True
0x617a6b5dbb1dc47f70d4280e81046a19acc381e6	True
0x028e97b1ef9c88958887fe44fe58a03e4761319a	True
0x591e95a25ba47ccd7deafaa2b4c73f5ef958a404	True
0xb3b86931364ae3b08a9bbf1f15ce111bd34c97cc	True
0x34132afdc139c677582d33b599cb16354f7e4135	True
0x87cea7c6c5fafecfc225f79d0761012cd4639625	True
0xb7347cbb46eab101a26e081080db2dea1311a4c8	True
0x6b8f6f6cc95bb0f29d486166419b90cd6617d3f0	True
0xa5548cc44ba44ed7e9c698e9d70293ac76a4a7e5	True
0x7fb843c6fa244827d93f454e1f17aa7d582ac308	True
0x60b9d667b70319469d6761ee565decdbb77e2892	True
0xf4e8007aa6c56971900ea8e1288344b7bba5797a	True
0x4df546024e08c0495c874ccf14428a2ccacf30f5	True
0x686709d86b317908e053e96c626411bf0386c313	True
0xecafa1cef2529e6ad75c92d7d96d181921e65713	True
0x0b6d4e8e474aa091beec37a81ccbf2f4bd8a9b75	True
0x35ebe18f14c6cce438298065628129c924c84eb8	True
0x425a71ff865aa33a7250e57e23e39ebba4448b1e	True
0x34e238298e771468352f9604fbfb266a286a74b6	True
0x6be5ef88a32da8cf2f2518e5c99d6d4d455f95a9	True
0xde5f28e352b101e5559211c24b15a26b991b02c6	True
0xa5b0a040e19e0fbb5b64f46af0157393b587ee09	True
0x46a59e678caeb5a4e60d4d27a82b7b9abdfaac23	True
0xd5b1b6e7bf6dca12cde372101218eeefbabf0fb2	True
0x5b9f4acc493580e1cee64b60f8370764a2ec519e	True
0xc32f9603c3bbec7242ce900e33064576ec4b2f5e	True
0xd6d6974616d90621846e490530cc4886b53b27fc	True
0x9ca06741b6041fc041549c6c5e6a4a21a387cb3c	True
0xf57413ed2abc3b94b456e7fcf38581f03745ead8	True
0x06f4baf3b725400a64b12ad022a73501fe56cbca	True
0x93cf343b156d2e495bb1a3e33431d8767c7ec246	True
0xa7b5cb90415c6e3dbc43147c3380f31bf5c01279	True
0xb37ed97d6cc39d4c68ac52dc023cae3eeda5c55e	True
0x3521de3af761b942d710a110247fc0bb44b2ccba	True
0x5c7148d8bd86d6b07f6279f0e7ac81f55f8fb09e	True
0xf224008382e67c7d320a5519a74c10b8b50f363e	True
0x08c30597f28478dd2dab657cf91d1c62c9eac450	True
0xebbe3ff2b8dd9c972e9f76a87eba41ce5b74ffd7	True
0xa97a056928ef3dcc61b68195bd218862fe83a9ef	True
0x0a6e49faa660407e9978ac9de882d9bda44aee89	False
0x503f1ef4a4be4d6b61e71364c4f4bc330ed81bd6	True
0xf76c8b96cead825c16914c4b8307b6de19c23ec0	True
0x61703b76cc7ec41fe8bb2e0f4411e141a8c6c8e6	True
0x0df267c2a2d2a35202e495ade5552e832e7b9337	True
0x8ceb642c710d22bd40492a546f12985620b2be4a	True
0xf87a42805937bdb37d63d4366c52af54d52df6b0	True
0x4b59cc984b5ad15515d19d65aa39bd3e1dc98d59	True
0xba563830f3f4ebfef5e2632d00e7343a6bd4ecbf	True
0xb6e61b681545d5f402fb397371a46691d0053ebb	True
0xaa27b43bee41c1b8d50d7b416a5e75dbd03ac082	True
0xd8e9841b87655da0c232ff8f1d7f27bb65c30bbe	True
0x14c0b66d7e250bdc03dec0348978a576baf9a5d3	True
0x6da8a3c43ec32c6254183945564cd9660454d28a	True
0xab023497eb2390513b81b60a6d1975fd45c1b822	True
0x533db717a5bc23000504ecd2230bc3f0a10ad113	True
0xc685c3eb6705f4676cb1cad555092ec7f4d0605e	True
0x7903d3ffa48aecba3189803844a2ca342cada62f	True
0x3d6bc479ff482ca988cc1ddbd1f809da9668e16d	True
0x4d5ec6789ffdf68d9765e8500e46cb8b89357802	True
0x26b669e5092d34bb90aa9bce7a0c0abc6556280f	True
0x76410b476e1dea2d52e6584c8fe73868b2999ec8	True
0x864eda9aedae4900cf09c8f3138118ca7e61eb4e	True
0x21914ca00805b72f3b20521b2668fbe506820f61	True
0x47d0e981441b3ad6350b266eea60a37c954df576	True
0x536b78dda92adf9517dcfe509caa65612b63b8ac	True
0xdbc13fa2263212210b7b7d36e7d2763e69e4c4f2	True
0x46eafa51d1a9eab0c9a5206f445bcc212b370a64	True
0x042738b993b119ae33e74d20fe259e8f2f4c5087	True
0xd4fbbee83b271628e56dc9a4cc47be6cad51b6a8	True
0xe538a9f53e27860c6d8afba386a419fe057cc251	True
0x0871459902172c097779abc55c2e39e2d5e71aeb	True
0xe3444f75a15d091fe6d704f4a462584fe2a18510	True
0xc67ae4c367a70cc68fee468a1a3d23296fb9591d	True
0x3912d2933ccf2487a98bb73fa372d1354eae08e5	True
0xb01fdcace411c22a8c24c6ea2079716530637fb8	True
0x2c4125d2814adc0f0ae61d5c74e7baee6729af53	True
0x801ead41f949d01a0430c28532697aa82e720c3e	True
0x1685098b3ec68340bbc0438cfb50c713ed5fff8d	True
0xd6b9f6837e8add02bec10df3592fccf9b67dabe9	True
0x4d4f4e1c4c6cb09c4a89bd6cc312a8b546ed4c8b	False
0x40c198228e4883a39d30cbee3e4fce727c9c3ec0	True
0x0f800ffa46d05c2c736e7f848e3a9cf05f29d8d9	True
0x938285f8b81fc6fe19100bb168190a3ced9d0568	True
0xbd9af4ead1c24071d03bbb4b496395ae909f269c	True
0x4f290a719755df3b2cdb674bdb0c3e363640da7d	True
0x207482bddba97570c859290f2004acc04ccbd72e	True
0x37abedfad9a4dd4d3849ceca713ffe27d32c7f5e	True
0xe4665c7ddc19e2e28756e0982fed82cec9c6030a	True
0x22b4206dc4275f0d8dad9c43922b64bb31a38a2e	True
0xc5f7f5199dd3de4a992f9d8269363b3fc05edc51	True
0x08f1e0166d89794a5cea2d39d7eeed36ada545de	True
0x11c8eeeb1efe67c8986bb799d8d0aa76f4389609	True
0x95498fcbc85f6d7c2d7ef1b4bd75868c13ce0c7e	True
0x184dca7f89d77aa681eb5234b5056801ef3a6117	True
0xacdda25e57ee8dc20c497491c58a3f39793f9a24	True
0x96b4139e6a3ed7d2d4349a51aac7b0c6498bf080	True
0x6eee70b003d0a7147605f71939df45b652aa77be	True
0x4494b4ce17d54fb931410374cacb842f792de173	False
0x556f798b36e86b9b1798e454af5c47466ccf2dbd	True
0x836dbcd027b6da8ac51df3bd9303c585b739d40b	True
0x1706fb0bd084aa3c1f4d4da65b814be276b425c1	True
0x6762f2d6176f2e20ef5a6f7e08ed507b4dec6956	True
0x6ecc66f8c5832ee1397e4f235dcc9e543eae56a1	True
0xc50d94a71f43eff23e67ab5c30c66e607fc37869	True
0xaeba277a0ee63f89cd9e66f9f570b1635488fe8c	True
0x5cf17ac46a0a009ed13a6827f2c44b159a0be953	True
0x73e5061c23a4c90dc19c7ede534a8624a524ec33	True
0x9b93a39da82806ea29e72cb6aa8a68acf51e4d2d	True
0xe81f9febc9e27362b409d18223a368c1551b7a7f	True
0x984f1f5eb8f456abf3fdea4da6310afcbd8e0296	True
0x6ee1e43accaeaa9bb69d9437c1bf82f70582d31f	True
0x5c82fea2ee161b0c24ce0fbc7a40792215d112c8	True
0x0ab64921c3a93631bcbe38d88254dcf9448333ae	True
0x8ab0f6fd9df99caceda8ef1f4792fb1aac3e7418	True
0x0db71d970d220e9263044e6744dcdc2cc05d2d7e	True
0xa5be0b9eac8337707439dd0c43a6bf64a63c6b29	True
0xb89c5ca1cb87ecfc7ddd7a2ffc00328ad36d75c5	True
0x54b69af9f34d5bf8791825d34f24cb28d5d0c4ce	True
0x97768881ce58e02d2eca8b75979c5bc6140350b6	True
0x1f4845e5fcee45a0847bf0251644e9650d34ed6d	True
0xf91db0f12815397a370ddf8dbfb97ac89715f78f	True
0x3d60062552e3ab6b755a9152b470d88b2a741ffb	True
0xbef2ff693c264bdaca400034e41276838aa22893	True
0x9b605b490a3d9e4842933dbc2641a8d1c5406224	True
0x530747a5adffc346a851ac55d42a16534a1e2356	True
0xb705fcde1eba07bbc4ce4560500390af7a5ac391	True
0x884d5f5b1369f1ab3d11ca5fb183721eb383f4ea	True
0xde77f2a073a997c71a7629d3a4653d91ac585244	True
0x6db06723bac342a0b0f14dfe54c8bec5f061ed44	True
0xa90b94f8f8828634a279ee95abe243a45795844b	True
0xe933d8296362b8f3336301be9869daba8b1901d9	True
0xf1c51d9617f79767ecac6ffb16376c06971dc8b4	True
0x4a8dc20bd3c92791c8030a99c3ddd33a5412c4e0	True
0xdaa816f553cabea9449dd1cebe061ec64e9a3646	True
0x8a4908bf160a4f166e9d913fa124545647e2458c	True
0x6582c68ffe4e05bcb892f24fb4461d3c2980a035	True
0xdd22320ce258de406238f866d4afad6871edacf5	True
0x64a959cbd003e9b6fa0054418b957dd48f5c0d72	False
0x86b9c5f8da78b8e60ce51a05511964e6fbbf450c	True
0xc5586bbc64772f00d5d65b8df0d469fef575b6a5	True
0x0541bd99a67cbe6e2478d12b581881451410e64a	True
0x33e380c6b41c2feada87d250086d976101019788	True
0x5be2aa50252802e399fdf40747e17430ad8b0c26	True
0xeed2c8f52aa1f45c0470aa508126900e77b72fc9	True
0xf093c99cb1480c8dc1c58ff916568ebee5ff0f19	True
0x1cf5531a46986c8845bad948f5e6058b326f3cfe	True
0xba8567b019385a358f05031a5463781d29a9e114	True
0xdf9286aa60857f69007f3ea55cbe132bd31a65ab	True
0xde88072ffda8ba5f9020109e503e1921af605087	True
0x1e7885c9ee5229634bc66a9ab2a2dbdbc6422879	True
0x7007ce64c76d240704e96be5fef87f82fb99c19b	True
0x2b1352deb4e599f3fcecba17f220359c81b7f92a	True
0x6e491d0b8eb80edb4d9b09c134c448d41e5f0d62	True
0xd34537ba5a58571466544111f6c6a2d8032c6cf5	True
0x8be0503ef22b5a85d14c573184f6180d940210be	True
0xde1a172c57a134860e833b1cbb5aefb348e8dcc8	True
0x81ce239d03594ef4d8f2efaa18b4b24503fb9fe8	True
0x19a945e8e3a69a7fe508a27aae55bec486e4eead	True
0x67bd082a599205d7dec66fbd86ab601cebf1b535	True
0x0065d8646695fbc4aa7f889eabd6d514d4d14809	True
0x6aad5ad293e908d10a67a494683fdebb799fbd39	True
0xec022a6538f32606c32c3be3d7e5bda692ff2da7	True
0x4ba6639953ed1904e4e438c7fc832e4e74d93d6a	True
0xb7372fdab2db4fff266c05103f4198f6e0595a07	True
0xe1f580d4f8ebaab2cac871510750606b84e21103	True
0xc2468d1b0955842608d06cd049865bbb919eff57	True
0x4d4c06fb91f6456c678a9cff0e0b15352849377b	True
0xf1a14fe9a499d7527bb2f78a5409227357464f73	True
0x2c1fd79b1a1aba6d8791e4f0d89997dd8a65c32c	True
0xdc3828a2d92180ba34b0c90242d0a84446942299	True
0xd4bfa41c213aad84549c6736145ab1ebdc3a7268	True
0xd271459908e166e2539afefaaefce183c88c5608	True
0x55e60365ae4b2c122e877e4a023ec2870c5f5f18	True
0xfb7c149386963721f3eb2a48bc17ad094b24fb9d	True
0xa7073de34605bb7e1a2c66f6e5668a54a0db743b	True
0x20bfcaaf3f14c17a866236465355330286d7c7dc	True
0xeffa87f82e01c067e69a556f15d3fdd497de5013	True
0xa45a9824b1982c7d039928a35a602a7379da3d4d	True
0x1fa7f5f9f79309a74263fdfdaf7ea46c1c3bbf33	True
0xaa8abd23a55c505fd9e2d6a0fbcf064e82379375	True
0xac63fa1ee62f5927c3d41fe9f8866af951a213ab	True
0xf30b36970641ccd492a574fab07dfc55ed1a5ffa	True
0xdd70a9e68ffe4bc3a307a33548486e8d764782ed	True
0xff74f94051b39cad05c3a053d8a035bcecd305e8	True
0xfe8f079d9a49ac118d52de0adcd5317f97d49cf3	True
0x5b198871a4890ec686226fa89a9be4327d41bd6d	True
0x7dd68d4a1681c03f8aa8f42c1c8f599c00ab33b1	True
0x9ef43455f592919d6e7e8943ec83bbfee227ab90	True
0x13fefc263da74758446d6472ffac3581f8024a6a	True
0x277a76931a1f609b8a3025b5de14c82daefbbfe1	True
0x7e8e3d2fe2c725a321fe66ddda266e655ab7c0c8	True
0xa9e4f1842846b4ff196ef28be938fbca7b28460e	True
0xb5c7dcc68040e0210febc4cb99cbd151eff5faa3	True
0x7ab395e1dfc3768176ac4be3437b9e47882a729f	True
0xb4f4e75bf05be6b86c658e450aaf050ad3a1191f	True
0x2504d11b517f17e5b3336e08dc4443690031216d	True
0x3c602d13a7460406d3349d870177ed945d09d458	True
0x784a1afe024dbea3d4b8b5f4a908e1dfd4696f64	True
0x686aefbf9cc2f71919570ad87393c9da595acef8	True
0xc7b730540f1237bbf40a3dfcc1cbbe6d912303a0	True
0x1629b22d4a479cad175cba8c4c09e3320fc2aa4d	True
0x3f2727d3d85e51cd90770de664738cafe4bfe90b	True
0xbcd7ace92bec5d9df5ec4a5874fb5049f3068c91	True
0x4d347a98eafe1d66a347cc4fa9acbbacc9d5fe3c	True
0x83e94a067ad837ca3c66e4dde6a00e9b0fdb31ef	True
0x14b4bef3ec56a2be8987d1ef32dfc0597212b9bc	True
0xc10113ba9a6956e4f039fecc5ef2920c93e23d7b	True
0x4ec1f9455940bd548c80e40483e07f67b4cc25d4	True
0x9be465cbe8e261785403a7a43fb41ee269455bbe	True
0xeec543b3ef89ffa654683c5304b594882665c4be	True
0xfae2e21d8ad0a69339e04b79802437171af36482	True
0x15d62ea6167366859cfb90774b395938e71c3a57	True
0x1ebd8953f8f22488cb79b94733ca6d8f618eb3c3	True
0x32c5e3a93e9b69831f0e4caa7acc1a9e5e6b61f5	True
0x418ea4e55b03cce07831fbaf2cabfaf179249c23	True
0x8f79085e04a8761bfdef8241a3c358269a067981	True
0xf337955aeb23633075e04e115b1265884cd2eaa5	True
0xcdc5a1923a2457623dee395d4570cacbd2c3c38c	True
0x3457ae8628e768b9009948148c98cd3c1717cf6c	True
0xbe322fdb89a16a9b25fe3b16e57ac83cace44319	True
0x12a849e5119dac20f2113246833aed8fa3591c8e	True
0x7ee146f5a725a5c0e88a2b08ad3ffab6eb4f99bf	True
0x5f04035fb6e58bce4f55c0fe9104500eb7647692	True
0xc23fa73b92d52f821047f81c6b163ef216ab1387	True
0x0f2bf6bb735f548f8973d210087f7b028b8a4ac8	True
0x5d389f7c1ad70fee6c1ae1196444538abfd7e21f	True
0x5343f2226c28b3a6454c84e2145859d96eb60de2	True
0xedfa7e66f8dc5786eccf0f030997d3697bd88b08	True
0x0d4d6b508d25cbbdedfbd7b290a3ae742cce8cc1	True
0x8d25e0fae25d811256252d32a2d7a1fb30a9155c	True
0x1ab86109cf1e91c290f4cf9689a52e06cbaa04a5	True
0x05383c5d04caa81f07676b9fe4fbf5d2072049cc	True
0x3297ba5c106a295c74c19efb7b7bce6837f5edba	True
0xd92945d16c1bb6b14f53cd14d46c5ebb05870ccb	True
0x2ed46f8ee76826f4a5e065df57d5b602325011da	True
0xc2f6c7044661f8cf12f765bc43abe8a362f94fb8	True
0x6d2413e26f723121cc2c355439232154cc56397a	True
0xce418d85c1d539af07f09d11c49e0a732ae89cd4	True
0x010b9e7394a21a495788f7cdd04a5a373fc815e0	True
0xf33eb76927c27882f779553948b3255b3f0bae22	True
0x832b4cc433dfcf9509169c8865a94e928b94293c	True
0x21728e72252ad464631337113b4ca15b491812b8	True
0x181731c0878543403fac1436013e5b43d3cb58cb	True
0x19664d12aea2317d6a891dccfdef93ade7c038a0	True
0xe8e948f3d8c5045e7e4514eb6ac770f8c8edf4f1	True
0x19da3667a32943f5755e908dd90d4ee6a1d7d9fa	True
0x206939a9573dc7549654f861202ceb6a179d0fcc	True
0xd591be982db2ccc339f251e5698871e01c5bfff0	True
0xd3a1282a9b7f8a598ff7ee1a2c3e9696ef8d2019	True
0x40da2d19999d103fafab106c604060ea906a7607	True
0x3346efd91fc47650a57bce2b466d0526b033739c	True
0xe0a9cc0bc2f2b4b85b9b02c531a615a010adb35c	True
0x5ab2eb632407f59aedceb4f7c2449c7d1d1aee0c	True
0x3973a503419aa38eeec629aea1e066aacc0a1c14	True
0xa3b758eec7875947b74db6ad27e9c874377451f5	True
0x43f540de7bb18ada888067900a2b3d5ee8444f96	True
0xbb89a80553774279f45d70501bbec180c26bdb98	True
0x338623d9fc96f5f97f3190b24a794d44daac730d	True
0x0e173dd4c6e8cc0b929b540f6aa7c2a35c202554	True
0x4569ef66ca3d2bc43890a05990659c92dbe7acac	True
0x6797257690f5a0c7bed43b3a220c415252ecc93e	True
0x878315e005ff957f6c1961b8bd2d8241bc647b04	True
0x0a8e5b7d2d706638f13f1c718dd38584d3fcc1a2	True
0x25063736816f076d92b76ac91e690aac41dab1fa	True
0x5e2a74007ce8236721f6b35775ffc7c1cb278a19	True
0xe584a5ec1a7c156bf9545f91a4aebdd900bd5f2c	True
0x16c150549e2848a022fb51b3ecf28c502daf6277	True
0x0c9ba704aaf81336c592456ca0c9c7e90946a625	True
0x2c3568f8ffa208448103be3819cdc81dad62c29e	True
0xf865dfa2d4b5683ff79112441a3932faa3aa5e58	True
0xd8b512e9fdecc81672c040953b2689e596b5e98f	True
0x758eb6580e30abffd0b00d608fff2c0ac0107c07	True
0x74261113f8fba888cf3221dec640346b2d8f124a	True
0x2ca4d989392c027622e7d55b413d9c36840326dd	True
0x698e36d63b3c5cdf50eda55895e310441685679f	True
0x3e476675a1fdca919ce2eeaf16b82fb7e72d3be7	True
0x864b8cca9e3e7e135c1d45b7195cde5259eae7fb	True
0x45511717dffbef5d97d59696adc239fa92c2b57e	True
0x8173c762212b50742f761816cad28bf584faeeed	True
0xe16da3993b2f4df3798567a880ee998ec5775871	True
0x52cdbe190063a7b59f9c495f9d370170fa2837e0	True
0x184b6815eb9bffd1da249b9167bc2f7e9dc83a44	True
0x48ca90741020a594dd1c101802c9e0365d1cbbc1	True
0x0b82e3c7f1e1d7483f868a88f5104dc088cb4218	True
0x234755986395abc73353d25068eb24626e34e1af	True
0xd89164a3d2a0edd7a9fd7bc79aef37894b43a874	True
0xb891fe856cb2163412c8652f1b574723c303571f	True
0x18a19a18e968fde9b295d33e081b6c7903e1da58	True
0x01eb54dde43c578c6be4d3b7d6d8882ba3fc4183	True
0xafac4619b145e7b4ccceb1dfbbd516f793a111f2	True
0x946b20e996cb7d7033ddb12e47c54d9885903c71	True
0xd153126d0cc8067eb1d8a6d58fc7d2a5a75f1e3b	True
0x6baff200ef192b3135828b7fe1349f7ca41e4e35	True
0xa5c85d724e8bc3fc502a419248da9975f5920a03	True
0x7717a07775b25e24f0c443ea673f2566c14a521c	True
0x0be7ddaef159c94f33d083e79b8ed96143b6b7b7	True
0x2f4f6ad912de598502a6a5a16dd85d62ec71b498	True
0xdb940c25abedf62ea797a80f4a06fc66cd86c831	True
0x20c1d99f589672557c53a7cc88f509dcd6c59a6f	True
0xc4ba023ac860f742fd29426ba155895e2c8dd9b8	True
0x5b74e1f4dc978bcdc22e2fea4a1e8d47f2ae4178	True
0x05f6e2346e1fee2d77600ca3fe7e33d78d3c9167	True
0xebd37e565b6fe9f128f5318a73af437122ae16bc	True
0x88d2e041419e78d3459bed77ff5d5a2bab6f6924	True
0x2f611f1f3c663b327e2a900caa582eb4a669e67f	True
0xd67a9ef9c2eca91624043ad4576fe8a62751fffe	True
0xdb0214db39d4182b43ac75dadbb4fd8a019ebd51	True
0x8d473e05e1f5260e2483ec6c2c449efde6a51473	True
0x9fb648b677118d283d899770622712a009bb2921	True
0x0ab351101d507ab70ea0910569dc18cd0d7afafa	True
0x16ddee69b4458498b7a2ef67ee07d599182dbfb7	True
0x610784a02abd22aa100d5e717da3ace3be8f9922	True
0x527c5ab69aa7427f977b917c835b2b7d6b360814	True
0x052b061695b8dbc6edfcf3aceaa6ab754fecdc89	True
0x626ed72d8a851e80be7b21b5d9bfa31f6cea7708	True
0x2e25597e62bfeefa99fba5658bb8817f3d4afcfa	True
0x4ba0be4d8d83b5ca9935d0e0284f707e8f2dd6d1	True
0xd259a9245e568c56dbb8132aab7bee37965a7a08	True
0x84e47fecc5d1af3f97e17cdb3025548321d4d976	True
0x78edbe1250f5a10bbbd1603dc46d4d6d4b4f623e	True
0x84ef5ea64bfd2014c5591748b8f130dd6d7703d5	True
0xcc86227d56dbacfb449d5ca863a11cf5a5a1718a	True
0x4defa43c39cd38a1ae0a5a76da322ee7fa9b5f6d	True
0x5eba44b5dbb1aa1cdb5213d04d2ccdb035f2ac54	True
0x0f173f8eafcb1070d8f763706978a05f25b23cc3	True
0x77f278961ac1ea804ee70be8fc30dd2697f720ce	True
0xc1f045447326f3327ad505f399ce086e987dd52a	True
0xe0c7768d62f632a58a425acca5c14e2d9d8daa01	True
0x36fc88689072ee6b15ee5df4b57ed0240f5b54d7	True
0x40a6d16ef147360d1c8e23428dc1b11c36ae29ba	True
0x86a80dfaa051de8112978733d6e18e9cfb5bb4a9	True
0xff044c1c6730d82ceab6c99a91d70d85e952037d	True
0x5c6131f5ea24a86bee259ec0f8c571ce72ac6490	True
0x7af5979120db27b74f887ff7a1bba6f4d6c220d2	True
0xa737709c54f536d9eb6de3f433ec627afb509b64	True
0x1ea8db24e50b3ca985b106a1c6652cff79a4087c	True
0xd3191f4828c22f2d596d7bd9be39d1edc8ecad7d	True
0xb1e0edd7c443c050254e1184daa4bdc38a70e853	False
0xb39a2910ddadd60c9d402a2dfe91d447dc0f0464	True
0x3f757efc390e27ca447472cdb7f28461835bb34d	True
0x8ae03084b8465fc7c66b36289b76d56947946214	True
0xe033a5e4e371463a439145e83eea1255c9ce4e15	True
0x1f9a09b65dfa6333b1a7c60abea0417a4b260eb1	True
0xe3e01f4300549211612d51614448f9d9a5df3a39	True
0x6ee8ce83b9850def3b6b90c47ef5134c7bac8747	True
0x7ddc99fdae223406822812a7635ac93d9800e010	True
0x411df03afcf4c61286e8c32373841a079b23aa7c	True
0xac349cf66bb0e9bda8b3521dd648c30442f3fad9	True
0x0d5d46382b9fbb50cc12d9a783b132ccfa6e7a0d	True
0x168c2458ac442ca5964edaeecc0343897037fa8d	True
0x569d8ce79568f5d35cec67228cc1ec04aff026e2	True
0xbf40eb793ec3f51566a4bec520353bf898b39cba	True
0x89afdbf071050a67cfdc28b2ccb4277eef598f37	True
0xe3e8552bc0e4ab090b2cc8c965497796d3df90af	True
0xbaee067711f7c3d8c70457440860b58560be17f2	True
0x5bfc302da549725d228933ce2e048103dd9a9628	True
0xae05750740ab2ecb8261ee139ac93a8097b9b192	True
0x243b34ebbc9ae18b3975b059c68f197a8db579fd	True
0x886cd39dc67273865f9ba9fe8fce7989800aa0dc	True
0x5b6a217e3e13a4a2c64754ba120c8b4b296c5f9a	True
0x4e8ece7c7c767944f9e98224c218e54fd4d4dd24	True
0x1379367be873b2fda419ba849e3dde8fd9ee4c0b	True
0xbf84fb00eadc65c1e4ac303161452b0ce8393603	True
0xd288c67fc78d549e8c04c4357136cce2f14b6d24	True
0xe62540f55a75b75909a0cfb3e33bc294b1804331	True
0x776116c2f647e1f6e5475d1d8a29ad84335c4131	True
0x732bca17d0bf3b8dce56aaf3942d2af4deccc3a4	True
0x8a5d6bfa7d25022f23b604ffa28d5da8fd992be9	True
0x7ed6579df9ee0c53755e5c0529277a47e50d58a3	True
0x22971ce365edddaf6816082e472ded08b7a40fae	True
0x01362ee055877dfba44a217e874c359a8e6e846d	True
0xef5e0b6d3adf3c238458267d62cd450c26432de4	True
0xbd38995e41287ebd91b62004e7f906d6c1e96cbd	True
0x396d6b8a6f0d0d3a2c5adfa3a5d39a80ab7b824b	False
0x8efd4a3dfed6d57db0f6c108e66d3f3f13c42fe2	True
0x9c4d8f83438823292c6f107423ece3223df19f50	True
0xfdd0c627a2a645bcc86a425455d2d35fb3a2ca83	True
0x8cc7211d9594e0e11c76f721a503f1fcddcc75a4	False
0x958459771d07a9f268714be3761038e48528fffd	True
0x251c5c12811ff5092f99aff7efb22bd205ed2f64	True
0xfcb9827dc9583336e1c101e5d8cc060df81b6ab4	True
0xb803c5215d4afc21e0a75afc7b79cff6793ae080	True
0xc9f90dd4abd95c0ba29c22bc9db4d050590a6fd4	True
0x15a6ff0a5e1c273f519c96df46c4dec7fbcf713a	True
0x96049a1bc22ce520f28afe8d44eef5f1cf68ae2f	True
0x656e3c4183fa68a0f303e2f613c56d2b98f18d25	True
0x96fcfd4e93114c0fbcb2fe42e89dd314ae84f098	True
0x3e8b5b29b161ce7f82d73dc8fa135d78f7dcbe35	True
0x35459fd8c02427f26e44b74d962a31cfcbda5c1f	True
0x98520d10c7179d8f32485463edeeb3fefeb5a72b	True
0xebc86c7a4e00bbbcb021f6477f16cdad1b036a72	True
0xd98316369669c4ba7621321ea61355e5d46c23ac	True
0x701a04cc5aede12f9daf859048b22081a046483d	True
0xd3898eb2b30d783e61c13a5bf17246ae751bdec4	True
0x778e69eea6d100a5d20fb88fa818c52000e4d1ed	True
0xc7e157214575cf39f774df78cb14a86487e05b1e	True
0x5c00fd1d431327829295dae67426faec833639fc	True
0x16047a12ae8ac6e7126ef7b86f03df6acfc2b8e7	True
0xe49024a1298976b3ca4d95344453887242f45980	True
0x2ef04814fb01bce56c6216704f5ef77bf2730eb0	True
0xbc81bfa40b03768cb69ac11fc3b3bc37d0ceafaa	True
0x1c74d9526d28e245382892d2ed6320c9a804f87f	True
0xc5155057dc27308378da124d2c9a93ec3d92b080	True
0x93fef8847c123c8148e9b474fef2fdd691611660	True
0xd7bf9b6e97c65790804b2c5ac470b35b91845d52	True
0x5ffc6f0c113e32189fa6baa3f5e7a37a69e2cec0	True
0xe54cb7862eb6ac3d9f9ea6c4e2e9d767ebc9d75a	True
0xe8f8d4f38b04955a66edeb6e7ab4b75d5f86f955	True
0x66dfc47ecf61f952851edbfeef4cb6919267a0e4	False
0x29f1ce9c86737e3e15c692e6d62ff8dc1988c37e	False
0xc9693a98fd9e9b8d9bf1e8704a487f0d77303a6d	True
0x594d7ca1f08ba04f826272a1f7e84ce10d2c3011	True
0xdf2e37b972784f6c6ae1f62fae0c5afab068cc96	True
0x50c542b00d5c9919aa42c9e48184a2d795100753	True
0x1a2764356a7b708301e5364d189c7a6683710c5d	True
0xb8b01e580a44e3f7cb806218526569436140eeef	True
0xbda02d8e9714cc70ecd1f34325fa0e8fa6d08e34	True
0xfe51fef2b229d8e6dd4d57aac11204df2f43f9bb	True
0x7bff5b45896acfde7fa43a550aa89e2561df325c	True
0x8451bd5e0ca8a5632da2f483f58af38c6b15d3a4	True
0x9cb867ce7b71a9a8a8505076b8b2e66bbd73030d	True
0xb1bc4591eefbfa5371935c7f6f5de941d1ec6fba	True
0xc3fe1f1afd3bb926697d9e1e14d63841423bca5f	True
0xe12d414a968c792db71008450d05d01f4b4a197c	True
0xb86fd4178b4b26782175025384ad54610d3fdbe0	True
0xd160b12cae35aea26c196bb65bbca6cb1dbf79a9	True
0xbce61675c4700c1aaa32e195881176b4b7510fbf	True
0x639e8a8263e927c1819f5fdcc70d5eb0594e5000	True
0xe3712c36142948f5c3731dec75b1c1c4ed4525d3	True
0x6368eb167b795f25d20bf8499de15e7850436f3e	True
0xd506bd0a2b96cb18dc1fa2ee39595bf6d2c9a0a4	True
0x8db307844b102f441390ee1ba777df91cb8c0425	True
0x11f7c632bc6d5339aedd75edeaa1d62012cc9540	True
0xb453704475b41002bdc624c305149d89dfc303d3	True
0x5d5111f1e62060b61eef047021a01f3d343c544a	True
0x074cebbaa226d015de32fa7bc663ca877840cc22	True
0x43131f4823868bf8db77e1f625d2541263bf95eb	True
0xa03cc954a8bc070644fa5470c43a77ad72d22020	True
0xd2cc4423c183142aa611b27ee6dc67ff9cbc3171	True
0x05fd518b32d6be4d8de1160a62ace776884dcff2	True
0x96de3d16a4c7267339966cd57ec2e264a6cbf04e	True
0x728db1a775746a505b9944c3f8196874c0f64fee	True
0x11273ca9d5bbcbd05cc58e838176f03e81931efb	True
0x3f6413adb0981e4679578fd084eb305acc9df12b	True
0x395d75704cf96b0a101f7b4f3ed7857966a1ed56	True
0x1efc83d41b0d097df983411e82133654f6e41ad6	True
0x0b19dbab7255358ced5ff9b13eb9231e41abc8c6	True
0x2d871f538a49dc5dd6dc4bd0c2845cef3d90f555	True
0x7b94506bda1a7bcda3e2647652cea998669c3ce8	True
0xa2035c82a706db3023c1316c2c09da8aced164e1	True
0xfe493fec6f91ebe285efb16dc45bb123c9290317	True
0xf8aeda2a4a4816ca146ad26c2725d755f76a3eb9	True
0x5842639494c0f3b03d515d94f111c3385f97ccf8	True
0x9822bf7320ef76a13df9c94af2d072c99181af0c	True
0x4b1ffd15355844ef495d1625209bcb10c1f1c36a	True
0x94a4f2dd8df55117d45f40db52357df40aa76e2e	True
0xbe02b4777e5f9e9ca2139cf9b75d5cd9558b9127	True
0x238bdf32eda26913a7d53a0d29c6eeeeba3bbded	True
0xc4c2f6ab52a63cd50854ed1f7ac7b5c4065b9ca3	True
0xfaea69e33354292ccc0b8fd488142dd64208aadb	True
0x69a0093e703fac26495dbf41e6888c7a5e92296e	True
0xc7dd5241c59d8cf030c1557953d5169f8ba5731c	True
0x40737609075f123cde309b5e0bd5de00e8cfaef7	True
0x9ab62d79350c9c9983015ca982ab8cacf4e940cd	True
0xd511c10baf0a4d3ef3265bfb90817017608749e7	True
0xb2a3ffe4e7a406c1d251b5b889109c57edaee03e	True
0xa6c92a16650fe8044b2ea0f8db22b15582839460	True
0x1a3bcf1058765146a5462e41541350bd217199b6	True
0xc6a25c1e5750dc996d0ff6c134e4d68bc5c5764a	True
0xcea24c7b431db4c09671ada62d640115635591ff	True
0x82d638e1eb60e73fa93ca5ca1599664a39c1b2f6	True
0x61e21cfe6f3c119bb063c7809e843f720cd15467	True
0x49b145dfdb687916931ac17d3a941c1d299dc627	True
0x606b43e177b891c41eeefeca6c3f24e4f6c3aa1e	True
0x63dd2e7accc20b450a3948ea0aa7bec6649b2efd	True
0xfd6e9d166e291e75e098c2b31058ac8403e02ab9	True
0x7f5dac22282c0ac95a5340ba1a2acf76054e263c	True
0x1634f506ad146b8952d79e3ae3ebdd5a2ffc161f	True
0x506f1f742e31d4c6f8e1dec035c7716b5ec926e4	True
0x65351492b44f93824f4a1ce430fad28668827581	True
0x3d83426caaec6393a02caf07f63ef8c045e95882	True
0x6f53cc6d632d8ecb9ae3c584c58a8bbfc80af023	True
0x986400cc1bb8fde7b5282aa68b5d1d8a5f09f9cd	True
0xe8bc173ebf0a87053bb8cffcf0211a31d79752ef	True
0xefba33645e0afca87768ece8f353cba47186f0a7	True
0x2696c44fb924ed639adca8dce3282cbfdc294503	True
0x21668a421b4d55bad7dee7999c2176e8dde3201d	True
0x8ffee0471ed1e47d3fb3761e4f37cbfb2d550196	True
0x67cbaaf73c6ab730ef668d65c5654935cf39515c	True
0x8908402ec10fc8dfdd29f45626011f182b596dc2	True
0x6c25e9bbeea6315adde4123e1ba6685c9de47f48	True
0x2c0889245d5cf19fe63c12d49fd83737ebdc82b3	True
0x0b0d1f40fb0a2f92f1cd23cf04c46c95619ea72b	True
0xaacb25b2f4424f4516624750f4498110212f3b58	True
0xbc902a4b22d529853d89e399fefc58daa2a1d4e6	True
0x94433ec311620526fb33668e04fedfa3212398c4	True
0x89f3fef9e7723d10292852e01f114e06898b89a9	True
0x4c3b665b42ffd2688b3f2c7e14813c413f81d1be	True
0x83e49d6c25f0f94bdae3ff39828d296dbec9fc5a	True
0x5c7f488cd5ae7d99762364ae5a0e4c49b6092004	True
0x3a8329d4584e20e3ce7fc96e258d5dd57d3a0487	True
0xfe0147bf5536c0e70c4b573dbe3cf425a174ee74	True
0xd89157d8dedb004e31af83fcf9f09311b3a6fafb	True
0x5fbb34e991db0b75d4851f8461b0409d8024a741	True
0x5dca1714ffafa864c3eaf8423eba597085535a33	True
0xd12bf080df91c5c2df9ffd1aa5c4df7729b6337d	True
0x1357fe8116631fc8cf32e74958bca2b029237262	True
0x33bf1db56d7d610159d78b46af1b9c2d56ebbce2	True
0xed2652969c82e635a2a67bd10a1ac6d55ada53ea	True
0xcc50f5048c5bda66583d64f433e42fbc89a2dd72	True
0x92d2689189b609689b329a2511d5dcb9eeaab7b3	True
0x0ba0b8d05479d793ed47da5ac62ea640edd1578a	True
0x7284649fca74412c122f3cd03209ba594de390e0	True
0xa9a256e0749f52bf340c70562c13bbc0bebd7eee	True
0xfec7d9e82d942ea20a6cea8f34c1d61a497bf5ca	True
0xf1730389ebc7c8e1f86f85b870395b678c8223eb	True
0xe11659de9e54e2645d4e7639c44b47acc500bfe8	True
0x676f23b7832396ceadbb6fa0ce9e369bc8321930	True
0xeff0619b00b83f127005d8e0a91dd72879dc0706	True
0xd9eb5b426e192a25959b1625f559396446e427a3	True
0x95430a7fc377def9b54c7618dc0c9230d7b10d4e	True
0x478c99ca219634b81a76049293f3408a9a45d521	True
0xe6730f208a677b117c85bd3da736bac15ee4ab81	True
0x78d26ea464e4d7d3a79eaaf0a50b735b5c7366f2	True
0xc67ca8dbf69ac8feea878d9a6a083e17af434418	True
0xbb9c54822cc87455ab55c4b50d75002a02c0641f	True
0x8b0b960d74cca84b3e1c526415d7569ec005375a	True
0xdf0f45d9c02eb2bf84171955f1ecd6ec6e9f91d5	True
0xf4959e96eb4ea2b994bbf512a0594ab36ac4b19b	True
0x1db2983226697d4cdc81c53b8fd3b20186ce46c7	True
0x4652d9dbc2ef1288e6442d0523dd44a058685a57	True
0x7a01718fdc738dce1edc74e5a246934363d5c0f3	True
0x07338f77bdd9fbbec3268403478f58c9179a1514	True
0xf6ca90dfee88eeda9d187753c0f0053a1651cdb0	True
0x1133124dff8eee18da5658f2f02022fdb18895a4	True
0x9ed6c23c89ad165b91af67799c4a7cce87adc800	True
0x09ecf67b4978e87befce7aa4235fda64e36f3daa	True
0x072da89cd98eae49932dd03c1945811cbc0ec59c	True
0xc4e8c698ce1c6b09febdf640fb87184e23ec7b0b	True
0x0f7fbadea0665c67a49a589fd1d86b1c2cf818f5	True
0x9f75e6f02f933c1c52cb4bfb3a539572ce0a9b22	True
0x5f0a7a53d14534bb50a3c34a9ac840dc6552b44e	True
0x3690da2b6933d2accea381331a424d05b6894254	True
0x579473aa84780fb4b097f59aa2b0c8664bf032e2	True
0xada39ec2c87a1be87d4a84e34a3318b238fa59ee	True
0x082e570dbe1e832c0aa98256ce230ca8a181ab02	True
0x75215b2b5887dbd1169cd6895cc4f59ac9d9ab4c	True
0x7641127f218e4204968bb565a111a7a31331eda2	True
0x5f68c84a383ec4933f70c5fa179216952532d81a	True
0x1d6a8cd998f0e2b3de9727443a8beb4d21860d15	True
0x5f3bd1251d6594aa30228ea81ffb4ba521cecbd5	True
0xa17481e6e9bf9ffb5a2c02ac448cf1d5efb74d0c	True
0x32b2c8bf702aee8f3ce84fc254f56f7cd089cf26	True
0x321666d129886291ea31ef9cdce606393037ee6a	True
0x82a6450ea59dd02e6646803c5f3a00f4580cae26	True
0x1f640773febd0b46422644f8964a937a88e609c5	True
0x587cf50d2c6514d5866e82152b70857d735b05e0	True
0xe197a736d9aeb01acd6f7157a73b2c08ab04093d	True
0x6ee3cc03767514945a75e7ac7398bb89c41a6d5d	True
0xdcb0e5a9bf266ec85ce81bc1989bf95603baa47e	True
0x1935b28adccf35b84a2796e1b8bdc1c57b4c8507	True
0xbd60107f317670b349915c47a3356fb657c82b32	True
0x0996735cf7d68f4b7824738f6251d095721618e9	True
0x5ede442aedc9b696ccdb7a9132c318f38d7801b3	True
0x9965d735fd79de0f102444d61c24caeb4e6219e6	True
0xea042a2f5f33dce61721c6d166712e52c2806946	True
0x05d4514f859d1d17db9d3840196f46df1d0a5e67	True
0x9ed906a9e844ef44f7f8162a8e63d6f13127f4e3	True
0x6b14f1e8db3e1eebd7efb1d63ef6c32db139ca14	True
0x2daaaf895c526e6ef8a32d9a8063f177c6c8a608	True
0xf97583fd0b56ceaf78d48ad1a1674febd01f0bd0	True
0x6f8b26d7e602c55c0aae8c609d7545c3321f52ae	True
0x4a058c78ea190d852eaad4c5f8001c95dd177967	True
0x17e6abef1038d82091bd043f59f56cdd9ce4701e	True
0x834c559549f6121fb28cc87ebb75bf1ecfc70c73	True
0x244bb0e3f9d521ba107fc8a735cb7beb2727e263	True
0xe673ddf720edbfb220583beb4963f59ccfb1d918	True
0xdbfb876816083ac6e178c2f2b70888d46c46b1bc	True
0x0587fdde749d702e00265cc390469f9d83bdaa7c	True
0x33d80ee334b8aae7bd5a370cc8e0215b07d41de4	True
0x5d3b82bc517fa4d9fa1e205e232a98f2c198acaa	True
0x5214e1b837c01dd4c65a0e0e9e8cce1fdfd8b174	True
0xfd0917210124b633a467296bd93e3555eb1e473d	True
0x0bdcc19ba64505f5c98cf41d918d00a28b6730e1	True
0xcf01b6d70a9e3b2f00b3ef24266aa3c9ead4ce87	True
0x69a7a3ea26bc9020b83ed8627470543322abaf94	True
0x64c3ac9c280c540b0ade6dfefe1212de626f699d	True
0xff6f145e459add4a18efb96c9d793ef5a04895a4	True
0x2b615b083175868cfc9e3c0beee2f909d41c49b2	True
0xcaa35e55e5be0f68f918328136b78702f0d23603	True
0xde8347ffcfb88df0144739b31bb9ac748a10569c	True
0x15f6f28f55aa3fc2fbc5c099649d915b20d67135	True
0x1e107c8cc7edb3053001b14026fc24f8d0d15523	True
0x03b9670e4e3d0e17b1c7479be5cfeb8e0c2a569b	True
0x8cff669335e3dbe8094d542fdf579abfa9ce3350	True
0x0198cce553fcd62a43334e59323209b30f90d704	True
0xe24d3770f59dc9d5c979025fb58695f241f34841	True
0xd8441ff3663eacc769aa7114fff9950b03c59921	True
0x9e2b5cd6251b800ae5b2211d5278496ed8b8dcf8	True
0xcae30239db95e6911676f84b25e0d8dd9bf0254a	True
0x9e8647a3c7900679f8c9d5e3811a8f02def2bc4d	True
0xe9d87b51e6ae1bc3f210e50b1b63c8255611b45b	True
0x705761258e8e4ab810fd2016b3e3ccb0ef93b0ed	True
0x8d269663b36f678bd44bedca31b4acfea77c6a32	True
0x5afd274732e7fb225742213608ddeeceff9207ef	True
0xd33d01bfe90ecaae403e56f9fa2f290ee4688443	True
0x8451ef52c0af3cf1b3b74f5c145a5d9979fc0bc0	True
0xaa807d08e75483414b5a79c9c6423b51ba871a93	True
0xc54225ddf20895ead6c570cd2d92b8c6c6fb58f1	True
0xa51d4e420a68e86849f32022b169cb72372ce899	True
0xd1c031a61124b0111750b986de6c1b1f6f1116bf	True
0x58f9fc18f4695c20f401ec1811dda56788cf5413	True
0x902598c762a4bf2a29006037db0687d3ffdf0584	True
0x319bf65b4e6743b78feaf6a4e05261a5ab270bca	True
0x4e49ddcc57ab39a579d7f521828de371edabdfc4	True
0x3c1db73a53fd06ad32af06a3daa0a36ae05a9295	True
0xd4824c9d633027b220031867554f59b85558b141	True
0x3c65c6f7b0e2e0577cb4450c6f0ef048c0654c07	True
0x410aea1dea74027297e445ea08a8cf3c531dec05	True
0xd63dfcc2413419853185df0478ccdd5c9f5cd6fa	True
0x908e3b2c68d3d88a9da39c84ca80642318eca86a	True
0xc385184ebcac58033ca60e06d50eb33cda272b60	True
0x2be372631e2495419d445ccbdabb25cc5725c127	True
0x388b9a53e0c2abecbb4c5c9643e19926c4166c49	True
0xcb90015e70ed5df1c75167d25137e7bba745f7a1	True
0x4800fe797b274e210fa0da0a35bdab73f7f8fcba	True
0x718e3a44dda2565221d5bbddfde660db3bdb9302	True
0xbc0c4734c07558d6d0fd3899a0790fea5a113b19	True
0x5c554d83755019d16ed7d4882a62017100e3fe52	True
0xf49a758781681d199a44681d855e0eb438ba112d	True
0x6e4e534bf33883366f36e91caccc795d50b07324	True
0x560e0adb2f4816690bfa8e59d5e26a64aafea272	True
0xc64bdb1bfc3690b216d9e8a13467de652da7a979	True
0x2020a8d688713e9eebbe54c864ee496636a27c72	True
0x7045a5ed85adb1d993c127fe30ed7dc4c7c9c095	True
0x09b2d0cbe900bc65f2748da8353c809eb249c09d	True
0xaebf938d329b60cd3d7004dbe548879fc6657bbf	True
0x1af1408af3c7dc98dca03220abc59db37f67a6a0	True
0x9f0d376883cb32b4203fc1656018ecb42cd2f641	True
0x1175d9287396069c21c11cd65b9567cdd368561e	True
0xf255f28e49250261de436e4d58b0d6e42adf19a4	True
0x869f0c08ace2b0bc3d2aac8210d81d2b3e0caef9	True
0x51fbe52bf19a4565cd4fb47c84a8d7d7492c5e89	True
0x645c5e75b1b36e00be9ab3ecb158ef277779a36c	True
0x91ca88f74f2fccad6248505b7b8988de2a7a112e	True
0x004cca90b8ccbb906ed30224f433b0c349319b86	True
0x8c592246c521c6358989745ff1f964a6ecfcecfd	True
0x610bb46021823bc532c41746be88fd307efba795	True
0xf4d4057880fbe8bdf311c63bf742b4f7e254b4c6	True
0x14a70f2bf23c60d0977171c37f1606e3aa5624ac	True
0xe5ee320f1367b11498ad2fce7e7032c5e3e29258	True
0xda1f8c0559fe82beded4e2cb64d25732b0cc87cd	True
0x702b2ad8bd5e4eb2040e7e142981d78fb92049ac	True
0xb40882c27617c0be2f89cea9bc5eddfe68253544	True
0xd4400670bbc09f5f93d11d1ef6b086c02f163430	True
0x38d4b22f97ab58508921c2c1d364117d8166d0fb	True
0xe8c66550d58a77c6ab951d1d256f82694180d97f	True
0xa16da1e01006e9c848868df04d9cfd2fa1e759cf	True
0xd14cd53f6e195a7b45e555dcf2ac0cbad0c15a3f	True
0x2d16c4b9b4229810dbda5cbcfa6f1c6e2c35741d	True
0x394e50092f96c523f9a9332ce3b70ee117798495	True
0xba61f8035473c4916153c21fc8dcbbebea228753	True
0x63c688b91677a2c19af19b45737dd576cee6a3b1	True
0x568e745a208b63cc2465f770e010562bdba79b59	True
0x2931803531d32905f668e9566305d86b2af4cce9	True
0x93452870615e571cabdab146687f88525a430aa8	True
0x664bd076929785e01b16bdefa73d71fd47cd7549	True
0xa39c0e0a88a41489697fbf3ac99793fe4cbc4486	True
0xf7bdabd698861591c3749bf454f55f6bc70c6b7a	True
0xc0b5ecec75be9c3885ece7eb5d7b44fb99570560	True
0xa81185aa19083272f7892bb2f7e6903e6de69af5	True
0x7619b0dfa533a98e7a96aa8b2b37ae465e53d32c	True
0x8160a5ec390bb6ec6a998639076302d9a162f8bf	True
0xd2a44d4b51d08bc5fe841cb49ca51b98696a75d6	True
0x8c07ab1220f68ec386cde1f66342d3a367cfbd15	True
0xfd3a98ede35af5734f1a4ac9b73c6704756074ef	True
0x96db9b2e010d0a2cb3296a4224d71c78b89b199d	True
0x45b2c8076c5cc9e743d4142c3109f64e1e2de444	True
0x323aa32be8dd6addc98d9c64bf56d27cad48b7a0	True
0x064a3d66d2a35ede7ed2b1174022c07161847c6b	True
0xd889f44cd39d292ed660bd7b3a80f48b0257f197	True
0x7b26321f9579d04e12fcd20d309bb043c34b89c9	True
0xb3db10b7a840c3768c07bd8de7288a609661ee14	True
0x606ca444b711bc29a4c6f192e181075250ce1ed6	True
0xf2ba6f19aa3ec44d2233270cc14243d8ba8d5d98	True
0x233b96dbdeab4a3426c022032248f60176f0019e	True
0x7293f1f7b60a72c39fa3eb28cfa72997c51a2ef5	True
0x2d5e19451ecbd73d439ce921133408298b502b31	True
0xcb0892d3493c7701e571e1fc61aca42b18adc684	True
0x1920aa802276c447b2d2a80a3cbc60fea643bfc1	True
0x4c8a4020706289686d7c8400c3a603a46de7a98e	True
0x8f857cc556cec0f839982f5dd39752763cceddc1	True
0xc847a5727229ea683b715ad7e08f61261625ef28	True
0x7326f324d193560c557ac03c1ea5a9baecaede7c	True
0x5d3ca545af60e48e535e97618cba11cef0eb0ea3	True
0x1a89012abd1da137990e83247ce28d98342138b4	True
0xd31dfc6b2d8924300220feb70431128cecddbfd2	True
0x9a452cd856598b0415d40ef60f0235e2731e2831	True
0xfe2ce2d4532857c10545396d86614d43c641ff13	True
0x645dcebf73fc2e3cc2b986fc928bff8910bbad30	True
0x6d883495cfd5cd65180fb0a7f0e7b879c73edb1d	True
0x8748f69f2e73825e367d83490c4667c0bf3be9dd	True
0x69421efc3a9f6b6a2a2785535bcd2c22dcf7e83f	True
0xeded784e59101f66f5fd9c659922f10ea424043b	True
0x0f265472b6f7ab3f69a186368182b7583e2304e4	True
0x9499bdab828fa1b04332d8cc7e77e2ab4cc6f59e	True
0x25fd6bc84d00952136467c5e71a2147cafa5fdcf	True
0x30ab898d1183e636a8e61bdc467dc9afe0a0a742	True
0x570b325ad2f97d63d514929713a819434bd4bd1a	True
0x5159aab963edbf3782d964f79e3206b90d575c16	True
0xeac6c813cdc45c7009951e621ae056017efaf5bc	True
0xe6d81e5854359a6a81b73c063ea7e0e9b2d9e497	True
0xf960502774c2baf87f70ed7a835609adf46d0bca	True
0xe58354b4749c65c812280650b40cdc1dc3685701	True
0x4b6f6431752df0db3cddcaf2b53874b86541d1d4	True
0x29196fd91268d95890b2c1e475f33ad37f691b1a	True
0x842de1ef661b8cb3b388301720530172b5e8eb99	True
0xeb18b4f1c7b655d90062cf5a281bbdfc413c0d44	True
0xb222113eb31d21947369529e246dca876f6276eb	True
0xb469ee0d4b4431fbb4ff82c9ed6af34130f671a1	True
0x9fea5c04d567a1f6d170b84cf6233f8812b2dfd8	True
0x91c3b705ab795f14769bbc7f70847d2e636b6cf9	True
0xeb970e80e4cedff7bb2d28872dee83a018f8d1e2	True
0xd6559820e9ea3efea2adb6e296a5287df69fc26f	True
0xac10edc40f0ed53a9fd87ee0fdf86ab019e22f34	True
0x835fdfd92f0909c6e8742d194ea46822db6a1c45	True
0xa1a8de87fc7c80ab25bf674a900d0f2f6c928a2b	True
0xe0d06271611dd844bb1408ad00f4ac46e2d0ede1	True
0x136774db3fee762c0f701d83d51442a32bd3b8b5	True
0x4efe4a76997c7ce0d8df4c79d10bf90461307f15	True
0x470acc1b1831f141f4344dae03d21c94cb3194a5	True
0xbb0d83d0262858a09012d331edc72249c8b5ab24	True
0x4c64da8951bd2efb5fcede65de1501e1cdcb048a	True
0x78bbc264fda27a81b15c4a8e5beb09fd9c8b3f9c	True
0xfa8a747924c2a4260f0d1e7124cfa0299d31de08	True
0xef0fa5df3e350e0c282efa3432d455d11443a28e	True
0xe5976639d39847a72da2a81eb6ed263dd3d31154	True
0xf45b7e2a8160bd56742a014b07b85aae3a2fa30b	True
0x58f31dc063bae1bca2086ecf40d2b69d578daec2	True
0xd9f1920be399dd44659a297773a664646f86fe99	True
0xca7e7586a0c6541df1c316f3fac7eb8f288355f7	True
0x2e464f9a1966ae3e40ce4d211005343ea1f8cf39	True
0x9f0464d5665f6c882e49fe61c91868070548be60	True
0x17e2c2e12107e2685f1150ed17bb0ea484e1a019	True
0xf46e41c09a302618e1bcff0eab2e6f0d6ca5c9e6	True
0x4967dadbceffb76ef393dc3f8bab167f685dd545	True
0x97e325ffea2e095831c3b21a6a58879845c597b2	True
0xdaada2218d9de94828742c0cc757208a2db1d07e	True
0xac0eb3955a883eb24fe25584b321f89d30c65200	True
0x9d9cc51dd30f98c033460bafdd0857d824241f99	True
0xbe0a2919a7b262faf60b8c5cb3902a97bc23acaa	True
0x40e66a1603de4abe904514baf8aa40531441e7d6	True
0x64e7d8e81cad156eb7092fcf0cbbcc2feaa58763	True
0x614a1d779cb8675ccb253ead3e66fcb6b484c18f	True
0x4a7c24b7df7ac0872c92cedc469406a54cab26b0	True
0x2e5db470d6f4466119f0b465fa875e51416b6307	True
0xe2d9481e20a058a85c4416f9787374283d7c9f35	True
0x3143d5f7bc8bb4135e6aeeb4f26b4170c39dd8e4	True
0x689679b94d20a9fa6323a0104b4a43fed8e32514	True
0x58ce13108b857a69fa408cd6ccc82938ac5ea660	True
0xf227a8ecfaee0628b48fb3d8f5d9a226676390d6	True
0xa1c1891f4b965101a7e1e6c50eb0c5a6fd408eeb	True
0x74d02fdbc7731d246c217371a7dadb198d52291d	True
0x9743bf5d7a3169497410f4abc3d615c4c862c56e	True
0x3c548ec34eb52a6df8b20eab34e2cf901570a0e4	True
0xbf5d31936eab9dfaa6795cf94689111188094840	True
0x426bd627bee5367d6a18e8c53e56f4b4ebb023da	True
0x0181595191676959640b7efba792cbf6a0147469	True
0xf92d9a42c8643d30066f3de0b94e0fbe4f4ebce7	True
0x5af919438d4c6fa64e4ddcceb9ad034c422f898f	True
0x268590caee655adc50587a4a07dd0c493d04f8b0	True
0x5d4c0637c52f692140f717175b66041ae55d9d5a	True
0xab6b2e18aaf36392697233908dbe1e065ffb5e62	True
0x9641811e0ce78c1933aa941b71350ffd089a3106	True
0x457b6a0e5cbf856560cbc0bdc4d525f8d9e8bb46	True
0xff1d1026df13b0ebd5f89cad37f7616e8930fd7b	True
0x9055bf7b62551b69513027372b3398e47fab41a5	True
0x588967dc050e659508177f3b4eedc9d22f07649b	True
0x7fde189ef94d61b81eff78c9d505d7b98ed39565	True
0xa475a4e31e3af3b5fd354feb2db8c0327971e8c6	True
0xd964427198306c5f42790cd23c13c3e3f140763c	True
0xb5da10498b3b1073d64f55e3f93061fea2615686	True
0x985cfa9de5e7595fed4012f9af746f45c21ed556	True
0xfa8b8a956c0dd86f563c37f3e6e71be2b937a2b7	True
0xc9d38494a28faa02950c9c3ae94b79a55bb15a8f	True
0x6d6212219c65c1f3069228b45a06cc967ca4129c	True
0x1713b87c6f50b23ac46bbd803522c3901799b5a6	True
0x1bf982ed5f74c054138ab1b74c943824aa124593	True
0xb259a7fdc6ee7595e76f53fc6f6dc0ee39c3aff5	True
0xaf3bb18c8541468a2063e92a3cf65c18979b2fc7	True
0x099019368a54f08b12766cc1a32ea1519b1308d4	True
0x119aee2401e3458df9c49c2f540c5ab64b09ed10	True
0x31e71fa70e15e7b5dba51792c8fcd1d24b2f7128	True
0x9dc02b21a3f79148a4961e366be3603195c64a57	True
0xfd791a0d24da354f50e3466f5e79378c92882390	True
0x040d7b24822f96c01e9a529a9202609774e535a2	True
0xa07f6f4fb49f78929e348b34e92f6eed8d2af5f8	True
0x66437786db9dcea25cf2e3fad86ec1ae1c9b843e	True
0x1ddb193dff9a5d430340b61f5faa1157f63f8eff	True
0xe7c0d1146554c9c8d86ffacec0d2d290a99ed8cf	True
0x2e448339d5f2c6e691b920aeaaab52562b0f9b74	True
0x79315e3544ec7abb08e841328cf95478ab24d232	True
0xdf2a87d727175e64fb382edd350fbe12449cb8c5	True
0x8c8f7ffb6d8ad30ab79ff83e5736a99cae7e77e3	True
0x7e02985cfe05bd4fed13b44619054564d660c23f	True
0x20a8e94ece34d2223be79de9c346f7db373b2db7	True
0x5fc3566dcff811a652e9e67ec4e13cc45297c181	True
0x77a3c286e63d5825bdb76c1971a4f7b530a6da12	True
0x7fbe9e815c58fd696dc53545a1ec96e403011840	True
0x7be37d1cb5a5eb55f55bdcacc68dbb014b91656f	True
0x56ac8b3915d1c266a95fb979b70e196805448933	True
0x6343a87198f325918e32ad75491cc2ce80995a73	True
0xa47d626bd49163d909a9367345a853ac939571fa	True
0xc51edad289aae79440dd1e03481853215195db4e	True
0x7d0f4b7e45ee06be9491294b5a1d58b745bff6ef	True
0x043c9072244e71bbc767304b99312e224f16b1d3	True
0x116097e64bb10d215bd986361a9b56df9784df9b	True
0x29f0799b5bc9a898893f4e4f5be37a0cd66bfdac	True
0xea666b75d6e9987151eb74421329b4f61a061502	True
0xca7cca74b4c8bd42966e6dd5089b10e98caaaab4	True
0x9aa9d683227f5477e60157f4055849478643a328	True
0x30111213ea0e7f2c771bd8239874504d7b303724	True
0x874de8a022335f0f55ea607aee423380c67bab0f	True
0xfdeeb0323d32f7b08a7186baa6f44248fc6fe752	True
0x7695f3910957edef0f51efc95b7f4b58c6f961c3	True
0x7e41b7ddc7df73e19f8a7fe856108ddcc97749fb	True
0xde183226da8307d1fe03a945b2bd41cf753f8954	True
0x283a2580f6e131700830d85f27b9fbaca00d1294	True
0x0f50cb5b6dde1c8bc7f89ed981454c81b8320375	True
0xc928bc12c0f463d3988cf66836caae064e75f3ea	True
0xee5430e2ff8bfde96c6d17418dbb10b8c0a5becc	True
0x803ff277837a0a6260cee4c7633ebbeab05214a6	True
0x8eb7e22dd374a19665f0051385300fb2715f34e0	True
0x0d17ed6e29441dbe481784360cc238c463b9323e	True
0xb8ebbec49c0284229582ea9674c5b3ac6b90c573	True
0x734dcc8c02a666d6f33ea185126606fc39213201	True
0xa0eca53241eced29ac17d5ed86cf8d660a3e905c	True
0x193f0cec645f1fefd10e8f93312d38f971141162	True
0x1262d6b823d7330a2a04eeaef3e5e485e393f367	True
0x50a8f965793c5f3f37fca29fedac87d6364b5941	True
0x39a6b46ae7dc977a04bf8950021475ca97bd62f5	True
0xf35dfbb038d25eb2ef9c418f1788a44254030980	True
0x7cd0c4ee14f08a94defa3eeabe5597f4b3c7041d	True
0x47256ae6f62f2a7783a51f1e4d441bd1ba39b0b5	True
0xcf17459a593eda66977b5b8718a72a351cbd7fdc	True
0x42f48b443f6db73a793397e8179903840fb3be5d	True
0xef8e5caf24947c1b153f34a7e63602fcc6f43533	True
0xdcf131b4265473dff9cfef689aec209a30a2715b	True
0x835e5ba8eca94b4132cc597a879b48db0c60aa8f	True
0x985f53f5902f3dd1f7701b509d53ee96d27620d8	True
0xedabb047b18aea8b07f180bcce453de3c0c4f9cd	True
0x2c7b3de700c40c05e28cc2eae92e11285590545c	True
0xd15deb993e22ce3d2b674318c0960bc4a114ee9d	True
0x4045fafebaf98ea8153d173408121f4aedb0fcd5	True
0x211c2234d442c5cf481145b3f8b5e58578e14323	True
0xee21e48391587079c27e4f8d31b2bb382c87afc0	True
0x31d5367d40f88ed78611ce8e3cc062f0c5212731	True
0x74123150fcca08aa0269ff2ce2749c123f5251b0	True
0xf0d210c4bcc8fa8ce68ba24990ad2f65e81a0db2	True
0x412b930a8fce28f6eccafe04e3850447f2231e17	True
0x7df256a39adf988f550372bd40121417dc9e2d91	True
0xd5ce4ac848dfb1278fc525afc0f2d8143b157c8e	True
0xbe85e6b71b84ad4a3e3c46360fa7524783986e6f	True
0x1ff942516a9e0f83ca72abc8a9caa7e5903b0360	True
0x9cf6fdc77feff3b7c12c40fac9e3c940cd6eab9d	True
0x32fdb6353b6dd9f246b7f9a65027d19f8d0c9cc5	True
0x080c2a26eb7f2efc3d24989e06a47169146457d4	True
0xd0ab981d88b65eaa75d904ece7c181eb4d87e00a	True
0xe96a72f6ac008b0d93f322620fd36c83cf8c437b	True
0x3c6a239375827e8c58e1c91414f6b39e944844f1	True
0xd86e2effa550d2d350c191aa47e2960aaeef9a54	True
0x275dfd2bc0b3a8897aafbfaa2f640fa7fd734321	True
0xd053b9849ec438baa2a01fcfba0286f9fe310781	True
0xec9bb55741479dbbe2cb0ebdb69523e6fd072403	True
0x31cdd050722721a3ac28d8ee007910c0e8897b17	True
0xaf890ffcb0fd2593f40881dee936b8376809290b	True
0x1a5a0af4487ee605bf7227305b088180946d70b1	True
0x04835cef34b1b6e5fb97bd9f4f809b9eff74ca9b	True
0xcf626f8951b2130c4482068c99c531b26944b796	True
0xd9716d79e6aa7a3301c4b8514408702d488bc1aa	True
0x708c470d33a889a5d935c517b155339ddf76b9b4	True
0xbee5d9a8b0cd12f806be44f7dff4133bf711bbda	True
0x5b1b03ffdd1c14b12cf5418d298d3b1770daf791	True
0xf5691a5897deddf8285bf2716983b9d7c6dd9a7e	True
0x8d92d902eaf950fda10d610e11f2ebc052ab4603	True
0xd9b7db832a013d74728696e8581a1c4eb08443ab	True
0x3d9ee8427f43a1371e59fee6e76d7bdf9274e7f4	True
0x25901a90f31aae823b05c33292b48b8cef93b6c6	True
0x400e51a23d4036c0f05d06e86ca48c0f435c8a7e	True
0x68f9c9c83b76c73e7aa068c9ccde37d03d045a94	True
0x242f658d7a2c2815604fff55c180874c0bd84470	True
0x8a57ba06fc4132bc527acb83b3352c0673c1a038	True
0xfc107d4fdc6b8aff892a18cf32170ed2d434a143	True
0xe4c83f19aec181ff70036e5d9392e9512a3ad748	True
0xc1897ed9d8cbcc7fbb57851def45d4dedb73e2f9	True
0x2e7aa335f81de595de7fdeaef4f9257dc215e116	True
0xd16f98e195c68426e4344431bae25f06570ba047	True
0x8e181feddcce512989e334c20f844535f436e094	True
0x9f571effa203f282186e62a9562ca382123b41bb	True
0x1d6b52cfec2336f535d2c2522f111bcb38c4c6db	True
0x5907fbad845c0956dd5f9ce6005f9d930b37947e	True
0xa5af7394fc3731c4f4714b0f3a702d5fcbae26cf	True
0x4967045188a8f6bb75a9cf7f0608660ff16f5fd7	True
0x699ef89340ef6f02674dce8624b2aab6cb0fcdc9	True
0x64b173bc02e3eb790abfa29dbb1da2483d2c26ed	True
0x4563e053c9490c9374827772a4db86cbf3a4d414	True
0xe6dcc8251599cba0fcab6fe6062df1b278ce30e2	True
0x4c614b69a694e2d7bbd74125fbec58a45a278a50	True
0x6076a8794236708456bf0a63a2cbc639dbcdc4e1	True
0xcf707236a621e698766ee46166c7e6f1fe01f2c7	True
0x0fbcd6f17c9590126c05f0939e385f2352631b9c	True
0x0967e3632465b5a292c4c56cd4e153d1aeec05d0	True
0x4a9af23cd5a7aa8ee84647cc7b35ad6cb3b12a52	True
0x125ad645a091036341d69fd21bf1d06ed477ed18	True
0x5abc5bf2849cc31730d637320ccc9cf9290277fe	True
0xeb048e62e90635efbb49ffd27cafd3ee6412ed1d	True
0x967644bef3c671879f3696b690f5c977c317c77d	True
0x123dbe0cb7be931e22e79f74c6b602d3377dfbc2	True
0x516f8f7a0934bc8988b9ab8478582645eb8b820c	True
0xa7893318ed6d2d54f4953ef2b3a39b707b53f5c3	True
0x247bf1c42365189f87dab5437f5470a7a5114645	True
0x3cbd589fe5ffadb07c82409ea14f5b9cdfb701b3	True
0xe7f1568ed800ac095469b186ff50ca69716999f8	True
0xc555e99330ec1f2a32a1a8a72040b2de4d937a8f	True
0x3f1201cf07eaec2f10a4d48d5e59a56a4f3cab4b	True
0xb6412e4c9750f8212f3ea39a5e14724085603d72	True
0xfe1598b1bfd2b2596d4d47d0dcc1508d7d45911c	True
0x29fe6dccb948fffa5d6f123471608aa33ccdca9a	True
0xbf90b1752871b40854668b5ca30045cd5fa22d10	True
0x703a325a25de1a85be2d6527edfa6c8229f53b03	True
0x1acd57c24f1a205b06374754c8fcf85f4e7a7e20	True
0x81217357b0e4b91381fdba1e49154ec649451256	True
0x97e0af459ea5d8c8c9d37078cb84a59c67f13e2c	True
0x584109bc0d2f966a60b529dff439c3eb396a0431	True
0x33fca862e4c2164b4ff075bf860a122088db9a4b	True
0x67d15ded2327b1a44eca7bbe1323d8d873e4e40d	True
0xad6d56f6a00601494f6c80bf80f7ca71316a4611	True
0x76f72f92dfeedba8128239a0ebb7f9c0c3d4e6aa	True
0xad9758175de7558ccbf204f62b8ea593cb471d35	True
0x3d24e9f36aa0090a6c320be968d2aa32640ff52f	True
0xe7eefd486334f6de38eccc4df05cd16f6be991a1	True
0x65dfd1effc29542ec024fe6974181f34d6abd950	True
0x5a7fc77989f7295183a7379ac496d4bea847768f	True
0xc68ab4843f42cedbfd0327bba4a32609ba369711	True
0xc93e425490b0277aca05f39a3e5d9a159bf2baed	True
0xa4a8f2033ae209a5fee595dfe7e15e4c070a45aa	True
0x207f96ac1f19cb46d7341d6123e12193b86714c9	True
0xaf60fa1d49faec9ba5adcb164fdde2834394117f	True
0x9502360e0eec9335d43ddc0e93313ae84fd333c8	True
0x444c1b1385b568971968e7cb46ab3bcf808b3008	True
0xa0bb384d7b3f93df4c3da64480734a1c77561457	True
0xc7836ec06dc13dc85178dc0ee5291d39428749d8	True
0xd7fcdea462bb874fafe406771d44d4224f88f002	True
0x0c285758da75393ff2a3227465adda9754c5e077	True
0x1207e61fea8be6935c34bc0bfd74be32b26bd7d0	True
0x7b3a38a029ab2a85b12d6b76cc5dd0d7f005ec6b	True
0xb38a6cdc4283f70320c9581236a572799a2179c6	True
0x79946f4c2af44ab23a6d63e2e0c1484b7c83aa16	True
0xf7b5b622707da08b02e3fb2282a8bc336a8df535	True
0x92106499f43de5c7903a3e2a956ebfdcb6190fb9	True
0x3689055ffa5d45bdee0851d31820b021031277b5	True
0x63995c90ea97a1f8e355b384442ad01b34e5854b	True
0x9ec894f29feef3ffd4e586234a271144bbf6dce3	True
0x949c0b9816863a7d61a0e5a5d841c197e400a4d9	True
0xd90c702f67c2f69d75a0837a888a541a9bb36354	True
0xd05c98897f7ecef5bc491cef3a5a68d4cdb6fb23	True
0x144c8a6921ce7e65d938dc19064f6facf683d8d5	True
0x80fd74077fdb1c1fa2ff59e5003af6924b8a9a04	True
0x730dab18a1bab00399314f7b23f2c4e11a74743e	True
0xb3fedc6168ac43815e5302ae227a2eb7c5dbe8f7	True
0xc066cf208f8fb04648b615aba97249fe444fb37f	True
0xf54c8df7bf89493c35f4b1676492d50f48cb226d	True
0xc09b8630ebe0953fc562beb66755d3dbd0491c57	True
0xe72fe7273cc61794684bd744d053d17ac5f4c212	True
0x011b9aebe0c0c2cefe8be01b0afd04eaa0c74f60	True
0x0108c91a782f9abdbe407077cf9f4e189bfe856d	True
0xeb865867745397494b7e53450c27429951c2c859	True
0x42aa20472f4ee215193ce152f47b355965e76830	True
0x9b56b8635660f366f2e881d6ac83cac2003c12c7	True
0xae78d40614c87706f6b6d665d1bfa488b4c9bdd6	True
0xd9de584ac74f3f66f4c9fab9fd2ace9199d06a51	True
0xac2e217b8831e9d6800ca9312042868cae2c162d	True
0xda241615132dd2f156f43012f66e93029d0af804	True
0x5762a43aa3cc369bd92ff6a7f72a711b284939d6	True
0xdff8ef2d7da0428a96cbec73adf08050d6a95b77	True
0x5d3b869ead0a48cd75548036f6f6361053a32c96	True
0xbcf5659a6eba4e2965d7a4b2b1ab2543603f7c78	True
0x193db5b702715b21e688eee6093155f60d906570	True
0xd1011169302d78fc2ff85cddf102b3e3ebbe5a04	True
0x97ed6a6c0ff387157128d831b34a744cb53db9a7	True
0xc64d8a7eca1115173a52e1d40e6f9cc5a31eecbf	True
0x5386ace5d3dfb228e484ff101242c8762d3e6950	True
0x297acabed6a59cf01189d59fb2a955b5969ac567	True
0xa87bded26e77efb449c475558fa6c2a9b1ff58cc	True
0xef2221d015bc08e298582c41b10230ab5d142d2d	True
0xd5ed35bbfe296b9627bf71fee677689e166c4540	True
0x6d4dae8f843bcabe84e456d473feca8b89cf2eeb	True
0xae6a74d4a105e513f8669508de48907283293522	True
0x998fe9f96915822d32aca5838f894b9c02cba225	True
0x3f435c0e534788787a9b1f2abf7857c0d727b3e2	True
0xae7a2bb9dc13d58da5bff9b539a768a44369f9d8	True
0x92136caf11a9f082e0a6cad907a97037291887a1	True
0x657c964bafd831b3002188940a7f649e17de9d46	True
0x8a231831687bf4cb6ceb9f00381cfd2cf7204353	True
0xec7df51236636a5c1a43850655dac618820b5b27	True
0x4a1e00761bc1ba41c9c314caade86303cd959611	True
0xb2ee02bc82b90fdb00f3fb46552c5b0f21fd0aef	True
0x0543a064532f880e9c853b1957065ec28a32a3ea	True
0x6eae897f7c820e060f92841075ec26e2350ed55a	True
0xf59cb98b3cf66454879da85e9e9c7e225a5cf6dd	True
0x0dedde1ef8a6442e8aec0e78c4994138bfb813af	True
0xac3ba13155e0bcf54b98fe33a6bc13ed031687f8	True
0xa707138e879e274514b48d491d0004a9f10a4249	True
0xac1f20eb4799b8b47a5e5e27a353139238b184fa	True
0xb34cf494c94619845dd8f1fb98b7d48eab6dd89f	True
0x996d8b7555a4ee2fd437a15aaeae0f27d0174cf0	True
0xa25015524b3e2cb44eb54ed4a636d618fae85e27	True
0x9d06ead507c035f8622b08943ce1cb3691c3a0c5	True
0xcb754184eb02d9e23fb3966622f5edfa11ae3382	True
0xd49611ca7746826d1fefb750c3229f591ebeb057	True
0xffe5b0c6928b56f82e4c5d002bb680d54707c0b5	True
0xcaf7b4e8f69287f9777b1bcc740bc103914acda6	True
0x2980313accb94c0fac7cb51ed13d9696ee6ee31e	True
0xe9078e5d13f58f447bc9ab86a170793cc92f8dd0	True
0xb48c94b55c208d7f34b7162239d29388a2be2e07	True
0xb965baaa532c819e5ec49d0d26f4b8c872560315	True
0x017d9df23a14e395a5f41c6406521c83d24e7495	True
0xd789683bb011b63bbd14d9800e3d9ff3466e1f25	True
0x3f7b2fa43cef43b102def2cb95d4f8ce733057b2	True
0x86897b61da103995d20cae10d8824b0ae630943d	True
0x1e78264f7d4f4a8e42ecd370e6f57480eaee7603	True
0xb8d72fe80b9eb10bf85683fc794fbf1596d0dd67	True
0xfdb6ec96e7b77e2e09ef2c51bd56a0b6292c91f8	True
0xc6f66f962a244cfb398d69619d6a8ef66609e52d	True
0x41ced2027f132a6c3bc7c9084e31ec7930c790ca	True
0xe8964e0f42866fac176474dd9a0e995e14b48e78	True
0x6bfcab23ed1cff5d364301f4c8d4c92d47d3f1dc	True
0xfdd03e6d9f19dd533a1a6c0da5a697a1f7fe0f65	True
0xc6e741773e276ed60e70ad595d148db7e7735eef	True
0x5235348a59653e25c09993ac36ee73e6c0f57d8e	True
0xc98ed01b587cc645756b3488473414f44c6d46d0	True
0x0bebc04024a5cc05b81157dc0698cf4a7a91344c	True
0xb12854335c68e6b38dbd34efdd4fdc4056f1825a	True
0x278963b48ed277820bf15270fc694f9fed931fe6	True
0xb056cf8ac0302a82c3958b989f3575436dd9b67d	True
0xb46cd06bec3c22eddc08cbccc3f205643ccbb301	True
0x4e79c126e1a07b0648a86c72dd229c1aec117ad2	True
0xf4d91889e8b42a7bb969887eb3f767fd5c2a8a64	True
0x19837e057a3811a4b7f723042e084d8680534626	True
0x92d31d5c6645700e5b1e7b81d65b2bb41b1d8de4	True
0xc3eb67fd211c9de977586e237c446c83cd0a68b6	True
0x2296e4b6435f3645255ee44f89fcea1002a8307c	True
0xbddbd90f7179347f755b72056e9bb5cf7d2ee978	True
0x233a52552dcbf7e9b6640cbd4bc80a33ff15340c	True
0x8dfe887ede3786a9d11e9bb4b12d671439d7bc00	True
0x00f142725ff927144d9494f483491af23debbc18	True
0x931b7d0c208daf3b0604fba702c16f39c15d43cb	True
0x600c831d0e6d5d8cccfd3db251406f518d8216a6	True
0x148a14ea8578ab2a7789f2d4e630c654f8b57dc0	True
0x8042967a55035f1eea90eb63475e4f2f928a9340	True
0x703d68141745145db0c3b8c2f8e8068910262caf	True
0x5e84be0639eb5f642ea5fdf7b939a808f69af4cf	True
0x4d0444899c6c6d6c92c27c99e7691858295cbdda	True
0xe01c2e430e444f026087e97271046e459408cccc	True
0x6a2fb26f1d68a1e2b51e6e0041cec1b07ccc37e7	True
0xea96e738ba432c68c10dfc2186a7f479476cc28a	True
0xe8cc7aefc17c39435255f92d7d8e587466758e27	True
0xe6609a5862110e1a98c16d561093a3f3743e7b3c	True
0x1316b7151e42de2b05a4a9a7e7278b22f353965e	True
0x1c2a57d1b874c712f03898d580419cec11e31f29	True
0x2406a05dd97ad3b01db78923353a54b6a23b478e	True
0x8f2b51026de912a3086906ebd5d6d62ff5e87c7a	True
0xa1a222b34fecba344e9203be918af70259c681d7	True
0xa18f4d2be70cf9c7708fc0b31db68e585e5cc71c	True
0xfe5b12293a53eba0a626257f1cfed5a84661b3d5	True
0x0f7a511bd27a99d9edddb616faa904f9ceff0f90	True
0xbccbea5463ba89c587f1e8106d983a0036c1bb9c	True
0xb6d6eca7253d7a596114adce6d52e962888e06e2	True
0xff9b0f686bd4cbf7ceeb62c96dccd27d095e0ee8	True
0x039f2be40d3bd2e82f12a88ba2eac7b025c11e07	True
0x8316f17dc1149bcc73621e9fe9433868e97579f9	True
0x8f6ec4fb6e57563a691546f1a1492d403bd34fd3	True
0x91fa1cb5a51fe5afcb3c3e60960f585ef17a0142	True
0xb2431b2329f2ffb635c3c0844e49a5ce8819db1b	True
0xe95b169b6a15132fd7ed873a340c89215cfa74b5	True
0x2031ad0a884f87987c9dc2d5a55a1b5afc6abd97	True
0x735b537822618ac93e894a994b4aa563b838dd6b	True
0xc17acaf06c7b626f9f821bf9868cd7163ce5ffd3	True
0x7b1a8c0bd65c48febccb865700959dd4df69bd90	True
0xb1017801f57bc69ed1ab0d8fe460fa7f08f6791e	True
0x5afaa51814089f9f3456940a1f8dde97d3969faf	True
0xbb40fdf0df0650e3783e8eddd37f11d1d36a6a62	True
0xefb60fb687af134dd5f73467d0019e55b7189e0d	True
0xf230dcbd5a8d79d574f61660994145211fd7f3c9	True
0x04006605befd90dcbb1106cdcc650d91a570333e	True
0x401b61b3b9cf20834339cea9baf4a575c2750e93	True
0x57ee770ea3e9706aabf9c868ff7cfb3df0d409a5	True
0xa6c49201e4fd96e1f730280b9c9c68251b9e1a38	True
0xcbbb37c57f148b2fbb0ef25e6d3c7eba86afaa7e	True
0x8e4683dd28d91b8ad8ce0cd0fc4ffa8d100dbd7c	True
0xf880e412c3ea3c6a4bb222f30961533cf50e7e9d	True
0xf1689e049687696d68f00fb7d1718449aeb070e5	True
0x410618117f4ad83a713cba665b7f6a7da80f8380	True
0x2830fadd7ed9ba37aa8706eac44cc0620184557b	True
0xc98a2189c0fd8cd403daab51fc7784974b6c2e73	True
0xc10b5d24e92675d032021f5c1def959a04f85649	True
0xd11c55c2fe07240eaae612f6368248653f93ee9e	True
0x9a4b627471eaa007245cdc8d182ee9cb9a6acb17	True
0x1f407b904f94b0fed5912d176c4ef9df2e06fc60	True
0x737ea22f020ec024c22517f14dcbbfe1e8be212c	True
0x8f1124ee0325f78c2c816be61c547f13ecc3ed49	True
0xa1229a09e8df14a36957cccca2fe9df3ce64332b	True
0x29460089b8194cdfc6d21be5edbd67e2e20c3b36	True
0x00cf924a8f99ed8b6cf44f8f2ee00e24e15ad3a8	True
0x802759035124732f83bc397e082b24e7f3d4dd6d	True
0x088600b52467aa31740f8212cb5b0043fc64cc18	True
0xb04e21fd041775145bf61ab6df319217c688d3a9	True
0xec8c00997fe68e51d0f1be599272e3ebce0d1239	True
0x08a3da79c89241502d0c22f53cf61bb4fe6b52c6	True
0xe70f3660b0a8f79cb3e5910df9abcbc5fbce95a5	True
0xdd15f2dd0d438cbee1057c3b3c3d3198935833fd	True
0xdd6957f24f56b0c58ff8890437102b675e5e03d0	True
0xd1746d5b8ddd399464c2600872a429c028b404ab	True
0xaffe07e31c00ac6cf85234ba75e606da02a66a88	True
0x80cdada6d166fc2035e416e17ae86f0d76eb5fc8	True
0x083da7e814f58b972506bb73839cbf5075f54fe5	True
0xe80c4b3abcce7b01743bd7fed7f86d7f37ad65aa	True
0xd53eaee17b71dd6f61ccca18c242b20214b28f75	True
0x42c837c6ed6a8d0c4642112e9fd9297909ebd845	True
0x49409be64619ebd8b703db43a17d57880251bca9	True
0x491d553660516041a6c25665e3112dd0d29f1d8a	True
0xe4a354c0ae222c77201947b719c7d62ee23f2eba	True
0xcdf80c4a3c97a1d731aa376b9c67bfc1793b128d	True
0x43a1e302f8f405d6e907621a7300c9fd7fad4869	True
0xb4624f65fdecc790ad27f4724be3caef13d39336	True
0x8d3377c45aba1ef7d13aea7e31d327de3fa09293	True
0xd8e61eb3b8ff990cea3550be83540c6f3060ef5e	True
0x21ba33d0fd2b8654380e11e78d044101261bc921	True
0x4b4b03516216782819f93131672c37b6181496d0	True
0x85fa9b2e4356fbabbb57bdf9044679d587aabd62	True
0x5cc4e1ff2a2a476bac20b7d06375e7f9980bb37c	True
0x6d5c47e4801eeab2faadd5a9f7e7ef58ff873b3d	True
0x9f170d342e960cb8fb6d6dbe8a042ee4aef165e3	True
0x7d23b4c66ab645912c9dcfe2721d97167b8ac9d6	True
0xaf8683e9d7f5b74dbcef08eaac18f91091b9a5f9	True
0x21be261765f96865ae5974eac12781dffdc44cc3	True
0x53b750801cfc98a6d7df11ad7f2adac594102e97	True
0x13d352cd8d2e154728b50ec22810b689146f4b8c	True
0x2e92587c62c3a7285bb2550b52e66d620973e799	True
0x509bd3ebb6dd990da2f9abebe6c8e30c8f8b83fb	True
0x22cbf884f685c102e42e3223a0244fee7c410fc7	True
0xaa7fd4c15253844f1f2fdc096a995022b9ba0d4f	True
0x304dfc52ae0c41c47d7526f20e68014f2b4c1a41	True
0xa7faaae8ee66e142f740cf91e158ae0c6986a734	True
0x03cff3fa4430e86ed2ea930827cad9f434eff052	True
0xc149df40c423b290f43cb818511105320472a770	True
0x3385097a0bec021e815d2a597994217ddeedf642	True
0x0bae003c4cdc9413da34b2a3a791356c42179e51	True
0x5bf04a8a77413420442abee4401b345b8a3ea002	True
0xf436d9e759379b6c109a6936aa37f4f7a2b81697	True
0x881006495f8f61c1e321d0e5a12f767f33573372	True
0x8e26ef45bd0e6977105aa012d27b2a67489e7101	True
0x54e6689e6c2ed770c62b9d285263646962121398	True
0xb2d78269bbae0a541eece25f41c61d534c19806f	True
0xb1ed54a2ebc5b02479085baa41195b942ada64ba	True
0x91a6b0ce0ef1ab3ad16ce64fcf085ee5e8ddd60f	True
0xf10d1983f45b6a3f863a2cdea221b7f9df853990	True
0xf8f90a8601383995c511b129d4f1a10a27962c5b	True
0x1cdb1e02ea6e290f951e35de28db6ea9554ce5e6	True
0xe91e032e4b26bf136bc583800629dc8a90774edf	True
0x08ce78811476217368b938e2c6080f66c18e11b6	True
0xa13447978d2f801c57148ab618e17b12d8b47658	True
0x2386056968463b7676b6795658804ecff1c0be0a	True
0x0e4254f459753829f05e62ade200d78f8bc0a92a	True
0x187774872e03506e4bc200ae1ff548258ef615c3	True
0x5f2d04c5699018abfd2aa833ce0c5d0fc0053906	True
0x85f9d4573881acfc89d15c4ae9960a4f25467cf0	True
0x0034eaa3b528fa356ba7f870dc1cf05394b5b830	True
0xe092502bc8c55549e8854531f6331fd3d9bcc370	True
0x4578dc8ab53b395cda1892c04c26c96b2312b1ba	True
0x1ba8d4f55699b27939b7bf972bbb7db519f86a70	True
0x14fc9c16ce4c5603540a95fedb52e57af75c6df2	True
0x9eb0d47e60b01e0cd4637a6292f0d71461c79a12	True
0x58db170e682cae10be97ba0cb221c4c59a38eb67	True
0x28cfb6bfd6b157ff0064580421a04edf2bf08637	True
0x905aeeded6965da600047156c3c944c7f0de87e6	True
0x28304d9bb5e2d4470f1f78c7012f73c65e179d82	True
0x452df2d3aeb7d41487561f89a0e2e1b09aa24ef4	True
0xb1330d24d560a180e632c71e31fea515da82161a	True
0x0431fe0a8ca3c538aa92e23fa669ff049faf3327	True
0x69491c630b0b9fc4712c9bf962387f783547286c	True
0x0f5e4d04f3e7fbadcfdca76158c0f54f282bb0f6	True
0x9604f273d6034e61161db839a40104e10c20f1b5	True
0x58a5bcf3b6f34933e1f37e6a5fb7c9fae6dcd246	True
0xc8a8fa851bef8889d29fc75ab65108f56008b341	True
0xdeb6ab5fedfd475a6a77472420d8b12b76981435	True
0x09613fd2cfcc0f21d595c867605e6717043224d9	True
0xb1499debfbb2d9597861a47321f8f0cde33f88b6	True
0x99bc9f6980ea74e0923932f8693bd82906ff8f37	True
0x454d1dcddb72eaa6ec1869ed8d72faaa727a95a5	True
0xedf64a39c1eb67e667aed483750f481eac3fda80	True
0x9a44e36d073e6c021ba234fa1f53b7ce6413c46f	True
0x16fdad26e41315087fe2501d669eca771a69a303	True
0x5cb5b346f9377afc80b431656b1b64388b6439fb	True
0x87262f6098dc2e8a11e4d86aeedf965e66d2d3c7	True
0xb137f809b2afaed0d859d6fcbe4f84cf972b105b	True
0x560edaeabf690551d42398bd645e2ab5f68bcd48	True
0x0f42e38c64927207010043c1ff6bb9ff1a8000c6	True
0xaeb5ed8dfe8615f7fced2092ff5ae451e0b40565	True
0x66a5cac71d43d808fefe86837bd49442d816c818	True
0x153a96e1d8115ccd941578e2e64c722988f6393c	True
0xe437f4c2739e2f075c95dfc2ffeb87810171d601	True
0x2e10a97935f748750317412cf5a5e7f82a79e4ed	True
0x7a80f8826778710b5533a52dd653d4ca0bb12446	True
0xe76b00f47bf4f6ca0511ea210a5d5fd4efb00901	True
0x24449164d176a90ddbc1bfd9dc359f08d8988a46	True
0xabcec5d378b7416fe362b51274b847109359dc28	True
0x3bcf525b5d7d4559596cf0318b25ec1bbbef9de2	True
0x5fab873990bc6d7cd3c98a97da4f3810ae9c0730	True
0x87aba9caf560e70ad83c3a29e908c725f055cfe4	True
0x52d1fd63504e53b65d3c724a3a65edcfe7c9e789	True
0x9f66959a44e3034aebf21492adaed207e21b23e4	True
0x8badd14af41a209b0198a7211910451be995389d	True
0x59c145f85ebdbd467cb5cb7ab67fd6eb0996acd9	True
0xa0548e9984d9939e2c3e11797e7c7f24029c5a4b	True
0x3e70e3da69544669098607960c4a28ffbdb6379a	True
0xb6988aaacb4f3fcdb67d5188af746b84279e3756	True
0x9f49995108030255f82110db499af44bc5bf0fe9	True
0xc74f38180165a5df8e4bf263e42276bdccb01059	True
0x9c36e2bb9a13bb178c7d320334af4fb82c6226c3	True
0x1b6e0b9537e882defdc2d7ee51a74b64cc845997	True
0x879ef119af3c0f3de49fda62d9ef90e5266d6ce6	True
0xce82c29c0fb94bbe6540b49e51ebda77b7c7e328	True
0x6c1d0dd5eb8b66e2447f3b55242f8b93d5544477	True
0x497fa486de67f5367b3000127e7e47e8eff5cc88	True
0xf17bffabe2f7beceb4735826b86fbbd50bd07d79	True
0xb070030d2b26f745e65cf6c9df05b50475404502	True
0xe446196f3b3032c2d2e49dae53687a99cd4fe880	True
0xd5a2c523e9c50796e898b7f504054c0a7096c589	True
0x23ed64a9018e76d2e0e6e6a0205f671220e72c38	True
0x8520f77008834f7ea19598644cc7f58e9968b17f	True
0xd74a24ff969831c58eeaf7f0ccd1ee17ba2d48c8	True
0x705262c0d3cc49ba9019c38a2bd52a759b39b224	True
0xd1f8aa50b15a1a420570d2ec76fdb26d9fba8b4a	True
0x939dcd41bb0da1cda33878f584b836c8b0039b5b	True
0xcd8ad9eafa859ddb5b65f133b623652e6a6b40c1	True
0x06e595089f3fcd8d1418827f3c97a4acd2464355	True
0xca3a815bdd3694ecfe6133b8ce7870655b7fffe3	True
0xef94c30ab92e827fb26bf38d30b8c5697084565f	True
0x2a4f813730b57d04cc226632f9e8e3e7a63dd4f1	True
0xf25924e7513ef487800e6252c546e7de2da62aa0	True
0xb7e3cfef14446c6e5810ee9424fd997c2a96a23f	True
0x590ad619eded1744fc4e8c29a956fd95ffb84a42	True
0xa4536710332cf066cf6cede3be83f4f791dba9fc	True
0x6e4824ef6c749b3de19f693117e67d3716338313	True
0x4e67ee25a15f89912120e10cad9e63a9c474755e	True
0x265c46e241eabf607d76eb1238066e6ac6b3018e	True
0x6cc903824f40433faa0b1efcb4bb241f63a5ac96	True
0x40acd40455b50518b6aeeba5d8d4a24f31550b0d	True
0xa0ce334186593d97208f9db391ca138dddfe526e	True
0xb1de32b15feacb4e8ec4c66e10bd77ec57fdc001	True
0x1e6b8c7916eabf5a63bc2f68519b1a68c7d46b97	True
0xd8f9e7a438b0347160f72a9369803910110a9b73	True
0x63e212ad44864f718d31fdef8d6a5437b5cee5e8	True
0x0b30caee5c779a84acf3e843b38d20b596409c99	True
0xdd45a259e816e3a6d0222aea4a42e1fafab75b23	True
0x2b9fa7b6ccb1b738f4892edd85ed2657ddce6fff	True
0xcb2617d8788b066095c22fd1a3601815dd18c618	True
0x647001ee2fe7d031a0db8814292f52da886bc3a6	True
0x82b91807ca6e4f453ffffc6f65ff4c04469af379	True
0x3569e0d53c1a38b91e14ca8917f784379152d1d7	True
0x5ec7aa0f83df7be920f980e6c12e0707d0ca1dc0	True
0x6eda5336ae87f8fe49e71ae2dba5143e0dd2f305	True
0xd3920c64c24c54be6de5d63d1823c3b5e632f291	True
0xb70ac301bb8afbd3f87b7f4e759b942624d50a6c	True
0xad4858b1cc4e60b0b649f3d3ed0c8e00063f15cb	True
0xfa1579d5a77bb18a0296e5735748f6593281957d	True
0xa55fb47707ccf8809420663ea1b8792ea796dde2	True
0x497306f8fb04039198234c9896c38a688d2ae260	True
0x3adf406c7eb4bec3044124f672fbe8fc774d0bac	True
0xa375eff2d4ddfb3906b68dd8e1c8e612dcc459ca	True
0xaf41a970865b0fb693a35f91d661d68a03c45197	True
0xd34e0c91df762e03de1b624308e802f275f3588f	True
0xce14094fa4ea13691a99e20baa11e87cdec5fdd1	True
0xd28095a708e60c9e68339ef4c173ffffc91fc90c	True
0xc3b635ce29e4ce49b58be3e1b36743753f8ea02a	True
0x0ab133df2c071c8d2e1a8e99249b94e84fdeda23	True
0xb777a5febeff7f6796762370131327c50dec674f	True
0xa1c1684dcb0aaf2aa32accd4da22339c22cda858	True
0x40561b70c3a3697b358fbe4daca299959a537fd2	True
0x545221d6a92211dbaa2f10f76407cdd9de50325b	True
0x93632d1ec54ef1781641e26855b200f353bfbc82	True
0x4f1347ab04f42c034ad618bed76fa92c9cff7c1c	True
0xec80d227ab7df8a834bd75898b992abc148352c3	True
0x168b291afa5cec13f025714821cfc2c9b3ca4ef1	True
0x81d1269f1b7f7e6f47b745e7e72bf21be8408dcf	True
0x0a6e1cdce64e1a02f4c290c922a01a05e2f8f3b6	True
0x625216b6a28ff59d8a8ccf41f9fa9d6d25f97de4	True
0x5357c61f47c9b611dd49e89004fcca616ec07285	True
0xd6fa8e567886f98a2e80db41060c220b48adedbd	True
0x9f0fac38fb46e8c85a983461e2a38c4524f0e9e8	True
0x06940ae7185758a333c21dbc7061b5ee8b101595	True
0xe6eca240558477c65d44e861899969551d172e8f	True
0xe12253c83d44871ea6ef0fb9375c4414d5071124	True
0x1feca512ac85383d39835d1a4ed8a74104a1515f	True
0xf7cb0794bb4b9edfeddc9f9d15e9571df078c7c5	True
0x7554ebd67806ea0d6e805c3664e1b4ef7dcfa93d	True
0x1a5fc784c80f8ab0ce81ab8dc2d0cc1bca832fa7	True
0x289dbfcb086b230722d150e7aa303cf1a9efb92d	True
0x1a87931824308454b37ec1b3ec6c9d5a02f84f2a	True
0x4f0a581e82ff4471d8c815d49cf0b27d2b89c9c1	True
0x0aca0b63bab2d245a9a73a11c592fcf2c26140c2	True
0xf435c481df057ec5e14b331513f7173a4429c8f7	True
0xce75bf90105b612db76169b9257cfc173fa61c34	True
0xbb9117d292775ddf98a1ac341ba259c044b34843	True
0x3e2fd1546aea065677541b9afa4719b2f733b5a5	True
0x690e55db8209ef57f21a36f5215a35c5a8eafdb4	True
0x1661d4a0257a354ca28e8554ad3380fcc77a8df0	True
0x0fa565243e664d91eacd2e99c38da9b2d026173e	True
0x3aaa9c8e409662890b9476ee171415ed82e4e272	True
0x09f3939c067b2eb2c0d100e81000dd4011c026b5	True
0xcab6bc1b9258f1245ee5b7154b8e740937434bcb	True
0x1792ef4292241ef728699b83f336b04d51b8dc6e	True
0x15f208e7f1784debfa0937bd351e74a97716092d	True
0xa1e8bc120c1625f49070e6187f2084c3c9dd94a6	True
0xdab74198ab6f9e7c0dd7d05c7410dc885f60309c	True
0x4059819b4172942464b3b13c0ec6031d366af402	True
0x784058202cc52cf7d9a9a17245551bd53bde5fe6	True
0xa1477b1f181786256fd30e2fe3fbaa4b63a4089c	True
0xd7796eb052bbb965dc04106004ae003ee3e8b548	True
0x5a51fafdcbe44df4884d4013e0371673a2d481d1	True
0x365bf44725e6a6f0de1b5f80b63e8d745d5ecf46	True
0xffcaf00d9db3ace4cc3209be3f2d9d025f2f6d52	True
0x8e6fc9ab8ef33adb72016f28d527d30344a4c4dd	True
0xc026c59d6458db282c511161852ef5e8ceae69c7	True
0x5f476bd5af8e78350053adbad4e21a37699299fb	True
0x388f964d9f1f5be2ebbde4c1d144e5d7d877d410	True
0xa55bf1d57a2220b19afe6e98ee72030698965158	True
0x02323c673b63cfe1e3b68ae3acb99905c89cda49	True
0xb5bd486482f99bb077428f43f2f12c30e4a9d6dc	True
0x32bd7496f07f464b38dca7b25c79bc8b560ff743	True
0xa54b1b80579edfb12ccac3b28c35e7d0d3c635de	True
0x4155901fce68b2862294f08db249de0c63fdafbe	True
0xf234da707f524b4dc60f31498800e813998760f4	True
0x79035ec78ded4f28e2ab34f281d6874cb6310d66	True
0x9cbc03535f97a25921701c303a6f4d441d6b9fce	True
0xa268a8b11761ffdccabedd9abf5f1443e720268b	True
0xa9b4bd02119a207fbf3c0cf583bcab4c13fb05b7	True
0xaeee49256beb5cae705401b9509fbd9042193c6f	True
0xe93d0a96c4184634a1d64ab33add3d4c9c555a2b	True
0x633bf2ee02f3f16ce11bee7dee8fc4c714595be6	True
0xf35dfd48e201600b7d61ab5b3036279c7df83b55	True
0x1c701da298a6316c527554dc8b927fb42d23c586	True
0x8f16c2fdd940e6f3e741a2a6613d45d97df0ffbc	True
0x6bf51659b4a8626be8ff16fccec222be30479069	True
0xfd5b4ab3d0ef3b78a53066107ec84d505f850f4f	True
0xab67cad091e87ea0835d9c7e18a26bcd65fa90d8	True
0x78a2832ffaa4b6f4233efae3af9a620d7d9f5a05	True
0x6641b832d20510a958523fdb9626681e26fcf4c9	True
0x04357c9fad98da2b905d89c9a380d6cad88332b3	True
0x55573bfa41dbe5a4608c1b25e30471c6024082c5	True
0xa89543fc3a2fa532032f1e7c904073f97cde4784	True
0x7f2b2e4bd303fea59dcc9f1eeca25953d0189c3a	True
0x652cc006ae30a6cf2df8dbf366903cf6a775d165	True
0xa670b3e61f6bdd4ad92dfd023aa5457a7e3b3758	True
0x756514373f7fcb20833c184c3f20ca36decff3a4	True
0x10a2b964a1c457a2c1990074eb6ecb838750c60e	True
0xc932380a9f4062d61c3b560079340f750b1832b1	True
0x2f996e330b9507aa43a752a8441edcfe5c13c513	True
0x1c0f440b6b9b713dadb8356c2e733a2fa7df5ccb	True
0x8056881f2187de973248addedd494f6cde0173c6	True
0x3049114a305281629e69234b2120fe1d6ad4fc4d	True
0x837b6d74d1299744c094d44a34fdf7502397c1e4	True
0x3e86993c4d0e03e3531b4604be33d7dd3d8f7ec1	True
0x4a3ebeb82defa62da3d175718c3fd75307aa36e8	True
0x24556b29ed6bbe9a59845350394af2158dda95eb	True
0xb3174a0b5651b78b377a2356ff765a88c566542b	True
0x3f4ccb1dfba8d200bd1c487b3d83cb78eacc7f18	True
0x7199ab173aeaac2d7e6fae6c6263e8af8795c1c8	True
0x4a0b64f210e752b142adb1930a4f9d2889a41cf6	True
0x468ed383708a5511e0968361e719c2a025f3bb10	True
0xd83a3e3c36397524ce219ea0c7246eade6f52d96	True
0x0757bde87f02836655c7a843baea87fa2b094644	True
0x26166a6c17db6d4c7869f99d4d20c6dc2b59c231	True
0x664e392a1786ce6c16e3b468b21ba7105d3d1d64	True
0xb8f4e124252dd4e528e3185b9b1ae96e9e509c73	True
0x388eb46d8d2aa131143c27922dd5cb816e4f2862	True
0x7e824fefb796a4a1fffb4b43dea952f603c66907	True
0x15f8d1edf279ee553b81fec656c54b0ed2cf8198	True
0xd8ef8df1332355f350cc14b3d6b480b22d352af2	True
0xbacf2473fe824c9b56308e723447646ea4dcfb91	True
0x70138de35fe4f3cdf90570b1acd44712b966d6c3	True
0x4f98db7a6654fb880bfc6c2a2f397c7a53b0b329	True
0xf2a02ec9bf4a49c507c85726e1b1d33c189fb1ed	True
0x8452a3c9cab7112286e39deac8f359ee022218f6	True
0x494adb0c59cd10b7972cb901043dd258ef22d5be	True
0xfc470b3760de727bdb2ecfe420263e7bf4bcf3ab	True
0x0ddd5c63fd9d8bea9b2814d847150094dc2e717f	True
0x6b962633b511eb9ab71cd5b6d4564095caa4e32d	True
0xf7cde4edca4f9aa609b8a5c559ea8a66783389c1	True
0xa0e22708df577b9d9340c8f5d71776ad0038ad0b	True
0x192b85aa9ea21bb33d9e627864b36a3e5f26c508	True
0xaf95082a21e64f406f12bcd5af3a9264fa70866b	True
0x3dbf751e8d17d629d89cf5977f6c940bc1897f6d	True
0x5f4e1412a12c4169be42b4444e5756b7433b6fa0	True
0x7c83fe67675e72a1d197e913f8d3b679528771d3	True
0xd99e3269eb8186526c312183450468f715b26cfa	True
0x63be0a6fee4df40e7283d00636731624634c507a	True
0xd7c7d533548930830a2ad8d8bd5138f820525df6	True
0xf909c58ab77fd3ddb3688e5e6b0eec38f01b45ce	True
0x5632eb5520cc90456ee4195dbe01966ea9efb4ab	True
0xa30ef15739759f4487f652b8ca9848f234c55638	True
0xdf4edd3f466e959d285630e12904845ebe3da0cf	True
0x9947319f438ae6209aac97cae13d529b139dd0da	True
0x96d706d7837e798ae3503b86fd577bf7919db545	True
0x0533f2f4e4391ba46d5f3b35a7be747d72aa82c6	True
0xb7a1d677c42488c336a7b0e81bc9492e24137548	True
0x1271c327444d3e0c1d14c394d829264eabdaed99	True
0x04c54274151c0346eec9c5da978bdaf13f2886c8	True
0xbf182d60c407d978aaec13640167cba10c7bcd3e	True
0xb1841687521ea10f463435ce430c4fe9fafce7a0	True
0x9eed0dd8412314f1f6607dee191e490d97af07ad	True
0x9b51c7547b20ee1b537d849428ae5be34112f96d	True
0x559888b356a497fcdf39b0e888e81326772761ee	True
0xe8b01ac33f68af3de38ac98f794e366e9f08bfb2	True
0x706dfde9b71efc09639eb5ff17f4d3b6cbc88eaa	True
0x7f8e61743c0630205ee30daf044546c141d84810	True
0x77c7b55f9f477a33acfad0b4c4ddf0a7973ccc34	True
0x355b103ce854f6003eb7909c33ff00e1b51b95fe	True
0x3af1dee6bf70a005d7950e0cac5251bbaf42c061	True
0x42bfaacca1558e75757cdbea1f0b0502288d9d80	True
0xa82b99aff51cccc5f3864dd115ade424c81f47c1	True
0x0203fbdffa1e8c769944aa10ecb1a09e73de15d9	True
0xc7937c7d558c3631ac7900a9e14fa5b201354101	True
0x6143fdb4e6d7d991a6d7dc629806a07bfb7a9d7d	True
0xa3f09f3901254d8c08ed50c570d79bb93c05daec	True
0x8604c1a3b023a2c7e375a4a250ea86b3df2233ae	True
0xf9d70be10f3fdc542d0d4cd7e23cefebbbdb3eb6	True
0xc4a8273dfad21dcfe79c7cccb2d34cc2b1cd291d	True
0x5420f973084634e892ccbb689846c6f923a20a3b	True
0xd785c4c951b5c6c4a3e0f380c67fff6f0a12d6a5	True
0xb3a6b3b266e067ce20248416658708708501378c	True
0x62a3d01d6091c4941a8506bf5d47b4da8bd77e46	True
0x0b7ed5b9ea880bc8d26d8dd8deda87fcb91e6bfa	True
0xd2d541e8fce3d8ddd8904ceb080af8203caaa67a	True
0x969633eaf997e07eda5b4344d72a0e79c74e87f9	True
0x3b0be9759be3388cdbcdb570122af51cae508c9f	True
0xbd5b33cc37e6982b1fccce51929aefd126808917	True
0xd924d1eb02e629d733f317c0d7a33863e0617096	True
0xd18c4d0e9ebc0bb0d63ee7e8bdb4746145dbfa1d	True
0x7e361dce32a67581d3eb514f441e5c63da9c2f9e	True
0x1f6d2ac6ba85b22aa738e1392689630df5c4d3ab	True
0x35e8f3e47a3a832fc27072fd672ec16840dd3303	True
0x58774b837d6aee4e9b845a0408c86b82c126ae82	True
0x376b6790d79e7ad62e5cea41fa93ec92d8774912	True
0xf800c10ea8d9ccd6c1c9207189313302b59f9d16	True
0x0aa7c045c8e9407f1a49937e37662d8ecf710e37	True
0x82e1d293c14148f5ede3ee9432efeb4287e06a0c	True
0xd3f2c5ca50891ae2e530b30b880a024f35d54462	True
0x52f3da2b90a390d870ef9a66477cd23d9d396a1b	True
0x6f0224b4955be8a35ecefb578f80f6969b416b74	True
0x4a1c064c5200d0586b3408435af37a7e8469228c	True
0xbe18c84b448085f5f4b3b2731a12e26db6ffd6ef	True
0x7df08cbcd67badcaedaa5be1fe343b58e621eaf2	True
0x3fca97579776350e39b729614d3c10f343e39ecb	True
0xaa6e5dd60627c6d07d5767bca174665703f80700	True
0xd47be1c7d88b767ee0d94458dfa896305ab78cfd	True
0x9a65c1b896b056221cc6aaa58f7331824f4c9500	True
0x421aeaad85bda62ca3a50f908f345134ffc87e94	True
0x7670e91a5416d5f23e7311df335259a9cd9b3f5d	True
0xfbfe392e7caa7f172363890e546beac8b62ffea9	True
0xb1ebed52d2dffe774879588a07d307da2a931ab8	True
0x3d9b38a5dd19efc2d12769094ed20968caab4810	True
0x3d31b2ba19b446fd1296da64422a7cab612f5e0c	True
0xce49c0e8f9cb97e4824de10e681fa7236eb588b6	True
0x38b85f90265b7180ba3833aa89cddc4e4f0a296f	True
0x9b582c9363da4fef94abbf49a43dff15e4fcc088	True
0x68770fbe76c348725520a4241d2207c905d4f96f	True
0xfe19d0e00b9ec5cf5f6e764aeae37dfee484e4e9	True
0xbbba359e36f73a6aaf71d27dc06cbac1385c96c2	True
0xd9e6483cdc0342c1a04ff07872ec7adbabd55564	True
0x958b552f63aa20f32c267a934f54f016ba0703c0	True
0xf6d4083b49b498c9b64741ba75863cf6cff1a998	True
0x82bbd81e2607ba6e0bf990eaf990085b2e2963d0	True
0x9372c41f6063450c7dd8df5f922101818ca58e05	True
0xa3f428b0812813dec2a7141f1c8dc53c64589188	True
0x1508f149d4a237a4276cfa29c0c9eeecc5770d1b	True
0x0a633ee016ff57c3b5167fb9f11b2b1a5c3a341e	True
0x33c49c9ccec8eb576148e62ad8c5ad81fe5b7f4c	True
0x0d7cec098e24031c4687969b33da9ee2484d7f75	True
0xe5bc733dd45a76dce4e75f3697dc37ed5e6f7b8a	True
0x519ab284b62738d9931d5c7d16ea6141bdc526b5	True
0xa9456266e50e68b1bd3073bb4db506daf0472d57	True
0x3433050c17fcc5542dbdd790990e40e8356dca1d	True
0x97b0fa77e92845b125067771c03bf954730eb33b	True
0x413c304d881f67677670f161c354f7d3da182615	True
0x3ae668071bae141b1d611e38c2bdb0e5fd35a60d	True
0xf25cebf3be319ab7616b2512852e1e3bd66371cf	True
0x23c2dba543b40d4829da229740676f72b58ef089	True
0x2955df9bb71eb9c45d981f1486a442d967d5a61a	True
0x1b344ee83873697c97d81a67379d98a08daf8111	True
0xab089db140b9a2ee369c38f76c621d2ec9a0baed	True
0x9aaa7c3102d78aa05acf53f9ea31b53b55fc72c3	True
0xe4685d30821a0d8f919943225a60ebf1143aad55	True
0x9c9cb800aec39663db2b0b88d0109989a018b5bd	True
0x222e6b6d66e8d2ceec206ad4e1d98ee36627a0ce	True
0x6c3f6e88c4acec092aaf1aa38d6495ba76b9974d	True
0x408f8629239f333141da2c1618fb57eab5d651ad	True
0x6c2bd831a487535117b4d47d868e2e111c715145	True
0x9ab09c8128ddaab48d07b2b98114452c46c9f28e	True
0x4bee08e6f2d57e30e53a8e36100d2f1b09b9903e	True
0xc0b3c199c6b712f7f6a563dab7d3d71d655afbea	True
0xa5220bc91d4abb0807576c6d97b7a83fd8792454	True
0xe1472ea7710f122984172a99880ba10c7c327536	True
0xec6bf69cf8768c0e4ced62a1c479b8b62febfa53	True
0xae5ce3eae3a23d44cebfb878d55b10fae0596044	True
0xedac235e6547c4486ee61c08b57ba31556c7e30a	True
0x3f7ed6f0962c8b78fc32ff8f4e9c931a0305000e	True
0x8705548fca8f404c707223567925dae0fea1ea25	True
0x33aa37fd75cf32dedcd9a7eb9a9dcea6f3c9f6a6	True
0x3891f4e6ae98bc017e68661200ccbc9e1189f71f	True
0x5d7e3954a56572bbb337ebc74da5d95c0f9fe987	True
0x8c7bef22872c7043fc14d9870f5b1f0c8799c0fb	True
0x2545d4948aa22e4e602817f58d21bf43b0717f53	True
0x7dbbcfde2bd0f9d85775bab038ece781b6184fde	True
0xf04c83f7d8f09799feb5746e5525f5df5aa28c89	True
0xece3e7ffe7efb47439e1c48bfba758ef3236ee82	True
0x7e434e415ed1512958e1b9f603880cff463c0653	True
0x3ab736f37ca37f482cc19d5ac610e5fc20f67e4d	True
0x7b40b328477135a1c19beab80dc5690f09e2d927	True
0x7ce81d36e2bd0ef8c0fe33068b6068144f56a1f1	True
0x942d8c36a40914eae0fb5114f98238f35f0fa340	True
0xc51b1415036ba95dec05e217571c1418ed3f87cf	True
0xe65cff458046f586bc98cffcda4700857bda0687	True
0x34ffdf27152e6679e0f655fd2f560eb42f9c63e4	True
0x55bb0fa47bb06b77d1edac72a1e5a5f7202fa840	True
0xb3b882caa062fc8cfea4911802094796a643cfce	True
0x773e6a6f3959fabdde38a6659d94ef8e700737d9	True
0xfab89e8696bae6ff09a727f680cfe3250fe44264	True
0xf30dd4bd92208d3d0dc44637bf2e83b55e2455e3	True
0xd7e97bc2b42e995f879b9755b29dabcbfae14d4c	True
0x7389db8ff095bc55f45a021e7f953ea64473f7bc	True
0x9b5a3b8f6eb27fd268c0dbc3db0badc66b0a65b7	True
0x2e58d78a57416023e145611dcc771466087b9f37	True
0x0e37c04b1732054cd887c618d0aa565a81f946b1	True
0x8ec40b60a7d0f83e28d5ddf9992ade6a0d16d078	True
0x8182c82b3e287037a4624d3ea0028eeba865d121	True
0x3a24c111d2eb256cc1852bef97f3f10018221965	True
0xd2e60482a6860272c7fc07dd53c485902c98ce76	True
0xa3d6a9614488a909e512c01e6b602f11235fac2a	True
0x3bef0a3ca36ac2550e4e9c3c3d337db7fcde0fe5	True
0xf555c3e9c02ff648f689ab29e27cab6ed1acf4bb	True
0xa40e8f972fd44e79347d983de427b4e21cbeeadd	True
0xbee0f73afa79781456872b17c9e48de40fbf4aaa	True
0x3b34b863a2a680b5dba6673f32323e86bb947473	True
0xdc3546982628e5e950a8a70bdb01f80be7aa1a1a	True
0x07f97b8247ee5fd0139badad3b13fc54905a124a	True
0xe2a0fcbd54a0d9eae8f7464dd5574267a8b2c3f5	True
0x54e17c18c8aa2ef3113a3ef03d3e7a523ce0ded1	True
0x447f5e140f5328209cc2bbb5d53bf47223198961	True
0x0eae3ecf586ca537c33da7927a9c7703d89f0443	True
0x19f5025c1bffd01292d3265810aedd82dbe83e75	True
0x525a863b974ca7a8c45610993b8d4602d3f9d910	True
0x999ddc113a92c80204a103058f84753fa3466a30	True
0x6dd6db8e1ee9180f71432dca78153ec561c00093	True
0x4a6a4cfccf87e29c91aee623cdf33342eb0694c6	True
0xd0bf9eb055c6ffe0b1c21e96492b77f1f5cbf7c3	True
0xcf85acfdd5e466d3d305c102b65745365f3244a0	True
0x971c2f50ef1fac398ee210ced2c89c272724754b	True
0x5f215b8cae36fb039c234d5c1a3ba9f51d57bd18	True
0x9347655300e1463a81acc47d6154ba44f0b434bd	True
0x9575419d06da6b9840b19b29c7c6da48743b8bb0	True
0x375dc241a976272fbcc1fc1aa52bdd39c5b1dd68	True
0x8ba796d86bbf188dc67d8f7d396c7732200d9347	True
0x9d80e79dc9e52053f39a05df49b5a214b80502b6	True
0xe515b5d1c669cea3917a7829fb3bd68c31d48143	True
0x215775e111f9b24dcc4549ac742a3e3c8d892312	True
0x24becde6f2f4cac99b0925c7ddbbbba79edd478b	True
0x8311c7a5d0636696e2c7f5491aa611d782c527ac	True
0xcce1a6038a19cc7ba2d5dadfab5a21b08529fa77	True
0xd0e4e374356839f1ae48cea91b69b675666a2498	True
0x4d963b0113b2ba06dfd30cfd20e74bfb80f3d03d	True
0xe32eeb4e213889f1f49ff86eab43e3f2c1daf754	True
0x7a4abf5d0d025802dd8a5afb9f9b5bf0244b711d	True
0x55a4f2802dcf6ad7547406cccdd710af8494d7eb	True
0x90820b238dac9d17b5ace7b96bc954cc1863fac8	True
0x2fcbb51cd05d53ff9e7b360713fba7865c63bbce	True
0xe41933a5d331a5a65d6eec4acd591a942eaced51	True
0x649dbdf1d172fe2e1e32e40989bfb072eb23b39e	True
0x200084bec1efebc77897796a49d3210d2ed07313	True
0x63debec89335a83562c7aabb76eb24ebaa2356ad	True
0x309dc63a5ba05ea61e1e853446bd2d96a0255b7e	True
0x1dc940af3fa682cfb964f6175892c50d833e2729	True
0x7081b67b7dbb259da141d5d01b95e9001488b7dd	True
0x7d5a74016c2f831320ef80aa95d34c6af10f88fb	True
0x5ccc86ed36ff25e4f7dc9f1325327421315fcf6a	True
0x2508e5b1d7bc319d68ed1521fa06c884d3d8a55d	True
0x66880e9261b8a6e82539b691ed30d0396c318bd3	True
0x7f6e0a796d02c499800be5fa7d5eb6a00196006e	True
0xcce4ad6ffbe20f0b87f03f953ca0c99d3790781f	True
0xc69f95956a281a2ea97ee7690beeed7ea0dbaf66	True
0x35d55ce23f48fcbfa01ee4fb3ead46f04241a759	True
0xe0a2342e0849347d4686752af2b3ab3a72d03af8	True
0x87e86f2ce8b627bc5e9413a6eaf66f0aeb7792f3	True
0xda1796684cbd25177b885a4384e147758016707b	True
0xc5c1a3734aec76949a3c02f0d352876a621218ac	True
0xd5e09b508512a70629c7552bf351065e32b82234	True
0xdebb6b60223cee809c3dda854b7c489a26567a99	True
0xae85188cdf4ea4e993b62bc4af52746f251dcfee	True
0x6365c76f785ee9e70308a1743bbee9768c6edd8f	True
0x22475b8f73f8718d90edc826ab5b3f24906f1025	True
0x1f70d5b1d9086655ed854e8fc471545812e5d4f8	True
0xb983960f618288a96c686d7343e195d82c3cc033	True
0xd4c16979464277c1653764554192054c99beec5f	True
0x34c309d77693409622ba0314898815ee73ebe583	True
0xce14c9372736eec84add1f4fdcbf40d019e21ff0	True
0x3c4f647066b1ec8e504193c7e18d10ac1e55e465	True
0xe83fa974dd289bd734415c7f5c38b5f2e65d7fef	True
0x58c8df59470b6e4c6d174a7e6a61225fe81f8f3e	True
0x7b10231964088e2e9a2e552f50592504f767df13	True
0xeda04c711ae0c2be0d9a793b637cee7a20b890d4	True
0x5a21c8ae6c2a2c2d9bd0a09d1e897b493909200b	True
0x0738750f3c3d8462229348a1eca5854ee88d31eb	True
0x4f7ea385cf280270ee786071c1579be3a73d6692	True
0x084cacc69376516b775e4d62327e94a887ac2a85	True
0xab46d5a05c60783d7025451459a30d46592c40ed	True
0xf8c463a1569c9633969dd8aec2346e3204869f7c	True
0x47404a6bb50b3568ffb08c589d9c47efc43b1ffe	True
0x593cad560150d104ef8c7e8f961bb35197ac7a7e	True
0x825e7da80574cd66586aa610dec729fc46099b13	True
0x95a0bf3a57abb6a5bfe7f4a1f0bcc8670e067d1f	True
0xf78813d115000d4283d0bb4e3e5943a24bfe6b8b	True
0x2ed6f6f6297322c8b3d93635ba6887c3fbe67913	True
0x18710251d4d23f20ff022cbaecf710bf4f028177	True
0x4a937a21c5d4284a82803f33e0be200eb21a0955	True
0x657570e071f4e7cc905b94ca38e2f21e89a1567e	True
0x5b43d7e6d1e1e90873fb46a35518960811ad0708	True
0xb29dc8d0d5e8c727a5236583bf0f81277c62bbcf	True
0x463e0ebcab0a670edb083e5764588fea0eccb197	True
0x56761dcc637e4eadc11d4b53f6a956ec04ee1a12	True
0xb0219ec618b2f63db6f0fd4fc8817c986278edc4	True
0xb59fe3895187a97ca4b71a67dc698a4d167edf33	True
0x2fc268d75442e4948dd7823c3281a29b0a717677	True
0x252ada90e0a9c46c0b737bc59abd65970d84caf8	True
0x8e71264ce846a65aa7258a505f94c797c19ccd0e	True
0xcb78cfe90342a14789c47876e16bf9862880a3d8	True
0x1ebbe6ace2cc20f55d425165a3a922b1ae525b0b	True
0xeb55592e0197cc0741232e225f6dca3669dbbbd5	True
0x07ca9a493eb0de7b3d7ebe109f4a9d7207ba78d4	True
0x0ba99f0bb9401bfa60c49707095a2c62efcaa24b	True
0x10ad60dded35b4059196d1427b38fe2c5927f3d9	True
0x5a44998d30668d0b472b3df6c05ac30b314394a3	True
0xa2675ab55028e3676befb98afe06de9a9e9349f8	True
0xc57571772caad0b4074a0049e942c83f7a5db335	True
0xe5b114428fb56f44484161f703e1a7f64b9f3633	True
0x2d0ce9d9a75f3500b410420029fe6fee566293a5	True
0xbe394386d2e10d248508d517a47ff6e08042d413	True
0x5e1ad6c5e3db4c5801de7316548366e4bc30176f	True
0x787d3b127b669b648e988418ee910040d13adcaa	True
0x0edb3272eb20bf0b66a00c5bae322da660454579	True
0xa5a562ccde7d2c499029496743ce1366b010e9a9	True
0x67bf418a19ef49e503ac30d263852972cadc816d	True
0xf656d1138575c50b4433f952a955fa915ef78203	True
0x429334be544be24fce7b165742b1eac96162b8a4	True
0xc8419cba31979c562e03baf7442c76484eb24792	True
0xa8504a5884d307ed28e66bdfa910cc1d4fa242ea	True
0x5c60b072de3a0df493d576ff92e5e863986a02db	True
0xedc5e6d8554dcee5a24bb262a7a4380c765e6d1b	True
0x6395c38a9f387a8ce5434e59e61de54287a7586f	True
0x5a8b95e67534235f6661e1f776e491035e1e96a3	True
0xff1bdcf08bcf0281a8ad1f506dc2e1e343a5ce6c	True
0x926d62f2ef2134a361a16677e55b87a160879c91	True
0x3d9ed5a13a82ad54813ea85cdf2ab74b404e6433	True
0xa1f6c8142def433bae56a6c58201ebe7b1b3549c	True
0xc4859b1144d6170713b731d8789d8ec474774f1e	True
0x1708ea01962e40d9fa13d8459a56a74bb7038ab8	True
0xa84488e963395e81ad5c0d011b3e7d55b501ace3	True
0x6e1ffd565899b33f273f38830c47396bdfea7e91	True
0xb776c2dd584355dd93eccab90dd3e2d8f0b39597	True
0xf94fbbc655291a42c5bc51f41e3de2bbf9b09db6	True
0x5db92202bcb7f86857ee6107787bf89b6d84cd43	True
0x8f7e9a89a4a5bbae002c61e9a5b2bac5d6b5a844	True
0x9163dfaa62140c351ae7c1ad1882bf5708ecb77a	True
0x28aa8dc5aeb68232c7820565dc2db33efd2c2cf4	True
0xa4772226d8501b8c1899ac3326625510dbde1031	True
0x5027e8f660d8728f23458dfb6363b594cc3c9160	True
0x63a69c0a042246a5d8607d987300800642dc8211	True
0xb058ccbbcff2cff9bc7bcfe53985ad444bbfd9bb	True
0xabf6b98109bcd3861eeb9cbfd09ac36aad30fe72	True
0xefc7d30faa116b81207045046ca5c80e65e890b6	True
0x5898d5ce8706f0b9ce8a70082f55d5c0398666a3	True
0x588d15068cb7c7927b0c2e9bc362c4f195aba085	True
0x6e1b22d319940eafa940581c8299530182ca0678	True
0xf65506615fcf71d02aac7d4be0c3e59e696e6100	True
0x73bdfda6e944a186e72479c1aa39bc8eda5010cb	True
0x30afc2dbcbe98971a77aca6d36e468baea19a8a5	True
0x88927745aa62ec0c30e07564783a2ffcae160edf	True
0xff148854c08d8559bc0504b5a8785eb38cf80a20	True
0xfcbe70a21134dca91d5417d30373e9081ff8fa5c	True
0x108c7c7e5e35c92d4dea2931df57d455ddaec204	True
0x89ff1dd8b7034b0a96227e56e63fbe4b4f0b1606	True
0x80defc41339303c9ccbc68d48bda24e7f6d701fb	True
0x820c04b66d624fd9219ad4fccf75bd26140ca6de	True
0xe4cf4e201394b25a4a428c32e8cd80898f9bf318	True
0xb049846bbed998862a4803a55b18065c89f34f7e	True
0xe8f67b00c52135302646448fcb2762c7c3350be4	True
0x5ad4df54b10f8d167bb747c1e46cba932be2f119	True
0x70066e58f3ae3b0a3a18fd3db761d90caf729a78	True
0x7be29e29494eaca2666e37d62fb7ee71ae7ca453	True
0x644caa215a173aaef96c8b3bc2c9e8c246c6ad69	True
0x06e507ce3c165401cff1bb81482486ff6d7db5cb	True
0x2b8744c1698c911cf0d7032e6b28c31cf26825a3	True
0xd43b6591cbe11fc791afbe525d35fd9152107ea5	True
0x041efb7ae43dc01c7b4eb185837eb28e79b832c1	True
0xe15b9da18cab6991091344fcceb873ebec6d092b	True
0x9c2393b638e04aba5245e7ec6318bd912666bb9a	True
0x7260f60dab846114a063b1545d4ca906206c7298	True
0xccd5611cde9027bd3a76256a20466c72e19b82f7	True
0x81472a1eea8fd3565485d4348d69ebd6ca14ab15	True
0xa98524b3c39fb536e172af95809b08727cb1f8eb	True
0x08a74a3272c3cf4d92fba4767347ce34e43b406e	True
0x2bc349a01b7a9ef2043eb3b2204f67c6b5e6b080	True
0xe49819f95663ac15bbf8a9b26979d4b262e524cc	True
0xbc526632abbd0b92d8fac746b12ee28c02cfda03	True
0xb531d404a9f845d48001e4b8762a267c9c712997	True
0x48644dc96df143eff74d3b677872fb69f52023e9	True
0x52da610faf374002e29688ad88f2777f088b53a5	True
0x6d3335084308c1d297d3de9f3853aa6e3e215fa8	True
0x3445814ea83b478e5ed08f7025625e9512eceb92	True
0xfd013ef62662437ea35e49898ed4f0a002090037	True
0xdf696650e7f6a8c36326c001095072450d3600ca	True
0xa1614a09b1bcfc6f772265763254a8f378789803	True
0x1f343dfb153f37fbc7592626a797ff1cf8cb669f	True
0x9cfd2fd4a67ffda6089f9af64660d7239e066a45	True
0xa4974538d213b3eb744d2acae2528367fce479c4	True
0x3de2777c95bdbdf667a1c92bd95aa9e5967c3557	True
0x63ca8afbde1df12d4a3a78dc3719e79fe39f4cf6	True
0xe659e471bb0609174cb13c8cad888d6d00adc6c2	True
0x4d42170c2d7f25f3cad3e41d839cf4a2bc83ff41	True
0x5da379591e03df6635cb98761f4ef0284e022fc8	True
0x68534652d07f14f08c9bd31a4cf9e4c0d7823dbb	True
0xe8a8829a48e22c5367217492919a6cb041fd1d79	True
0xc4a3bd4d46a0c993b1612ed466ae7b2cb63aa7d2	True
0x17aea4f4ad65924ff2750b367edf2ffbed118992	True
0xeaee67591ca3fbd41392b4f8f32077e167548d44	True
0x6b3c427c7388c99cbe6994cd232052cfcd6c0281	True
0x3b66457bb7f4e09c15a31f214a7e5bf175098fae	True
0x1a47e20de4bceaba6c9097c6c40ec8aace1d39ad	True
0xf0e5a16839555a1a416964e2a09ed44e9147be82	True
0x0b44c11b4bea6aee6f39ec4e3158f69d51195b36	True
0x4a3ddb927b0a14b2c1349b4d6ce326b7d6f83205	True
0xc4c47f2ba43eaa5e4909c2b85fbb2999fede6b43	True
0xecc683e88142ecaff8471b8721ddd62c81422620	True
0x0de96d94a67fdcb592f896a2b027fc99e37be6d3	True
0xa464d264a618dd80b81f21f56c5efbe22c67f66c	True
0x186c033454a3b67433b9e26c96bcbe3cabde7472	True
0x61c89180b921f9281d38268c4cdaccd3a7bcfb40	True
0xeae7389aea29545d8871ff0f0911bcb078769292	True
0xd28e4078275c825021c7afa001011e621064d600	True
0x9a921833885ba5f4a68ba6957c3a8bbf4f9dc6ab	True
0xd16aeaa2a8f3f5f5af91430dc3b07fb2fddb0a58	True
0x482a7fdda25dfc8ea8bf7f6a984d1fbb15dc82bb	True
0x29c4f532a86cbce51d4bd927af7f06ed1a632091	True
0xb84c2797512b38fae18edbb088d3aa430fa4505e	True
0x9df83b69955700cff71bad899105d403c320496a	True
0x41965b25138c8cbb0cd077f8c618ec75f19b9d16	True
0xcecc01ef0afb8246a62db7411362293bb59a2b00	True
0x58bd764b5641ce4265efaee2430223d0797ebb9d	True
0x19cd7e205107f0de83f64525f9f2e0e4e477f68a	True
0x40d93d15d6a8d1815429531a4b99afe64b3e6c9f	True
0x666b51d5b35b0fae903ab4be2c87fb18f6c8a428	True
0x927594d16925f9cf215c077e61849cd714c01672	True
0xa4945d3d1f779a057be848292428457e14b948bc	True
0xb9e9afc07c8427b882116bba2d3e494d9b512267	True
0x90a53c6ef0a90377ec121f641760a73c00488fb0	True
0x4e712c1c6e4892efbc9729195e43d1cdf2670f8b	True
0x73e6eb26705f777e359817507cd3cdce97cca2d6	True
0xd4f6053ded3d238f46e07677648bf2072ce09234	True
0xf24ff6378c897ebc8223a45891b49d259b7d00dd	True
0x03c8400030aa9825258dbe653005e48e279353de	True
0xfc434ee45643ca9fcdd2740b39ac8ad4359191df	True
0x7b7af48ea99f87d05ad90f099fc5767657a62ebe	True
0x4b4acc6cd5e2557776cb830f4b68f40b8d32716e	True
0xfd0b774edbc46dfa74d8d952865aa0244f1effd1	True
0x223ece7f6fdeeed39f970c2bb8ab450ddab47d12	True
0x947175713178b97137e6e217d7e5262da1488a8a	True
0xd4fc557b686f6c9b52858166ddbd414e1986fe21	True
0x87b52d682cf069b7d98a7a79c3b595c452eb4256	True
0x72ae39f60d6c9c7ee2b4735cc13f14c5d03f9771	True
0xfcf4619d2ebf58e856cd2454a746931caaf20d6b	True
0x33856b74ff0e952aadbdb52ac9cf2d59fff1552b	True
0x68ea8ce6b16f78236411dc5e1f733da237e76656	True
0x0bba4d97a0ef568e378bda61965e5ed83bfdba1a	True
0xcd6e3034279fd508e775a1f5d65e9424837dee28	True
0x0ab10115d4b92152316b470835271a91345c3148	True
0x7287631359f3604f7d7bc3c3801586c7c6341328	True
0x1e394c7e8008679b875474a4dd09fb4f00c44764	True
0xca161baae831c78f686bbc5329656e3d64c8bb2e	True
0x395992ecbf5d223e7268bed9b2055110252607b3	True
0xf878dd2cd27b49f0cd7f4555bce77c0cf3374fa3	True
0x7b1e0829ba7109a5a20b15227bc671e1776ed6f8	True
0x5914724eb8ad38509240189b0723b1466b79559c	True
0xdf54384dc8baccb9b5b098126ca682512b5c71ae	True
0xfaa280ea1545eafa04421282edc5bbd0bc74c4fa	True
0xa53ad4df48217529255619cc406a176f666048da	True
0x2dad20a6a5c7f52db8598cedda193b3e2f9fb7fa	True
0x057742d2022b8e70d1606515d5adc2bd3110722b	True
0x56feaa4c1f2f8a83486f5a7e6583d9268f4744d3	True
0xca70a50082b88c1f2ab60e3a9a8f445a96fed439	True
0x0936cc75a3b300b73aad657e40e94c9bbf85c856	True
0x3f6c694d1fccfdee310fa0b3bef769442aa706a7	True
0x6036f1aa602ddc58979cdf3600dbd0ebb64ec8e6	True
0x3e665cfd0f0b3d2fced8c12c20c80a91261fe10e	True
0xe0f4f7948caf06c4349e5d8f86464a528d01bf6b	True
0x09aaf2c928b1f713237a31f703650494a5f6c1f7	True
0x8378a09ed0513876b9e99f3c780f3e993bf87a90	True
0x45e5bd0de4ed16a4e6f18976359eb2cc27a3146f	True
0x1defce4e7939035823c54b0c171aedee1e5bc328	True
0x6f4b9b0fc268e46ebeaf205e1790a3c6ad8bd7e5	True
0xc65ee7cb28cc18e97fc814ed9217c279ad32588e	True
0xa8f04b23c8e739afe29e713ea6140b6a455335ea	True
0xcfbb478d4c650017038ba68b378638697a9d0534	True
0x495182c9482602b9c8091273a147aaab40429b0b	True
0x8a26c19df8ecfad13273db9f678ca9d7729a7964	True
0x4b33f9f177f1798704db066ae236aaab92dc2737	True
0xcebc031714be713ec8453c5f2e0d3dd161ac79dd	True
0x8199b3c57f0a600be67129da461017d45ff76c35	True
0x76add90ce621a8b4f0a750744e3ae5c58a1ce965	True
0x588752f1af3ed9179f6d528a17ca37a4f2ba78d9	True
0xf7d4fbb7c93dae2e93c878249c168842b779dfb8	True
0xd7a38859a9f4cf585b07f3d942a4fee61cb7a2ab	True
0x63a826267305a5689ba03a3f62671dfb4e307306	True
0x3393efba23808691d4d14b2f5101b42318e3b583	True
0xbc2e213f246f7e2d5e3f1971a8e9e674d2f3c5c1	True
0xa5b5debd8255b3f413ea795b52fe611e23981cfc	True
0x296d987831cb264e69aa8881fdeab38240a1697c	True
0x3fe4a3369a2c6b04c654b70e8201445e7b60537c	True
0x6a6df9b268a49faa0b4195f1ae8d1d392f4e6ce9	True
0xa23a8a084b4f549434bfaee597858f62c513a7c2	True
0x1397d919e16a145cd452d089077e21c9da6c10b2	True
0x9ea9b3d130a00698758a63c2a15f90eca343f16a	True
0xde8f3d13181a62fb554e7264217fd5a2bdd1a4ea	True
0xbfaa23538494b5b9ff7ab514a03cf5054bdffb18	True
0x8139e3a9903390a931e89d38043e4114b60f9555	True
0x61e265a8f896a286be3a87ce71f5f7a5353a4022	True
0xe5bbc79e825c6b6b899497e5899c1dabc02dd9b2	True
0x5cc4753fd6c551211c8e9358f7127228d93ca8e5	True
0x33f2d6072e708b82e3ae6afed8ffc01a8479ab5c	True
0xf85f195c33c240d3a11d58181869f9c3e4a6603b	True
0x15fce108f450edae6af8c7304895512411bc684a	True
0x9a491636f4864972579c1384fa70c3f6479075da	True
0x530507d1e610e2bcd11d60094343ae49f3ed1183	True
0xd0c4fb4eb417e85f28028e247d05837414287617	True
0xa1ceb50cabcdd57de60c7955fcf1993bdde5b9bd	True
0xb036cbb4608c3d50a707b828468d983ba732fe1a	True
0xe101652d249ae33679e74a9c3838526bdba0e994	True
0xb48bdc43472d64db3d8d0d0d393512a2d5324dca	True
0xf9c8d69119f7a15fefb0614b5528307ea19c1eb3	True
0xc0f4a2bc15941451485414e8fefd7d2559eb2cbe	True
0xb27a3421682d66125308f80aa42fa589730c11fe	True
0x2627ffff1e80857124a364afc67c1902aa854aa6	True
0x1a1834b386277706e2308234854769774c311f4c	True
0x6ffe30ee84ca0b265cd9783f60d9c3350e76cd23	True
0x1e222f538d245752b37ea5b5eba261be2d039e5b	True
0x17444b03565973b6f33cb1cd54ffbc1a1936cd7f	True
0x64541898ea8c63972e50bffc38924f41dfefc396	True
0x1bf291d359ac9535bb32db6eb823e2dae430d8f1	True
0x8942e6a5112f11823384aefd2c711f7a6cf0af80	True
0xdbf59e6304ba0236ebd1bf2a4628270b040de129	True
0x7d52b018eb5a0e3bb1a27d3a807c87b841182d26	True
0xb5b2513b3e8c9ed13f2c7b76300f5576b9fe06e5	True
0xe4fe522594b0a9f4ac74f8d333444f40984dbccb	True
0x7aefa9f5c0102cfd3bd9f4cb7a844b7e4d467121	True
0x5635246c3d1fe0e4da1579e38fc45a83df3c9973	True
0x4a11a7ed6ff3621eccd5f468ef2f6c9a1c0b105b	True
0x45c876efc24a6f13ca90179f35cecae1f7fe6e86	True
0xff11e7c2c5dd1335fba824b2125d81ed1a4c8e73	True
0x0ccb43689ce84fd07bd5394c15c2b69f77498711	True
0xb699d1de26214f7cc97ed2088156f4f29e18d9a3	True
0xe87cb3ca33420986ca057910db4f372067cdb10e	True
0xbd04e48c3f1e65cac939a7d25176cd8eabf1f1e1	True
0xa1db14f4d3a1db457ad289e5e5b7fd3e7c9cf586	True
0x16d5386be24fe3d638d7f1d740d92f08e0bf6b75	True
0x22391bab783cebbcbd086392f6f2e7000adfb229	True
0x68976669929f26b63687898d44f834ddd98f0968	True
0xb5791ab8a38811b420a3fbc89d76e64f5a527c20	True
0x72f32b98ee48f7872dc4adf595ac19afbe45ea9c	True
0x167e5da7cad8bd1b674eb55961d968fb75591ef1	True
0x0fe7be20e0884b937989713f8c98fbb12bf26565	True
0x2de59cca1af2ee467347448465c31b419356f811	True
0x0ed9f135960f71dba56c9328013dcdf91f3cd5f9	True
0x3aee005f999e14538cac02dfa4ef01f9db7ebab8	True
0x3dbc6180c1d995b5955a82582e0ff2261445f75e	True
0x5d39220dddd15a7988938ff594c6789f6995821e	True
0x42abf4edc21b6380c254ca902164b56b55166f38	True
0x8493be7491326122b8f749e93266bf5dddd8dacf	True
0x7fd6e46229b0afb7cd47430501fcb79df2fbaaf6	True
0x6722d4ab7472ca6ca3404c71b62557c663c078eb	True
0x0138ff300a0ef9a9502c7a6fb9524e39fa651bf1	True
0x61099fbdba18be1de27aacc9112a06b649d36675	True
0xdb6f9cd00050c8cbba66ab921d8cc0d235b97093	True
0x67e7352b0d9f40d841cab93275582d6936b6a2c7	True
0xd2f2dc35ee0811202af18b58bb40d0c0bb79803e	True
0x21e724ecf08ab98e4488bf835876dc3e61c8b15e	True
0x299a49833c1aaf07a509046a74ef38ed95d9dbd6	True
0x99a1b7d5f89690660760928e58a505aa5d7bf60a	True
0xb967cc20534db90103ca85dcc3c0bcc39e4ad821	True
0xa809a6a9e8b96bc0042a5302409fa062178e9c16	True
0x92ce9572ae3cc3f6fa06db44106869703c32620b	True
0x0dfdb0a57f49107665fb81462ffe4648665fac02	True
0xd44a55fc6f4083adedff2da90231f2144f42ef5a	True
0x3c2a15cd166b4b23598e0a2dde688c404687b63b	True
0xc7a479b31673525fec722b34fbb88e3664b5e574	True
0x1d665e958fff707d90a439b84d150fb69093ea4c	True
0xb25758eec18f41e97a0ea8ec0520c690ed90ffdb	True
0xa281564f480880399c106e5678a09684d76dd56e	True
0x0dde28d1d12bce68b4167122891db2d28d310ee8	True
0xc086db5a02cc25901fc507cbaff82a51ca9a117a	True
0x9771acfff56fbc1b3f32a6228aa5c04e11ae346a	True
0xb643d0208ae6fff920c962f058c064dec39d4823	True
0xdf265302232502a6afc010e23e8a801dab0c88e3	True
0xe9b10c06adbe17fe33d3ca3aa55b20c10aee49e0	True
0xcdc7758a502d315e18b39ae4fd8c667f278e4131	True
0x5c8c9d74fc93a9c47cca97d76c13902825dabcd7	True
0x99ac35c4aa84f1b8e43affe34efdb6188094b349	True
0xc5fc8947585771991e50ad4bc6f8465dac63cff6	True
0xa4a66796fb863cbd6c6a06f20e302bcd6ada3c9a	True
0xb1c889e10da4a7acf76c53a6fee680dffdce0175	True
0xe2017e36b0d0dca6e92b84d2268cb01bcd89335e	True
0xe41bccac275c93ca8b37253ffc7ba96c47ee0d5a	True
0xae944c59c8a3d941a1794edbf54e319f00a567e8	True
0x0cdbd1adbae2922092cc8715b3bb4f05aa767b0b	True
0x517394bd159ee73230f7ae045a62c32b7fc7e3f3	True
0xf80e8b8dfb4e47cac9b88449ce15dacdc3003917	True
0x8aba00126a4478eb944b425d0a21ae5c8edf5479	True
0x65ee769e756932daabdca5f4f7649a6bc7900390	True
0x0d7aacb67d02d5d4b70dfd3d057e42d05de854c2	True
0xd259d5e5e6b25641377f9b56e0f6e7d5f919fe84	True
0x0e886b397508fb112c5846fb08ceee0141d8dc9e	True
0x98a486c5c7f3882f6306294f248a24a5c2e53dec	True
0xc339491594447520896ff8be6cd3a1f1801844b6	True
0x36718f3bcd9c9b570668c63df22e3a812037c544	True
0x4bcd8cc42321782f44e626209db8722d11ffd28b	True
0x97ea511d2e6c0ec8dcff45431d2f0840c3a2c2fd	True
0x1b956bcc375a246ba96e3c2d4ffc7ad41b87fa71	True
0xc4578381b349c5263d25129eb62d6237f93e4956	True
0x267b2655775fe4e82aaa0c5126658be99aa2c80e	True
0x186826dce60c17a671a2a718aa3e1caca5298159	True
0xced551d28d227a949f72ba0e4ee57934366ca293	True
0x475c7b51d3f7e247739822944e8c18dbb0cc1846	True
0xb2156b302f32b7447a1719b7dac10df4a709dcd3	True
0x758144220c35bc15471d995ac9ed1313bc05c13e	True
0x6dd5200344cba425893f17bc7ad71efff35b6bab	True
0x9f27981d36acea488d54d8103651c50f5d2285bf	True
0xb2baae1ef3c51cee4b1fa08a6e33e59ddf356d49	True
0x5b159bce345ba1315eb09350c20dd6ab8ee2e071	True
0x58e66d21b2b880b6bd94d7e3b4d72c690fb203cd	True
0x025f702705806a6cc89e915ffa1be65e69dddd2e	True
0xcf1cbb5445feb847c66da0c6af52e0ff1f898bf7	True
0x0ab443fd978b37fa702aa617515af18892bfc49d	True
0x0b613a5f7019f8452c65bedc4e8b0ac64960fc8c	True
0x4e701ec37226a3c11e89bec49a852262844a2dba	True
0xb282d5045f720dc49c35749039f88df7c03eeead	True
0x2f84159d5f79c136e9433876ecfd33bd185f2601	True
0xd6496d57e98af9fa91094422df2c21f4c7c87e32	True
0x0597c11ba9fb02b1b37f8581caa012c29b2f08cc	True
0xc33fc814c934962f6b8ceaab57a5c31dab8fcea3	True
0xab47bc0278561d7cfface68dc0da0ab575df855b	True
0x926b81ac59c20595d17814a0cfeadd6870beef05	True
0x2edd42549be57e5ca37830b14731096affe6e7b5	True
0x23ced078fde90027e0fb5e0a470e8cfc737e71cf	True
0x3b7311a3fdc48519e8e5313c2a57cce775dcac10	True
0x6049b21e86a1288b2ececda1c24479c2691c434a	True
0x4f264c9f14cdc16d5f6403896cbb26d480fed7a3	True
0x92bfebc142fa41af104750421d96c86403d89fd1	True
0x3e3ccfca1fbe6e193dc7cff24d9a76a110b34e9f	True
0x17719cfc69af5d4ed0ae3077ad5ed3bdcfe2d2e0	True
0x0d2ac6f7b15c4f261ee02857b3803ce29aafed1d	True
0x5564b1196c4e45365efc6d3f7899180acc2f4205	True
0x9f73dceea60060e9c21618dd8c93cfce311dbf7f	True
0x3b0560caf06e4a26d95d816042483f065b2630f2	True
0x4d3065bafb64b56fbcbd3b6e0177b1b8c6ee7625	True
0xf1c12cdc25d9f1ccde38a9b1854734e0ea441b69	True
0xfb18146ac04427358b6ba2e5609692ee6a9fb2f0	True
0x8ea2158cf47e845dc60f52e9443bcc25b77a619d	True
0xf8073217ce4bc6fb2d1ac1da40a225059ddcfc0b	True
0x3f45cc023e2540d06a01787d919d3b2f8dc7aebc	True
0xb3beef547a8af22d7f54333fedc492a98d68c0e2	True
0x8c57d3114f1efbc15b85c39cbdf41d9e274b038f	True
0xae687e1a3062fed59b4b3a6b72817ac18dc20054	True
0xccf3bb2faba44a00c70e10bc297cee4ddb7af76a	True
0x5406f649daaf650bdb969461fad3e41f9f6c086b	True
0x7bdd27d2dbbffa24be3efaf94cc66c7db78b22fc	True
0x783b07f26f21aa106955c0e0d068190e49e88a2b	True
0x902d21454614e68292ca6f49e2525e176bced453	True
0x6eaebef356f0005f95e8b4f93d2f7df869bafcf7	True
0xe795e79538fccb1f9dd3914885f2af1dd37447cc	True
0xe3b5565623345fa39dac1bd1e70246dac15f45df	True
0xecbf716c557e5b217df39b9994a3851ef9ef018f	True
0x904257565ba82ec8b888f2748135724bb141a981	True
0xa9541944f52ad80578fad6d12dd2341a0c976efc	True
0x788b5f104dfeaa9ac98382ed3e03e092c979e0d8	True
0x90712b830417d76d775276baa174cef82d4d1a70	True
0x9ffabf376fea7db1b2bdfd324dc59f162c1d3d45	True
0xb6046796d0bdd2313aca24ae0f7f2c6c3ad40dd3	True
0x9ae9ce2b617447148b42e2028b76c6de8886af8e	True
0x4395fcfd6d3b0e9521c2b97838b091693a8120f1	True
0x490a80b1ce2382e568bd3768371f15c7312bebc4	True
0x2325bf62c4b7fd538ba5358bc9a6ee06bb73af74	True
0xc378bc978eb080df859e4d40f97eac747753fc8a	True
0xe8417b415c4c6013d44adae638729efa204506f2	True
0x0d479b454fdcaaaf84e6251d002e502b1e03d074	True
0x77eaa8f5daa5a6f758b14d5face67416b1f764a6	True
0x4186395f684a72a52c43e86d198a18ea2649895c	True
0x992f501f9a0ab1e7c2b90a576020249915554d0d	True
0xc61f61c2b14bc4b3f9a274995b460d9884f33af6	True
0x8dc5e8ff87a5905e8564f14f0f48c6393413a910	True
0x8c15199cb14c0132f3b38e210f6ada5693c73033	True
0xa3607d636a2818386738342185f3e2c5d3e7a8e5	True
0x68becf8b79c244d27ef4929e45142589a2c98af5	True
0x838281a4fe7f1f81832a237f0557cd6208dbe6a3	True
0x258a021f3a6b119ca744452e574c947b53dc137b	True
0x3868ce7d119c7ce21dcfee41be29af943ea6b61f	True
0x44ed9097be08dcaf59a62db8adc3941c131093de	True
0x0474c75244e165ed92b21e1a955a0c95936e6162	True
0xa3aba394f0a721537876f40b0697a02b92cdf2af	True
0xc21c85d8e0ca336344524f00b47679a72dd63a3a	True
0x099dbf81e2e38bfafd0ab0faea5d9d82df2592ff	True
0xb1eea17e9fe69bccdf7cc13e1fa6da2e1ad655ab	True
0xcfb5bddd9b913dff64d74f3050107a745f3b532e	True
0x1fb1353903c6a1ff1394305c0c04874970a5048e	True
0x888cf965265e632a16ebb2461b9d46d32a205833	True
0x0d5da50f50c6b386001b996db234e9ec4b0ae6de	True
0x030a58408df333f0abc153417999d9af5abf5afc	True
0x76e688c2f139806f5765ad7cc9bbb116a5281bf3	True
0xd25b23d0a637cec46d420c3b75e3a4876b267322	True
0x4bf53f6dba064692016b43b713881fe3246db7dc	True
0x4159bba51337f9e72e3c3071fbdffc5dba5b2687	True
0x874684635987dcfbecfc92a0021165a8c9a58727	True
0xc1f053b93eb46ac873ca163bb084550ae64d1484	True
0x9b5051e4ceb442f00bcf3666be36329c969a1e8f	True
0xe320a8c6438070f27beee2062f36dab21b9f35be	True
0xd050b7d9c72ae6c1a9f8833c1aaf3c78b497c922	True
0x053b92fc03ef9e4f55f28a37f5d67364ad4327a7	True
0x6da623e7ef533590969a9deb7a50cb1e2fc7483a	True
0x17c91cbf793733514b78bada31abbb58d112fb05	True
0xe4dad720caca5532e79707f7d16ca92cd421e077	True
0x16bab79915e799c967dc67222996b279d5867224	True
0xafe8c8d6cab2ceedeb2c6e25a52486a48cf3d62a	True
0x81108a61be528f6310818df3bdf9709c2c57d7e0	True
0x7e80876df39a7d727c4f670c975ce93ac65202e2	True
0x62068bf4dcfd44301b8b563af171a39436d8acf3	True
0x390d65ca6e11772b7ae1c9bd42858ea1c905d52c	True
0xdca992643ff98cc72a5a7be0e8874afc5a1adab0	True
0xcb11ed49a81167f0f3d923eee99ba19f578495ee	True
0xa19c97cb758e77f3d39773310b50c8cf539c5d5c	True
0xc3e0ef19ba5bd4aeee234aff4c24f55b8fcfe554	True
0x8c9ae435713af3f77d7cb5ebf5822f6e4938c0aa	True
0x6cc939662f6c1aba51e11f808b56e3c8f20f21fb	True
0x817342fa437215dc91db1d1d7802c14bee46146f	True
0xef3cc6b477f757df8990ccf0db6f07bdf857635f	True
0x266e3722220863e0b4efda787000b5898ae6f3d0	True
0xe52bf24f5482b155882d70c1fb783bbbcc950815	True
0x4c3eaee26847107a5496f7d2b6527f4f40718730	True
0x1910764d7fc0cb50ffa3ee34b4eaad3245bddd32	True
0x738d557c938c5d28a1951926152092b5345543da	True
0x8e8e83a21844a1e14be707498fb49131e1b014b0	True
0x667b866220b77e1c56875318f8542242ab3f89b1	True
0xe5e2576a15600d8f0313378633989df572d26021	True
0x8c75ed89a8cc3d3c80cee96340c5e51e81dd686b	True
0xafb4d0dace069bd480d58bd17cd5d0ce7c4da0c5	True
0xa9b52391aaf7fe04e691c4856d21b76a83644ac8	True
0x4bdf464e2192f534a1072874c08b1ac430b415e6	True
0x3d66b9f5b1587b64916ffec7de59bad6dd6b3f65	True
0x26fa240952221cb671c8e3a38df5796be827e690	True
0xfd7eab68f1464c2c8d694f6a0839f2e85cd71fb7	True
0x3ece553576cb90c2b50173445c2defaa87fc67b6	True
0x525a4fe1b56eded92f2a4b850d74418302de8daa	True
0x21f36f16ad276be3a646c87b3b2dc762c7845d79	True
0x611cd495342574b0ce229ce1dbb233c76ab745c2	True
0x8cef4f6345462f8d7f9003fb25df00ede9aaff31	True
0xd852f5e1ddfcb92302e4629908690674208df878	True
0xca06e4c2af2aa489e8a1f64ff332ec9b12849636	True
0x39f2eaa38633db9d54f58b359bb5990b5e965e28	True
0x79481d16233b75c2f0ce42666355a01980691c1e	True
0xc3f6135c9a31e0e514283c4dccc53053ef714741	True
0x4d98dd932ccd7595e93a49a0990e772fcacf6c79	True
0x0231b718cf73d1ed326bd92b9f5593e61740b292	True
0xfa4f44821429304c24b2254a6874cbc61886ba1a	True
0xef0a0edf183e652a93b635609c745ba786ada6a3	True
0xa82a40f90e605715bc0ac8441cb78769456256f9	True
0xed74b44f91b34a4bc5b88546f105b961dc268d3e	True
0xf31c06e7efb0f073fef5d714f89d0879736a225e	True
0x818a31440fc3e43c9b9dfe9c2483033d1039466d	True
0x601a27513dcf8bc4af1d58156a8b661f01062f15	True
0x5948621b0263e2288bb8909f6a0d24a722053a26	True
0xfd61f94d74cfc294129677543f69e546aa6df784	True
0x939b168721a8c5326419e3bbd7e0dbc33f0d8193	True
0x19b4bea217de706d1b4a31edb74fef6f7dfa85c2	True
0xb691cf4adac902c3ee9bb8fd6a852697f19717dc	True
0x53c9f80b2dee456c5b45edacb6c43e5aab0e6d6b	True
0xd42d00f29f707260777cbb42a22cb51340b97d42	True
0x4792d634dddaa214ec0d0badc21db22615e93ba6	True
0xfce8d35d962b640ff208bcae853c4ca34df55c42	True
0x4224c31ef937e66c50fa7f8254d135d1ae36ccb6	True
0xb778e71d6188cfb2e8872452419763a7c8c416a0	True
0x2f9b741db896742fc602a784c6f850a65c843999	True
0xf56dc10aaefd57160e48e8928d2c551332a481a4	True
0x257771d7bcdf758c243b064d0ddf1df1b957928e	True
0x5b00e8ee303d9e1dc259fc93509121568b42c342	True
0x0cdaece51fc310710bedfb4a2c969669db214041	True
0x34e26d2e7a9ac1cb7a5fbce70a2157a21fdb09a9	True
0xd1e72ac634c911bb46e4f2680ab08842f1949162	True
0x738cb892c390a896b009d11d37de48c73d427959	True
0x1476c0320046f53984f7f77542dcd6a007803428	True
0x0b049d36e80508f669d98005abdd05ea66024e91	True
0x8cdd2b1eba558998092f3f615e01a4f005a7d686	True
0xbae99aead9822427c94e6277f3e0062c4d7f51eb	True
0xd34b6176c93fa82dd232426960ae13067a1d1419	True
0xcb44098644569763df3dc84559036d2d606db3bc	True
0xed30c52a922ef286b6a8b85cf4c14062c7ac919e	True
0xfa44ca0b9a16657ade4ba2c590b9a6ec226c34c5	True
0x03c3b0f534bfb7ffe2c5fa1607e4de3d46c01002	True
0x4f4936bab77fc02bc69b7b22fd7b4bcd24dc5afe	True
0x6a36ec962b7f064fbe15654fc24ebe50888f2681	True
0x3357dbaf0aa25b49729e113de6bc2450147398ed	True
0xad857028c36f50f6a5e3d4d712a5e7c05ef660cf	True
0x8a41a2c79b4d73ca26bed06796fdf64eb178d472	True
0xe465e0359a68db3d175d623fb1cc964621407dc4	True
0xe1f15ab77717b94b4db631999284a0e4a14d51b6	True
0xb11a339a13272a10e0513b578de23952440eda36	True
0x0a6645b326b52a263facc15bd9f9918b99a370bd	True
0xfa64648035f001088f5479fe9b1e83bf1c67da3c	True
0xf04a14dd68b0e12b2aca34364ee84d4d81e559b9	True
0x4e5d15bcc5115796eab8da1962008cfc957c9bf9	True
0xb4ec20c8840cde79e88037c39939716fe342095e	True
0xdfb8e944af452a9335a8cf3885d38b5f47273a5a	True
0x86a108bcfa82a0f4c3212a2576c174fe23887955	True
0x4783fedccc3f4ccee8b71ccd0befea5e0526c850	True
0x3c6fda8700c073b3bdaf2f5ce1a7afb6323ab6ad	True
0x1de7716a1f3a52dd88aa2ab80b2d499e83aff8f2	True
0xead8b46a27cd7c508bdd87f4d0fe42f0ddf02287	True
0x35cfc278ada96c7f1c7d10ab3889af4f52197948	True
0xab94399d5655886fd7afe97bda141fb115c70269	True
0x2f9fe420e13eafd991920a4a371606970775f19b	True
0xec8f4ee628caabe93128d2e103f4fd0353333ef6	True
0x784b9184782ca0e824834f6e210f0ea9622b21e3	True
0xb1d0fc4c97737d125da611addb34033aa5fcf5f2	True
0x683c544081b71e4d3a687a5d4a2b80388eff7c2c	True
0x060d8d9d6da0c6051256561789d8ed1c5c2ff87c	True
0xb678da58d803dfca32ad25f05423b1ad431d7bf2	True
0x028678cbcfff21a386c14b322c58f64eee181137	True
0x84b5e8cb2bd1496e14f158627e4a3ef0e753b26d	True
0xf736f76e94c4024f69fc40fed8d4269ec8c35dbd	True
0x8de5f9c74d0191a94e8baf76b76268836a220acd	True
0x182825b99e57c9e70e820333094f436480572a92	True
0x52290327737b3e1a3af5bef8b9927b133179f133	True
0x6d218c72477c2020a2cc2ff3b7cfbf3c27f4326e	True
0x778e100f677d66ba0819fe59fd89c728f186e39d	True
0x1d1f13d4cb0900d1122d7d87dfd726306c22b391	True
0x701b3afa582a7fbcd99c9b47bd546f7a1393dc6a	True
0x37e590e1293c1187ff406cb8fb7b5ff6c09f69fd	True
0xe28026530bf1fc523d83379ee2a4efae5cc03a9c	True
0xa66732cd7c647757aff36f47ac75170a8a61abc9	True
0x89da9cca70c5366b43be40736f16fc53b90880b7	True
0xd5f1e303939d8f2bacf1a0bf5dedfae7b56529cb	True
0xfd9ef3261d7f1626e157452196cc70f10cd15554	True
0xd17c3af94362b0572eaef8c6d0e7c32c6e7ea9d2	True
0x19786337c59e12ce7eb50f92326cac34a2af1e84	True
0x0f21ae7bc73412d54f3d5d967e92bc4317ad14e2	True
0x8a1ca088b9a4217b86e482a60e1ecb1859ad653d	True
0xf0660c8c1f27fd941c4d455a4dbb19e9aca39a1c	True
0x5e6ac47c901839d89c074abc7cbae9bafeda5a7b	True
0x521344526f1abbd1d8fa01f81da5ba669a00008e	True
0xc9f52af12177e4b99301d66184f770d8e00fdff7	True
0xee294deeeca22c1eb087b31172523abcf18aa131	True
0xe877b81ae0ec48db07ac564c7b5f8792e080cecd	True
0xf0240018bbdd274eb34e9672cb183cf31d0a1231	True
0xbec1378183a57650d604c98b86c7477d8d7b79b5	True
0x44dccf02ccd6812034701fde1f2be73de44c6845	True
0x22b823856d2b72ae6d24505da3c738a8dc30889c	True
0xc01cb1824668ffe0eb914ae3a21928de311d80cf	True
0xc499400b583ddd9a2770000bc825ffe42ba604a9	True
0xdf7d81f65fcb37d5f3fdc60c2fd14f210236f9c5	True
0x9b1c6c72227d815f8b967b05067e7aaa9ce7c3bc	True
0x11de34f4a6fdd4d0ac02725e0de2bb7bbeee28d1	True
0xa1cefa9bb1fc879c2e7afa1add5676c4bc02b46a	True
0x59ebeb5f3b7f90656a27368dfe6e69e512e4c74b	True
0x0b5b7f4eb34b9ac7a1b03fca824fc0a48fdc39e4	True
0x8468b933350b44d8c7a02a67fb133c66ac40d533	True
0xb281322b5498fb10b6806a445ee1f89bffc5add7	True
0xffcd6beeed567faa634df00756d7148378412b77	True
0x021a51a7558c425b3bceb1d5e328bfd2b5c82d6f	True
0x8df4b3240a4f222c7da6c3492360fb0a3448a096	True
0x6576eb986c933797308149335cf86e4311d98e0c	True
0xc2669c959ab463dccb1f719903b509872f596471	True
0xfdf1f88b0fde8dd0756ff1f9fdbe226bff00926e	True
0x73bc70bfeb9224d78366a1444e7b9d6de74ed527	True
0x385598625da81d9e1e5302156eeb8a52951bfbeb	True
0x2f4f5bf0c7b2e023ba0fc47275abc3c6df885b3d	True
0x05c9d82f1679af1e9c1c9fc631431803b101810f	True
0xfd399b9508cade26b835a5aaf12463780b02f3a9	True
0x069695efa59bf7ec0aa545d04780d137569c3375	True
0x892088468e55c941043c009b3f5432fdcbe6a68c	True
0xdff56d38a43e201b00d28523e0a9dc20954a6a86	True
0xf7cf6eed5c9906c34847ec4ffda05428b8684980	True
0xf0e7e7b87220c4dc9a0c3ef4f2f8edc428efcf0d	True
0x764401e071e00da81909e6a503ecace11af611d5	True
0xff969dbd03d8f8d5f45122fec7340a96259c7b47	True
0x20b4881d85b9c1b1eb96a33094bdd930a846181f	True
0x81d02e32e7850465dbf740f2078b0e2b92b60627	True
0x2f2c0b0d64b121b947a056855a29a957b681736e	True
0x080b6fd21fd0265be13a2936214b82f0295b4883	True
0x83562091a66f9430dbe98ade4e89c180c3ea1957	True
0x131d668dbe2e5f5eac8d46e86d3c99c312a61c01	True
0xc3117a2b9b90d0039c9a366ad5caa89de5ff0e3d	True
0x2756e37a45a1fb1ecfebc34af977c990c5a91218	True
0x005af7046db98c54e1463838f8bcb42e18cb2a53	True
0x1c8b6a5a2afe5f8e5f72166b70ae13ffa033b2cb	True
0x7abebd5d45920bf6ffa582a2cc2abc22754be0a1	True
0x02a461b18a32f1e32ed2dc25bb260147b486b4c5	True
0x43c8ccd7ae52bd723e7acf94070940079b4ab39a	True
0x00c8b88aec80a67046f3857b9d6eaefe1bfcb6b6	True
0xb54004456f5030065ee983ece86ed43d56c177f5	True
0x274b6fba29c3cc9fb230c612bd82ca5850892436	True
0x205ad494e71eb39d656317e8126d4ba55065d4ec	True
0x536b81264dd40f0a744f9f0c68fcce4deb13bacf	True
0xabcebaf2a66ca5c6d9c746665215011f997e76e2	True
0x84d8d4d862d9ed1002802a80bb97fbdf2f707c29	True
0x601fb5150da334d5fd1e4051e763f3089314e51f	True
0x71417a8c1cd5dd7c1bf454502ed0cec38b531304	True
0xdce688c408f30353eb81d292182c76474e234181	True
0xf1f1901c28fac640f81c61879ef423c5ec57386a	True
0x0c8a8c227d0aa83e6dc1db2c461cd79be7a6224e	True
0x83e10ca37bba1b97562db7dc92a28c94a126f1d7	True
0xc71e13e7bbc610f7b50a0d780f1eb0042d58f4f5	True
0xc4054abd0cea493c624c5991ea330b441c62cb47	True
0x3124ff2fe92713bb80e26c841a7ca3298b280d00	True
0x2128d5101442a73ecf63c85f4e55d6d1016514c3	True
0xcd328965c56bdeca5777bfc8bb406cb4df8c0844	True
0x9d31b8f26b59adcacdd77334fea381fef5e800b6	True
0xbc92db6a57e477e2568f3a9d6c80d0b1c30144c6	True
0x4bf15f9044e7c55061b54b4b862b20ddf19f8467	True
0xae091c0bf601299ba4e0aca5b14f8d2370ea9b75	True
0x07116eb73bb40501d42bd5861f91891f1117ef6c	True
0x5bf7806d19922f74fa547ed9de7fd21907d12d9d	True
0x09895ab4fae8a7ad0d659e770186d6d6a531ad84	True
0x6ff7d50bf1cbb7b0104bef2ea2b5b86705532efb	True
0x8172ac0dc580f3ae9e418d61a7b797ce587cb93c	True
0x04370cb0493548bcd06921f51ffeb9d2130b6506	True
0xdc428c4ec9f80022561b625241d301d13f2df335	True
0xe9167959d06387f6a72c783180e77193bad93f4a	True
0x8cbaa8cb183829691d61c513955d68cb251d83df	True
0xb28876dc14cb6a676fe04835ae2273a2876a76de	True
0x12cdbfc0a553012b5d006f7943963c08714b3a7c	True
0x31e5a081ab5039051ec246e4895b094a40fddfe2	True
0xe6b2daa00ba00cad806d98b0d813568143656d05	True
0x940f9aa9a202db7cc6d90c799009f648f1dba44c	True
0x026714093c42d9d7c54ddad9e62c5cd2a27b17bc	True
0x8176b5c77a2f7ea351213eda5f8c9985a4cd3240	True
0x7faf0843cd31d7a82575199e7c1aa697424a9430	True
0xcf6425db35257edd69f88865a3b57869abca4907	True
0x77f3509b2612bae9adbafc9ee03d1968d69c71d6	True
0x45c47d5998132de240773f93c3157d2b99331f66	True
0x95c6e4e0cb2c81af2ad9bb14496ca4cd97358e4c	True
0xc3d9c719b02d021d1b9a35e56810cab1fb737100	True
0x8a5503a4ebd081fb461e411a4aa7b6698fae7e12	True
0x713f39150e30b3b8a975a40025118291f9444a48	True
0x85b794613d163689a708e17534ef7a18a71226dc	True
0xaf47a68c3ab2105d397acea00ffbaebe2094c47c	True
0xc5bfe09f13e2c1dbb29a6eb109a10092b061217d	True
0x028080261eca49dcf7200b648cd5e55c54cee4fa	True
0x5be0a9aeedc6f3a72d02f9f1a24c03b57e7c4d43	True
0xd64f7d202bf4e01ba8e0099b1185f23a0c1ef4e7	True
0xccb2130dc813420834c0bbaea5ae9ae9158ea4f9	True
0xf2598682cc46224ede90ca7085fbcb8dd9b49b67	True
0x132d35a0480b07e743a830df3fb9ba92f39fd099	True
0x578466be85a62f0d7689e539739bd6548c530167	True
0x6f3da0615b4fff11bea11ec763b15fcbd93e0e17	True
0x58d7232db1136a66d9828290d1762d1c0a2a370e	True
0x48dc999520a0eb6b1111bab739769e6b3aa92a77	True
0xdee1077f03538df0c809797f9824be1b9e75d0f8	True
0x40a2cce5f7a39c5c189d6d6017f6a0c448ae93e8	True
0x832d45208dc072a26e130923988627f623c65cfb	True
0x1c38e3ae4b230a8d6fb76c51b19c75db8523bfae	True
0x06e2a06625f1caecf986bde5584c447006694583	True
0x33e248a8918ed80feca60613a61a4fbb2703cdbe	True
0x6b709ae8fb1bef973aebbc25683e6a6b517fc4d0	True
0x2e1cadfb458eecae1a8387c0c2484b36264ff4c9	True
0x251915de105184e4740217a2aadab89fd7ce1ede	True
0x30d51fcbb9626453b2228c3e1c2e9c8a3cbaa0cb	True
0x8d21908d3325e4a1eba7e959246e075c0a2aa9f4	True
0xa33051f9190db6fe058f4eb81b3eb12f10aa06a5	True
0x1d4351c5460569dcf5cbe2e8e1f32d49e59dfe0d	True
0x243304e6f6873c55488af5c14259c29fbcb0369f	True
0x3572af9bbca0dad4b56cb1cace1f8e9254e75776	True
0x4064deade0128766e648140f6262aca66464fecd	True
0xa37aa7d9b9d526f709bdabbc379d6f4f4421e252	True
0x79e2c8c47bcd923ad6d677daf990f6cddcf42584	True
0x8ea7c2db11f6bf0b94b78214831de583c50368c1	True
0x797cce55a959339e6004a1a7aec57b98e61678b1	True
0x230cbe044e556f973b90c6185efa0f6da98bb024	True
0x6f119488dc6e6af94d29be3cadebcf12080e4e20	True
0x554685bae03f93d212b5f973e7f7c032b3cf30b1	True
0xe46a09cf1d2450e2776352f2f67630ca3b459037	True
0x9797a9f1d99e6391e8aee2b6c89e83fe46e5347e	True
0xd98db13423aa579a30a5d18b71cdbbd3b3d1f61e	True
0x59107cb7bd6a8e6f282c757ed9b7cfc1f5da4578	True
0xf307d3a10bc1ec9a1c7918f8b9fc6fcf95f7e9de	True
0x3d05e9e3baca3fe74b7ae82af26657897aeb5b28	True
0x1ccec804ad58fe2cb164b4636e1d8357b3a04281	True
0xf972eb3cbefef1474e434a255654a8786553668d	True
0xb36f82108164475d73245b567ea928a87ddcb541	True
0x99ab1320a10a481a36f5c70caf64419b26f2b580	True
0x17e0210f5a380a6fca8cae3c838f0787c8493e99	True
0x0cc59b6fe953b280a2e0da097df89a98cf7d68a7	True
0xdb3d8284a6a9a7f683b1d2fa0a7483ef71151b2a	True
0xf32204c84cf2c14b616d9a532a8e91f4a9b59d7d	True
0x246a87dfdf9ffbbb1dd1a060d849137992c5557f	True
0x4db685d569ba39a7bf65222df7e0248dc44db929	True
0x576125b29348c5c8dc67434efaff3dc77b7786f6	True
0xbe64f702a891e62791acaf16d6a0b5d7bf60b028	True
0xb0f0558705ab540ef73b731468304090444141c3	True
0x0745d409f8d17ce1328a742016a253ab1ada375c	True
0x2d242b7d68d95c10fc0036d412cbb944386e4d93	True
0xdba05b9b74ca2e281f41722835c1856fed0d4a81	True
0x24502c71b029d1c271ac51568462f3e31228c2fd	True
0x7cb6966f2e8051f9f4b776107275fdf021344072	True
0xda1e7ef972f61a1ec9b88ec680cc47eb41833873	True
0x89371128a9c9c16b08d9b04a7ae3aa528521eb4e	True
0xc7847ee1c9e7aab7cf9b8a0b9059f0151a0fa1e3	True
0x11b781b9c10583a05e19fdad3e61c8d5f60d92a2	True
0x68ab0de1937722467fe8b8883f8a53df76293169	True
0xabbd9108f3ebd46f2b282f3c6d1828b614c63128	True
0x91588d9088f1e3a3ecfee13c0f77ae0659c1aa8e	True
0xf3d067ec24d84412a0f68728ca0a7c0f3b96f5ec	True
0xdebbc9fa82dfeedee484ecbc2125f6efe2934988	True
0x85012332f57c86884e5a2309bc570ca797bf10ed	True
0x20a46a74487e64c13984dcd6e4cd3466a8142c16	True
0x235a98e500e758a846c7f3449f1ddef627482eaa	True
0xaf4833381ed010c36c8d506d48f37a5d162c237a	True
0xaba92b715b7597c071c4752190d2cf73b9b9ba23	True
0x35ffb34004b175fe0408c01fbc688525ae657bf7	True
0xd9331cffad0910a122e65e62ac019fc0c218432f	True
0xb25af8580a0782d3e594764fbff209f4a7e16632	True
0x5e00909f9e2f44044ebd072483e6c698c5eee9ad	True
0xd5a91b009ae3f755dcda66e15a582231004862bb	True
0x09d677e3270fec55818331abd081c1b3523ae192	True
0x06e90502505c586ef207b083bb739ddb6bc6d6c0	True
0x0c81cf9976158005c025e1da801a8dcbab4bbc42	True
0xd4b697b153f6293618e2a41a8890e70c4c279274	True
0xe67b684229dfe82f0e68521380a544f7d1160971	True
0x2b6279cb32c1968961dbe64078b890e8d4b87f09	True
0x0c39be590d01a7dc71877392e27e5d3dc69e029c	True
0x62944da9c41ea8ca9a13b5dd103130fc8f3e704d	True
0xc7110d14c5bbc0223abc8ccebefa06caae2889fa	True
0x9e995e3931a0f72e48193975ddcab47ecb1a23fe	True
0x9b13ccfcdab1b36599193c3c19c87c36323f2c65	True
0xbb5b6c5e47cfe275a296be26348f4c6b0045f67c	True
0xf8fcef73a07fa09fb7e5c46b2679c5834b1848dc	True
0x0cb3358fec4a51d05b5e94427d6d7f27977d092e	True
0xc081486b8b7fdc494edb26924d45994a8e9840c3	True
0x1153205a6c7f2c7ac7102d46ebf5b85e086c1936	True
0x69c7ec20ba13d0e54107a6e0a5e19b24b6c4e959	True
0x2c6017110d91469c24f0ca66383d09312ad0297c	True
0x6462a07e4a3246ef7130c1df79ab9dfcb70e8a1f	True
0x5589e924b3e99fca0c8e5c20471beace82fd62c4	True
0x65fa2b329c71af057429c5c9a5c1efaa1036757c	True
0x1649f7ba7d3d0a0d1f73f01db95df1cd0e9af885	True
0x6211744126c36481b196c45a0574dc7a15cacfbf	True
0x23d745461f3e6537734802dc851b4a9fdeedd65a	True
0xcd594c47e098afcf6c8bfde02bfeb6b6e1dfe62b	True
0x245887762f630852a3a638a08417cde0c182a316	True
0x6967ee8ffa25533e82f87f75398ec0c8b725c2fd	True
0x2c01969d51bed60295e6531ac32380c624a1c71b	True
0x2ed878422e0bda8b90dde8d697d257225e383560	True
0x6c35b0883dd0bb836949f4c68c1188d54186aa95	True
0x0531a00d9604a759fc1955a5329fc738f78342d9	True
0x39c40225419dc30f493d8af693d99f6738c3e633	True
0xca0247cd4ce20370a05e2e66bbd04d9e2233da42	True
0x0502b36572cdb01ed1650995c9fab202094e3c2b	True
0xcff4adebb4811fcab3374bde7a3650eb65ef9689	True
0xbfeda5bb590e52baabb0cf6f3b43937e6434edbe	True
0xb705f6d6026c2fd770252b59ede35d9b7f0e7cd3	True
0xd5c0119bc36da8854a5a393a7031ba9456a171fd	True
0x82b3417e17bf2998156335f2ca18901d9c984295	True
0x0513513bbdd1e3ab781e660df59e868780ce54a2	True
0xa0cd8da0c1b1302e1ada91e6a0bbf3806cd40eaa	True
0xbe54571af250c2af977c78e81ab49d164ff198c7	True
0x6f9970425d38ac6fd405295e80ed7dec1583bb64	True
0xcece743fdcdce882085a0aca714313974e23aaa3	True
0x25a58e9256c649189e2a7fb6e18dbad193b715a1	True
0xcc45122f66e696671f57b33b23943655ab44dafe	True
0xf90ae0ce47aac23f07a07c38389e2c8372d1bc3d	True
0x4732fd9b010f289a8ba2455aa9c97ca54098e00e	True
0x19e8444441e61564ed56d6aa5c9964a4fc5110f0	True
0x4f80958f33e6f45da1d754bd0239dcbdcade3529	True
0xa042f07f4c406d765ead750e51c92a6854a55826	True
0x580eff72bf9cabbcedebb18e50ba1d8c91bc5916	True
0x2f6af8b872e5d1547d4380c6f6d5835dc2bff307	True
0x8149bb8d0166f91ace788145a1e5665a0c9148dc	True
0x2ebf249103720331cb58f99586f5186ccd13cf2e	True
0x9dfbb95cd2431a1b04cfc8be4edcf8dc5b4feb3d	True
0x05a6528663278f51f9cc22d0bb3ca0e1e0a3ae2f	False
0xba73a7c600c51820dc788e711d593a41837529c7	True
0x4f134dfd16347d3eeadb58781a7dcb2539440689	True
0x5355d427c724ab1b11c71bc3ff826586cc3a4a13	False
0x6d27242895e0a6da2c88b85ad39d095410f08b5b	True
0xe4953728cdfef40a9f436e5400123824b98a56d3	True
0xef27cfdb262a08af63e78c09ae9404133530d1c3	True
0x944fe4213b7078707f50a4b41cd8b2653cd0ef4d	True
0x582ebec2ebdc6fd270b2193da66864c968fff50a	True
0x781b031db08ea311058068b65ed4c5010916a6d0	True
0x31df107d0fb8b2c8e1d7bffe20a60c40ec8164cb	True
0x50e208ee809f4596493e4ea909e79402822e06a7	True
0x9c509d0e4fe63a94e324836a3f03073c8c1cab31	True
0x1bd490a660fb491ae13b911f45842f5b900b97d1	True
0xd48c654380b20a44d67e4a0054a73918f2e82494	True
0x189ff5369754552fe4d57fae0c8dea09cc0727b6	True
0x8796fe42c5871b24d6254fcf96e42fd09ad06a7a	True
0x618d68352238f7fb1217fa6a0ce34632029d0237	True
0x1e3b4289e7dbe11a1bdff46416f618e9776360e1	True
0x74356bb4d2a8f47377d3444ce9d3bc933a6ca692	True
0xc558dbb4d97b305c7d4a8b7ddfec62e42b3d7989	True
0x1cc9a02f9c562b45e5523f2cd192eadfce779632	False
0x5603ce1a8a39e0c1416d07d515466cc17808ff5e	False
0x8de6ab7ef72cf2d293f0aab0243a623da3b38e09	True
0x1e7440173d7830d5168c8fe85aa017adee010d83	True
0x23bfa16c927717ef6047d751fb1d93fee1a9c56b	True
0xd82aa8ed63701e6a695c842285e8b54e741e0248	True
0x88067291baece4cef0e3138a78da6e93c52b4d4d	True
0xf785aba426f633a08e3a51b8161bb495feb63448	True
0x6795fbaeb9cb4a64d8e6d00bf3df6db5dcd7a528	True
0x945ab644c1b5f24a6a61113e3c7fe4ce946aad67	True
0x1920fa70ad5d09b5c141eae98a984f74baf97e8a	True
0x724cd6550def992e0faf169324f8b5f02c8fb12c	True
0x453783eb130fb0bbc640b240778b4b7c25c35c80	True
0xfe5f7b4f3dd9b3f9ddbafbb61952d23cdf1c20f7	False
0x34f19732b372333bd5e471218e73d6306a9836bb	True
0x759280d7575d5b91f4badfe7d8c0997d52ac7be1	True
0x257eca657e13a6c7ebf1de812de207f54eef2fd1	True
0xb0a46e8c582633da9b40d4be52452650b2e50028	True
0x7fb23df53616db3fead0987c1f5b5680e91fe398	True
0x0981cd31313503b77afd3ffde8144647711b2abd	True
0x7d8286411ccf6723464db0990e6aab7491b3b745	True
0x1bceee8bd81282c8803304cec673d3f4ccc13a9f	True
0x44d6bb0f6df4e3899e4b8e34e8aece73f4a935ba	True
0xfbf86d4c333f9bc1a72b91886a7a4ae246c2f201	True
0xbf48000469b080991daaedbe6ceb5ea54bdd006f	True
0xb0a01c0596f6e76c5944e041bc634b602cf7cad5	True
0xd72daca8e31ff3c43a976541a2cb957fb406fe17	True
0x38e8c6ccacc5ed1912143eeb0bdd99acce64ffb1	True
0x91789698d65d9eaa4186c5b839dcd7a391fd5f26	True
0x08b87452ca6e4cb8ebb5c837aec64cc2f9ae1854	True
0x28339af3b4130121d17e3e7f7d7f84927928c703	True
0xb7a8fecd3981007b2ad051ee0f4f95b746084932	True
0x4f3c7fe8e9ad3d635e23e9010adb66ba7958668c	True
0x5d46c6973e16ca1a716ef0a18d6bf3c17e64a2e1	True
0x54708629cc01c2b64a049ba1c32feed34addbb90	True
0x9acff1d8e4b3f65f83cfd1de95db9c749b40efc3	True
0xc4489bb1dc11ed58e49e1431d56f9792594a74be	True
0x13701f21decda4663f87d41d0468c94a9bfdb3f8	True
0x35fe687dc3f8218cfccc9ab23b992c17e7246e25	True
0x8b0533c63fadb7912e3d86cb7df6e1802eff8af0	True
0xdcc5219348ec145d816b4d8ab21316a97b3210ce	True
0xc855cc714a7397f64b8807a055bd8accfa72fb9d	True
0x2acaf6fdbe847f500eaab926c3583c9e5682ed16	True
0x8a8a13ba82455566a94606387adbc79cbb22cd4a	True
0xa3da45248b2183dc72adf1a2493671edd669f3b1	True
0xaf14bb7ec3660085b2f29150ec896e1c3e1eb0aa	True
0x9627159f84df59eefcc73558ec75bbbab7e14475	True
0x22b012ba6eba5ce063eb204cc1ed228fa1a9ee24	True
0x37aa68f5830907ae9783b113f71de06a2e49559a	True
0x7e742f80998525c4ba8548afeacdbc6bbde7e04a	True
0xca90e9708171255dfb262b80df33a868ce476e07	True
0x2c52cee182c6d095fc72286536092099bb16d7c5	True
0x4c59adb12a7cd9b58ea0eca95a9b2c7a955cf370	True
0x39f5e6c0fd54e8cfe85376d53d2f4bc9c20890ed	True
0xa56e2c7209e7fe3178d74e915e8dc7707ae97e6b	True
0x5338fae689e22f4489eaae08411cc65a1e566f29	True
0x7ec2f2678f5cc4408170eaa38efd3f1ff45a83df	True
0x82af57171678ee9c97cb821fa872e4ca7c4ac313	True
0xb90ebdbafa5e5f173cf2fbfad8b371c85e1124d8	True
0x0b7a8a8e32ad5319b23084415cbee86f90fbf999	True
0xf24587eca741f60fec923cc217be075f12e15473	True
0x5845e8e62522a5abcf689759431f9d63b13bcffa	True
0x35d42c62d46f1ba7a008df4dd14176187f4b3626	True
0xdfc487503fe06f9491ec8ea39d154fa5233c29f6	True
0xca3b099c61c8c699c77d556e1e1acf55a7eb7142	True
0xe0e1df4cc4e8e7f36f657f91d720932ad3c71588	True
0x9a929dc80e684dc1fea1d48f9098b63c2df085ad	True
0xf76f0caf5db8ca73f68c3aeb6c35257d634283d5	True
0x9815b4812d6a79fb04c887658672f4be025c1f39	True
0xc3320476d0cffd699381c12c068f7a410c32ac6c	True
0x5332fcba3108488cf870abd1c9d3e1164cbc1be7	True
0xf5bb34767faed0253998448f77e4c4c7f8f7be69	True
0x85ca9ffb672749909a4d57fe39bd91a99cd5c464	True
0xf908d5b982968165d0cc58ec0c2cba4e6ad7d026	True
0x1937a1003f3fb797dbcfefafc790cbcd975a3f9e	True
0x9976f2545ebd3742e2e7a867165f1270d38f6282	True
0xc3d8fe384f022333a0f3a43ebbe116c6c30a6f3b	True
0x79e1cbd7a5cb0a7811441765ce290640423cdaed	True
0xd6579acbee532d6260504369954fa7d2e2b3915a	True
0xb9132782843eed072c712d5d158c103bf67d3019	True
0x06ae4bf33badd4a93b9d871556b3053596ea6bd7	True
0x6e740e23ed70aada2bbd838599a608054d1c814a	True
0x767c833405bba3f22c3c6ceaae34e2c5a5d4d253	True
0x7498241925efff7ba6dd8f3266832a2cd0ccf697	True
0x9b884b5e8afe5d046b2fbc76bc664bf9299ae1ab	True
0x1b9fa8ace7920e59aa2ddbaf80e97a48eee9b9cb	False
0x2555045ccdc43605ad73d8b4fc66d202bfd2dcd2	True
0x870b4bec5af8181c40f8fb15263b0d221d02ad7f	True
0xa2ceb428da590351c5aa10405296352495e97381	True
0xe5dd23096dc7b2229e6aa9f40ad8a14be351ea84	True
0xcd4fcb58c4cc5a1aa810225abd8aab20d6af4928	True
0x6c0e543f7131c83f9cde5d49126d84ae9d769ec8	False
0x24a70ad8938feaa7a95015d06e9ff81a20b085b2	True
0xdec09140fe61d6001d33aa287a54caf3f8c62568	True
0xac436875ad036cece9bfaaa74d30eb73b1dd44b9	True
0xb542918c1183c6dc8b403f5c88b75a80571d04b1	True
0x5e627f2deb8cd6728c5386195e16a220b7bd43ac	True
0x6b4558ed302414431addfd3a4d2701445dab4f19	True
0xc4b9f470bb62513df9ab378cddadfdd05493dbf0	True
0xd324a180230eade071bd5e55c316ff93e04668a9	True
0x687dcd293d9f06f655738740559cd5be0b635962	True
0x033b77425bbfe777564618299fdfff5c67be6a70	True
0xa310cb77346fed37a4273a309f048b728d245e36	True
0x52aeac854eaf136577bd8e40f81f03d4d0220a05	True
0xbae1a520daffdda2ed63be0c2b9566624dfba751	True
0x8f628f4e51e001de7bea8a254bbd40cee6343d30	True
0x3f96483db32ade4c4c331358cad6a9b2bdaf6b4f	True
0x13d9a544f45ec9379de288f8c3cf01ff243c3d52	True
0x6fc355dfc1765296a1b46ff3f0cd177939f932d4	True
0x510bb03865b0eac81d8781aaab99b43c9cb99f35	True
0x34b3be475e9b540250ccad381730d2321684cf0e	True
0x8d986db1ca55d1b0fc46680d3675278f357f03b1	True
0x1bbdfcd0523dbf18202e0db50ddb3d462f84688f	True
0xa7a645c322614a77491ed41bd5d315f9a6ad2402	True
0x4337e2cbbcd849642b4af2c6cf6daa0c6b7a5664	True
0xc51d65028c5dccb46fa4fcb1750c8a9d934b7fe0	True
0x48b4cf6de54f2d9d418e42889ad4d61498d20f6a	True
0xae6d87ee5952896534108ad7c7af07196ffbec5b	True
0x202023bd745374f114fdc8abb06ae49e11b40df3	True
0xd13b78e4031cb4f9cfa7483c57ff284449dbc91c	True
0x5102bf6841964e9a0d66a00fd866f558a2953894	True
0x8058fc4d7da3d9fe7ff1e8f4039ee2e2c3ca4a76	True
0x9dcce18503a48a1528529712d5b2d31e339165a6	True
0x795108498c0ec7cdd4b1d62a27344e600d39c6d1	True
0x7d4cdf29e6c60e685ffd52d02e250763ad5860c3	True
0xfe99d4a733df456a4518f1b54231ac443994b80c	True
0xb97699dfe4df593336af8c4565b9d55d6f42aafb	True
0xb7772a06d498fce3310585fde6a4b3d53fb42bd7	True
0xe837b8571a913141c4da291e9d3a833c215c8fa4	True
0x1cfa04e6811e81e846a7fd971fbdbb2004bc29b0	True
0xce3d3447f2ae0f29f433ad01ac3b5d9c8adc9dcf	True
0xd9675891fdade49e2378908c2f5546db156426e1	True
0x7d76a768a3c1dc17f746ff3e93284419422e0de6	True
0x0a437c82af985c0a49700d0b2e678bcae7b58574	True
0x99caa588d5c7c7c0a590057e54c996f3a3ea93f2	True
0x253b9cba33f6d10c558caa7435405df68814b25a	True
0xfd3a52ccdf8652898f2c84e0d7f52bc73c75d1d7	True
0xdb18258bec7e446ff51d07698882def20d052878	True
0x2c489ae5975180c77e98eeec6a7e6cd3250ed8e3	True
0xf4f5689223406dbfe50f1685f445b2cacd5f9fb5	True
0x249b0c2ff144bf2c8e6ceaf9579fccb252795a47	True
0x2ce78ab2e14c00e52730dd40307d6abb73b5648f	True
0xcdcf783d863ed302503a8da13a6811362dabd8aa	False
0xc977090af6b01973b0dfdcdba616bea73330f67a	True
0x5025d433e3bd8434385ed665e5fb2cd12f11160b	True
0xc8edf31caf46286eaf2255a14b7a2ac9d5e423ce	True
0xdf381e9841767822392cd5bbeb211e40e411459e	True
0x13f9e3fa35aecf426268b97bde282e81c9916ac1	True
0x87000c63bdf9bd5dfab271405420d9c357cd6a3a	True
0x10be6dd1fe209450eedb6ea447aa0fd2650d1185	True
0xd6534d2b5537c0f6ae01108a9869f0057cb58cbd	True
0xadda342c39bc89759c7d62c75c83db1f961d7989	True
0xd843a5fabac369ae4608927eec876f90c7924c0a	True
0xcaf952c02f56b0b4bd9d723ebbb0977a94802623	True
0x6193c35bed9f9308c9a56513b359236214de3ca4	True
0x3af8989b717ef98384d883a25454b7c93426ab4d	True
0xec23de9a6d7bae8b2a22a86d970e9c430b29dad1	True
0x4ec11cdf7cd49e27f6ef2895d93db85a20274bd1	True
0xc8ce65295ea470b963cac40c3bfb6fe4a3879025	True
0xb0ec44c4fd5248286f9e63d67ed4e2cd74a07c8a	True
0xe5135b0898e5a0fb4f4806dbf1de1038660554af	True
0x20eb035c14396022d74363f87b9396ef3a7d1d69	True
0x1a15e0929a8537629cdd32517ac036fee77824de	True
0x813d155e1509a85f98e85a9b6bf018da66636fb5	True
0xd7ffd86cf0bcfed4b014357ed8f77906fcd84433	True
0xa99ad4262b80af84ee75125ddedc22ba9dd03943	True
0x4f6e99b3e76268b2b018685e19bcdfc7fe4d6c49	True
0xab5f4a2ab2274f83e49047f295fa06be14ac551d	True
0xdc9de04976115dbd743a391b1a92fcbb85c5e7ab	True
0x4b5858cebdc1569cf403729b75bdcf41d23ca749	True
0x35ad922e844d37fb85c6ffa339ab09cef1a75e28	True
0x6c27fcba9563aa68500153ca78296b53c74a70d7	True
0x36122c9fadf011d64e2b3f68037862198383b08e	True
0x26e8887d645f99b52207316878aefb7f75fe35b5	True
0x9945bc02a013747fc2504436a16923b210156271	True
0x7f66a90965a4c5373a10cca52549e23d1eabdf4f	True
0xec07114252848918467cdfdd7e2101b089dfad6b	True
0x0356a9491237edeeca56021b736dc34b3c811cea	True
0xfd3628fb961c89423abcc86c14dccf368494c380	True
0x7c6c7084c8828ccfb8a6e87449f62adf33a5f6e0	True
0x2fc61f204ae3926e3d369aa1ed70b45f241b7753	True
0xb1d22a407b6bb0b6ecd9faf813b62d593e85d9b4	True
0x74f5bc2bee61a3871af980d58e40d232cf2554f7	True
0xe8e1d443882c346285daff4f27cefe66fdf9e670	True
0x90e70fbaa55765326b127aedc6c1511dabcfe467	True
0x71fcde8d999a8a313d056964868720f9b7d033bc	True
0x5b614d33f21e5a820170ec905cc4e26d9f35eb75	True
0x7b85dbfb326dfdda6a64d6f055452a226dc42db7	True
0xa9a60c02818a6d095c14378f09892ac6b6ce2a6b	True
0xeb908e1f2aa9770448224af264742879e28f537b	True
0x938a16cac438987a97a009597c6c023d51626b06	True
0x21bf8b1772e43cbcb4e4c6b28891858eba6682d5	True
0x7ed1fcb7df1b71942dabef49a91d9d536eb27e3b	True
0xb8941f7a5fda54ba02d1533a08c759861c496bfa	True
0xc368b5093f7d7c7b12851527ee521b894b706305	True
0xf60c6d1a4d1f6ebd1a11b618dc616b5f1be6398a	True
0x6ee79f010d2cf43466c02ef2101e9e4da3846a9e	True
0x6057693f91adaf7b89cbf6ec4f371a64aa6d6f02	True
0xd903da6d4786479e0a89a6393e7c029ea00b4a5f	True
0x01e1c1cb7e5de465d7e6294b8c25c9967627347e	True
0x77c48be032ce60018e2b15617ba09fb6864959ef	True
0x1b0c451678c0327b90ea9518af42ee1c0fa65f08	True
0x24febe4162cadd29ce3b7406553e05b79ae33916	True
0x66346f8f728b5381af8fe4923f777492a73389a3	True
0x28b776c5d9277b94ffc066f4973aaaa0f2c7cf51	True
0x0b77f415bdc871b2c3efdc48ec7fa973232cd381	True
0x7aec12b74de0770490f09fb1a5de8dae0a9b2279	True
0x61cb19d7aeed3a6afaff0047a95893eb061d786b	True
0xe9b0e0912d9b8c8a8805f66f215b471a896f0397	True
0x51edf8da13e4ad943a6d94f40816c541c499d47c	True
0x82f7d5f70c80014c7dd9f6bbec668af565a0a997	True
0x2482a830cdaa6d0397db08dbfd1e3f6ed214ec06	True
0x2c37bfef4a3a12cf3378cda8b157a97e26fd83ee	True
0xf9ed1555c12c2f51cf1fe9cc71be44766dd24b44	True
0x432423071f09c59ece666d93d13598c5740787ae	True
0x333e86f0059913bcc91f4f9758e2aebd953c29f5	True
0x76e9aaa7a754bf60f5cfa281002e3ee564fd2e2a	True
0x08b9ab6daf45fef47c06860042919188d0dffdee	False
0x3ef17aebd951580a7986dce796ebe8733e945053	True
0x69d9da94c8b46416f8f7628a038d1944e89526fa	True
0x717e8aa2207533a892d294ca8ff6665140abf04a	True
0x0d5d0e3418ef2d699faefa3ba5f0db2928d4633d	True
0x7fb789316598fbbe8bfe0b6f8c42a072f156f76f	True
0xf332982948a13d175040094514ca4875b87caf82	True
0xf13d31879c535f4eed9540e3af5e0af5ccb3b90a	True
0x0b3965aabe4d42b3dce3b3b63dc5628c7a3202ae	True
0x3fbb9f1ae10a0f966bec5de9eea0ae3f255f7535	False
0xed59ef412ea14efd7f2a563f46783c9036475c13	False
0x52442b4bc9e1c0b3db261b4217b3367f3d6443db	True
0x79b8bcaae506d69a94f9ba51a6e8c3f6368c0687	True
0x97d77f297359b1366ca82050c8670ef81c93697a	True
0xf3869a078d46fbdaa30c5a213b542407f52caf2c	True
0xeca22d1530d22b786322754cf38d1c241832549b	True
0x80cffc74ec80f8ffc7606b0d7089f862602db0a6	True
0x8b9734dd5b7546afb9d8b9a2e89f84df18b6d9e3	False
0x493cad1f729a265af29dd60f7c5386598ec46a09	True
0xdbbf1b941e5864e8fdb4f6e0b309ae2ec9459bbf	True
0xd1bf4d994606f4286ffc348ac947a7baaa1de86c	True
0xc0630c94a71bb4b88077dbcfbaa74878f361aa6a	True
0x57c0ae6cf2c5570c3151afc01ce71264c3453c0c	True
0xb9de2099ea9961fae5c01734b6cd2aaf8f40d813	True
0x5dc6da0721d3938f8018a5972cccc084a696d9f7	False
0x4902381241ef0f3df7c29e3743cd1586144b22dd	True
0x248c4cef6afe8aca34fcf871869b350d3f7384f0	False
0x55e25063773ae445e6c9529fc8010289d43f83c1	True
0x58498fc8b2bf088e192762a81a4d88a8bb9ea9f4	True
0x6de37775319b69cc7361e4e6ffb2375b96f7cf10	True
0x34ebb82a41ea0563bb3ab9885f720b63fcdc16da	True
0xbfe7130cdaaadf0c800153e9c4f1029a9dfc76e4	False
0xc879df776941a27f9e6c6df56ba498ead7163e59	True
0x4fc2a8c86c17ab3b3548b59efb57137e178eb29a	False
0x914032919a4589dfb9ebfdcf6ddfd3587e4cc906	True
0x06170d63c52af56c1290b4d2a63be764c25fafa4	True
0x55043668c1cbdc274ba72149083e96471af4a379	True
0xc1cf64849a83205f200604b967402d2eb5caa3c3	True
0xc2298f4f8687d34949a2dc0ffb2b3d50f1608d9c	True
0xe5b3903ffb3a00e91c75e25a4bd6616d3171e45e	True
0x7c259e2139b16819798b6865ad97aba4e086115e	True
0x30f2c444364165b567d0d00ff585e8b9d3cdf605	True
0x58bf7659453a274be5133dd18ca33f4bbc1594a3	True
0x29ac04b6560a0960f3fe86c798f772929e99803d	True
0x6efdede6ac29d35f7dd531be7a33f39d7e07a76f	True
0x3dd515dcf6ef3ab087110afbc60012b9e7002eed	True
0x64e56f4ae6f72808cc724b82ac2f33c05a61bc39	False
0x5579a2339e7539a92d891feb040b40d6a1aef8fe	True
0x3f1d371b101086e0c24e1ed3a528cf3bb3f72c45	True
0x924b4a3beb787fb0f848e5f64d5a637783c31567	True
0xe292b3e3d73fb7a2624e54e655a7efe91ed3f2cd	True
0xfa46e96b4651967e888b7c11edaae773132145c5	True
0xf128b20418a2f96d77502fef42c8cde6a8f7b196	True
0x247d73dfd6268332b56716570b6beb036bb2e505	False
0x9445e3fbc8eda9a00dee59cec749f4bacedac080	True
0xf0f95506f4bb1d3a632c26e09f3b883fbc094109	True
0x91439cbe7068dffc89780e675c81739b8041d234	True
0x6942a8c76ef71e218b6c3e1eed6950a832350897	False
0x76c72af273b3157a302e2f6183503cc862a95a5e	True
0xe112c353ba931af5abb37ae3979c018b6a81c004	True
0x47054be55c9a75b503eb015c7462bcd9e0331093	False
0x948fac18c582c997b0cc2070d9e779d4cfe75482	True
0xf0e5777915621d3006b77d3f4c4ddd58d727cb74	True
0x9188e7c46f2f940bd6a959d64d9ab879d5a06042	False
0xbc67bc5d586574a1fc945b9e507641962c1b8134	True
0x2b5e71459b086e22f5fd9d9dbdd2ca7685d8b6db	True
0x047a07101ff8358aff16ad4723aad409e2766b43	True
0x82c2efbad7f56b0ea7a365414845228b9cc90d7a	True
0xb9df0dfb32046a80af61821bd248389b344114f6	True
0x71a08a18bc6ba25d093e8b7347068bfab3112e6a	True
0x705bdf57443a671f6b478b46dbd1516e76dd57aa	True
0x74527927521a5d7295cd6256c97db54a0ace2fc9	True
0x7ae6a012f55847cf452f2a5fecb1579da11d5503	True
0x12f9c8815981fee1e00fe136588d54e3a42b1975	True
0xcc6a9ac159dbae50fe64f9233d58d22303c3ff70	True
0x458c47e4b50c01fa555f06b39b750e4d0da30fab	True
0x2bf16525357f106d7674347858bf51ecb5051577	False
0x1b0a472dfc7f4de407798dd5ee942d5c717b064a	True
0x102248b89a93a07157c5bc14e02c612941b7d2d5	True
0x66db930b7d5bd202860ebecd73582f11613f6ed4	True
0x01e7358da1d99310c63434e08941b5dd6a7bd920	True
0xa25345f51f7c3373f8dc51fbafb6cef706976e59	True
0x02d089bdbab73c94c372a326350dff92debd0b19	True
0x8a64dbffa0de2623418b326846348b7254a9d260	True
0x7c375ac772c52b8839a06dd9859f87ef76d75e1c	True
0x7ff1befc9f93f6895f1e7c15e5479d5c478e5029	False
0x79ef9e6c372098791a8894f26995535f742603e1	True
0xb1fc0e472deca601daac20b28449dcd253037681	True
0x3c0141967ceb2480e117366a99cdbd904af48119	True
0x5b8d699f852515be9c45bf0b3fa9725b7661abbb	False
0xdc1630cb9dd72563e9608397ed462c3423d3ea3f	True
0xf595794996d536157d00c3268d78ed69184d9a02	True
0xeee3269947a0ad59bb8151816803d29a56d2788c	True
0xf5b79bc876fc18dbdecd8d574cd8b4a5a35a8b09	True
0x919028d54902f9040482ed8e0a4cf218b6867d73	True
0x2de8699963321c492b556d5b786ef7cf702a3b8a	True
0x68d9b991d213346de3451af08b3e61d2fe322330	True
0x87cf8ec18e806c7c18e9b49126aaafdfb9125d00	True
0x37cd8dc10ce764b876168c20cc28c0f0324ad91d	True
0x97d9276335461a4290d065b9457c3e983e9d1747	True
0x05588cc5deab90640f52d441d0e8bfa57fd32870	False
0x8d2255383382a04a66d5601297fed5fd61349d27	False
0x201a0c2aac810dc85effbdbbd2f80c8b5b353e42	True
0x9030b391b5a79023ef3bfa5b4bfd9ff78ae0c871	True
0xd0cfca82ebc9b77a35aae91c952f026b5aa89ba3	True
0x54c16a19d4d5cf4000e6db119826c67f9b30a802	False
0xc212d547870da0dbbc099ea467e4e6bbd50ce2e1	True
0x0edee5b2764268e523ccd386e78a940be796b1fe	True
0xe7e0f788b89a59527ad4f082e0aa95e920fa6103	True
0xb1db63069da2f71cb5600d4eea3920c4f9543e2c	False
0xf95d60d96f6da8d2e4b305d6c3f688f38acb91c6	True
0xfb499fe7669f2effdad3c0ee447000382df01414	False
0xcb1c6e5fe923be80b32e8193ef093e47f7f345e0	False
0xbb5e586d556549efdbe3347706314c2b94f63385	True
0x038043c8e858f696836139cccfd3ebf7b5471554	True
0x7d9e48418721005c87496cd85bf42a760fab290c	False
0x6a75c26f4034dd7c415641ff5ab41801d0104038	False
0x3b1f9667e3b21944b337b8dc8c3b78666018b81d	False
0x066b243186602936c6e325cb692db67df445fcf1	True
0xfc9be922ef1fafbe1bb2ef58d873a000c864d8c3	True
0x90560d308dd009a8537ef02938454fc77c24a62f	False
0x9d182ad872ce8d43ff571ad3d5a65f3e74fbc1cf	False
0xefd6b4767cffb9dedaa309f08aac4b77d5534174	True
0xa154b330d771db7544ff87888f424faee6a87731	True
0x5e677c9e3457df5e8bc49294058b7bdeaa273f75	True
0x177448e69562406fd3dbb911062b1df7dcf65534	True
0x5e7785832bf01db467f2811e0952d893f4dc0e6a	True
0xb5d604930530ed31a9c94d6885f7f9cd3e511594	True
0xfad714e4e7c2c0659d54e9b5df51204ddd18bdfa	True
0xea4175d583bdd1766a728ac6ae59477341c2ea29	False
0xaaf28ee64c3b3d14db73a11c0a5a2736ea5137b0	False
0xd6349542855da61a1678d1ef51046e4fc37bba09	True
0x0fef3fd2328e85b92ff53efe511f58834e95ba5d	False
0x3990d9f9990a11edd3e30f8a086c22b854f5ff4e	False
0xc95023e5efbeaf2e90c922ab994a235439d358d5	True
0x86a697b5fcfa3da11363071f4eb25220b3d0bdad	True
0x634fd63e0c50c105ecf9e52d8a5f664988f2ec05	True
0x81b9229a02ad651997c039b44f947f910207e8bd	True
0xb6c5e2fed7e0e6050ee7524208d442e2c4eba97e	True
0x288f21f2a2b301be2f09e6774fca5d8b59cdf3fc	False
0xc8d72cd20958a34f01736a0a0aab50b9aff68b4f	True
0xf0638c63140344c143b14dfeb64faaae88b31381	True
0x1eeda4f1d22af49de6e255116b0dbc70b951c2e9	True
0x24262752cb25fe5c93c5f678adfd48112c0e0fef	False
0x44d619ea6b3d4276892af0451c5d60e90c113aff	True
0xb3e30cf377b1d3ebc3226c275d4aa998784ec527	True
0xcdce5142f9822d41c7989e6a3ef77e87daf92810	False
0xf9346841e9fb17625f059fc2bc04c3541c37ab01	True
0x49ce01c7c13ef0d6528c90162dc7005dfd0815e5	False
0x9894acb6676dc8f154825f021c62356066859c36	True
0x712d53b69810a0f50ef4986f33c5cabb9086b24a	True
0x3ef105b7d343db83600238dd741af70379bf68c8	True
0x2abc0657d3a69d83162aaf213846cf9bb3144143	True
0x154b1904725f701e92d1900822bc11cbf7a62e0b	False
0xac6fe191b4d462ca934c89438c199173c5995245	True
0x09d96c6127aca8afed57c1f2b76e00116e538a78	True
0x871a56151d2f61b4a06334ab411ccf4138b1b15a	True
0x6101b3d5af2e8ef42e9db3d3904191485ab01c9d	True
0xa8ba807a2cc19f291c7d5644395144f07aa90436	False
0x8f302ed12d861c7df65d342e15a98019069c0250	False
0x8e46f11efc80ba5cacf65966cc6d7442a3b46731	False
0xd6e0a64ba8d7146d86943e6c610c64e1897c694b	False
0xfbad43ee12c24c6ff2e53312e7ffeda2f7f292d9	True
0x85895ac636f1112a54a4c4489e6cd0e1c3452960	True
0xae4f3c012fd13e965f6352745e9f4c2d3eaaf965	True
0x79d0718a38c89687c2a1e38aabae202f9ffa446e	False
0x8e657ceb093f8bca4ecc725d41bd83e81a959565	True
0x02e929c2e262bb4e7f50fffa1fa480e7afeafbbd	True
0x6e4dcf19688b760da8ff43111940c5837decd0d2	True
0xb086c8d91b1695637b8da9427be946dc12256032	True
0x7e11a4eba7739a11e134c5fed24b2477b01f8d26	True
0x0be05371948034ebb26e443724965d333aa1dec3	True
0x73f58b7c511fb605d5accfd85bc63ccef00dc2a4	True
0x41681eaa9465730775ae29d773f07200d3f08712	True
0xe4115ab47b9712dcee9db8eb06f3ba1a2cd5ea0b	True
0xc7e3c98c7d620364888ed5baad07871269c1001c	True
0x8b5157a3699c24a9438e70d20187bb004eda58a7	False
0xf2a5c3d492ec8f6a091b632f564f472706a94fae	True
0x4279ce4da5cec8ca77926f5f2ba779d3134dbdf3	False
0x33f2d1eed4e19fedf9bd04010885a28fd6854620	True
0x8324f0259bdac2615b4bf86fc1fd85c5d7247d1d	True
0xa39361adc88a27792c036b212d6d1070c6ad5784	True
0x0c278c38beb2a09ba8170f1eec1bbff7570ace3c	True
0x3ff521493871a726301679e8de99d9641bf483d4	True
0x7b67e2dcb4f651cf430292f139271a2361a5ac62	True
0x594185ae1754f66fa73910edae3c5db0e7c0fcc8	False
0xad803b5741196c6b9b5be39d8c1b89128d26ba5a	False
0x517ce7140e16e2021aa428bf2fd56fdf8e6ef0e4	False
0x8569b8120b1e96d6ef4923c53526c8d9b142bdd1	True
0x6f5684cd8a5a3ba075210fdacb93fe0ddd9dcf3d	True
0xbdd32863828f37d3948b917698993072525869ec	True
0x817a244a31a0c36686ec62dc9e036c852a773180	True
0x7963b08bb727535b427bb285bb13e91ea29a1a92	True
0x373463aa3ecd1feed90ad1f25be5147696ee4f8e	True
0x9b1cfe4838dd1f8ad3908ecb3d66838197c5015a	True
0x2030faca4e00935812c454bf4e8970a2c39a6173	True
0x787077e79957d4c0487a8c1cdce2b45a6752e836	True
0xb5b1d726b12f49f8636653b8db3344329193bcb6	True
0xf85c934e17ebd310fbaa673f932a677344e9e2f0	True
0x5a1d9f8282d9cf6d58338679b0e006862fbd027a	True
0x4f714a4c7c2bd0dfe3bd31ba979d4b1b743c21ca	True
0x80d798d9594664eba20bdf479f452ace7900a13e	True
0x700aa69edd0c2e687e4ce7a2f724c4e793263961	True
0x46c36a8151bbf0c1144044b1fcdb7f6274728a8d	True
0x2f572c3c76cf6a58633e9017f0d437f1161505e1	True
0xea5bfde0b22fcadcfc2974fac33f392dbfc948e5	True
0xa65d725528f780b702e84cb672c792c51f9ecfd0	True
0xa15c066916b2fc82ac5ece0ceef35adf7f62d916	True
0x869f294f457cc48c7f336e28d92a4e43877b9162	True
0x70c05760e8729cc60a1729141299b17bd5252f51	True
0xc58b49eff66e32d34d1418285befcb51b3bb2b16	True
0xff7c47cc5e5ee4f5bf6768a1cef3058f09b55f7f	True
0xdb87e26936e2caeb4bef82f2cda8d62eb8ff7ae2	True
0x018738af2b537d5476229e4bf1e31226a2debca3	True
0x8fab080474eb2af3c92aa4148d19e58569addf00	True
0xfe4f406111d8d26c59130ff6683fcac8338917a8	True
0xc5732cf985bd7acae71eef66bad5ca97403a3523	True
0x5968ce481a496bd858650628a6d958b54be5069a	False
0x5ee469ff847e5a4c4c0b878b26a60c2eede3e028	True
0x7b2e5afd6675ab9171efe157651b556d349cda55	True
0xecbe8bf475cf8446f2eb56c00cbf52ad00c241c3	True
0x603cd4594cb193c9052dfe72343da62c4fc97145	True
0x6f64b2887264e5723dda3cabbdd5b8cbaef211b8	False
0xce0cb47d55978a6fbde79c3285a3697ae86d6dd3	False
0x4974c767df9dc5a02d7942ddedac6d11b0670672	False
0x564a5a31d1322b9c8045e579d4b9fc2018fff26e	True
0x6131ec220ddac0911b4162f428d6ffe26495cd7f	False
0x48668cf1ae3e9a68ded8a81c94be9a38a6235159	True
0x63ffc09ed102f5fd2dea24b3132b45810bcca1b0	True
0x1106bd5260093a21e880f82f483d62c8b3a3ebea	True
0xbe44641a91378d380d72abee59a019ec69accab0	False
0xcc9667111203fb9fff4f20dcc74cf9db6135e1c5	True
0x53a8833356c1956a95be238cbdbef24fb20eaa57	True
0xb2a2fd977cbadea86150aa3fcd779224e6a7ebdf	True
0x300c7fa53d8d7bd025419cc67ddbb15a9868f261	True
0xb9756eee4e502c0ef7a8423e9bb6830973ae4627	True
0xb964bebfcd1ffd231f41c19859658a7c81e2cc35	False
0x5db80d61e4295a3cdd00e8505d43e3c6f05db29c	False
0xacd9a62fb3d71da64f1a00a86527ff3b897d446d	True
0x32f0689072b8e9ed3b7aa5001df6c2669e29d615	True
0xe2806c9d83ab5ddff6bf1224feb89151cdb6839a	False
0x586303e102bbeeefec7b63bf70a969ca4fb96998	True
0x6ecdb2dd58c48164cc4c9e8b60d31a5534a2dff9	True
0x93daa5462e80782d41cc5c3dfa6cb636be1c6dc9	True
0xce670e57bf374f71e5371ba28ce89d53682c21e6	True
0xa85bac74ef8819d62b266d58194758f1df1f76f7	True
0x5f3c14d338abc34a83d90ae49302db40a0cb840e	True
0x394a1a74d39d4d8d68159c43404b9de785f142fa	True
0xa397c052c2f71307012be14896296e215fdadd20	True
0x32447f32aff41978c1aeaada5b4d7b9cb7c351ce	True
0xcd5e5ed2484160e16cca83fae54d016be696af8c	True
0x9c3cf4b04bde5bd9fbc4587b91ea36da4dec66c7	True
0x1f7a6a138feba065c65e94056c8f7d8c64f479a7	True
0x07f44aaee3f29d2adb1c4670e6ec7dfcabff78b1	True
0x5abb251b469f3dd132ee5cc95588f650b37e5ffd	True
0x8bbec541670a1428cf15ced4534db9c89bc7aa03	True
0xe1f8e99f6fa71a7d0ad9e3d1132648c44a0b3ca9	True
0x0dd59a845fea969a9d4ae678e4fb578d0b1e7438	False
0xf98587f0003c1bee09a32ee8e9b62c0540afd2db	True
0xa843b4d491d9e31c913b2b3f8771935309d84018	False
0xa3cee090d22c918df3202a3e7e2daf087c47352a	True
0xc0a73603ee4eaf230bcf73430ba2cfb8f9608d59	True
0x0c69a525a99f4e46e8e6e3747c99e3672f669c68	True
0x1f71c263f56046e22b411550092b01c41fe1ee75	True
0x037547983d8b734a3a4c7e17d5f6e601e1581b41	False
0xc1ea670c0e41a32e9b80db0d3d139727aff57bd0	True
0xb07a5d408149117030b60ae4db995da3f77a16f8	True
0x82fb1836ed5c8189c30f5f2a84df1b51704bead5	True
0x143eafac2f803cd76c70bb6c52222ddf49bbf77a	True
0x677f26eb3e814e6951fd4de73061d4a902cf88d7	True
0x1888e47f31903a100d6895270f93d6802d74c119	True
0x2ea3848b1bc09a40f70da4249afeb805535090e5	True
0x7df8b4862a780617f11a6551329993d759afeb5b	True
0x07077f74eb03d2e28f61a5b4ef4d1118570aec10	False
0xd5c2aac6a4130486de5b0d9a177b813e1b97ca54	False
0xfb30ffe3e2bd7cb0c5b41cbaa3c7c567986a69bc	True
0xff834915c942d2e0c30d908c2aecef8bf9172ba8	True
0x2f667d9a2900fd4789ee3b469fa8ada79ce02fd4	True
0xaafc543ebbbc32702a45ecb387d01dfc32723fba	True
0xc3603ec25d22a9c00e7151271c82be5068a7e7f2	True
0x72f0f20b4ebf383a91a7e7ca9a55cddf1962be1f	True
0x77085c5be07bc910ed5f15c264e9f46fd89b4597	True
0x4156d3cc886cbc34642748fa8dc280244b84286b	True
0x29a4b37a7d2af309656398b8a1425c89b316e875	False
0xb2e7883fd40b37bff624a274851695bfa4921385	True
0xf2824b48e226ac518e506c44cbe88a238c88744b	True
0xaae5eaba1325a8ced9c26a3d9f08783b9289562b	True
0xd8f200c923aa97bdcb97dded39ba1f4ba5eb62fa	True
0xd3a6643c70360a72c2d4a2cd7309e5ffc6fc62dd	True
0x002cb7d6d92e0bca294e0d4bc5762ef5d535d1d2	True
0xbd07c250afe008551a2ab96431cb1e1949a47316	True
0x11dab3c836101a1da3c081ce3f02d95baf4542d1	True
0xab8cbfaeba9de563c52db2c7bc62e025ae5e1976	True
0x72e790bd47c3116ca7b40c95e6704db302ad527e	True
0x42527c0b47f57553ec976870c67d039aebfe2f37	True
0x2b339bf6fb041d6a9d99a37900383980c6194f79	True
0xc3af40cc9adefbaf561c42a90e620daedfc579fc	True
0x6b6b62f4a2919f45af275aabd1e310426baa9a70	True
0xb07677df168830befd0866ddaed1ea1c8f10d941	True
0xa82f0624825a99ec681261482d7fda8f874698ac	True
0x80e926fbb1e49552e721fdfd001e7f9a14177dc6	True
0x5659c34595d798b1ceb1c2c3f5d0cde6cd367cc8	True
0x837a9913db7592c323451b3905f1d715bca1c00e	True
0x6f0afb9a4b1bb20446af52a3deb49bcd5510d465	True
0xc845ee599912dd20d6864ee0429028071606c4f3	True
0xb26ea8397c6ae6939adf6bee3e137a7bc3772903	True
0xce0bccafa82c993b90d7d1bece6e4478054f50bb	True
0x02645165ab29280a9cea0ba9952497c7df856da5	True
0x7dbe336ccf424a9f3b4bb242482c1da7ebffcc0c	True
0xad5fd8a7762216e9f99fdac4b9502562bb438f3f	True
0x2696f2019d449ae3f7519851bdf4787399590b3b	True
0xa8f5f18a7beb86ab5a90773a2fc7a6a6bcb1b7ca	True
0x4dfccf95a6ac0fbece68b056ba0af541bf208bbf	True
0x9cb918a2e140ff03f2cc1a7017ba1cbc8632e019	True
0x49248cb0d85b356f54932560d69313fd9727f6aa	True
0x1702605662dc2bb47d90267d258d11ecc299291b	True
0x2972a0179679d9efa5136f93e2dcdf47cd0cafb4	True
0xf23648a83a4a4b514ebbe1f66dfe47f0f42c340d	True
0x325746a7d2c2f100c42679aa3e7d8f87a14da3e1	True
0x7afee5dfbee74b31c1a37e66cf9a6ad9302d1925	True
0x4c10e5a1eb2d41f6fb20b86c0bdee868c0549e2f	True
0xbddceb0508baae6c7757ae1fd220a6953a4f4570	True
0x6b40c71275218824a03dbd2d3d037e18065e3aea	True
0x12f2b53178573c318f84b7e1e73b371b911421c3	True
0x800054944b2ef1d0af396201f6f8b118d62f6313	True
0xc02728bac8cfced9364e778a4d0373a1f6030182	True
0xd0076f1a265e6cdaf63e1ee0df4de667b166087f	True
0x0103a04286a05a3ebdbe5f04ebd5641e9cd2b795	True
0x088b12cb33f53d3f9f967ac5091201c27ba0d004	True
0x8410030ba384fc5d08e0b850cb1eedf3c9d0dc1c	True
0x097d19d111947ba95bd55f06a8d1ed70df2c67de	True
0xee50d5ceb3bed248332da8b7cf6efdec935735d3	True
0xd2b2e8a3be91c03291cb4fb226b5900d9f7bd24f	True
0xed4a35a5df3866b2c6972ab3987a5d838b0a1f15	True
0xf84ec93ef27144939744836316b32c1066cd9045	True
0x1b769dc32255a40de8ea3302ef514ff21eae52f9	True
0x796250532da6e5f93901b8865ddc7718a35fa86a	True
0xccd85dc3de3d1d37bf5209e43b0e0bd1344cdf3c	True
0xdb3a8aeb42e4bb087462ebf82a1e7b3433ffdfcd	True
0x524a4417c820142717ebb17aa833617b2ff6b2c5	True
0xc99e2ca6e0833451a862fd4de1ea33bafdd79c0e	True
0xbc20a2ff8b40aa00e66ab4365a228520adea1c8e	True
0x531e7bca371472d51677680cc1244a6139d4572a	True
0x495c84d08164cd6d7fac476c402638d3e9fcd949	True
0x799d62dda23a4f52d172538d2b2b68585f0ee15f	True
0xb741961d8e02e390068e19e7cbf1db340cc032a4	True
0x14b3a8ad1eae5b232f716d386e9567b385f72485	True
0x8d31b9c8368d000433a3703edbfce850beaa80ec	True
0xe074df0fc31101d5dbbbb65b01bc19ed09ef29f5	True
0x29e1e200863fd1e0db33b831fe5c7cb94c7fe04c	True
0x277e698b9fa1be139672db351318138b94636aff	True
0x7c87f7841db6696afeb7ea04fcbbb52ac2e47e5b	True
0xd4b75df78faa7b0e631c1bae0e3117515c8a4a1a	True
0xae079309c53a0768f8f42fbf117a0ec00a324d31	True
0xe8edcb6b71c0706c6761171a8f21b9ef2bfdfec6	True
0xe14ac8f650f18cf9afb5042fa834d9793137b942	True
0xc8728844434c5d992997eae370fa9033e22037fb	True
0xb080efe8c8c4dea4a3b831dbd56430a31242054a	True
0xb7b1db23147d3b7fbe4fc72157d02b03bdb823a3	True
0xbc6a7efc9d2aeee1de44655c35b089e2693fd975	True
0x004efee31cdd386156954a3a6ee03bcb84b09e0c	True
0x52ed08a643599d72957c2d9cef58fb7ad32f5ac1	True
0xaddf4f9c026b205e7169bc59a3291c9e2c1da28f	True
0x3853c5e432317778d0c31349b3a9f395a41af88b	True
0x5a40ab67ff2ef994f9d7d3f2f2d350d040492b5a	True
0x1873d9eacd6150dbf8f6e8c90127d0cc1d0f0216	True
0x87363c6e2ec28d104a80783e0124a7d100e65947	True
0xd3dfd093a9e26f12cb7c0d40c2aedec9a4fb7889	True
0x5242487ea06b2cdd9c13f8b55591e7adcfbe5f1e	True
0x268185a52e45f0b7a5973e22493bdd1c26f0fbfa	True
0x2e36754675671dbec1121421e23d61e970eb26f3	True
0x175eaa170863e92b842b0f8227fde545a8847f7d	True
0x953cf0f024581834f98a79ba1995b998c6cd623a	True
0x7b6a63e5ac7b0c6593509f7032a59aeb806dbf8c	True
0xc6050991e6f38346d28daa824aa4c4042f70a856	True
0xa87acc195072717eb72e4db73004c079d3867af1	True
0x2597316aea3841d58eef5bedb37456ed812ed870	True
0x2bccaf7d73e7385a21d974dd62ddb3728208d79a	True
0x29b81bff6a49aa7a0827241b72986fb6eeb96f5b	True
0x2f6325d27efe372c77b16c6cdbecb8a3ec4d6ec0	True
0xbbb4bed27c211da068066b7b77da37d31df6d2f3	True
0x95a83a3df64cd2fc771ca2c3dd056600df82a6d3	True
0x398eb4dbcc04d2a96aa3efb9f68a916b395b403a	True
0x29baead53a20633273e375b0984ba5b99224b8c7	True
0x760a6dfc9095690b2ddfd82a6ae1fe2e10694f83	True
0x148fd81652664acd501f773a6ab492bac4e4ccb8	True
0x9568ec5fa557c39ea2d1885064d83bf8f64fe7de	True
0xd20863c8681b3d0eff2dd5e63c0c3c096b44e9c2	True
0xed2f20b3065c62bed23997ece1b0bb615ced8e7b	True
0x9dacf19ffda60abee4f204eaee565b7901b60a90	False
0x27d83d27d1d6a16e313cbbbd9ff68f666e60c1c6	True
0x703050fbda24f9f23be90cd10102542712a4e18f	True
0xad852dc01736975e47aa8d3400a29b07e6931974	True
0x2bc10cc67ae8905ef0f439ae537409dc40ebbe72	True
0xf7de8341650fcef39cb537dc83c1faef075e4efc	True
0x12b40f656582998d4d39b42b2f10d93082c70c14	True
0x73e45a66284be7a8e3fa4c3f4f0dcad35bf46473	True
0x3ea06279db3e81e213911fc5a83d35eddf5e5503	True
0xa6c74e3d06c4ccf9bedbf6209aee5b3246cb4d43	True
0xc5d044a1dc6b7e7d6cc29c0e0b27d8e7486ac243	True
0x3c1155962dff75958a191c4b6192fd33f460d019	True
0x3a589e514feac163d16f74b743d193d416072ac8	True
0x050c8fbc8078ea782afe355cf57619762c003dd6	True
0x9acb27df3bf1d75129ec0ed87e224e8f9116c823	True
0x90b81daeb4f20187261cdb5a7a05884751bd17dc	True
0x02c3c90fefd9b70baf10fbd40f7177f3883a4b79	True
0x4be1345ef320593722121bcfff54ff8caba67723	True
0xabd94c8e03f9988ada9079ee2361a36c6c4715ef	True
0x3ebad3ec2708232faad0c6a16304e7b06d48c64d	False
0x7254c82f6da06c5c01130e3bce759548b2df90f7	True
0x3752fa1205099e6420efb6dd2636e6c0a69f3ab1	True
0x68e0bd19666652b6fa760fa360fa685d0d20e78e	True
0xc420f9f2c6f433e82f10b3052d39587026b6f5f1	True
0xdbc8c12963805b711faa70d3190785f3de32b3fc	True
0x56d1eb0e570f5fb7a4192b0b827690067596cc4b	True
0xe3f78585ecc6da7afb953bd3a0883f1e2872e886	True
0x40fa077799e336a016b6c18d8c3a3d29b70b4af0	True
0x924960aa34005a6e84fe5092c8eae71ae549129f	True
0xb6ad1059ac01efdc2f9f8433acf0efb886bd8882	True
0xebdcc2835a3eb1bbef7458ff216070b20c589bcf	True
0x6038e2a1ffc7629a31e2f37cfb2cd2f874d97609	True
0x45528c2c57832d5d3e7dceda38b1cad14381f80c	True
0x7d05d55d2dfcdadb387c11be94d9a6c7e4226c2b	True
0x00fc4e7524096a459e11ba56f2c0e0f5b4c5938c	True
0x06b88d2483c1ca3e759b0dae27e95395686a1118	True
0x6902c13588d1b81ddb57bd2b114158e1cbcffd27	True
0xc371a6cb715dcf2e2b99ae6557b6233addcfef19	True
0x244128efb5520bfeb4d065ec235c2c78edb37568	True
0x8990deb242161fbcb0bcf727a1caf5f9d922480f	True
0x9fb552501d998a890a813fbe28539908dfefe79f	True
0x79a4b02b67c139a3db42df425e7628bd4ec5d05b	True
0x3b05cac7e19028503e06ab1304e445a905e2659d	True
0x36bd35943957c9dfc0c49bbc99d76e252c78e56e	True
0x0c5aa8becf697bb6fa4fc8380e8d4dd40882d601	True
0x88744055a39117a0772711128bf7c604371b48f9	False
0x87f9756b77a8310c831225aca64f0afef0ec56d3	True
0xb76df9e2f2ff8782aafa2e6a50a6a09d01074da7	True
0xe258b6ff0973c718fb2bc0104f00c56bed653431	True
0x16dced6acaa9df65263c86906b23b6f7d941aced	True
0xc21047602e42ce52e63fa9b12bb1449a74f8d412	True
0x3f5e14f969f91215ad3474ff45ccf1077ab6f2e2	True
0x013c7e2f908a2e9a7576bd416e9ed5d0f36872e3	True
0xc2aa036dcf9cc552560bc0714dbb5931144e9d59	True
0x29aa22967e019e6c90ed7842070537f43f087f79	True
0x990d0c72522b0e10898bb18fc84cc9473e9a15ce	True
0x9fcff0390986534b05a198335ef945866a91fd03	True
0x38e5543ba7880df20b70a5b8f1e76e84022aa6ca	True
0xdaedf1a302ae0632eb07c195823197393659c8c3	True
0x8c194dd47a9f45fa28e129706ac71495638883e2	True
0x0e4e61a7d64d7745fc7b0a2bdb8fe59701f71ba4	True
0xada039ed6b6c2f6ce4613b935eff58effafe1929	True
0x62486077a512972572d267aad3bf926bc215348d	True
0x4428de48b842254c747d47b999851cbce2deb473	True
0x2dd4a0840ed37f7d64fa248aff0278430183c6d2	True
0xa2917e21d907b9e34297040bf37bea4737cc5d98	False
0xfa50fcfcbb2b1701121327414819b32d75668c40	True
0x3629a2a5a716b78194bda9313ebf017be20b1523	True
0xbcb9229dbe959abdcae3309bd2a7cf262ee9482e	True
0xea1ae94d62b01c10496607126f9bc3af99cce2bf	True
0x621f87b6e51d070b8ee98bdb318224c6c4821aef	True
0x5eb52a35a17a0a40d6558178ca3e9b56eee43c51	True
0xaf9b6bea94b91e1a238d097a6328edda85a266ec	True
0x62ebee9193e6f9c4a01a8f27d51aca86cd2f2e60	True
0x1932f17db5258703ca6ab85f92f6d65e3b820327	True
0x3137e1508d6c69a648d7d8ff5cb305b174408cd8	True
0x13ae8ff1ac75b1e860663a137d28a76e34d0024b	True
0x8aa2e4f44e0804f2eb966680034abdd1419ff44d	True
0xfeaaa74cf5ed3e2c399945574992caa1ccfbdf10	True
0xe0ebd2b5d46db3dc59076d3580001b6a318b0d9c	True
0xee99bc039157fdc4bd21295f3453fe158190c317	True
0x4774d386dbb086c60021a705d4b1af5cdc6f63bb	True
0x8dfd4b14ac7abe5e89d14dbda328af53ef8ee543	True
0x456856527c7c55c492468e5f219dc11947e228d9	True
0x7d2e2abbb73a06d09a8427b4abef7b97b3cbf76d	True
0xa8690891ce8f633f3505ed64c2c960d852b90bf8	True
0xddeca5b4ae9cf3fb239c8669a7cc8fc3e481d9e4	True
0x636c7657122993789fd135469edc79fc3c2d17f2	True
0xdc410c7733d8ab48bdbd6e3289251a65d5e5bc29	True
0x432c3c0ca4962e25e4b0939ac6fbe1fc413205b3	True
0x8108c8b9aa759c1a92c46f6ab6f0c685a248a4ea	True
0xbc6bf38fff485687c7a9b703f6bbebf64fa7fc5f	True
0x3b1a6ea97221ee2795b033f51c4fbb91071bf5ff	True
0x4244aadb9d6b390a87f319c72426d5a6c7df8d7e	True
0xf19e6117520640d79390dae4a6faa7d32c9751bc	False
0xaeaf6c8715b5b2586726de6ee802f5d0f2544969	True
0x77b1c9ee04695bad489b59ee96ede194c9fc276a	True
0x2097b7360b4eca38a596f96724ca145fe7e36ea7	True
0x99932a34442a9693eccd19cf09847906294aa113	True
0xe37055efa1619f46b999676b5d4b12ae661df8c6	True
0x5269484e5aef104ea7cad834558e88b8a4223224	True
0x29abddf53de75a6b3fe02f5fa0425cb72eec920f	False
0xc0690542ed42761ba8f3f1c6db655c40e57c4193	True
0xe1ad1035dbb47aaa2f966f87dd0cfeaeca1862d0	True
0x7c420f4a415575bc86fadb7830677756f0818b8f	True
0x7abd669de762f6ebeaed117bcc4fc0f7f6ff7173	True
0x84f91a4f60c33f30961d3aa65368b3a462dc0d95	False
0x6e0c467de071e625abe1bd8cc80825c83d38b1da	True
0xd3d58b3b077f006b002c819d0923157680a3f872	True
0x3e3c6f8521bf4c79aa2364ec1a4af4249df052a6	False
0xec1f09e7aa9dd79261db7a9da1a153a9640476c0	False
0xb27828b2fbedd6dc30b5309ad56f7ccb555dc220	True
0x00b1815f1dc1c8c087c32b3f0c28b8351ca80f7e	True
0xad626a7f9b52ff857daf3093725652a9967dcd3a	False
0xccdd34e0d2ca19884751c04056755435d6146173	True
0xf1d0bc5032a6ac19f8f0af1a05e62e747ac725e8	True
0xcc55b79ad272165d3ec6b27096b8ad1128b7a2e1	True
0x5ab86672396db06ff71557ef487cdeb793653e44	True
0xa16059c577b42caea0ff6edfdd5c3fcaa8519d21	True
0xb5ac7b58529f6c875a08dd53cceab0a711b0f963	False
0x666b67a190cf8cfcb98343c5c7da5389d4b161e5	True
0xcfa98de7f569e24dbdedf690caec0a1fbebdb4ab	False
0x0b26a6d7e6920329978c16cd894b05af9fa3f3bd	False
0x4f555b0f234c5298e0d50d3989ce880486e4795a	True
0x79f561692b2c2b60467a05b684c3c086bf09b3da	True
0x2df5f9551e3059042f468e75af3aca0439b7d41b	True
0xa9eab89255f4452d093a44612726ed129264b471	True
0x87eb5677447efebbbd01c1204746a7ba39a79a8d	True
0xc1c0eae0acdd54ded449d76a2b5e09b674d971d0	True
0xf1190ff780b7eb87501bb311c179a834077514c0	True
0xedc8507d5cf68b1e30ccc54b6ce470934f138486	True
0x0c1eae122e1dfc50974fa6c3b8a0ad8129da454b	True
0x55b062fa539b0cceb5dba11fe15c032fcafdbbea	True
0x9a2e7e75172f5c099ab402f7553abd8f6858eea8	True
0x2f42eae84fb4c64b681e476b3851fa80b042e5a9	True
0xb9f27964aad30ed18fa1319f4ad093a0beb0f593	True
0xc49a5afcabde43a7fdaaecc2d19cf545b360e9f9	True
0xfed54f882b0e013e3a12eb4b97884bc0b19f806c	True
0x2ef92f7981eabd404169fb66e16d583eff1ea0fb	True
0x8ad2354b45b38cf0aef14ce5fade7e8622412084	True
0xf7c2b3bb3ef6690c16ab81820db86779b4932db6	True
0x3ea1a9994656dfde62c0f6d3c58f850fd0bf177f	True
0xcfc94bd88e237653436b47e0270f4ea561af3c3e	True
0xa8d03a08f8f758fa759c33174ac600cc97ccfbbc	False
0x7a34434fd6b280ef38f4373f938cf582922d349a	False
0x1a421b61852bb688e50666e12c3b93f93307203f	True
0x51fb9046affd19b8f0f4d894337d8943bcefedf9	False
0xedb140575f0592e87a450c4c1de9db14eda84786	True
0xe0ee991290d163c737a3903b01ab6d771cb6d97d	True
0x29b393fe442d8f69893386b77c6f07cc01b7f718	False
0xc003bb79944ded458f1bf8b3741b9f67c18ec08c	True
0x0f068e9c72d3b3c21f7c293b1f3a3e704b10760d	True
0x43b2b4c65404cfe0b9a0ac18208733ccf6d60e53	True
0xb5ae41b0c7f27cff7a442f91b60dcfc11f45d24d	True
0xbe78ce4ab0be3d95dc7fcfa392c5478e32096ec8	True
0x49d5a8526ad6b7b7b95ec6000dfd1e6c9f1e7816	False
0x38b724248fcb32e51d0780fa044dc945bbd75eb2	True
0x357f4a472ee08f74993bb5a0e5f61e4af298cf97	True
0x0a8d98a48b873de7911f2860e9e3be3f02c7d299	True
0x0de915f6e024a1369601507bb3dfe97b11395356	True
0x46133ce47f56cd808cec6e77a4ad003ba558353b	True
0x99a44e1abe6de91e9aba1098aa4e154d4c4b22d6	True
0x2e8a105c5b21ca9266baa19a8e12de9dee13d182	True
0x02f625fe7a75ae6cb548bedbc709da34c8a08224	True
0x0546c1715d86dfdd021aa4c40c0750076285dfaf	True
0x50607bab8ec7c1ce6569816670fabd77683bf546	True
0x21e0a79d8144378af74e0266d4557fe708ac74cf	True
0xd57949a3469965e65ba36d58760087382b73c21a	True
0x029c89806228615f3dc5a13bb3e209914be33547	True
0x152b9c7c9c6a8c1c42effd080213f23d8f49fd40	True
0x19054f662bbd4340e1a8261baa9a3e97b9d49586	True
0x05bcda8e6367ca316a973916ec3471ada96eeadd	True
0xca6a12da52dd773525d652c9f07549118d9ec1ef	True
0xfad6befe286d21ae4ac234dc9c80c7a03f60189a	True
0x98e87019ac66d3c470cb98a39affff659a0ca6c1	True
0x83ba7b1ecf0153316a7d25627112fbea5443082d	True
0x09d11fc097e64773629b76380a9bb5ead8db74d5	True
0xc824de85d3201c6dd9e766b9d775d68098b8335a	True
0xb1ff06a6b38e99a0262a0acc37d7ecc27cf41dc0	True
0x8d29a52c3a74a3c656639063966e8e8bbdfeb03f	True
0xcf9fd7caa6ba5f8864bbe15589bca319505c9230	True
0x522378a5f29e53dff4d391d0a042cb9b28593713	True
0xc8b5415205b8b69fbdfba49652107c5709fbbb86	True
0x2af397419ded6529700b9f2e329d7a5b4179502f	True
0xf9dc17611d5faed29f9c4be5a24ced5493b94bd2	True
0xf49ca6373aa20af51343007ec1f4bb6bfda00ba8	True
0xb13641e28d9570aade05c886027105f9af56c36e	True
0x3c5f293a3065b52b92af1df48dd6b35981e45044	True
0xca8560e4d42e260eabd1762c15ada2f101ec7878	True
0x9dc150a70455d0525481424e5758da724cca9287	True
0x046d8f0260f07b4bede539ea28b0fe2da61098ae	True
0xb24f4bce98e5ea7975c4390af164b6b49b6ee154	True
0x4cfa023a5109b73b97b8f261d0e79ffa78ac4ae4	True
0x4349b66d2d3838ae71dc28aaadd66014faa19083	True
0xbf379187d1dc4ebd23719203938354023b332751	True
0x7a733f028103173a4779eb9aa9153863edcb74b0	True
0xdc7fd09d057611746c54d1e02af5fed5a33e48b7	True
0x0f1b3d3295ecafa93ec7c2a5613ba09b1767b64e	True
0xe923365b1ece5f5e916658d9c58bcc6fd2ceb918	True
0xd16cdf9eaa00ce0b5f67f6df047be60bb4af057c	True
0x5b46b50262e84eda97ac2b07b6c0fc1f5678e955	True
0x1ce94035ca4a5d1eb574b0bbea01bee7de998344	True
0x27328fe0e702e9112a949f323632aba064e552ff	True
0xaa0e59655744fb2a66447dabb5753638c25fb68b	True
0xd315257f2a8484473e81df05868b1b71ba628719	True
0xde901d0537dafb470f00a4523620b2af49c3d6be	True
0x85bf4911d19091caa51ea8d93cef70249536ab91	True
0x37e42c15d0894d63a456eabc18fb26f2d6038215	True
0x8f61b92f22901bee9b82836593203b1b0c503547	True
0x8eee7e22625bb128a5729ebaaa11f73851c78f94	True
0xa9a578ca07342509b87aa806ead69a0a4ae1ef49	True
0xc4c5b1c768428202e58342d112e43fc138e5f210	True
0x34c56c8e9120dd925d51fc54e3873248843cab2c	True
0x8ff41351cf9f1ca3d96ff8e4b070fd178cedf58e	True
0xfe3372ca78870a241c0bc973edcf0f533eae226a	True
0x6ae198ebca9cfdd5cc89d2724ab967805c482d58	True
0xa6dc0ec33cc6cc135187adbbc431e3e1a05d1a7d	True
0x519a9103789b81dac1d46ae7d5a18a89a51dac98	True
0x9284f8322734c52e28c7b5b1a1954f0bc1635dae	True
0xe2a1f87323bd890fcdd8f3e48d8d3588b2fc4387	True
0x78f0a42c9377c35eac11966969fb0d9dc3c6ee25	True
0x7a74520638db25f9aa8cdace2d0e7769f28896d2	True
0xb9c5690d5338522f5900e92dbe5b7962abf3da28	True
0x5af351876ec60c24aa06470a4405b741791b894e	True
0x4e3a5f9a020ad64cdaf4a255ecfa5e4950edf640	True
0x7586aa6f282aca310197957377a47fdd51651f35	True
0xc36d08a90a269a656146be6d7ce18c8c5995aa55	True
0xd05eb89ce55c4ab6c5a11e16d7be030c7a006e69	True
0xa5277c7aa98ea5d483eda7bc8761f4c0bf6e7322	True
0x23aedbc7ce706e2bdb9fc091aea94b68efea43c1	True
0xf3596c07bf88038f6286e1f319b0a292c9b250bd	False
0x3f72c54858df56fbe6931157aa3b07bad6ab1754	True
0xab46e6c2d38d530b5ff5e0b030a8b8db9dfa6806	True
0xf17e9f9cb4b42b831a8310adab1c4142da12e306	True
0x749abae8f0ccbbf20988b11f5cd702725d363d46	True
0x8664288ecae732c3f9acacec3d3b0b74e73b432a	True
0x1b34b6d14c0519d726e1273626be5511b5bcc295	True
0x7c97bf689e9f555431256cb6cb95ee8242afe430	True
0x32b1f6c67bc129e3942773c7958b99aa6f13115a	True
0x066e66b60d1f4faa7b2a4b38e7497b3dd0231e09	True
0xf576882631f1dc069383230503eb5f403d807eef	True
0x65f526ece73538afa840703040602739234d1109	True
0xdbe3b93503e6b6a3d4ba3b9e32a3366c2af7f26b	True
0xc9eb42957208f0c5cab68798bfb11618c6ab132e	True
0xbcbe5586167556ba99d0627257080f4d0250c6e0	True
0x32b33ae1e44635af9f13cd4d4a53b94eaeb96f28	True
0x649db9ef396a59e9250a999b92987b416727b453	True
0x57b41d4334e4c6f41f793be84dde2bf344ff3630	True
0x8786176b55fa5cd1dffd19a3909ced76efffb6b8	True
0x1991f083119f78cee7b39f90818d31456108fd7b	True
0x66b0fdf5206d19e98c0e0f077634f0f3fd22ef2c	True
0x4a45af44d7fc18bb3040adfc0785ef6ae8a072db	True
0xf406b4209f1945c3b074fe0274b63e74f0f57b25	True
0xf84c35042bb48547a90db9a0a5d2153df25df2ea	True
0xbc06b22b76826864044ca26dc08d5873ffa97d9f	True
0x28007f65f82ee0e0fcc68f193dcc771dc9b522cc	True
0x1c60861558d416ab50fd221e6a4ac36ee3ac15dc	True
0xd59f84c6722ac712052f505f6a68e241cd577a7e	True
0x0d3e08b986e4bd255710bf41127a9ab17e56e96d	True
0xde032de788016f1bbf2ba52e2e8b47f047e56025	True
0x0da13adf119cd24e8d323434d4d7138c822b1da9	False
0x9852de40ec1cc879bab20c33a6559f67ae78971b	True
0x569b6f828d6581fdd1ad34144238c66db6243138	True
0x1477d4223eae9c8653615fb2c8d03c822895fbc5	True
0xb470f76e5ef0a07304883d545c025a334d29af5e	False
0x11ce9e59bb57db971df87642f38ca150109b0c0c	True
0xb4d55ad080b2ebc41216864b5427b11c2a9dbe80	True
0xf78b7c6caacf9d58dd0ae582689f6d2a549def1c	True
0x6010dceb5a15916c467f0d6a67de3429c5df0adf	True
0x2a9db3d156138a3f21a6edf98909a2a45125b5f5	False
0x5e163fd16d0b77ab127bc314d0381319ad64d0eb	False
0x06e5a4a8a3d3f95d64937f44c3c02d02df270f59	True
0xf6edb06fcab4b967a952354e768a38759ead2e6d	True
0x2892292bc0990df8f42d6b0d85e99bb2bdea2369	True
0x945a6f6d90a0e03dd27b2b1079a51284a63e9dae	True
0x2a3f27e95fcf16e182587ad2c654f826718c0b88	True
0xf35eb9b04f9b34eb7d5ae8589215ad63200da6a5	False
0x924a08c9414d14cbf5db66487538fb45fd30dbb0	True
0xe94316b5bfe5cb7d3825d68c20514160ddd66704	True
0x4a2ebbe0d4ec05a105fbf23bc1e26504228c0c0d	False
0x8e7605952b60932198af863992843f45aa73082e	True
0x3706d411f23b3391b14a9f9bb00fac0760a709b6	True
0xb08bc659b717fad85b6dc75a048ef25328a108a5	True
0x987ac30ee63369efeecec90c2b799beababf16c5	True
0xa1fe7bfafa14b811ed99dca908e2bd5a1f3f9a59	True
0x613890d1bd4d167b7b04aef04a3c515eb115ae06	True
0x1d4c6c3867297301a8f87b1f9949865cbd340285	True
0x57fcd2f8c6a57cba9d4be65b3d8a3e5f65d40b4e	True
0x150d9a180b060b563be78d6119241f36fdb0fc8e	True
0xa192fa5aaf621b5755405ab11d9f00984e861104	True
0xf279d8f53fdb839150d723f7484477da1dae8380	True
0x1a9fd13f8254509849ac725cdcb1b5bf81a985d8	True
0x25e078acbff7bf5373aeb1085f8f2d7c6d31ab44	True
0xbac7d975a3ea326983481e5e9ff78cf8b893adf3	True
0xe89734799fcec96157c03effbf912caad1d0df53	True
0x78bcd7b71c5855201bcd7c6d9e0435a89b059828	True
0xf64f7ae64a95464af07862df0086ffc3c423c4dd	True
0x5dd961906ee2c7c8a0e68fe32ed8bc3090ab0239	True
0xea4c797d0f6782a86b3cdea1153e24a5d345b9f8	True
0x00fbb3eb91f6cbee6612fab628a322c5dcebdebe	True
0xaffba61549accb1b622c2f200016e16f33e622d7	True
0x0b169599d835e422cf14b045ad2e973107ec251c	True
0x095303e0bedba4f6be4d295b46f5d5f11dedb3da	True
0xbaaec4505651fb59c2b46b69a14b3d425c81424a	True
0xff1b277c40949c3fb01e26fdc871ed0e70075bac	True
0xff1e1ae9b2c1de2f2fcf677bc09df048e495006b	True
0xa964bbb1b53580c43af9f6e7ed5fe650bbf812f4	True
0xb6809e395b62ffcd9fa9e208dd6ef319647b0563	True
0x32ba1008cf52250bf8d56d6e0248e897cc25f859	True
0xf7b1f94ea18ca1f76771833968ef7c9422b3064b	True
0xd2b723a9cc1176b5befb8bfbdf27633b4fd6e284	True
0x15bb78b1776499a33d5f115b92f2c9e5820a6c3d	True
0x859566ff3e607640008690944084c940794d8c4d	True
0x2749d9a7b3b0267c4eaf6ed4534d9b805b1b797b	True
0x1f17ef4b16bed7ec16b499d122477ef40fa88ac6	True
0xb1b2509ef21bf7d89165b41a5e5f7010eb45ee6c	True
0xcda99f529ef3ffc5aa896f5b7d63c7138f2b8959	True
0x916ac38c663846ba5bedff59f87cb95e6797ccef	True
0xcfe98a4e5a6208ad9f6ca11d428ce35592ff0c52	True
0x611e2499853e6ea7d2fd324d520af0cc652ad08e	True
0xa11fbe7f9e6a577c9c5f6c29f384aa118e40b6e5	True
0x0ac32f4d1e5dd932d56fb48e68033dcb2a64a534	True
0x5d706e457458661b584962158075184a056ed428	True
0x217d95c99d689e53fb841887894403b1b40c94aa	True
0xf6e2d8f5648610e66cc22f82fb64f84783f43713	True
0x6435799014a46abf5c52f1c7d19f63267029878b	True
0xeb2089839294c625eacf9279a6622f335eb3fd6c	True
0x435432f4152f1fdf02c0436eb7264e6b2d64a268	True
0xee1659675a8c0091797374587cd150586f9875af	True
0xabad9f188846a9fbd17dee9295f4e2773f297b01	True
0xaec128b3f8d77f06ae46ddf6fa4bf0a04f3ce6fb	True
0xcaf2f1d73bce275a9f370a5866bd6c9db50b223a	True
0x19641d8a28b9d9415bfa9a7c2f65f9a7dc3220fe	True
0x34f38f8b55d6f835a259fbe04c62e37536cb3864	True
0xffe51ff5be9f1e2e0ba44324bbd32f49d47fea17	True
0xac0b963673d048b5c0a63bb0f2d7f96bf2a29543	True
0xf9db536f9619d2ed2f762b073bd579b83a0158a7	True
0xd4e5a7ee6eeac83dfda865421ca26527c51e76ad	True
0x11f8743a9dedf536d6af46c4507afa0eb44f4e96	True
0x581527dbda0fcb3852d8cf854d7a95453cc84a4e	True
0x0c995e66601e280b3cae832fd82b493c7d817932	True
0xa6fc6d2162f065930e1117a29f61f7a45c7cbd1f	True
0x47d6af01b921d1465fed39c611d9b39ab227a0ef	True
0x63b7a7d45496adea178c8d0b58a20ac32d17a165	True
0xb6e8209a0572144cff829eeb8d3c3d39bdbc80d2	True
0xe25ad53c3b51058c3d7dd6e7574074cbb3fd1eb8	True
0x526adf32e6d20424c5aaf30354f60f2ea70da901	True
0xe7c5887a208b25042bf03ea2f46e497c15a3e192	True
0x6c56fb066892e8453e32c8f68c74cd4e91bb7f11	True
0xebc7abb0c32f0d22435ed8118aa23de709aae073	True
0x88544d8497bde25096b9b6ea454c1680b63de71a	True
0xb6bcf9ddda93afb8d80f3485b3ce280cddd1fe74	False
0x1f42d8761e6f55c8a1f7d02fda52bfd9f6a69caf	True
0x0660b9b150655483d95bb8992a706436435e88f6	True
0xb36dd03cdf1cd1106400e792b3764cfb93214f7d	True
0xe0bf65720b4524354abb000c4fdd12b1b8c06591	True
0x4ad942651a0c8d7123fb3f5ea86c9d75647f3e7b	True
0xd14d168391446fc06ad9dd35aa4cee7f7c364af5	True
0x3ddb999ce19c0aa55b396b4a382471f52ba52416	True
0x98c07f9686093cfb4b172e425d83121ae61b6fb8	True
0x83a13c0d16ab0cd865a1d6976e005e4e0ee236e3	True
0xfdde212c9a1ca523e1b55e647edaa105622a9ca1	True
0x4c5c131050df2e35611a270fb05341d2d6ef159b	True
0xf7a9449b9ea31d47ed631933f2168afadfc6075f	True
0xb408f077077e2d0bdf56661b10d00eaf19013306	True
0x8ca4463b678184651fb3e6023c5a61f22106124b	True
0xc26b2fdeb6158d4e32c3d89f92356eb523cbb53c	True
0x06827d7273b5ed887dd3db21b0de5667079f7add	True
0x879a0ab57a64ed20e70e814e44bf978e422ab091	True
0xaaf9c98f81099ca5dcd5c472ea5dc0d806ebeaf6	True
0xbd057f1fec40dbf1d2312630605a4d6ddc8a9b2f	True
0xbec5cc867ee68fd3ba5db88c013112816beabd30	True
0xdd83296cedca1b0da467c541578ae582e082c203	True
0xd20efc2b9ceaa88932f44e249aff08dda650eb78	True
0xaefea833fa509705ab25abbdf4a79747fe06151a	True
0x06b1c421840a4c5833d0299659cea685b61ba822	True
0x510a3ddfbb5e04d4fcc4dc3745f51b5dcf293485	True
0x68a634ed9f4ccf86af4d4437e7fa994c6aa921e5	True
0xb479932ab08053c24507e669629eeae993fa1159	True
0xbc88d5d21ab3613c1df2927d6f1f795329c671dc	True
0x1e2e54bd10a4a6c404ef6705145080dd2c6f0137	True
0x152b6685057295a5c035b2f664dc6fbbd6d3828e	True
0xc03d9d1b98c87d803eafbca20cc97fcb1adc8b69	True
0xa93cc43a9994e8dacb66606fb1a00c943cac284c	True
0xd9095016dd0d0297c657bee2dd708f584acf2106	True
0xa2b196b5c1069b820310450387f0ec9794c6c273	True
0xa1c2013e95414cd7d0fbdedaee4a453d41582883	True
0xe3bf2a3c62fca187c1a608074cf254ffb2e6f219	True
0x7dbe50e4d4aa45e464f4cd8bb19b010440bb6a60	True
0x6a3cf7acab56c3a17c6ed0ac81db2c2c606317d4	True
0x1480729fe15f699e08297b4c5534e228a426f0e9	True
0xf7f82eec9276dae8260416bef0fe7f02a715caf4	True
0x1216fa67f0bc9fd02e14948f4030e150632f1535	True
0xb5eb47e2580bab42c98612960f50d01aec4ef5c2	True
0x0d6c5230a20b9c0a173e502afe3e60d3d8f5a29a	True
0x19217765e9b7fa8e8106ea28f81a827ea565c373	True
0x08cd63b6ddfa4e41b62c93bdd61f4f889c7e9eac	True
0xae40393368000191b41ab913df14c937f7c9a837	True
0xba4ef698233d5e93d6d9ad22802e70dbc52e6ce6	True
0xc9eff6d0bd2ad53312aefcf805b842faa0b92f55	True
0x1562459410f446e489081a85caa72722668bbdd4	True
0x21112c5ea7b421e9d43f7e3d320379202d857a03	True
0x8d81bc0f64056bac7d33db6672eeeeeeb6778608	True
0x2c4db11a94fcdcfe961677246f3285c019cca8f2	True
0x005095105d6a112b12a842695be678bc1cad0b14	True
0xe645274bc8c88c4febd77b0a3a6c6c30e91bfe50	True
0x29fa6ae3481f75f5ce3914ad8e0b845154166f43	True
0x45173ac8b1550926f9ecf83d2e955a235fd14ea4	True
0xed77676bb7556e04c7b7ec60e8ddbeb6deae06e5	True
0x7a077076f964a1fcca5bf17f1dfd997b08b81e45	True
0xaece4a297b230fea768f50bbeea5453a7c9f78d8	True
0xf91a3785b24109b60b396e3a308cb2259eecaef9	True
0xcdfbd8042ab034a5cf685dbd4f570fc620679cd0	True
0x1b40bc212694053dedf50a4632a651e1b21db0eb	True
0x7ff1eddc443b19602edea26236496dd700566698	True
0xc0b9647250d457610b6971eac71462cda45cd023	True
0xfc428bd5729b54c357fc137ee9c6a9fffe5c2c9c	True
0x42330bc6330099e87f8cce8139cf219d1bb0face	True
0x2ec67268ab15514cdfa7576cd91002051199782a	True
0xb85b9870bd0e85443b691925c8bfbb69327291d4	True
0xdedfd869f604ec1108051f07c0740dd970a965f2	True
0xf24651cf0fac35ade5b3a0701465bad448b192be	True
0xbd88bf8ff36e9b0b4bcafb718b72cb748166cad0	True
0x77e4d1779665e14f5cc2598c1c93500e186b8765	True
0x03a56fa23ed2be67615a58c7b760e2a169317eb6	True
0xc4748241798131b07e32006c8b31bd44353cd479	True
0x1fc19fe87886b213cbe3ec53859fce15b55056b7	True
0x7e1dd385fb0d564cd8d043f8644a092e0f059e2d	True
0x5bdff1618d625536a6b250d10f8c7d0579a1b04f	True
0xfcc667a5b579bceb27561f5f550fd9543527a06b	True
0x0adcc33f13fd0441b5c9562b41a176d33572d6cf	True
0xf77c1e8b1b78f26c04ba1211dfc26751f85e6d3c	True
0xf41ff46e801fa5643c38382d3ba57c3c7fd566e9	True
0x1e854d178e0ade0df54f4b92f74ba7618cb2597c	True
0x96b98357afd0ffbb0f921e9da78e7db1c00bface	True
0x9b1677f4d671dca26a557916a77658db770eb535	True
0x966c03a08c2ed2b73247943b4385295832ce3bbe	True
0x18c695f4c011f91c5c34c2d92b86931f50f08e80	True
0xf890fc362b88a5cfe2f8f76bcff7a91cc1050d8a	True
0xca5148775c634d0da122ed2a506e63d5271cea5e	True
0x07a58e8d76c76285d3b104cb096d82cfb10dbf34	True
0x2f0c9b0a35f786c1a3f14cc311d912f4713f3319	True
0x9fda00d47a60c4a194cf5589792e9a2ca1170419	True
0xd08a44d70b25dd32a695de69c1cf391b813b7f3c	True
0x1685fe30fec3c283c66c2ebcf5b498fb8e2cb735	True
0xf638fadbba3f35623f06f97fccd4fd652df29214	True
0x345b0bf752b143a8635a68cac75a664597f705de	True
0x33ba8764a05be5bd4e426066468ca143ae505619	True
0xce9e22be4d851f6e1ace40e952b1f90ad88de827	True
0xc525e5c5b845d95f07b137e4a45e5630544a4f82	True
0x9e050c96b01b14294f716a6dff772d589fbfa52c	True
0x3a8d8c49bee6fa1eff60272573d06b3e0ea6e4ef	True
0x88832d2945cb91e57028449cc7c6cf4568bea31a	True
0x3e83688ae8857395e11bea74b689e1c78939b9be	True
0xf8a930e52d0352e021b3b68d112609cbf8140611	True
0x70d28df61938b47b9f64135aeecbe90318971c53	True
0xd666555bbbeffbc120da3ae8efc51cde7045e43e	True
0x00cfcd499eb574ca08d9861fd2140d83d15801d4	True
0x7e682453c4cb6236a4d5bbd70ab705a344259fb2	True
0x7fdf3a49344c8566b31081afc9a5d88ffd02821b	True
0xdb15c2eb03959332e068632e278580d011b36718	True
0x0fb4d06b91d750a36325eb984bc52c95064a1258	True
0x65cf0867fe92656ed0e4f03d33263957573c5a0a	True
0xa43e3a52795eadf3f8caa798fcaaf95272eeba9c	True
0x753126e5fee2db785d72a4439a44db78e9bd2c9e	True
0x05e8fcdd49a39438a914439f0f3270cf24c1641b	True
0x3d49ccfce69092874ffaaae0f52200eeb0fe7acf	True
0x69e0968024c175248bd7ddd76675ae7bb94c3a41	True
0xb9751452581ac829890e3cbbb696f24157b66863	True
0x8ad422d2b2e3802e76e24645cecfe49f478ec7db	True
0x627d67ee2226a8060dcf8eaddb5e30f2d9471e29	True
0xce8a68c388f41eca12b68097b27427d4dbae2dfb	True
0xb8b321c361e19a6973d3c39bf14ab9de459f8277	True
0x917b4bfffe0abddf46028ec7223f5c38e4617163	True
0x6863f2a91f5147e0c24adec3c8ca90f9a25b7324	True
0x7800aeef1da1a540c2f4e0f1442fc8f8c221eb28	True
0x036b6924e287696cf5d8a8234c600cb08b8fe26a	True
0x8a974644fd06ea491dff6e70f99506efd30366b3	True
0xf13a4178485e6b1167e595b37272e2d15c47c30d	False
0x3afc67314787e15fa3b3828e7f0c18acc4dd2ec4	True
0x08a50ea9e8bf115ae88ce957a3c14aa3bfb212b1	True
0x54c75638e00bc00ac22634add0eb180cd4af2bd4	True
0x0fdab530b140f087a9af6c4f7b60d3df91d50f07	True
0xbf1105dcf36a7a8f69ec0de43b294aa5dd611768	True
0x18e3a562de279d0de2ff07290b44551c2f4d2e4a	True
0x852c45d3ed71d77b2ef7eb26114c165d50b200b9	True
0x2ec3c625ea8f6215dc1be273360069409be7be72	True
0xf6e6f85956ea13db1a1636d1e6a0790e631108f7	False
0x22c8d2a01f41a844a434cdd7aebd2aec633cb4b9	False
0x15a23391d800b1d1cdfb5ae0980e6e45e9791e3c	True
0x24ec69f76c89bf99ca49122626244988911c9eb3	True
0x53ab4d61beb2e7fd5b6ae92468da5f0a8c317641	False
0x859c1995dcbda6395ee4f40709805d2e4a8e6075	False
0x515586bf5b36adc1301489660ade5ddf29fac9cc	True
0x826e6921744b5b5338a3f3e2b9992951e1e7ba86	False
0x49c6a40cb31b15edd10e07d8bf5bd83f518a77e2	False
0x6d91a9f923b2963d5d1204f21be55665a3a20581	True
0x674e37187ce33dd06594bf88e38e9533f280d3c8	False
0x18f86f5dd6adada194cc34b9897e3ea5b03b7acf	False
0xcc8b5c769446e1cb0cad6009112b23d1bff17ed4	True
0xc909ae3f3e17d64389f61135afa02423b9f235ef	False
0x96f2eeb913a3437239f74ddf43b19dbd93d01a79	True
0xe8f2445613a18b441231f99334000e250fec1680	True
0xe73ea1abb0e05fb5a57549d306c99225be3358d9	True
0x8696b0079a51a28dde2ce5bdaa94799bb6fa2e4e	True
0x20f757e10a4e0324b447c5828fc31533f4bb0276	False
0x0db929cee86871fe2a42fbcb4a7030f81d3fe262	True
0xbc5eb2ba1a2ea07984dca316b1efdeac56128936	True
0xecfffcc6022ace513f485c896122dbea6d01266a	True
0x81149a6cde409d666cc9c0df090c86abd6840fcc	True
0xfcd09d79b319fe95770628641c70efd1ae5f80d4	False
0x4e1a8a65c38a666e00ee2c99845583e3ba3fa729	True
0xdb7bfe9c4536bfe6793d2a4ac37ab544ececc7d5	True
0xe39ee83755527f39d0063e2aab5fd6f29dc6ac26	False
0x2e140912743cfbefee0738ee64dae79993a11d67	True
0xe2799d13d7a85138feb6e0598f10f086ea61f7e6	True
0x5e5d5d38692b0f77ea810b493459df91cc81b34e	True
0xd1da1cf8c7782fa3a146ebd41f682e4ded9e7b70	True
0x90de274089b874b99c660e64e069ff1a68ab7ceb	False
0xa04334767012a0dff8174032b6400ba663d3715b	True
0x3dc1cb639b1f99743277a47a814a6708f4543f35	False
0x50a725e6e22b2f834407b2577e6f9b1ee48156da	True
0xde2c9ef790f969d5571494925a7ce1841b34cd33	True
0x2d3e651985b8edcc5a57aaaa80c45141d32fa269	True
0xda45e4b66c6e5b460feb54b78d92a944e4cc39a5	True
0x8fd2a72e1c0b444b7775ef12e81cf45ae0d009e5	True
0x1fca4abd03daa290787b89a60e70cb191ce462d4	False
0x6547c328dca39d99ed4c787757d8c67732ac6562	True
0xdebcb92236e8eac6e500640123369bfe4528c15c	True
0x43c33dc3958223345d5d1417b9b1b55b8b2b71ad	True
0xa0eff17de80531db714063c2c3e3d0ddc3bd71cb	False
0x2518704a672451806a3450e01afd2371f0ae9ab1	True
0x8c02f74c7cdd9fb998c013f5563e83d353cd12dd	True
0x4120ac5bacbe9ca9ffaac34e84c541f72c4d5c94	True
0x21af2dd7ce10eb86a672c3305f8b252abc24638c	True
0x9dfe0a94833bbc5cb93571463bd40b1deda9496f	True
0x7ccd08f710a4cdee50cbc71b2f442b1f6323ebac	True
0xb8c847e8658b9cba6a9dbab8d6bd42d7c03ea70f	True
0x7e9e1eb56e7db63e278df0f9591f16cc553ac2ce	True
0xb60f27075904705f2b94a24368ba5f0f0c79b0de	False
0x6c9ff324665f007e3d4d2144850e7f5e76df7758	True
0x707548a9986df75dc649cbe29dca1f3e7676e356	True
0x4d3b6b5d8bb039379c017bd8a9ab651e98269d29	False
0x85eeb919bb4a1aadde0a21c5b1bf7baa85a78b5b	True
0x1f1a0f2e27c12350b66fe4fe81ccf836ebbfc8f2	True
0x26479263fdb881abf9fbfd7026adb99564d84692	True
0x76c8885a4f4f9e6d2efd1b34da6dde92a189fc55	True
0x6cf0584aa10dad3ff41fb0cd85874d72505c80ae	True
0xb90470487722f24b456cd619c424afdd1fad14df	True
0xd0e418b3213890e3633f506d4520030e1f61f248	False
0x12287b21a7be8ae7d443af565610b911844aa515	True
0x9a6a7057cebef435aa3d91d6efd137bbbf147f24	True
0x6f3666408f265a9b5a4cf6e9b5a3115d6570cc54	False
0x6fc37b03497b2af9ca4a9834c0630b8878cd84b5	False
0x3682816f6d42ebab9d05e2ddb3b5d4ea1da2b6a2	True
0xfda4c5b9b604584d43f1dc7af9e554891db1f205	True
0x8ca280b8377702270e035ae177b7c1ff00c397f9	True
0xd6229d1743ca7dd777928dc79ab082562eac4146	True
0xaa051ace5eb5f50c4e8614b7d629cae88f33a892	True
0xef1b7ce9da0c42101e48a4e198f3b2bf58a00cf3	True
0xc2b087052f7fa9e03035eb55c38a7798b5a05bf4	True
0xa25c37698751b028dc62e8b6ff1bb3c39b699b16	True
0x44e9c046c22e7817e8ddcd7d29f3ddc0dd40225c	True
0xb9cbdda5178d035fb3542c0216bff801600ebdd2	True
0xe95b43ba37b4713464b559cfacd62db4e0c7dde1	True
0x7cb41484355e444fefb8f87021176ba9870f5b2a	True
0x72d30a2a2593e548a6e865049c343428656151f0	True
0x7f0354de571dd1c1506c905b198d96fc246ee251	True
0x85f96ade72d8e7f9725254c75918aa60b259eba2	True
0x14ca2e8d8e2c2b8ad3287bed87e38688fbacec80	True
0x602f0b96619990a97800f42e18550eefe5edf47f	True
0x53291bc80e8201e8a0615d616d83d282394ea341	True
0x9286debcc19ee0abf2bf720a936faec2df8f2875	True
0xeba3a9efd19444935d36625ead95d2e5eef12053	True
0x2540589ab27b8aa9338fddd3577bda0237dc06cf	True
0xaa51296916a2eac8c70952637899b03d1c64dcad	True
0x717aef66aa422adc481be8ddf06b8013e8ce645f	True
0xe5ba80d359bb78b8490fe297989e4df46fedabc7	True
0xa7dbc0f916dab5974c0812c93981f5d04d90ea9b	True
0xf3044289f6e238c8cc37bf6236416b2c6e69fad8	False
0x47b42bcd0f44fe9b00545b2163694376e767ff16	True
0x58a0945fcc0ac1e2fa912b3017eddf4f3737db0a	True
0x4bae7699026233c6eb4652ee88ec4b2a2adccd02	False
0x6d18dd4740d6f5809ea4448bdf2a4b25e5f7e3ff	True
0xcae997c487a52f54b78855fc1b6b18a2d754e3ce	True
0x5ea13e743ddbebd32f9418f21215a2f7c4bec9f4	True
0x532394a5cedd780c0576d2da9d18b4535c2fd4e2	True
0x88a8bee2b34527bbecd9f5a98f7c5c978277f9c3	True
0xddc565ca2f51f099b4297120448bdd3d0a9d9d0c	True
0x34b35a7e0f4cacd7974c2ae453de3d2cfed8ce61	True
0x17486c8b84e1bcfed6bb6c4ab4cec3aa93696f8a	True
0x83d0a0261cc0b211c3ffdd72269f05f293dcc5b2	True
0x27e8d5c5acabc78f7c8ed0e17442b07d8c463b04	True
0x60d43f8d453486ccda6c8df79267108b43cb7eee	True
0x5c8a49f49f368f5dced17f3a10ecdf4d684ff7c4	False
0xb1dce53dcb9dd10f67c05cafaa6430db264d89bc	True
0xa555ffba4fe305bb154ea3421cb51b5543946e88	True
0x4760df7a4d99b540c1ba6a330265a52821f6ce0e	False
0xb89e289a5220d2a157e7f8dd551744fac0aeb983	True
0x0184af70dadaa6e076d2474f7a3a2fc0a292e6b9	True
0xd9bb6f2869552b41c9fede646079adfcd0316aed	True
0x130967c023e14d1c4a453d0879a97e05d6e6ed00	True
0xf9b6ef4305ff47240085962b7fe2f6663a0690c4	True
0x055aa8763428f3edae9bc428e523b327b790f8a6	True
0xfa6900c87c4cef48b730820daaf70d6ceeb04e04	True
0x6b80fbda29e7b4246318796c6a34c20715e1c4f1	True
0x2d2ba14066ff596e485b7d80f328462f2d60f698	True
0x940ffd088727a413523fbe289fb311965c222ce3	True
0x0ab3365ed4a67e6ac09627e0960969b7645241a8	True
0xe59e4709f4c784a11d760cddd4f75cddc48913dc	True
0xb36df7c89fee478189692eb4495ec3ddc088c999	True
0xa7f9535a8b9bd4e2fbcf3c0800c1ea4c4831ef04	True
0xa73b6a4e979135e686bbcf1cd50fccf33234e40c	True
0x1e9bf15b08e274d5a704979fb42aa01655ef46e5	True
0xd6e0eb4e2e473d2257e13b93c84ec0010defdd86	True
0xbd147ab28c14c9b5ebe1702f82a703269928f89b	True
0x4bb5d80396f2a6ee3de476bc842333cd91185c25	True
0x5bb1c7405dde3d315edf31280f1e33c6a93bfd98	True
0xaa1e065000e7bb05fda8065ccf37a170f43f49d6	True
0x62df877d29f7fe16437404abc0b3e7fc87881269	True
0xa9b43a8f59d21d1569e1e7196b85393eab4b536d	True
0x3ff03d963c0115b8300bce2fc984fc8242aa712e	True
0x1a3eda9f094fcd5604ecbf8f7639384294c517a1	True
0x45492503f1098b727eb72560080e6b60ead6c81d	True
0xc225b17abb768d22432521f1bc5a0514d3bfe673	True
0x77c27cadaea38dc8f418da573b07fd5bbdedcb44	True
0xae781a9cdfb3f602d1291ae9bfff9903e18fcec9	True
0xaf847883604b1969ab4a904854e7d767a4510871	True
0xb331a6be6d40bb68f296ebbdc7d28a9dd0d39169	True
0x09ca4610cd39d8f648b9cdf3ad3828c0aa79d5fd	True
0x5fa7a16f7b44ea5b72fb906d6a98c3aef46a67b9	True
0xccac1e7501a85d429aef3ca4e204615a8bd734da	True
0xd73991a2167de72cfe3976102d5c934f6baa7ba4	True
0x8ac198f86418648b8a23462d2337c74b61493ebe	True
0xee8d0c120450633325a7925894acd345f21b2870	True
0x4dbd911d7d43cf3160f139c1ee2b84ed725d0e5b	True
0x3fe2a7c835ee6da13aa0253c582ea68345f288a6	True
0x3530a2a955b45f53bda7ba5406a98c1d7a84472b	True
0x1987e5b136b05270f4649654b93e03d14dc90929	True
0x6ba20e490a2983e5f9a62fb438ef24285df96b8f	True
0xd709afdfccfd2106fe36803b67416fc10ddd74c5	True
0xcbffb67231569b6b54d2f1c31693ea788c8d47a7	True
0x37eba6701db835a0fbbabc7524d49a770b5feb16	True
0x2e4760180e6857f85ebc48570950c5fde628957f	False
0x5b0ad75579432bb79660e1cfddb89e7d698dee45	True
0x740a3c0c8d7c51af6531aadad40d4d1478da4e79	True
0x9c4ae1bc5182837de2d2e7a18dbe592a09cacbb1	True
0xd5f70f8154c75f37916171b28c4ef8208b02a862	True
0x056a287b81335487da690abc89a6a7fd98b66abc	True
0x00cc7fd5ef7971e08990fc83ed35d60e2e6716bb	True
0x64e04cb540a773757b5b4babe4335de1475ca28d	True
0x2d47da75bc724860d7f855cf23551e569b0f744f	True
0xc8195d3046240cc77d9fe61b50db74b178afaa5e	True
0x73a73082ca59d61a6f533b13c7f6c35f8d66c957	True
0xb22c9396682a32593596e40ee59b6d8696cda1cd	True
0x3835c5385438fc579ccef9b889f8a21d6e32d8a7	True
0x19231b69e8b23afc8f6a7f410be2dead489e40e3	True
0xc8725766eb790fc0f15b59bfe8a5873452cb1e54	True
0x8fb68218d84366adea468d3565369d099c1acf96	True
0x49fae5e7c5f85715ea6d6e83922843f3626a2b67	True
0x4ab4e63b55b726a495305a0c3e554d3f2de59390	True
0xb27f7e72d099c04e84d4e5d5ff26577cd71ac7f2	True
0x37517231d58add07cd418abd9b980435ffd8cc63	True
0xf2f8e81b32ec5cada38a19494fa8c51d0507b147	True
0x3384ff9c32d061f64f7884ad005dff4d59f3b66e	True
0xed5f88900cea937f951a877063e5538aa0632fe4	True
0x7be21f3f9bb6869d3f04a616f38e4a75c0e8cd74	True
0xf8632f9950adfa67fc7fb85bd1df923779fed1eb	True
0xf87a56be078956d9ee3553f7a7eaa638f9e0de48	True
0x39381b3ebedd338b539326fefdfb391b3833696f	True
0xfd0ccaedb6416f7d5086f5e14592933be69214d1	True
0x11f887b772466b5243da35f539a832fe9dc5a0e7	True
0x4ebb8aba31d57707c4fe92393de4c3e0425afb64	True
0xbe21c5797e758979a72f4977a8033113f179a06e	True
0xafa4bd50fd45ad44cc94a5f6bc04090291b2b4e8	True
0x38a518f354ed4615d4389a6ef5d07202a82f7148	True
0xbbb2d28d06daa1110a456aa3af471b8241d6bfab	True
0xcdc6847109df3389f1614f5541a6abdf63df1f8a	True
0xffbfd7d27e3fb59de43054c234b464dfe0f95ae8	True
0x3d4fad9e328dbeaf5afd5b034664672a6c978763	True
0x595f23b01c86d10f19a8d2f5b5a3957d62f5c48a	True
0x138eacafe4487b44a2bf9a7da65b376c90c2ac3e	True
0x2fef62f26f23a2c5268051f717206a1e1af90fb7	True
0xfebe2a2dd8bad8939c1627f1d882f7ed659b72a7	True
0x687b3ce8580bd60fc91d559b02f46ab387908d22	True
0xbba9709b89f3586c65afda25109c027c3e6e729d	True
0xdb26c614d91f6dc22e968a0bb5b4a98331e5728e	True
0x565ee26c749abb32f8737f6bc8ec689cf980781d	True
0x3d327c64ce10980f03c41a91c1439c6afb451824	True
0x7868420e44d76d1db1a65c75828f69566409513e	True
0x4c1511b6982981165b79a6ceb29f6af09e953221	True
0x0235bd6195bfc69537a40eb3f84ff7fedbb6db1b	True
0x0493816048830e3564310fdbe07ba83f97ed0c57	True
0x2091849fb48fa3e5de6d6469ef703b8de70aac5c	True
0x62f25fd4f0221984c89512a92d3affcf440a45b1	True
0x6ede454c0e93738caaf9ac65a318cb1bf5414489	True
0xc8438c2c7e1147722d51191391d3b40fd90f04e1	True
0x667a33ee8821cd15b92dd490a1a842bfdf1706c7	True
0xa1e0d2186be71d7e58e0126eef331a2fa1c114ba	True
0x8156a6c4b9da366b103166fc2fdb43ce897724f4	True
0xfab87806d2f0c7c78c0d6d0f487f48ed32323125	True
0x33668e473abd66eb95221ed7ad65c4844b749f72	True
0x77756b8ed0c233559214029766061af4177a0e3c	True
0x3aa10589f5ad65360b3964c4ce9eeb0cf39746d9	False
0x0adc4d467c987ff3d3017d40a5484e4bdc4815ae	False
0xbf689fa75d1a0fb3b69e67c2503cb01751dc598c	True
0x41ab7a36f5ee137f32780753d49c2f7401cb9dee	True
0x833737e89403f7df27155852cb54dcace4226155	False
0x4d88576112c266d80d9144b45cc5da3e662293c8	True
0xa10b017e04f06b34ecfa3acf46c7481588d2de6e	False
0x69353d1caa44e2f55ab77e4e8aa3a780aace4c3c	False
0x6c903af9313fcace1f54a45f4dbe70cace1152dc	True
0xa86c654d7325805808821ef9e2de9f1bd52a8538	True
0x4a3a62b21bc0364358b91fa56f9067e57c24772a	False
0x5365fb6666cf6402b25f82d9630b48480056b077	True
0x38045c1357ec1914ecd1be21203b92a99f009e9d	False
0x8d7e06325489c8edc243c9b353757939ffb0c426	False
0xfeb1eb12d2d0ce87fbde2d500f4de990c51b811e	False
0x7fa4899215d348556f3f0096aa47140055a26ee3	False
0xe24d39f460db9a71c1304e7bbd2aa67c56c27cb9	False
0xe005d0029bf7b4137280bc8eaabe480bb65ada0f	True
0x9054eccebad5f1305aeb187b56d3694116c19247	False
0x1c925bb74a2390dcc26b45f6d9d764e8ac1edc1e	True
0xed442eabb64ac7cac4f6ee21ae94915e6514b20b	True
0x81d08eb3e74c8a440f0f3f3f4ef3f913da9c5211	True
0x4f94bdb81137c62c1f337af5ba08c1ccb7588198	True
0x3eef41eaf45541488b2309e957124235bb3674eb	False
0x8e934a1e7283992b5d9a7dcfeedd82f1304cedd5	False
0x72795efccf21d6b23906b6d1c47c558face41d38	False
0x41df84c5e2f31191af9c3146cd185fd81bc322d0	True
0x7dc4be12ce946688216ef7b0a471a54231e42397	False
0xc2cb16c51ed1cda7c6cb9039e6f6201a7d655b32	False
0x6149fdaf254ab2b34e16da09ff15be52352d8d62	True
0x30c4be86c2d06403475e9465a1dff5713b128116	True
0x897a89270d1b9b2c7120aa197e1c01764edc8032	True
0x8e62360697bdff57f96c587ed284804193999ccf	True
0xecf8cad7c92d4af0bda0f80fd7e2f2d33a4ac473	True
0xa8b0ebf431d3af23436e9f82eaf10fe90d425480	True
0xf2fbe9ec607a246dc607c1797296941b6d9fdccf	True
0x9854a2ce5aea2bf204cc256b8c42303f910d2fc7	True
0x82774fa3b9b5e463e4237d51822f25d367fc421a	True
0xaf4764610d3c28b932eb260a7f2de1fe66461e5c	True
0x7a0037c6144b4dd30a455001df68e7acaff83911	True
0xb8c44c617372cda4b4267880ffff7d83ba021892	True
0x5d06cd1174ec09ddc87f24f866de624c1312a04d	True
0xfa6bfbfbac46f512741bff79b0fef7d6257a8c5b	True
0x1f848aebec7ff2248e58a1e72ede34651f850f72	True
0x7c2523c2e7c46d2205c2c4ece5ac48e8fa799855	True
0xcfda300dbd6ad0eb627ec149b19d4c092ead9537	True
0x99a35230924e3c6d465e7a43838367f0a9347849	True
0x696fa11d8ddba85c48d3fa864c4d45abaab3388a	True
0xd883d42be5b207f9672b504c0c7b6fee16e4be8c	True
0x3f0640faa42be0b6a9b73989df19cb634f563948	True
0x209f277b79dbe8c55ebbdce5c5c2588c6e2e0f50	True
0xeb89825d3e1a350df9cc4f440fc846be67e79a29	True
0x764ee9fa8734a87a120abffea7f4793f1fca51b9	True
0x4308364c08560c2a4cd8fd597cc80c8b505dacbf	True
0x322c4c3c57e406672a7d97599a4770d2775618fb	True
0x8ef8e38355adf76e9e41da0ba043d331b75c6632	True
0xe1216eff1e5a7c07e51ba773661112058f30c5a0	True
0x11da15e2e8605ecbdd10704b22fa3bb5bddb0b42	True
0x53ca354816afb2a5833b9318967aae4cb4585c36	True
0x1e9b95d1e83f72cea4c715524aeb126e9b049fb0	False
0xd254f8efef99899bf089d99dac45b3ebf46002de	True
0x9e60c6c2082d4e1db038a30b1fd79ee80b835d93	True
0xa2929d95a4adab3545f48272bb7d7c079f7f3a4b	True
0xdb3afa4fe38a548882371dd531d505f57c93251e	True
0x2f0050e24c463f19b4e87e097d441f3236ec53fb	True
0xcdb63bad089255f4d518525f16eda8e5eb02fc43	False
0x1b542bb37610f60d455eab841f04a28b63b759db	True
0x7d6fe70fc2acef5b62a945e291b097b8a5b3e82b	False
0x5e119e4cc92b7025c8c7a21d821fe90bf147fd7b	True
0x9c7baf74c2329daef26a173005137167cc7a7fe0	True
0x85d9e2b8ae0cbe4de3e747a69553c5f4cbe367f9	True
0xd43d5e95fb39380110baadae2e0bfac1d5bf9f04	True
0xc99111381f2ec6c860e022a1f061a0513b9dc844	True
0x4aaa4c5aaa85040211e6832ec23297a30c83720d	True
0xb1fd1b7d3f2fa96f5da07e9bf61447b659ed8110	True
0x8934d500c1326692d3ebf3a4a5efa5887ac1aa9d	False
0x867337cb4dbfb2f28b6a95e5d8e6c108c731efa5	True
0xcece891d017799b24c520f6602cfdee355c8423f	True
0xe8f081453a78e425bb1891e4a2908becdfd9d16a	True
0x0c354d4eb80db4d7737839d25b2037c9df80e292	True
0x3360a734628500bbc3fca20a45bb43f44881de70	True
0x4fdeb312a5abda6e6916231b983a961732b415a1	True
0xb101c7f147c0e9955dd19414b06342dda42a85d8	True
0x3f8bb4cefdb6d0fdf43b29c8ee39d9ec053d609e	True
0x8844afdb2108c6c79c4fa4cfda05056dbecf6ef1	True
0xeba63f64cbb5835b605f2b3330a2e4f8870167e5	True
0x017d7ed5c71b12eb3a11c10dcb2a01cd6763c9ed	True
0x1634e9a8ba4f439fb190878158862f30d7f9d7a0	True
0x8692407207c4a41415bb9337e76454df90e50f28	False
0x08f83b7e391dca8d420c644aeabb365305e28ae9	True
0x5d2dcdb31fc3aeb422f561a1f7d342cc11c9c877	True
0x01a0d1ed6d12e7f425dd26df7b5ebdd72eeef109	True
0xfd97429569a68164e891f47640af5aea0cd4b565	True
0xdfb48142afa687a89a98e0d1b7f9d187d488abc7	True
0x47d59e18e9969486b0ebb58c9b640f7a1d77c6ae	True
0x0ffde80c48d1f225c38b3dfc6d01077766af27f4	True
0x78a99e08bed82eb267b53fba8b000c4feaef654d	True
0x142196544224faff2629d48439019998e9e7ffe8	True
0x2171e89b5c605fd8b5369e44f7b1da1d98229444	True
0xa24c79ed261a069dbd44429da67255ca37ca198e	True
0xc4902f34c800b5348d66e4b8ea94e0de18e12da0	True
0x32b6bda6c29d9675affd65a34fad804ea591820f	True
0x2f074733a3d4d6ca7b18cfead4adae9ead71e262	True
0x621e1ea287b389f5572b3034b1216df8cb73fa9e	False
0xa8e9374f65993c39d4490d510ce267c8b8d03c55	True
0xadbc3e3b432263e31b3bd13322d6036e21442ce7	True
0x8d4c163126cdaf53a9376e6f15c6632f5343a5af	True
0xa9f05f3276fc045443c2af48f6aac106713231a9	False
0xab34fae78cdf25aa187397e0dff09b31a850e285	True
0xb4ffe19fac51a554c3c8b02e082c7d92b8b146f0	False
0xae63ef64d38674d9ec256d100170f9d9f1bc9dfa	True
0x456a53c36204393914dbc7a0e2d8b8f87183e7e6	False
0x7c0bbf73af1c98b6e4d1146d4c88554c278667db	True
0xad1a4afef6cfe291b7eaa4b1279a7aabca179755	False
0x6ce303fe0c02656924a1d6a372bdb1b3d0a331f9	True
0x719514fc25c3111536cd8731526825c5aff64470	True
0x4fa031e90f492eab721d2b6d44cde6ad33af8809	False
0xf76e01266d03063a9c1e298ce790e24f87e97a47	False
0xb059b78443bb51d25ab1920bce19c0f637dcc61f	True
0x1541272097e9d24f18a80d7466e8f2c28bf4230f	True
0x9fdde1cf3a823edfd19c9c297974c548370899ad	True
0xd91c7df01c74671acd3cf6bb2639cb96c7945807	True
0x3fd93fd23adf3acd0fa023ccfb879dabcd8cde5f	True
0x463b833e48ab954c5b79d3c0e9a7a44daef0f024	True
0x81c4d93ced6d049048a0d67a2ee7691db0d90fb0	True
0xeb8473283aae1a8f44f4dcc5a354ee9e45f76f81	True
0x958103b11f13b1481b7435f420d0fea00329c3bd	True
0x587fb0a405ec4286820b955ddab9ff29ad62883f	True
0x92a3f85b38f32e3d0fdb87aa7d7e12264e36608a	True
0x0057c9c68e3ad417a7fced974adf2ca61f5f1757	True
0x3b218baf75f949ab4bd7a9335ae5c20142633d1f	True
0x2131a0960c0dbf1c052e939edd47f45ead37ef62	True
0xfe8f2bb6827f08f214e35845ff782e2dc4c9bee4	True
0xed74303a9324c2c6377d08d7f3bcb5b5b47b7442	True
0x95f6542006b440fcdcaee5e89c53924dffebfff9	True
0xe624199b0e35560102c117801ed93f1b0cf3e69b	False
0x601b8a22d9c2c7aa0263181b3cd3b5ffcf78f2c5	False
0x46afc9ce8a4901882b08c08733c24027a386af2c	True
0xe482d03738ff2f999212e24462f0f73e3ad8526c	True
0xb0c5b412746d4f3aea26c2e4ed32be51dc23c511	True
0xfcf89a84c3f2e6092605e4f0aba7a84fdcff1863	True
0xbcf16d2f7250c107084e19d30d97e87f4895ff64	True
0xcba0130420970f2806131537f22dda5d1c3f1b41	True
0xe3f13a042dfed941798c21383f078115c4d80330	True
0x4e45b376dee2ca5de9eecf9b5f45eb9c707151f1	True
0xa3502123b153716b89072e5b01c19ea9274f3c3f	True
0x34e206e465aaadf9f7180aae285652a91b0c8a5b	True
0xf3e9ac66005812b2d6d1ef0c87b0081d466f0e2a	True
0x48fe321fe9a1cfb6137cb367f7145c7dfd3febfb	True
0xf70aa5ae397c98953ae543cc05506aacf87c14fa	True
0x2f62507d1fedf01e94eda7d5794ae85294cf0fdc	True
0xf67d3f4b660c031354e2af0288fda5d2227855c0	True
0xb12dc09a2221b57efe59f213bf38b84b510cd3b3	False
0x72459e2af38bc710dee6a6f24c2831f632f3811a	True
0x551288e6982fa4eb7edd5cf5d21b23cb6572b711	True
0x3450078cb23318f56310668999a5d3bfb571684e	True
0x3b0f359e51a95cfe9e06f0f2855fbe524b3ab28d	False
0x99133f27cd096ebef67cffc2ed4c86ed85fa94d6	True
0x5c3cea914a5069fa8c399ba61add2dd046ba75a1	True
0xf1966fc436c66a0bc586dc8c262f3cd2daa2f5e8	True
0x3e70ce303a42a5ce9bf444697c0e86707fa0c555	True
0xcc1c2b289c476344e5b3d3a81925fb20b13d807c	True
0xb4f04e64775556dee2d6266e5518d5c09b0febb0	True
0xe1e5f57be38c78d93a014118f057adf0974ad667	False
0x12acad61dfb67357e6066bf96f1466cec7607c88	True
0x86fec872db4ca407a712f09acf3f7999c552299f	True
0xc8d0333cdb39e47e0c68f1431603d97650486ce4	True
0x6ede0cab55f5939fa112bb024ea510ad2f850b4e	True
0xa8742e1d3955f314855634044c91ee7ee83a90ea	True
0x06b7206122502cd0a5b269da0809de683d3454f5	True
0x196efb1f318c3e2e223310cceafbd42f7c60183f	True
0x502ac2080dfd8edaa662f49241b9c5b49d158c26	True
0x284f3837023269c0ffed80df2191656f1efd0674	True
0x6135e18596327bfe3a21baa02db6435cccc471d3	True
0x58f36d0e86c611fe615f82d50ca97a640e59a6c3	True
0x9d7d75a1bb4a5c96e2b5bf6eb74aaf113edb4a1f	True
0x1d0b643c9183ad6eff2bc92df380b7f44b64e3b6	True
0x20a4f89b923792091dcca397eadcbcdf59811c75	True
0x4d95bf47d8a24d70793a13afe147af6ae13da813	True
0x7f734aeb86d9267c37365196acccdcd6a2fbb6f5	True
0xe41271808406fdc1e8b62608830279f66c4c173c	True
0xdf4959c19fa17844c77fd665282d5de489ce29fd	True
0x78a0774d4dab1f171f067b64fee7b5528084de6a	True
0x26dd189b7bdb1031169d65ba156e95017f401817	True
0xb00a1d26287893dd8372dee0d3982cc6371dbcaa	True
0x198e0ab473a69bf5cd2b8ce89d4f3ccf6ed7998a	True
0x9e520494440c8e778441a9994f310caa8d374f68	True
0x4210f3473f9ae14e4084dee1e62afd44bd900ea2	True
0xf2571e8d2796cf4da46837be7071a56c7b5ecfd3	True
0x056212a7061ffe17ead5c60a89b26208888efb75	True
0x804002406f93ea73e165df0af8713a240cf234da	True
0xd146090f69f69c764e00861a0282f8758c422d6b	True
0x1f43ec4299e4080652c3228233f4579f37f072e6	True
0xa7134a715d0c1cab174b617927609e19f9ad8546	True
0xd2aff7c03107b7c4f116c6b412ba594fbfcb9f6b	True
0xeb78e3912481122e286620a1a5755720710cbf89	True
0x91f552d4c0e002b42953ca4e872dae2e4fa91198	True
0xdaead819dcf1f6b27e88a670de338c4027e7c6bc	True
0xf27b0461ad167501285cc93a234ff07e885e86b4	True
0x7dd1720c98184fbe3fb86e6f337cec92be0aa757	True
0xba9010a7ed8e38c3ca69abc8df88ac279ffac7fa	True
0xe02064061a24c6ce8852a21ce143c3e2c62cbadb	True
0x93589ae5e46ff5982cb8c489d5dfba48892f8e36	True
0xa45e6657d0bee07b5cab01a435c20b91cd8ce31c	True
0x612344544c51449724770eddd93384794db34bb3	True
0x8841fa22da517fbbeb25343cf1b263b7075c0349	True
0xbe9b04e24b179a34e79adb302a0102ba2ac708b8	True
0x71f401b72431a477edf3e5723e88d7bb023373b5	True
0x83288a82ce49c8e882161b259f6f058a07e5e9fd	True
0xff62241a620f8980b9fe3c47a8d5c4d8bb11d99a	True
0xf5bc164b5ecb364593c6852bb743c770a461ac80	True
0xc4de419bba95cbcdbc13a0e1c2e4d0fe8ed189d5	False
0x3081bd187b96b49f6a2ca9ff2c755004d4ac9a0d	True
0x26f01068839ffe75709b6b7f0b62cf635e807562	True
0xce0b8944bd3a269e46ab84cd7d443cec6fab2de7	True
0xbf17ac41075e7a84ad514c1a9de5f2bbd1873bc2	True
0x36db5bb2803505746dc144fa48f33a5cece061fa	True
0x287f5fe8069213485b4b878d2bc5e395b7be490c	True
0x9ca34e4124050cfefee4a6553ee5053996364150	True
0x311514945605506ad239db5ba21fa3e78595ba0f	True
0xc3920910b515a6bb896cb9e78549a7e9bc1182f2	True
0x6b62f4371d2d58b9bf5ee7bea45142c098e4f3ff	True
0xd9eea4be274951f9e30447a946fd125f9819a5d6	True
0xd94a1316274320e9f29a6ddc632b4308bf8d9133	True
0xe4e8d7d93088d6ac5fc7f6eada6f8662152d714e	True
0x701292d1453b116fd1745ecab8d45e414c12e9eb	True
0xf69615be453dd381cac95c64713cfa15d6614061	True
0x858e9b161adab8bc7f1db6924a7e4166aee21825	True
0x7b331ffe3cfb14c74571e1cbc9d37d7fb8161ecd	True
0xb0ad21a3f2f3396a0026e44b6cd25ba0cf4189ea	True
0x976e71adbc83918a6359b8e40438b83393960923	True
0x4374429ad8c819f56b5f606d50494abca94255fd	True
0x78f3d9d866651e91167ed4073b40ab5c0f11cb5e	True
0xf41a1f2c66b2acd43c44c9c1d2ae281f3db6031f	True
0x0708794da9e93c1df90bc2cdbb1311ecbf258d88	True
0xe72d5720a937936ab16dd944fa5d0d4890030e1d	True
0x227ead22b83ba61483efad688399da4e45bddc3f	True
0xd27bcf4d1ac1c43ba898290585bad540b908cc3a	True
0x175b43ac0da15208f328b90bb6f8a093b310584f	True
0xa774e4a21c36a9a1af7b13f7bc4ed12043ea4f2c	True
0xaaddb0230cca14cfc2803162c3b52a9ccee19438	True
0x9cbf7800ae1125b7934462174bffe32571e53d0b	True
0xe70d64ca80205ea3befd0bf854ab4345993cd9d4	True
0xf2775c32fe673b3c48e28392b43135caf26fd486	True
0x981cac33e577c1a9553e70688b71eb95e1c9904a	True
0xc4018e19e854b9ce17d53ee4a1c5c2664209f413	True
0xd98211cf5b75299d54561bd5fdab691b052fa4f2	True
0x1828dab32a5c74bcdb58a2e681d6c80bd097aae0	True
0x206c5abb6cc7b919296de8902b3095502dee0843	True
0xa3c543429e91dc75cee5921373419e3a9caa9b40	True
0x8f55f56b610d174cec54f2e5c6e34c46a07bc226	True
0xcc35b30844bfb7d3bc4f8a967c18c92309373543	True
0xc0ca2f8f5ac3efc8e073983db446431504f4c7ea	True
0x57cf3a022f58ae5b9ee53226ddd541ce2d7bfa34	True
0x5ee5bef57b0452113db99f0a1e00721cdde90846	True
0xdfe8c025097a109a4b4bc9d5982054d7cd3009bd	True
0xb9547ad739458d859b4fd1a7ef4cdfa8c474682e	True
0xb416f73a41ca8ae979e8868477673986b60e9dd4	True
0x99ae03621fd5cd54bcaf64e30b45f8a0e0c22b25	True
0x0d975bbdcf49a495a957b2c32f0504bb8cec0264	True
0x1e23f1b6e377f1d71053c5e9b5cd9027af455882	True
0x1e2bb6293a9457d840e38f1bc50d0cb3ae818a07	True
0x00858e36e94456ae35d229461fc1f2eec8a230ac	True
0x28a43b5a93ddfb1b54fa6ad55d0e86e95132b710	True
0x32bd256344a46b73144d73392e99b6d801d23eda	True
0xb8a0b6572f6bbf5385e7312e843c81683d79b0c1	True
0xfd0332161f09fb13c9875ede56973355665fc628	True
0xafbd3c3be96a920ff1dcc14e8084e4cf4eaf79fa	True
0x809fe03b9acac6124a6fc70a60dec34462f43ed2	True
0x005b2df8ebeea6f6afca42a801962d8de2a31eff	True
0x7c811ee69067a7157cd27b6a5da99d394cf0900d	True
0x7b6b7bfbac3bafcefb364dcf7d04fac1bd8d775d	True
0x077d80e1c0964500eadd9fe585d0666274741ced	True
0x035f00ab04d1c7f8295faa43da6056c146af81b2	True
0x5e1fbe093d4306d9794769371c6bb2ff7f74239f	True
0xd2e14b265fa852037822e9324d56095ef621dfbf	True
0x53efb0a41045959f6aad4869a32539f7f9078a83	True
0x0f6e68ea284f1624b06db48487138e2fdad5c4c7	True
0x6a92c105b6c860feb4a957e2811b41f2c9a35684	True
0xf8aa0a208bde285332b863959bdb893d900a6bfc	True
0xca26152b52b005d0b966bbe769b93409ae1b0afa	False
0x3f601d2be30a30b4b2092f87087ed072994d35ed	True
0x6d0a2697cf38721712c49373c33c0caedc6cf0e3	True
0xa74d2bf5598eb2b6a31ad7024b1446cf54ed8f10	True
0xaac9c75ca3c5198e8b2bc5c8d312df433287968b	True
0xed1a22b316ee4235e8ebd3072286ebf57478eeac	True
0x7a8c17be586998a2f99934fece62b45f8734a73a	True
0xdbd6ff39759dd8bf57a5ce3ad427640d47b671ac	True
0xff100d874e6fd1f5093993ad7e2c7adc1d667f8c	True
0x17c7a3893797b942b621bbea01bff5985978056f	True
0x6bd97dfa6468e79f1a2b7255f08c3a5f16f18a09	True
0xe6ad586baa63dd44363e42e3ac669f67b586e8ed	True
0x8a805818bb1b48483c92d39c9c1314140a311131	True
0x2f4bb7edfe4f6a21f08276f453bcadd14617f318	True
0x67c5f31f706289df28ed0a5ee723ce25608bb22a	True
0x51c309a0bb41bb10584a1337c25bcab847e5ede1	True
0xe65ee550c7a8c4b27ed1fb6520240687da142086	True
0xe1ac85015df806b12a2f701f50b0810043c238ec	True
0x87b7451a36195d9480169e02602cc7339b2cadec	True
0x8c8cd7a68cb0eb19324c6937acfd8b893636e2e0	False
0xb5cd415dd6913cc05c05b84aa7deae846f333f3c	False
0x11b288653f87db5a1654b6cd7082989836c190cf	True
0xe1dca210d71bfadcf71fc6e3dd97475f02a53d3c	True
0x49947a34cfae7b1084c0822a29ef02edfb4d4f26	True
0x171e5f9936eb4c3c35be8fc6691e91d5666c13af	True
0xcb4b83767f62f047bc8cff55759f210f79c8901b	False
0x2ff45ab093e1f1191e2989277704e808c1e116a7	False
0x2d240a57f588806d55ad156c7099c3adf3e243cf	True
0x363a7bb5228590a2bbe62321a356e2f113a54ffa	True
0x3da8920e82161bf4d58125e62b853834119c909c	True
0x04e236047db2c1539e64fbd1f7ca1e3546751a28	True
0x62c1bf84305fcf5a7fd2f005ed751bdaf64b583c	True
0x65e39be0d176e91c30fa1ddc20727b01211c8ee0	True
0x81e77b84cc18552603f132c5e7af0048a3bf6c6f	True
0x501603e222373d035aa75625bf68c83eab872a1d	True
0x4d878f17bb9aa55092cf8ab25d3e28f2713f62f7	True
0xfe484cf56aa24da902b9055cccd6170bc82f5e28	True
0x03210de70dc19528c84e1dff49a3280426188442	False
0xf27f6005dd610a778e44399906e56749c38cac81	True
0x7946bbb6168dac0a010f7c9215a6236232b23028	True
0xb244e7096c983726a63ef78b5c1de298d628f2a3	True
0x1482ba77940d1b8f6219ecd893a6cff5eae0424a	True
0x36c550a5871250d03e44c3f737b183abf5394e34	True
0x3cdabfce2aeca95d17f218cd6e3ca10b71335c2f	True
0xe13fc63a6d9216fdd5787909d15e7b8559b1dbf5	True
0x0b2497b9e9eeb4a034b2c83923573ed4557f79ae	True
0x4ad392402480fbb404decf2249ebcfceccb22d47	True
0x0e7e36abc0d940a4322fdf06266cd1a5ee9d77a1	True
0xc4839769eed59430b47d2ffc45b4f5f8d5cc7eb6	False
0x981eb08b812f076528b336fac70c8c0c19a27d98	True
0x68fdef82f022613d751d1ecc25d7c10ce1b05a03	True
0x3c1873d700cbf19e4dccff64e2d99666896f6fa9	True
0x5be168e435f2f6d3c701b755ce6dfb5c63cacb99	True
0x23e17202114d9f7248431a588838b445896faba5	True
0x37519cee29264245d15e3a6361afb43aabc63a57	True
0x458cabda238e179c40a11bb93b9fb1f734d38799	True
0x9e1d3bbd59a31e6bfc0c647de216035da2ab567c	False
0x44b83ae0323b2f85c60ed949f78e2e4e046bc351	True
0x5e03e5c84525499958d2003888ac967e298d5f35	True
0x528d8a030cb13050c02c87a29c2d6229e3090718	True
0xd2d8c5f5005d689d8e7c21941ff5c2161c8ebde8	True
0xaf5c68dc32dcdc7e91b1d702d5449e696fd18dbb	True
0xecf91d117215443392db85c54d6a19b7b30834c7	True
0x7bcc0b33d864c7a483d8c9a4f8310fcf92b1438b	True
0xfdeb3d73da75a6535ad9602ae8fca0041e799168	False
0xae3d6ee2abdc683ec345a76d9c1351e674be6d77	True
0x8675cf70e150e7429dca366310da95f53c462e35	True
0xd53014c3c4e3223969a1f43068dcc6bc30b6b052	True
0x49de36fd0d724022534e7c3c69a6dd1adcf6e677	True
0xe94c61b72c13104884e004ce7ac601c512270228	True
0x7245379868e5110218e321a65b5bae7e1d17c885	False
0x09592fcf958c033a12b7439a00fbbf66dffb8a90	True
0x7928906441ee57d543f6022662acf0ad7112909a	True
0x9f63e16a39256896b61c534a27cd3ff515f7c3e8	False
0x05f118bd62f44625fbb2999441a826d5b4ce928c	True
0xbac8c42f2495633d16c29771c45676eb4aa5821e	True
0x12900101dcbb965860b31eb543697b327d6a84e9	True
0xa8f8c93941a8010030d16739670cc5f9446c0e7c	False
0xe385f992bd6659b525633e0bc0cd1a4eddb8c052	True
0x7804867c5f057529392f9e1a10d283c63680cbc9	True
0x747f95623ee7a1973215cd0f8567f5374552ad7c	True
0x292a23dc59e955429cc28772902fee7787722b5c	True
0x040056928777490c72c865f8e14677c846e55f3b	True
0x1266ffce77de17864a7e5c7c657425594c2be9b4	True
0x7cee4784f72c4ff5f052c17f53c34811dafeee51	True
0x8d6a0ddb18f601d634d402e138823e675c152540	True
0x8ebd4c3e7b4f01a7418d4178d7b51482c9742321	False
0x215d9c4f58a15bf574b41bff2310dae8f57b9c81	True
0x5c6455415b1fad8a5a367b6c40b5559946d08065	True
0xc0ec501eed1c2514bfa9635bf8f2d33204800b0f	True
0xc5a72cbf64f2cc561ef1f4eb277490c4da75287b	False
0x799a881d740600ca2c8caed1e7463889481f6022	True
0x41048af57fb2c3f6a0e348f8d675dc53b137a160	True
0xc651d979886f0df60ff633c16bf46a6a85843eec	False
0xb0fce760794437b3ddf7c68333d2790b79232569	True
0x871b503a5d203cb7fe6ce3df09ae9dc144024f72	True
0x151cdc6f6af6ee31fb659999cf5370460058fa6f	True
0x10a0a5f83acc6f9a95b836fe7c5913ac7507c8a9	True
0xd8f4ce292be466786c14f73375da95c078277c58	True
0x3ef6f225b465a20cf78e3bcae1cd89313edf5556	False
0x8d1d011d9ee802b3dc25f3ae4bd95df6a8547a1c	True
0xb051ad09d155474b5e62f63eaebc8221a99affef	True
0x8f56fe42cb74f79f699906a80e644be98fa748b8	True
0x2960d66ffdf54940294da5aff50e468f8fb9f907	True
0xbd4d0729116079fc353b98a642e27121881898d5	True
0xfb17df4de13da5ce6aebc074d54d29bd15e5284f	True
0xbb2ba298c151b86e0ef6f117da183488e32803f9	True
0xf4f8b9ac9a5baff2affab0a12e3620e1ac6c6bf5	True
0x7c2204fe523978a1ef83ecd058d2e3b84f744f2b	True
0xd02079b58350fc7f5520b314105721ad9629bb5d	True
0xe9ee87a2ff69887d93fc831bf24b85a52867a1f2	True
0xd78e05be84e84d1785c28aa65a3fb4dcf77e9fe9	True
0xbe33145ba85986dfa3cef1209d7ecc4583ab835c	True
0x064461b2626386a74ef2ad11a08c49d79a4b4182	True
0x0842952ab90efd2f229f43f71c87af3d967dc9db	True
0xf70d3e5768e5afd2fff3e1f50b21f485553501c8	True
0x21cd3df5392d0c54aeef7aeb65b0a70b9146292f	True
0x7a1a90ce0d3efa2bb0aa2bdfcebd2dc11a6bd68b	True
0xb501f8748b253c195f103ffb643cc4f9865c81e4	True
0x1fba7b139959925362ada7f2e3fa7194b5db3ea7	True
0xf400706bb17762c4a40431ee69540d2e4962c536	True
0xd9e1966441a513f98a4cc629710ed3a12e8ccd69	True
0x9781d37a05bd6a453a78feda1e45aa6735287425	True
0x059ffad32cefcbb10756cef85c067af1c1a10d97	True
0xfcd1bb5471e7980c3fd59de2ab4926b5178ce593	True
0x696fcfbd4fea3ae67bf811fef4af2adff22a54f2	True
0x874d1d527443655981884f07e229af4110fa0521	True
0x717bf32f7eec6c9ae57ccc6d386d49020bd15ad9	True
0xdd4796d45d00a27ddebe28491af7d2372db4b2f0	True
0x7b69c50113258516cea8adc766abc6550c29f66b	True
0xa7732c724769a8cb50df9c24e76c2bafb38dc801	True
0xa5631de966d13cc5a8ccf58fe516637ba1afbcf4	True
0xe2f669d1047cca8a49ca9fa3839af2dad8bc6924	True
0xb3ce0fde9bc6ed03914688fbcbb6301df6897080	True
0x35bfa3dcbcfce0f956f229bdfef4c31a3ed4248b	True
0x16a72996aae2501bd248f2ec9779b2ee84fcc582	True
0x503bcb14287393ba6b0fb5de8c4437c42f7a7d4b	True
0x7d9c66d3f831c935acc8520c3c2a9234dd752435	True
0x878f6cb44d7064be068ba35491c6e4997434b747	False
0xbd1817333bd4f87da28c26acba3e8339c6f9d5f9	True
0xf478ac44e704354a6ed8b5f8406e2faecbb0af77	False
0x1f1be0d7c9116a09cf664d3686de15c05b3e4686	True
0xc88e52fd9ed8c657a3bf776945f561b7cb8bcd8d	True
0xd55efc1ec0a356090eed52f598bf8a6126c720c3	True
0x18538a32625a88278e5986a18fa6828856dda02c	True
0x442c93669cbae5dfcfc36020386022df6ce5c7d1	False
0x64e38f6e0bcb58aa5162d59e1f89cdd84796affa	True
0xc9f4255d41804f3b7463b0585a93d31a71b8d574	False
0x513c452f604583f3b0fca01b786dd905cf440164	True
0x1e9ea19a55883faf801e9688026691c744cefc15	True
0x2069e235633cf69e4aaa35835afcd50ce7273f5a	True
0x4e8517f2141e9f6ec69d4e0d15e8026ac454e3e3	True
0xf236e00d7711b0cd752ded32e6bb6f9e4152cfd5	True
0xdc946e413c96ced552c79642937864a046825173	True
0x83e9f56ec1f7db0d0daff4c26702df084d190067	True
0x6f0dbee19962b3b57ab569c0862b11f0811d1f83	False
0xca1050f2bf576e4d66f933b716ae916146b1491f	True
0xa19382b8270188c417bfe87a096314b48275bd0b	True
0xd52ad000932e39f8c7370e54b3c9b7e0d4e1e534	True
0x68e909441905125ca57b2ea06886d9b6481fb602	True
0x3f36713c83f4c4d3dd2c19fd48cd166b37c1f9d9	True
0xd5ea5058cb17b6d3907ddd79c6dd00716b71b594	True
0x497e56da2c9c28677adfe4447d284a5b09a06d58	False
0xc98bdd5faad20dfe68d112c8ebee653b8d9a43f2	True
0x8d1355b65da254f2cc4611453adfa8b7a13f60ee	True
0x959adce2d04f7dc099937a68bc7940d68e4b61b8	True
0xacebe553cf84b39125209f7296683f5966f5d717	True
0x3f94f7a1cd686a84e7cd713b4cff92cd389b7aff	True
0x19588c2a45edeaf8da7270f66a39f92d5b6c4a5f	True
0x8114dfb6485c984399f3f10419568b7e0d66652a	True
0x9056746da4215af77550e381b53afb533dc1ee2e	True
0xb100c62d77c4fe96a94dd506b800c53fc105ec77	True
0x3d9cb9e0b2d07ccb8267310c726cf0ae05b0bf19	True
0x92fa37ab6c36a6a281c470832fdbb73824040486	True
0xbf96b2a5b7bf2bd8e20f190a472f04096ae66937	False
0xde5575d09716c12657f165c30783574beef38ebb	True
0x97b8203d718f1e043913c05a0fadecd4bfd8dd21	True
0x45d70a0601032a9092eb8bf0b28b395cd789228d	False
0x5021bd121ef51c63f0530536ef1eb88f8c347b8c	True
0x295bf798a22ef2a44ca7b6dd239491a626a60d02	True
0x18e2b4cd873b14291f35cc6d5b33ec44319f08ce	True
0xb22cbefe95dfb08818166bf65a677839ed3554e8	True
0xd7831978e9791fdeb8f69d0892bf827b5bd93cfe	True
0xd36072352f37079a0d47b1d776be6bb9fbc84299	True
0xc7f03fc1a7e896258f4d0dbbf1cdc5d68494f0e4	True
0x42074bab2d335a6a0de19dda729bf8519947ba62	True
0x8ffa2a504df4a31cc46059becf7deec775bcb49e	True
0x7e09f8caad61b9b4cd3c091c8a0c6b3b54272bfb	True
0xd0e5313bef84825c41661a35b96985ea2869d829	True
0x7d4a33401154593afb540eef9402c90df1a9a55a	True
0xa53673c4c24eb70083c6d9b397ce1c0fce97187c	False
0x8ff85fa908e67f1ad53919d1c81b624bb32120af	True
0xb3f52194aef662b5806be62feb54d32f94435b3d	True
0x64b319dcd37937336cbf1836da79fdaea1c35cba	True
0xdf06d9ec2decaac9ddf30135e51fc3b315e6dd30	True
0x52e7d18396ac34bfeabe9d318193dcaad0fccfe2	True
0x3b4b1b69c069fabc0f8e1d2d72c424248a79f36f	True
0x95b6a9aff45d010a08477922be15718beb164cf5	True
0x4d8259e54ce8b739499801ce71c5c0bb5c111c20	True
0xb77edfbd6a6881b289ea3a6fc5c06257b5a45e55	True
0x10bc6c7f06a7d958a519756d4941bd3fd6b7e69b	True
0xec07f0e29af2cc3c1e16d8f801bf93ed65c411e9	True
0x47be17befbffd44bb9c8be790cfa8a49a95dd010	True
0x5186fbda05aa04b2505442744d2007754fb13bf6	True
0x75e059c24f1d5961c7ce1dd187dbe8e03a985dcb	True
0xee1bc3b7b44d7eb2d96b2abf803100f191c3152c	True
0xa2fdf65903c688f2d31e8eac669418fbc15a89ea	True
0xd0db95cfd2fd50d581da43f10e661d540276c0a3	False
0x21a110910635c0927968fe562c8e93fd9c883569	False
0x00ba01047436791186d1792693334664700378c7	True
0x155b04c4db8bf80d82084cc84a902c938a6b04ea	True
0x284976d7658fcc8d8f0610b26941d3a3fb17a4d6	True
0x89e7f6f8a7715e430cf156fe44cfbb8cbabacc95	True
0xa11421167e96b6bdace57c212f1b879d0723380f	True
0xdaa1b6643e7cb0916c5dc155c18989621c24e877	True
0x46f81b168b390a722e60aa9fc73502ca539006f7	True
0xb3d08bfbee4a0a38ec21f8ab4ce5b4c5230b1f0a	True
0x2d4758ceb26d10a12660bc8381673cc7aedf8eeb	True
0x83bc3b50e0b38b23514e88ddf6cc258fb4847748	True
0x4cc52c5247931589800b5396ba38f26fbd46425c	True
0x067ce930e8a00aa75aadade43d245109fa850c9a	True
0xa13bfe67554c3adcc86d12362f7e562da98eb917	True
0x169ef405b20ee2e1d7502af69a5d9efeda539d7e	True
0x4175ed97317cc28e0b0d1d75bac51dd888dae005	True
0x21a33e7c9f59d4ce5d67d983c9b00d6144a7e1ec	True
0x114084708009c39cf34a202a372aa5e97cd79d44	True
0xa77b94b828fdebf8b01df16304ab6cef8c53bc09	True
0xff0604650006bd147692f951f045e6903ae723fa	True
0x4bd2fcf27e47abd23f9b6bf7d64ff5eabf1f6e63	True
0x0694c01dcb10de8d3872aa2b385eab50d405d9a0	True
0x4b776d3f75ed5dc2ced02dbd819fbbcb8cadac85	True
0x2bc62a98638cc4b946e49ccb9861033cd73f1999	True
0xb4199d26e94cefdcb94a28bf628635f56e623eb4	True
0xb591c47edd420f6132eca59ab47edb859c8af25b	True
0x85135467fb0e1dd6a5d94c8d74d53eca1652565d	True
0x8c1050308451438f0a9b7c895e9797b5d58dd297	True
0x16aef4abf373cddbb8d1920e03e4a04f17850ca0	True
0xf64f41cbb5392f038db87b2b59ddeb8291573461	False
0x3dac538bc59d61fd3975c35cc63a841f5bf4b38f	True
0x66db16d181d3d638ae0ae6dec2bf52b967b82cf4	True
0x44854b89256123cce9b5eb6dec2d6bb7c08906b6	True
0x21bfaa3bc70c0a9d1b39042d01b18744fe5eac4c	True
0x376a5dcdc3c1966ca690d8f6c80599026387de85	True
0x40786cec0bd4341f0250cd2d8df65e88a56e82f8	True
0x54ab986413c1bf66076b08991d91a4cb5d791e29	True
0xf845353551a5b8e0ec353ac44b3da9ca4dd22d53	True
0x3b1213e8afec03218f840138fcf5c8831a7552bf	True
0xa1652dabe2dc855056051d6ed97a843a74287e22	True
0x1bbc6d990bdf83568237e66ad3cc9782a7993cd9	True
0x5ddd162a41505d6b83ad9587060e18b52ce93fdf	True
0x6be1634834a0a52a7ae2debe01d2644c609eee6c	True
0x888dcd629ff9c6c01962c6e8741ebbefc79bdf28	True
0x079566cc8d3a2ee4da923977185ad643b7be38d2	True
0x2fd2ec66caf1b1670a3704c5858610a57e2189cf	True
0xbc8d1fb60a78337e337fadbacfbced3d75bd1583	True
0x8de6a19cfca96d9b08556bf103ab2ddf4b8cdfd5	False
0x40171ba4bbb57589a112e9ac3e2d76d79715b237	True
0xd930bca07eaa65f7843c41fec6044c8134bb0d55	True
0x71c95988f3717d7546659f929befa320b491578c	True
0xe0e1728f89e68389b04b57cb2a3dce34fd6b9bb3	False
0x8cabe246deeff770fc8e51fa06bb1882375b2c05	True
0x58ec617848d994b39b61340537145be00e336166	True
0x8753bb4ecf612487a3ce14f9a245a4fd9621b31e	True
0xd52991b323dfbebf162328940fbfee6dfa35906c	True
0x7a02d51c23f84d45cfedc91a57103d94d98c5c5a	True
0xbc78447e1d763d11b737f1ebdeaa644a2bf4d56e	True
0xe7603bcd4590cc4a14c9ed34847f389b17a58fab	True
0xe8494f3047eed5edeb69775cd60594e612264a5f	True
0xec1fe777da066a56a2794e44007b9e1855de4186	True
0x592a587633433fcf6b42d01bba0ba994c477457e	True
0x27b3bbcd74952f969a16463e2128e9f7f0b941b7	True
0x7f48bf68c4cf69f85316fd8628c7435579cb4a60	True
0xbb4d3384d00e49a70901b0664c6e9ef1b0305392	True
0xcf155b470a4332deb2657bcefe5f15bd53c2f88d	True
0x85ea5b4ec54f007b269e541594295189547c5f19	True
0x9acd234ecb9c7ef23314896675d125f5bb7263e3	True
0xcfe29ee00e4373c16b32729d4f77472fe99bb18c	True
0xc965b7943f789d2aea93e4b5fecd37143f6bfd63	True
0x8bf24881b836ef50a24a31167dfa60795fbf805d	True
0x58791d4a74420b0eb9530ac5adf15654e81f2875	True
0x034212bd34d1363d118a80d4941d15ec00175277	True
0xdccf9acf4b82a94ffe7ca3dd6e2ec7a52371c2db	True
0x6d22d37c94dbf17baac8932f675d6b0c3d9dab0a	True
0x57390fd6dedea7fa699c8cc9edd33e8d7f80c5f4	True
0xb0f3324f0143201f29d28349cd8381542d5b7fe2	True
0x8539ea54a22f1721cd61a9aaf3c953fe925643a4	True
0xa1e234b2298bae20db90b05dc122fc65d7da2135	True
0xa92341cf1f0dec8eabd26c3ccc292cc2cd030947	True
0xcac997b8a8c25368e855416a3b1a058d4f9ed6bc	True
0x976278fcb477d27d90b2a746fac90518a8ec1334	True
0x589b6a7d57f7e5f4b554df8eed300a3abea38853	True
0x6892f7d3ecf5eab683dc1343605cc94ddcec11ce	True
0xcb52f7b515594250ae2f84bd2a5c4155cf9389b1	True
0xffb4a25b62fe2ea61712d3a89b1c270e38431809	False
0xc99f9f2509d40749eea38a6cf410ad56031c6f94	True
0x85146ac02196f60c1398c148c412ece7e2037217	True
0x693208efd2f1d2043d54822e40d489a435fcd916	True
0x930db674e07231ebef5dd89a204ec2f8a0b270c7	True
0x881c20e2f085b5888359ccf6a624e1766f445aeb	True
0x7315d411f52ea53685665808ddc112dd697515fc	False
0x6ca5b2fc683a3a581173703393e7f6c4b4dc9cb6	True
0xa62cdf6199c44f5f2dbdd4ebe4ea7faeaa102ea7	True
0xd63df6c7d00866cb7d328c16b39d52ded57ad4a3	False
0x19f585692e3dd817723958daa15a1084730eafc1	True
0x352cc7ac890f45fbd47485985b00d9dfcc35fb54	True
0x2cd829a90c9a3c9e0cfb2988b2e831e5da591b43	True
0x8bcd7deddfa8d055e921029ea705170fe13d3cdb	True
0x452c4d1574f870210707e808d486436652f294d1	True
0x9304f22a5ab577119210d730e41755a6732e19f7	True
0xb03523ad249cd8f84f14142101b80a89c6e757c5	True
0xbff025bc791f0a93acb29d8a2d4478221db88d39	True
0x719ca22dd564cce4f3561ce5c3146bfb5399a36b	True
0xba3250d29ef730d0eeaf62f1d6547f2f04ccaa1c	True
0x224f99f44d0cba0d2b625330ab2da93d73bd8e2b	True
0x3579e9ce9476ace66911e124c6eb8fbe409768d7	True
0xe562ef18a37d5994c1135a1471b8561b9196260e	True
0x721c8f3bfe747fc03f39211aa9b3c8188b94605a	True
0xcdfd0a73a41ab355b0d92e6082a74da370ceff2e	True
0x02622a55e5df04b06ef16369c5e52e4ac241eb7d	True
0x5fcc1ac36da0fbcc23fecc47a1c62fa2558fa528	True
0xe2a768a9405ff8089f5f5a31b625e77cc5996a70	True
0x94799b2eb1495390ec8df41b12ce9d68c18c9be7	True
0xcb98fc3c3ec2744518e2900f1f7df1a1addaf6e4	True
0xe819f6ed842871dff8041a8bef097c0ce82f1bea	True
0xb9be0680805034852a4b435ae787029ffd29aeb3	True
0x079b702f3c27e84a16f06036c35a85a73740083e	True
0x5d5c8e8862f41d5fbec497445dd91e5a7dcc926b	True
0x503c9f5aae5a9611b5c5182ec02e16b9b6e9d5f8	True
0x22e3b33d1977f137ecdca5f9791141a4c03d4568	True
0xd1093e0f8115d6314cbf3bd7fbeda455449db822	True
0x00a45f53ab22cd52afea03f8c18cd50936dbc772	True
0xf1c03d12da4ec61ac0cb180687cd3c038a016966	True
0xd7ce52b94374aea20943205e9f8efa7ab7250143	True
0xe0ba933b0c8b1dc136bded69d0266315d329ee3b	True
0x530f0a2c9124b968309ae941b025787a1d5a01b4	True
0x7f2492bc8a0f313b500d9e86693f1e642e5bea12	True
0xc0ae1afcd90742bed9c4109fa7a8953370e89b1b	True
0x017eb5892e8dd0b8268c770f1b1d86eded8242d9	True
0x8efbb1b91ae543060d337f29f56e16ea2ab16a84	True
0x5c6d28878f9ccef7c5485edba030050b3e8acfbb	True
0xfd05fecc54574f68c75d58f72a2d9ce3932cc9b1	True
0xa9b7162f56bdead14937f04adc8b456c31f94405	True
0x5c43cdd268244e4104527ce147dcdd6bb6426e1f	True
0x2732e7f50f993f554e9af287b22cd5e6728d3e03	True
0x6dc1bc62d57a0a6cc792519325e77272ec44fb3d	True
0x2cff7b944972c134d02466a5e053ef9249850c3b	True
0x1664bd5b6370eb499e8de1f35ae3d1b4c5b657d3	True
0xb1d5dc09cd3da6bfd5bca1217b93506b96416cb8	True
0xc11fc9c8cae0631cf39318db052a01dae651dc62	True
0x9d4d6afe37a64c59c024af32e6a38cc8272638d6	True
0x21897641b9db543511afd8c1305b59441e58fb50	True
0xc5ec843c08f46a9a0c20e87cc9650abdfe2a645b	True
0xf9b974d5c4590f8cb03879c2136fdfa6482a22f6	True
0xc6169044f45448c40dca3a1a5efd4d6a667a9c9a	True
0x396f73a9aebc0b6535c6728704515f1ca25215b7	True
0xc2b73e9852d664111fef4db6fda0c0ef38a6a1fd	False
0xd61b86fe85ea5dcd0bdf572d200eb958b9d8f990	True
0x51c0b28d17181dec4e1dffda167e99124e25f019	True
0x085788bb759834ef44c9909fd967fe3557eb31fa	True
0x6fbfcfbc8fbdec18e1a2ac2874f561b5fa2b2c21	True
0x9d051861aae0a2e68f8f6a27e41d02758e35a8bc	True
0xa69583500bbad27fd54f0a8b0acb5176b093740f	True
0x3dabdb0294283742160b66ec3ab8c98a6f5ad86d	True
0x60825ec38c13e8d16775c80999fd6e8127b33479	True
0xd981ff55eff7759d6ada88502416230d0dffa38f	True
0x0dee1400b387ccab2226ca0c90d107c52a33c8ad	True
0xde77f088692fe4c28f930bee4424a26de83dc17e	True
0x263ae4b24d72d672698eccdeaabb4358d9bbb846	True
0x1d78654f69cae227e83e3726ae8bfef6487a3fa1	True
0x9da52bec3a55c189ba99fce3c69ef9c52567209d	True
0x566d84d602701120f8ced73f1b1a17d98f6c0e57	False
0x7e2c7f9c31e8abf500d9122f61d848b9d161c3f0	True
0xa0a362a3617161312ca4537279baa304c2005c70	False
0x68c0617790e06f2bb9bf91e9d414fa4bb032142e	True
0xce391ea747b98ee13ae35d6bba481eadc6d274d8	True
0x9cf8b62d08b1359a1ae4b94ef85feec596ba1131	True
0x176e61a488942b8fca66ffa32df85a992dbbef44	True
0xf34376027335006dbd0187ed93d9ca5daca8ff87	True
0xc1fc4957e005da8cb016099ce652feea1b28949f	False
0xcf504ddadbbe625db6da041ca90ea82e64282fae	True
0x687d364b993ba3eabdde08356add02ded6000577	False
0x9d4763d8ccf7d0dc417dddcb50aa72b459c1c0bc	True
0x05b49247b6df6b3951a62331f9efa79eab43b195	True
0x85f2072252349ec04cdbc8f690a28d8c30fd25eb	True
0x468332fc905586b830b14489a098de3db239b1da	False
0x9c2a41ba2a6a8bf627f8c41dce737390b5bef547	True
0x1df456a9d11b00475b9adf627a330485d0fed607	False
0x841e5385625abfcd73ff9fa20f73959db6b91066	True
0x4418c748c43b6113c1dea606bd8b2104ede64e9b	False
0xe18432360cb1fd2a280befa51c1b78285f633fd3	True
0x8275d7aa645d0e6d3004dbc747865ee07355988a	True
0x63c812d1b4d6640c6f062460d610df0c7a007362	True
0x70bb8c953d8ddc9791e9e5fcd5b623625ac5968d	False
0x0da728b9eaacf0f0a7b6881b188091aba5716d6c	False
0xaf632910d5716ce40280798c5512f8761e53bdc8	True
0xac43f5cb87b8ed7ba2b2248a5751a46563e99db1	True
0x2b9d5d8a7874bd7667dbc7e000071daebdeb6b31	True
0x6c5179c07ec9ace07071858aa45baa4291131f64	True
0x8a893a7820134ef1d39fdf9299d61618d15ee010	True
0xf313ae32f48cd178b8e5b8f55c0ffd6c3c86fc77	True
0x052de2d44955a8e929038d7286e3e99bac386981	True
0xde0d2af5a1e13c55dc11e08f1749ae2a2082ae59	True
0x044908f450c4fc385dddd6ffa8c6b33f83891e42	True
0x6314b9ea4ddc5c9969553d50a19c814bdbc772ff	True
0x35b66dacf5c81930b2a619953510309da4a1dfe9	True
0x98b7deb7fd5f7ba036edafe2ec1ecb7919b47d46	True
0xd8872a4668f04f6546ba3c6fc4681f7954dae03b	True
0xe3e99ac79f5904cc5c8f18456fbb72385acda24d	True
0x24ce9ad9e7c8ae7f471d1f00fcd4fda223d68634	True
0xf5625f2f4eec482f1e8013e46803f34ef40ca117	True
0xffaa76a51f043db4a5fe0fd7ba79c9dd21e7f9ab	True
0x6693e1064781e50817e0553d1ef484968dc091bd	True
0x021c1518896bd1b835877880468bdf455922f052	True
0x12ce46b1c80234a53392af49549c662e33a10df3	True
0x11c85a536ec960a44c4e78b8572fde0e49e42632	True
0x479ee86769b2229205063622a83b1249fda6552f	False
0x15bb9a363d432ac4c1a88839c75a7d2924c9e97b	True
0xa2c0bd30a1083e533b06dc55e193bc34b03c175f	True
0xeca7cf12b50ec613a7b1eb59bf37ae3982356dba	True
0xbc2fb5a356fb6613886599146d540ee9b5071ae1	True
0xdf35260c0de9f7029bfc05002210da053234b8fd	True
0x8fa88717b0ad2430bec68299e8efd5f1605e7113	True
0x957ff76f491361e52eede2ce54672522a12b65cc	True
0xb350e91a9c7124c938dfac240573632bb4efb5f9	True
0xafab2dc6ebda24e87ee8b9382c2b85e1d8a5b38f	True
0x4a9319ad3043ce67e5bae05f6474442445222e0e	False
0x5d8fe70c8fca24866afad9e6da6ab5c2c4cbf600	True
0xba200dc0c0cf48446e56f7ea50eb83db60cee468	True
0xf39232f66a50a2fbb450689305350ee51ab1e252	True
0x79fdd68171b70271e98a06d2b7888a2a7d8ab5d6	True
0x3a1016c5b049484e30dec623da8ea88d8a3b4578	True
0x27abf49f41096ab3abe03a25142cb235e944571b	True
0x0e29b5be8860c7354797f099db4faa9731c09923	True
0xf0a872f0282996a576c24eb9b0de2eb5c27b6b71	True
0xd7b40e746ebaf7ee4c5f96a5c161221dd5073e2d	False
0xaf995c60b97dd09345f59f30f3a3711d17619efc	True
0x9f4dfd9dcc006307847c846ad389cac019c8a1b5	True
0xf0b4f9fa04b20481242c33d43358f2b882386dcd	True
0x80954d8fa86b7011b9ab23724fa4a8ad0f4a6fb6	True
0xd691d05c8779c2106014f2024e23218769e87b77	True
0xaf8ba9f838cd4b5d4e85bb664923a23e730dace5	True
0xcce7540814ca5e4b21c7cc46399f57bd07f09d3d	True
0x5c4b8287739baa7196229a57616657738fd46ab9	True
0xe8f2b46a01c8bd7c79d4f2e0a0184ac9aa5780b0	False
0xdede28d5102ed8412a2e167a2227e916c837e400	True
0x5a518f3b51bec212ef7b062d7ee1778c2c5bc8c5	True
0xe3bf50069dfd1d098675b0ba299f9f2d14826ad6	True
0x7b8386ba2e91b0a162157b757608fa763b8a961b	True
0xc1f5f6cf83019b30bacc54dacc2dade7768503da	True
0x45446c9309f003f811a8779cb340e2e92ff03aa2	True
0xe9e8b5d4474b8c3f522dad087a7c5cc47a39a9cb	True
0x536e65065ed898a68bafe1e548db0e21115db69d	True
0x70e61c3d78506d1bd6a45382ca736ab73adfdebf	True
0xa2c8f2378ea4f9b0481689ec517474e9dfe820e7	True
0xfff320df56456f713038f9869e81b60c465e7ed8	True
0xf019053f2d646bbc5ab62582c45e28218c1d95f1	True
0x88772bc51931ba11357e38fe53c55aa30691e534	True
0x7b4b9c15ecfe0a400d4993407342924918eb6584	True
0xc2a9325f06f6fc5cdb9115ae5fce553c05a4931e	True
0xd2ccf8269d517e136e151650dc273a30f0460a4c	True
0x9ac148ef78bc0dee569397c79bb7045baad7280d	True
0xe1aad80465a7a0c0859eeaa3c6ebc5bf855a9ce0	True
0x1911096a4842e6be0554a173e004aa740c8c3e35	True
0x97bb6ad2b24329b866f974824148a7deb3e07c7c	True
0x0e91d5b95108ca0efcfa21c9bddead43ec7bc604	True
0xb884b3c9f93546e6588c9181a6b4f105d1be664b	True
0x7740e3ac14c104d105828290a59c24f2528f4696	True
0xcce87a251e475abacd186f6cb420f94c8ee36ca9	True
0x3e57750937533ca5645e746e2c2b3e9d24666a09	True
0x4d446afeb4359cf8bc5fb6c1b278654a1f5f4689	True
0xfffa924d914896abe9ca68bfc8c6e1f57ba24224	False
0xc55c1cbe9aa22d2a1c91310a4f4c5a7eb721b35c	True
0x066ea90bc29fd5048d8ddd3d5503091e90cd389c	False
0x43906344852913027a77b0245abde46981b37687	True
0xb1a23c45d35e5e905ed2107f815a656477d797c7	True
0xb50f06613a9fa06d2486fb8fdc9ccece6e3a3596	True
0xa45d0cbfd41c097ee505d8be7336ee889fb64b47	True
0xb9e17a8dbc79a852c2b7ac6c2ca71cd81648ee3a	True
0xcd0c75f4340f9d02e4f79693a422a2296a2ccb1d	True
0x4a414dd1bd7724efeeaf69d2c332750e054ba13d	True
0x382c9dc3ec312378e0a723736ebc7573754d98cc	True
0x3db2af8fa29cd93ad5c1653ff2425ec9aebe8d8a	True
0x811ec4f247a452498721a1138194bb21134605b2	True
0xd92db765b11ed47ab38b2c76ea99deae9de53287	True
0xe1ff7416407e830923cc1861e9ca48b9fb0b6f80	True
0x9e5a54220e5d577cd8d0ee677dd3d8ded4461d35	False
0x69814e2fa26ba7b01895ba64a88a5ea38f74900a	True
0x21ddc411f9f7300b6026177d1073a555249aedaa	True
0x87f265951cfa899f0285d69cdcdfd73d04272bb4	False
0x6135316e138aa85eaa9a97c3158cc889da255abf	True
0xcd0da0f31323584b2a9e25999ebeebcfaca7afa7	True
0x6a531467a0e4c4ae2886735fa4152baa56d13f53	True
0x08bd9e4fb36d3bc52226d004fd2a4bb95c7826e4	False
0x30dc1547ac78100df4737fd071d33702c7e842c2	True
0x8b2f831679df78d57d3c6d21e6aea84ce6e43198	True
0xad36a1770fb953d9d98fd5c8469d06c72b799b21	True
0x8658cbb27da47caa13e652a3f19838376d6ab511	True
0x9409fdaa9b6f63ecddbccc7a97b99cf50f8fe641	True
0xcc83d0c3ef5d119d952a676644606cca5928e405	True
0x7601e94491555a265706e8e3273e5f1e1f8e35f4	True
0x1fe9eaee7cb25ba0810994a0ea4b7d6a7e8e175d	True
0x4f4dd988eb317705bb61621f2bfc3149e8b73ee1	True
0x0b6eaddfe596d910972e7ac0fb4e1320224d65e6	True
0xe5e267a6c6ee0e0b056b4c562ad27a8ccbf1ed1d	True
0x053ac72db7baaba78b3de9f4250769fcc50a9d07	True
0x637522af29771e1baf15c326bd37bf6e5224a994	False
0x6c81d8efb17af92780127d5e4ba389fcc920b02b	True
0xa01aeb914bfed21a1b070e27f7c6d6dfd9154746	True
0xe86c1fcde76256e00a854b780cd05ccb972181a3	True
0x47ccb7cd3c88f6ca34bb6f037c4ceb3dbbe9d1a9	True
0xeda24eb898a969203a5af21a5709cbac0b7a103a	True
0xa1fe6e97ee06cd2210a11f3e6a35e41a280b593c	True
0x0114cab2cad97d8a7f22a1fb71da2b603c2ad561	True
0x65d66eda6ff9803fb4a4a9175d21c5320f63391f	True
0xb4cbf033435ce60d2d14b81a6cbebbe92bf2b74d	True
0x4548f7584228113aa40adff799446c7533d5738b	True
0x2c78655a11c09891afb63a012e4c503b62843725	True
0x0ca4cbe6238c24fc4bc791b59b1ae4f3e4b6a001	True
0x9219267000e6246c336d777b959e33a59b252703	True
0xcb292abee6969c1013ec71046c29663c029eee44	False
0xc3247cf272ff9fcc4b44a5d3f53daf38f534152c	True
0xe1c6d77c3e710541cd3faecdca6825de76b9c6ed	False
0x068f6fc7a4c6dc6c0965479f685b71c1cd7c167a	True
0x296c26840ab56ca4b20a0722438b1e91279f86e4	True
0x90cf8d316b2fc58a9b78490f2dc028b47403dafd	True
0x2eb901108d825dc43eb32ce6a113a3846e3cb9cd	True
0x38dc0cd7cddd998f9412fae6bb04d20aca462569	False
0x004b5d717647032ec1507ebd6b3eb1d6eea7d5cb	True
0xd19905337020faa0940af9b0a1128fe31d90b2f2	True
0x4792c080f13fb2397a841549a0cb33d8761fb738	True
0x34630deed11b1735c0e1d6771893bc37e12f8326	False
0x259417293034cadd66ee6bfc4bd0b71250f9c083	False
0x8d573d5d9d15276a662b4857c6e95c2c8a609d7d	True
0x76c5e2cad9ab6ee2e86630d5b71df032b92a4298	True
0x97b87ae6d68a7acbdcc1bc7a2eff854ce5b9690a	False
0x5411155c5c4b01931c82b9b4a55bf1ded5361cf6	True
0x5882f1e9b11047da9e33d091fb2118672e4f0bd4	True
0xcb05aeb160ecde0208d2f87843a3519c0dc954ae	False
0x3a42b39600f1ddbab33b1679bcd05901bff0d57b	True
0x85c1cd6328603fe28a47d849c1fe8b5573f64ff4	True
0xaaae27ea65cde8531c870f2ff5d67c5b1a3c6ac1	True
0x3d0d1296aab330015fa9d3b78919292f40792ab8	True
0xe2c616af9a7caa410b36831107254cd13a3db05b	True
0x1795b57e1171d1b600b47cd7ddaa09aabc39d18d	True
0xbc477546517843dd8a89f9bdd4a6432eb334726d	True
0xd8698357ab8da0094f9c75e80882719f44f4d2f3	True
0x5f7bfafa5dadaf8ad8882e42d85d1d69b8aa7e19	True
0x843967a0743afea3d2624991e350a48629ed512a	True
0x1a3c18e64f178d285c9b27c7e66b52f6f1e75fc4	True
0x865525b73d316b93ad5edaf88446db2915b78cff	True
0x52011e2f967d44403da2468935fad6ee183a52d8	False
0x4e9d2b0293bdbbc182942ea13f4735dfa08067b5	True
0x1a547dd7456390d357794f204b6a0d131c742295	True
0xfd8ba029be39679be0e3ff5cb0dc0f47205e7ae4	True
0x915a4466e343b7f416c98f515e4d069e1f0007b4	True
0x808ad1254557227e3db6dd5678652cf97492e924	True
0xed52063ed616557fa8d3f814ba732e7d0fddf284	True
0xb7c205a71ce3204924a48ad7881500ee360dcc4d	True
0x1ecfa2cfe12e097b8f1e2d3fb98c97b49793fffc	True
0x6ae393fe049eecb0138c1ee2dddffd57c626ca67	True
0x0337c108981c1ab7fbe40d3f55725337f0cdb34c	False
0xddcf3ba33ca16d295d14e140cba60f596f5a330f	True
0xb94de1b74f1371587e83026bbc2fc7db000b447c	True
0xbf397222a6bf3ec15fe90fb9f3da25935662379d	True
0x4885046ddf1a58d6af0de7446c959e11723e1502	False
0xf7f47a8d4591c12a475258a152d39ae332fce65d	True
0x622383668a3147dc9da2884f47c230e1aaead333	True
0xb50de5910d7cd73e9f8bbe5a239a96ed31e19778	True
0xda047ee7ef37ffe0e0060ac627945475de09ee0b	False
0xb7a8dc8f64e92224c8a49fa26f91117a565db7e6	False
0x87a9a87a6aa380ed8e535ff74c48fceca8153a3e	True
0x604ff849d932760ef7dff98557fc85c41680133e	True
0x8f216674f6b4a402e64f401a3fbf92044fc0286d	True
0x93a6bd1f39cb73b8a2ca1a618150233c2349dd3c	True
0x21262a2b114df02ede74633e29a297755aa8383c	True
0x26efda5ec83f9a20502886424f2255f79dd68619	False
0xe94f8965fbaafbe48a69bf3adc2ccfd52a9b5b21	True
0x48afe779374762ec22b7616e6d40522e83f9c120	True
0x2d1ad5c4e1ae8571b650a080b78f6b085b907ecc	False
0x6d19d9757f6a9f94e688842a6377f3a22547eb22	False
0x5db5d04d48115eaa8bd01afb51f0df44712bbaf3	True
0x60bdd482f3050598fbac686408a09f74f7e431f2	True
0xcdcea3c57c60880d67dcb16a195955f8af4846ae	False
0x3539a0758c21422569d5069ffe83587c31f7ae92	False
0x1272c4d0e5d69217ddd9f8518a2c21197c2ec76d	True
0xa99f206b3d3cb49255442c8ee0018090de4587e8	True
0xed3f17624922ee8757a4108c06a28e294629c572	True
0x3406d31c1656dad3a6a9ea780ae78d7b7de0cd61	True
0x8303d70be778b54b68d08f9de4f16b514e9c0f79	True
0x9e5a5e7362f597ead37998a8da4b99b242808d62	True
0xc8bc3fc2344d34589aad5a3739cd9f6cb4c07deb	True
0xc418152a03c28dfef5500fbb2ac2a826c151f865	True
0x0805b40eacb9d0e324bf985c4b6d927e1028010c	True
0xae47119784d3bce27439547710831c866503816f	True
0x1b01df0f728fa612eb8e7e393ef500a1d32b322d	True
0xd2fd23a387aef9b5ff5c95cdcc2187066e41e7ca	True
0xafa18600443a7d324ff3fc2e20d2c71981e21dd7	True
0xb0f26a296d18f3f7f7c2367e251309e22a49cec9	True
0x2aabd04fc544d9b674b91a9e82e3c84cf72e2291	True
0x0137233f03d4e8830fa13222b2695c64c58b0df9	True
0x2f6699a501bfe3b978e31f4d5671feca8a708820	True
0x21f9307efdccf762b505357c4a592d076cf01d80	True
0x2f68bdf507de08b8727ae1458baa42ae1f1e510f	True
0x90aae999c3f59637eef66f33cc4756a84f69afec	False
0xcd74423d53b9f21589f56fe44a3567623d5da169	True
0x875eefd476f88a1c7b410c24d27d7f1cfdcc53d4	True
0x560d78e368a521886e0a795ff07a345c48254581	True
0xd15a7193384f39f23f47b228f34997e85ce03532	True
0x3c08c92f32904dca2d27a3d085ce8850444707a4	True
0x2bd4512b40d042188d40d7ee7f020ac9478465fe	False
0x9b45eefcfc8be281647fa84cfc7bfb701c3ceb77	True
0x6903c48e9282ec49519609ccf06ccdbaa24ae775	True
0xe2346c7e454d7be2f4791c5b9e8a5b1b30f55236	False
0xd212c077a15e988db494d5ba6a1b013e0fc5be42	True
0x53f0a0e778e981419724283346fb18fda4445302	False
0xb045de246be3f451adc2bc4203e4663079410caf	False
0xa0b7b4d726c38be62ee38e147874b9f6f93064d7	True
0x2299cac113ef1de067db1d0d9c230b765b198507	True
0x3a20e37791a21bf2e98bc6196818b9cc164e6f86	True
0xce8305609061c2d8647c3780d0bda213408c8132	True
0xd7dec9e48f83bffc403ad43d35df7bdac027db8f	True
0x272c59752066de45f8cac57b3a3e9d0fd8f5836d	True
0xb9c36b31459801c6a6f9839f5b0c3618ffcd5dc6	True
0x7c6c251217058252b21ce76ece7fc08879187a4d	True
0xb4fed2d7c74d24924736f81ef7ccd5bd204c8cb2	True
0x7e4bd490a0e2e5f250e63230670f0516bfc2e9c5	False
0x1a02a6f6aa162670a6df522d1cac08177b4b5493	True
0x564f5129499e7ccfc160c03970a613e650b5c2e4	False
0x9cec18b7c6e5d7c5e294e28be3cbdd443f4a03d9	True
0xfa94f35fbb263a1818b48b8559529c46ef133bcd	True
0x096acb543ff66825b0a1a21ace893ab2895d7266	True
0x2374df6a6905f3ba7ad30800d48f903918d431bc	True
0x96f45aabb25bcea27e460074caef00b963fc3053	True
0x4e18e77e6cfde8413c5d51ed01b760ae0104bc5d	True
0xca30cc3c519afbd88d428be3a366b8c937ea5f69	True
0xfb5bad8c9f007aac8e6a0725e82c444d7bec8a7b	True
0xe73058c45e937c364aa49d7d3c4c1e47db7c5cae	True
0x71cb2a66c47993916c484d7743917c37b12e7d3d	True
0x56102821eac5c0b18229bdeb030c2e9b28b3cc5c	True
0x9f54444ba27005034b73c90c40811e5d84bbe079	True
0x54328320d2c7dc901810dcc33b9d6e6b8d0dbaf0	True
0x7fd5b482e0a7069dbca0fc31d1b5e0f4cdd210e4	True
0x8db25776b2c8a35d707bc83775e267a7b0a0588f	True
0x060df38aba6242ba63655916b726c8eb0443fa15	True
0x9b1fd22374e9ee1b1570b1faa3f411d21f48a8df	True
0x767d8ce1211f03b34db0794e44128b8cae955128	False
0x9ad1bd4acf388ee6b01dc4b5be6afa315da29ccc	True
0x9af859809a9fde67bf995c52a3774720de5b33b8	False
0x3de85c7a140643f33c6288e70b01f8bf2f9bd152	True
0x05bfdc9e9e8c701cf7a616b7e77c4878af65a0ba	True
0x3f7275c0f038b0a11a9d6d0f25d877bfb7dab0a1	True
0x3a4df36d6a02b254d45f545d826010294f79b4ba	True
0x85c459a15d15b573a222c8f5f2202bce0c15bda8	False
0x74188c0f556338b6bb78ed8b7e03fbb1a5867376	True
0x5a5cf2191c6fa737b6f7c34c844a9e04da1d9b9b	True
0x4d9ad99d37344ff5c9616a50e0cdfe25cbbd04e5	False
0x01095668c91014b4385cb20424b2cac44de0126a	False
0x54b6993de396a7487e7d7479898102c72db509be	True
0xf778047c8a3cfeffe237afdc46c3a9b1b41dca3a	True
0xb9738d9bf79aac44ffd7c8bbc361fafe3deeacc8	True
0xb70322f69ccecd9e0c7a200b39f7e7872ddaf808	True
0x688a7ca9d19a4e8ada3f172d7e826f7ba6732dca	True
0x8f2c70c0a85174f6ccd2b836b7f4b3b35b825610	True
0x810ebe4c4496499365c552971067b88afc29ad26	True
0x8280d2a9429376fde223ee37bbbf6562667fad94	True
0x9fb4c7eeef769fe25ef082666f30796abaa59b72	True
0xa08f291706dc973060e76e75979462e962fb4180	True
0x49aba831864a0e1a326e054a9781ddae9f4d21d6	True
0x3a3b140f8b0910a6c6e279f607de3041542c6580	False
0xc385dd9ef25b5ace8d97342f151fcc0b7a2451e7	True
0x7a597dae1da5c2cb74baa1cb7a94853872d0a136	True
0x212d6f8c580ecd7c9e8e167cd17bd55cbde793c0	True
0x23f5c2a8748f35a82b20b728626147b3ee1f93b4	True
0xb4db174af6b02b631a255f97365c1fee18da1eb9	True
0x0dc4e30d9f425524564973ba3321ffb147644596	True
0x0bcf210f93d0edbef348b90856569ed76fe2b93e	True
0x00a74705dc565a975f40b4b11b523a9245846ced	True
0xe2dc4cd8513ba326014dd35d0240726b892b510b	True
0x932c9fc2f703894efc014fc658fec6d0efc7c4e0	True
0xb71129e2df7de759e18efaa8e883c27ceb860596	True
0x361a4e4b45a6476d48ecdec4aacadffb7e86d632	True
0x49f336ab25b7f34ae72a0f9fb9ac84528edf02bc	True
0x98f9483ea07a660a06e6cef51f5e3a0870a179c9	True
0xc8eb25df8c005a684f823c092fe980f3852c6da2	True
0x9b50e8e974c9ef0d43c495cc4c6e142ac6a141fb	True
0x2689f920a6ba88f9ef0fd0301ea0e3dbaabf66cb	True
0xf2c6967bd2875245910b776526b4b46a60e7b4d5	True
0x9f9aeebbe586e59b326b584d8d85cf8e586ab623	False
0xd3e9fa06705d801ae9c1d721702cc8277974a7ef	False
0x91d22df236ae46296206755a9fcffe8555fe17f3	True
0x255e4af4ce31cc32ee45c0bcace53664cd79950d	True
0xd53beca7658169a0efabcb66b1e93ef1ee05df90	True
0x49d839735f27c0748fad9cab0046078442c6572c	True
0xbded4b1d208a83672210104b5bffebe2caf4c570	False
0xb0c31beb5575919d07ce0cca9b6f77f55674a82d	True
0x1b5bcd69feab2b3d0590401a26050a9be2e1b53e	True
0x26732c55c46747e0d5dd7f9f9dfd721b547e508e	True
0x2f3440cf18dac461f0137112bfd442601ca245b6	True
0x34efd597a89733b3786e9c1b4d640678b03453e2	True
0xf922b3c4c0156603545316e3cae866499bf3481c	True
0x1b3cc24e5573cab8d93f6ffbb5a96acc3696df6c	False
0x92d9fe594af46edbc6eec4a477ea7278ba876d6a	True
0xc4a79934a12ba9347c62df49d435b716c572d067	True
0xba27a424aca562ecd6bb5d382fc5af440fef7fc9	True
0x9d0d810819a67b4aaf00847fda0816e4544345d8	False
0xb1d158eeaf654bd8898269fb29471086ed90ce12	True
0x3e15e2612248e036c61ca1691f57611af207460e	True
0xb97df955de4ddbcd8d31ea7bb1b3428c8c5c15bd	True
0x25d98f05b136758d8ae4527bd26bf2d1c86e66d5	False
0xad1121c001e3da6af5a3b28955d93b6b0f584caf	True
0x43d11ec3e028347d6ab5805de8638fb3e4e95839	True
0x8a5a1a69b77865c1fcd939f5d37ecc00e141bd9c	True
0x47080a7ba3f70b890d6004a25e9d181d7e7d7a42	True
0x6e25cd1bba0fd41b1d41c8e7898b97fc589df02f	True
0x5686cd2663fc8e7d86b90f19b3c4602d86cd84eb	True
0x82412dd78f1e10cd5e5a829efbbace447e710302	True
0x25c7f477920dd5d62850878256e9b64a693a0fd8	False
0xb5bd16822579c48c5a96bfa3f507ce241bad44f5	True
0x1407fcff7edd8c25fee12a4736b9b8dac2044127	True
0x7dea5658188129391630e078edcdfc2411ee3831	False
0x7f401d58d407aa8166b2fefe8c67725b3f2812e9	True
0xa0a3738660d777a98912365d10b19e5628c098d5	True
0x90927cf91df1e01b0ca6c915204a673fdc1c41a1	False
0xd5c5b20066a09b0fc4865dc92df609a246332b07	True
0xee96d69f69b91ef77d8875f5e42dad52949041e4	True
0x2e707d585c1cfb600cab5ab416a62b356c55ccd0	True
0x060a87db7e1205f8cbc9533b4f2a240e81a7df4d	True
0x40784fc4c93ec904b34f64b94ed45f8db99cfeb8	True
0x3ae5659f66365107321a265b1b3e46f37a5a64c8	True
0x85a0b4a927812ff6329092daf49ad1f04fb06573	True
0x13cec21e4efb611629a7adde4b8d18498db2e182	True
0xec6fe4c07c4cc52a99ac658fd2d391c4d7778d64	True
0xd3681276ec1efddb18d2a4eac892ab710498020c	True
0x41bf2e8b4f8a8d968aceaa41b220b80be0180b8a	True
0x5cea541f09541752d0a220704eeadc7a6f83cfb4	True
0xc0e08d6d06022eaf77a89814c607a79f16acb9f8	True
0x5593c78c8b3db810a15615cd2828ce18a4afae34	True
0xf2e8ce71dd6c4debaf328c1c2633b45f0990b6ae	True
0x7416a047e2e00caa18881af987751a779e9d7827	True
0x69ddd766b60c1c3d885a63dcb62cd07c2be4e014	True
0x8df874b1a2b8cfdd94a40988999672d8d9242253	True
0xb08c3cdecc50511ee826368cad743700cb11b66f	True
0xbed92dc23896b0f007aca45bc1bee0705cd43753	True
0x1f8f2e706d53e271907c56e7b1691550e2f01503	True
0x8641e8e56685d3bf48f2378f042ea9bb2748f5d1	True
0x5bc80603400302e1241fe10853b4cf239f5611c0	False
0xfee3a53340f2e6848fd848baa972dd3a0f743502	True
0xafe1f351c58d370f8bb2dd52222b11c6f4dc8e7a	True
0x0d7e58312cfeec746529faacade40faf0d2d28da	True
0xe0a40dd56b839c964508b5afd6ca4e504633df5f	True
0xa4e6133c95941b3c756b3f91c52b45a312bdb3e3	True
0xf358aa18a646c76cf142fcf24021fca6793e2442	True
0x9898d41253aefcb90239244ba32a90cc56dcca29	True
0xefa1772d3965e35bd16b7e51a300fc5b9cbc4b61	True
0x9d3daf0fa888dac7c89f67777cc1c56ca9bb2962	True
0x722cc2211d48741802edefc0060f50475294baf5	True
0x4cfadd7a065fffd7900893d5f94008b10f36352a	True
0x5d307ed8c49f5670a70668d9bada63cd1cb88f64	True
0x79c377db4b59c7564b1c29f094b48c1a1d23c8c2	False
0xe649d72a44ef1c923e7b3582b1131ce67961c6fd	True
0x84d7d78d311dcbe05daf966a7f43118e9454ddae	True
0xd97c1eecf19c5d0c35d5357d6b66f9634b153ed5	False
0x2338719c8771428e6b3aa0d0420c8180006c9e29	True
0x1919d8cddf93ed9820bb11d1ff92b89f46c426b0	True
0x9f177a1d0c68f74e0457bb8d06362ace0a7fe76b	True
0xd6959e9267ff5892a8aae6a146f3e01ee5323b06	True
0x026a36b499353891e4b9da582131f77529907ed8	True
0x2b42118f9881622d2e7b41aefc398dbdf024a8d3	True
0x301ea8418e12c70b1494b45a7238b0bbf0d494d1	True
0x93aef0e0a163cd947d6a346050a9201c89c2c6cb	True
0x5919b70548660df0a7dc21979316b99190f5c454	True
0x00fdd989d5a10776ccf88c7e11bcf59715e4c498	False
0xeeed40f93263c53fa84810d02363d1621d834fca	False
0x76bd1b94e3e5a2a622856ac9837187f2601b94c1	True
0xa8c2fe3cff6d3ee95dc0fe9652e1cc6e2261656c	True
0x8252031d7c31de41dc64dd970a8a29d059d55cec	True
0xbc7c68a999eb09d7c3d44b9432c093580cb61acb	False
0xabcec401bace8406bc7558c2b12d8b3642e2c2e5	True
0x86f6c96a034b12a08faca6223eec50ec704c10c5	True
0x42d16647d9dbe5c1d7958e24fed93995d2ca66ba	True
0xda64279d3725f892c6598227223e16954496bc86	True
0x00fe786604a36feaa77b806e268c58f7604343e1	True
0x07f4eca8b8dfabe792cdc10e7421e3cb1cd8131f	True
0xf3eb3a621181201f080b92827e0eaf952cc5a25c	True
0x09937f86057dda99645619931ad9f6b2ba1a6b5b	True
0xf65d7f4848acd91521a783ec6361165ab955b472	False
0x9858793e525a00c23f519d8ffd6e49d8fc1d8c50	True
0xf9710a22a7939fd6fb7589e02c195c324849911e	True
0x4adeee95ab9dd5348838071f606103723b0bacb6	False
0x7ac7ddef4f40486cedbf997b2f7ee2d5e8b061ff	False
0x5e81dd9b46218cc9fe035cf5053cd9d4c80c7407	True
0x899158d39a551fc370532dcc3bb1ab93ba30e24c	True
0x77ea370b9692b6962ca39120d34c22bf129af4d2	True
0x9576f2fd65844e8c6d469d0f2e54703825a02797	True
0x3c76c184b8f1ad6a2bf01f541aa98602a2101ba1	True
0x66bc2f55dae83478af6c66e5cdf2ee382d765f5e	True
0xffb8bdb782ce537d9341d5f6fe95b2fcff7a9d61	True
0x7ad0b816a43703d5c98a2df91fce48a3253ff476	True
0xc68ea9a1879560d1bf8afe5b7ba7de67397cdd30	True
0x1759cc65f21b0229453f557d02096665dbd266a0	True
0xb6bf07e93ad44110baeb4fa8adf36ad133a7e7eb	True
0x6f6cf0b5cb88cb4ff4b4494612ecafbf86d65f7b	True
0x9bcd3db766326c054a7efd35eb22cbcd40bcbd97	True
0xbd8d6e01c19e358df3de64049020428ffd2750cc	True
0xf3a8040be0ce9fedb4fc5b1f93b0e3b2dd7620c0	True
0x2013d7063ef99eef950f031adec4852adc83b12e	False
0xf54a89279ab4a5bf1876f6fa0e16f895bf7415b3	True
0xee2d359c9b08c8a4aae20640964d20dfe8879e4c	True
0xd152f9b0ba3775398cc85e3bf91486808b6528f5	True
0x2847e17cdf980cc05bb0a5df82beafe052ece227	True
0xb957870f03ed4a2f041ea06d98d98d9ea21fa94b	True
0xb07935cfa2d913b8a529001846f36c3e98c187a1	False
0xf3d307971e0a90a51a2a5182f7e26bbeee1c5531	True
0xcdc2b56256870f60c60800e4ccf08dcee03d2cac	True
0xb284e9aa7a9cd91871a2a76da19b1ed65fa37514	True
0x82f61489ea394e5c376f4770ffded570e6af860b	True
0xcdb5043c464c8a4c5650e1ddc9c67b6e8b8a8ec7	True
0xa6554d99ffcec48e27420ea7ecc4da3a14e4f7c5	True
0x5e66c45937e7a75709bec2b85d4f787e099eb145	True
0x127cafd7a11a4c808f23b0b6558d15c5a2314e57	True
0xf6d06baee67c4a4a04dadfe16ec83189a7abce21	True
0x4c72b0bc6b06c3be6b6ef3a5f829315989eae3bd	True
0x4144db9c4e47b6aff9944bee64cec5008018d195	True
0x2761429b816d9d30f4b9a9a7144a10616c65f0dd	True
0xa1de6f64bbae20aa8763433c46beeec5f8fb2542	True
0xf5fcd1c53ab1cf640f3bfe55cf0797945068a178	True
0xbc113192f0d4c3eca042354c83d502dea18de9bd	True
0x6f3336e8d21ede01ede5451a0fec56f0a1bf72c4	True
0x4fa791ccf685a046bda86953c1a89b85c5ebd0ab	True
0x6ae8a1ee43df7595bc9eea2af07478a7e9954522	True
0xe2f6790d344404891b78495c41aeb878da4bb086	True
0x02658d769f8dc2b123808dfaa57f0d68d43d4056	True
0x199d42db5c39dce0a28e6b089262950d3bab4054	True
0x57ee72a5af98e60fdeab563e2cfdac8be8399583	True
0xf400b51ef928c4dcc42fe88ba68448b04178039d	True
0x5088e6d889170233c1584076dea7ab5e85f732f2	False
0x2ef4be4a492f786391596ef7b9a16c0267739dfd	True
0xb753974ad0e1ec019fbe6eca3c198f5df55c4a2a	True
0x09879b994af8d2c17cb6fb89354f17ec62251ccd	True
0x909b00fcb9eed8320ae76362649ca9bbf3966567	False
0xb21a0645937602f3baefd260fed49f1cb6949443	True
0xd4450b45674e262719de432a07305f6f3a7e0e5b	True
0xc321dbd0994197d1efb2197d84cf836e17b48d88	True
0xee4e5f037aff45b450e34b8e6147e36272f9e18d	False
0x3e08d9db7a3a4a955ea3ad87ebb71b3f89da62df	True
0xd6d700e913d1b338992af1b424fad787d9c9392f	True
0xb8c5ca2bff6731b08b63a29ab6a6d008652be1dd	True
0xc39de6908429ecc8cdb5353b76ef362b992b1ca0	True
0x4260fbaa913b33ff5efcd875d07222659fafebaf	True
0xb4913198ced80056ed90a0fa3a9702f41d9f2408	True
0x6b9846439e940049631b94c57ac04c603461efae	True
0x08f1ba78627c8ad1ed8dc2d70bcadf02127ce016	True
0x2167cd6e6cf1146928cbb1ffb145ae5ce2bc952e	True
0xd02ea0a51ad85551ba27685bcfa196dd8ecf1884	True
0x539a344fe1076343f5b5ff19dde6cc80e1bf91af	True
0xeb28f462eee71c0343c10322064cfe871c34903f	True
0xa9e445586f59297fbdefdad9ab83760f00c68c81	False
0x941651c3e7a4c8394070c0f5e71ee8c552587c4c	True
0x0c38f908f7c3ce9352d41388cec59d1ec6c6ecad	True
0x1f1e386c3b72e880c40ed62db80aeae855877e44	True
0xb3ec38ef4c0487a8d9514aba0a4cfbb71604cce5	True
0x131ac75cccc105ac3fd67b2e6144d1327ca310a7	True
0xd27d30f223068908e9b9a52aa2bcbd0739f0901e	True
0xe5cb1e804d32fce360fbf955503e828b93b6b157	True
0x89aef6a0220e09537347976d75cc1cec301855e5	True
0x6720403043b234481980ba9c2177be8caa373ac5	True
0x59d3f76a6c239f0559241194b0e7527f9b40e5da	True
0x5f78f5ce2a05d656ec360e673f9ea132a7c86a91	True
0x4f22a5d5616ef51cffdf9d5410660e36195e6ca6	True
0x559b641f992118a046a558e8dae973472a91c3af	True
0xe8f1fe121df3069907c4292a1fc180ccfc9bac4f	True
0xdf565951410de081d1b345e52ed2456a71be594a	False
0x34d5cdcfa007fe9b3f478a9c5adaade25fbdfb89	True
0x5dbd50e2fecc7f311366f5cd96fbebcc60f6d27c	True
0x9a0a4206228917c0b6fe351b243367bc38dd8fd0	False
0x3a07ed4b4a1d4f08b99ea448a4b54190129878ae	True
0x3a6961e5c12db4c8ceb9a3d36947f54cf84d584c	True
0x63b22d460ee485aa3634aa349b42c705b2efcba3	True
0xa1974a317e8e0d74ecf2dfc8004dd96b490edeb2	True
0xee133e5b5d1103f5d0bf352aaf062525d535bbb1	False
0x33853b8f7e463bc37110ece8292d2edafd908b81	True
0xa94988112de2df89e907b812f421297193afd445	True
0x15b051b0ca733db72a15a42ec3c9c2d35ce1ae16	True
0x351fae350684241bfbe5c17654beec4550698834	True
0x0f82805954a3638bdef00dbc9937e4d9439a353b	True
0x96aa35d04bbd7fc9ac07f684fc8a5d2590f27aca	True
0xcfdd6a84ff993c67f24f4cb2f8c80027c1f8ee8f	False
0x7d9a1cf35ce3ab2c4f9cc20744e504e7990a6834	True
0x8344048ac374012155e0a9c7afc8a0309e3dca97	True
0x316225777c62aa170e0ec7a6e789ae11302d5a15	True
0x1fe91e1adb052abcd474f4f8d44d28e41769113f	True
0xab6b8f35d971a6f7243ce56a7c7dd5d7a06a91fa	True
0x906f7ccbe5d7e24db909f20de6c33744111190f3	False
0x322140b880e5c04c3be008e56431f3812e8491a1	True
0x6da104fde315e9ff11f01c86db2cb8b3b644f047	True
0xbe0f57f69e28a93ff9b4af21436692fd006fd22a	True
0x46f3cbb47a73cc5367f0c1a7e3d61743c50bf918	True
0xe9f161dcf18f04ccbf832fa97aad95beca3d8875	True
0x08f77031233233b3f79a57ea6f685cf57d24ca33	True
0x1483a3783bf0e096d90ead8a19a2d9ea596558ed	True
0xa791eddb5f438966929af3c03d48567a26685a73	True
0xc5e1bee0e282ecb2de9818819f64e2fa001a9bc3	True
0x9f49dd0a77c49cebab0aedff9b015fd52248e807	True
0xf2736937fc65c33b7c973d501ee1122c7ef3ac09	True
0x60768032a76ddc97b7cd51b21ac8c942031dde54	False
0x5ce25e7e184253e240eb83a3281121bab66d20e5	True
0x700118554fb6468ba1af265da24b3fdc0ccfbaef	True
0xc6481e08aa2726178ba01d3e8f883eadac86bfe7	False
0xe2470caa5a019efcf9aa09fbf708cd1c47435dc6	True
0x323df6f1bc3b5a748823bc3059e3b78deaaaba9b	True
0x557cd8df0954656b7d1d53007fce49269a44a997	True
0x07c0d67107b7dcb6133f5b32f49022674914bf07	True
0x228135bbf12209c5a3b6fff70a33df1976949b44	True
0x40d0c4c806cc5fca97308f39304f57b690390114	True
0x2330ce68c2e8b3fa45abcdfc8631b2d695695090	True
0xa846df7429ba73a6180b950a06291a50d637f75e	True
0x358e641d3c38b075dff55177aca800443594806c	True
0xa6aa6c7a787d10860a17ae2c5f18a480a71aa1eb	True
0x8f9c5e461a3fa152b77b7f2801edb2304eaf07b8	True
0xd8ec218d56ea055b1c2146af1f8048731a5be5fc	True
0x87c627554ff751fe941cea02c801b73a84e704f7	False
0x13efc3b727d8f22b86b58e76a6b0d096962e2b8f	True
0xe6d7eedb03ee4d8785ff15315faaf935755dc16e	True
0x5817986a46c156027c489bf688ba8dee31396dab	True
0x15d0bdd0abeab6a87d6ddcd4aa2c88b39959d5ba	True
0x1136df60c015dc57ab3d2eab473297ce46648835	True
0xb6907e748aadcae056175fa226a3de3c0e9b11a2	True
0xf0ed650138c222ed3f44e03ee17e7bdf34c022c3	True
0x2c3de4621092cbd1ba50e7ca996e79b44547c163	True
0x8a0c9c8580ce74dc129c3bbcc9a2bafe5b5cdefa	True
0x3f2bb1e93bcac997963844d7273a06608aa7ade6	True
0x511b32ddcd36d4215bc5b46d7e89bf0f0e5a7680	False
0xbecbf3a082f70300f9079047255e9cfce765eeb7	True
0x95354611b79fd826f67a1afd1d0163bc8c998ab3	True
0xe54abff74936d913db040812bbd70eb67caee213	True
0x7a637ae0f483a5fb58e3e734d7e3b5efcf77d4c3	True
0x91afc771363de0de56041d3f721ff62a66009625	True
0x5d1cc88cf99bd4e0c5e0675a3d13acf9e933514c	True
0x10e3f5ca01857d7b61c06293d206c4e2e18e5089	True
0xe0b84b849ae8afc3032b917441113a95c2d1880d	False
0x34918123cab0ff36568714a6e82fd3eb100a2680	True
0xed120e1e15a6324d4915689b08868bfa9ca08f56	True
0x653e2c565e181e300025d6378e61d10d9304540c	False
0x12e8af403ec2a56f4980bfe96deb4c76f33d5e09	True
0xb7bee6c85484b34d4bd3b9c8176fecac8cf6091f	True
0xeb4fe52a18d54f62686322628ead600f9c98141c	True
0x694ac76c120aa6d42f7240fe9b8133207d88bdfc	True
0xac65ed3203a4cd72fdd40dbab43997a6c2b83b27	False
0x7e4388bb41793a39ffbe04814b7e4cb97fc26135	True
0x39d9abe8b0da8297b6341f013142655686f8160b	True
0xbe3b9b34bbeed5f2f89a0289be3d266addfa1ae8	True
0x07c55b1ae64428cdd4d2323d5af3b9e9fdc63db8	True
0xaa0c41dba50090dab73cf97b95fc00f7590fd299	True
0x6d9dbd4612dd8115d30813093e6397b5c294d691	True
0xc2f8e1c21be6c6bec7f756f18845ad432e133238	True
0x1178d99e011534474f78993443eb127df5fc2a24	False
0x2a9092b4cd081890d6aa0b2a1e3111aba40d97f8	True
0x2dd8d08930aa2f696d2464feab7b797a43e136fc	True
0xae792241d9fd8ebee4bb6b048d90d51f93a15241	True
0x6ca9644d36c4400807020e03d07f400ce952ef31	True
0x27e4ecb0c7395ca5225faded0b63e363dd7b5c0f	True
0xa3551d0267bfe89baf3e200268e8110192753e58	True
0xd72d51796bf4a4df53c004708b3396308544c080	True
0xb7c6e52e9d1cb71fa185dd1fbdc9665e469dcc8e	True
0x5fcc1c83445793b8b6e1c1bdaa248b19737a918a	True
0xc9fdeb20c1fc65b84e5d13d6f5fa9ddd6a7f1245	True
0x025afe8e6b634cacdbda689dcba2c024ff1329fe	True
0xe67e2bbc6f1d38fe5cf2c7058144f2d3365e55d2	True
0x0709145423f6971e84e156c8f3c665103d5b8cba	True
0xd6ba1d543acded8c36ef9562855be25db340debf	True
0x13195d2c35c7694a2640c3c4c4c904ed9b553526	True
0x99bc8ccb2dc2d070e68507dd26ce44c8d1cf0d86	True
0xd9cc1496388af3e2f5e96e1fcddf3a4e2acda89b	True
0x3e3035e281c24882e3209e9e519a9a12dcb6d429	True
0xd072f24687207a3e9bbd4a465b022682a1f3ccb5	True
0x7195ba8be2b445102415a0976051d6f029a23f81	True
0x3134c66aa117ab2cb2f9c8edcc58d941942af454	True
0x89f60649bffb8cad738d5e45a9c6b3a9bc71c416	True
0x59da69c6c616856a94daa75b6a05918f44eeb311	False
0xf8123437bc139d4b13d46162bac4b9eb92da0491	True
0x1a7a28966c7e7765d3c16e2159fb160561a2a0c6	True
0xe406330d6eb060bcd21f138ed2696c6d6e042ed1	True
0xb33be6e7b5164c9a9309b018c28396b96922eb0a	True
0x51e53a7d7c9dea5badf3db8ec5b3d64858d0ec26	False
0x8dfa3e3966a92c49dd7f09a826ecd185ba734d43	True
0xd93d8880b29e0df5e1b3b35b6cbdc9a1788fb930	True
0x10a4d4a11c805b11369f7c627bc5e1819abfa0c4	True
0xc1cb062e6a4d140c676bbf42b31fc5deb3d4ea20	True
0xc0a9225244a52a3b3dd4076f50f2124baa1ea68e	True
0xabbe1227ad434f396fd6c5c6788df208fb55b132	True
0x0daed8518cb3193ef5bcbff4d60540cc28f6b8d6	True
0xc9447ccdb1e692c9669c2b53cbf438f805b90cec	True
0xa8cbfe4e0dd35237e054512acec0c7124280c1ef	True
0xc014a977a94ee34446c5192cd73142c77949bbf1	False
0xf6a5abae7586a5415cc9500354b341d12feafde9	True
0xbc618778418337f708ece948915b9aa7a3607456	True
0xcebcd311755c22b78547274e1addbaa4b8471f2f	True
0x575080e35b029a46254bc9aaee0ddaa824d50363	True
0x86609b1227f48ea5441528a0b02e2c0735859790	False
0xaa3bfa004c2d85abbbd55677e30438ba2b7e8300	True
0x9ac93d9f744d02f2b176b45dc1dde5d7b59bedc5	False
0x5d0fc64bd93b340ded894b5a7740fb3e38fd2466	True
0x3578a4c9291ddcf20c793be12eaf946c9dd1ae39	True
0xb55a814bf9e7c4f308a5dabcbf4523c11975c08c	True
0x8bcb1a8ea77e14cac7f5c1172198601e8a7f3f33	True
0xdbd3966de2c9b468c362764bbb2171eefe4179a8	True
0x982bc0d6b6f18efbf14024b786bcc5c0802b8c1b	True
0x9e9edc9157e2c6ce074b9b322d1052bb059e6f29	False
0x7347992aca2bd9a89be6f761381ef0be04225e57	True
0xe6200f896b762a788bd6206885e46745965482f8	True
0x885cad01b22dc3dcc0eb9dc1cc4ac949e9bd2a9a	True
0xc289499803a0b0c7bcafcd9d11bfd0305cc850ad	True
0x4a62cb4127c12615ae725c1a236b56e12d27b673	True
0x80db5007ac0e46fdc6bc69661b42b23f02c40679	True
0x400170511acaf9579bd40a31637a14097f159ad8	True
0x3c325214981d7712bbcf618bc98edb04eb5bc0c1	True
0xcd793f040041d4f1000b05602c95fb9eb948504f	True
0x7163b9f79d191692263daa21cf350fcf7bdbe0a6	True
0x3d6b7b59a72244e6475e8cb5342b5cbe905e2462	True
0x1209761e2ed9c84f6b60f8da1d372adc0d5a1715	False
0x281731815206e55f3bd38b39266cdbaf531f0f8c	True
0xec955387724e806e8e2ea2630ed64959f3a35ab5	True
0x54fa624e5d594e9d6c83e41983b8d0c985a16b10	True
0x6a403a4f1f14a8d05cc11bb594546b2ea94f5d32	True
0x48a9fe37603f4f215408ff95732bd9cfe05237c0	True
0x36e50dcbf265d3ccd94d1385ea820526abe51c54	True
0xdf62cb63aa1d7d6fed6e29016a0c7083a37c1e7e	True
0x3cbf0d9f4f563295a59522a1455dd4c9dfe3392f	True
0xa55a634299489410bb261e7bd762c95f6483f307	True
0xa829a0890bd82ecbe54c40abbbe9da0e2cf3d334	True
0x0879d342326ce20fbf3a568b0373c30bfef197ae	True
0x93d00a10fc8a2bcf463bcc51a40b06386f494ee8	True
0x0366be45c50bb32ba9aa452c80cebb383eea2ef9	True
0x16e4dec1d0616c18146a488051ced43b8d0edde8	True
0xdc7bc727ebc4dfaa78f98cf04281504c00fe3348	True
0x3ed7300d77692639b74d0c62d4a861cbb591a5a0	True
0x4f4d25a5e380ffd98565df9698d4df5d608d54a8	True
0xec672f5773bc4aabdbc57aa70fb4d7a8ef5b5e4c	True
0x053f8a5b9511ff76850f6f70f7f2663532dc21eb	False
0x593854fde97b005d1b1077ce7b88202af37219aa	True
0x1adc0363fa65489d4ae417ea4621c459ca2da558	False
0x7cf35671b79aa2da58d76fd3f8ce6f982f8e7a7e	True
0x5e6d257029fc6723989af222dca75d7c52bd87a5	True
0x72e3c8c065e5324ccf3465c4b87625120d838c52	True
0x708c94c9255dc17deec75a877fa9e4ee58105f37	False
0xb3a807e9e9b267caad55280fc08d420cc8bd9937	True
0x723b3c5ef028fdbba71fcc32e8e79893a690f548	False
0xaa5139cef9380fe50c98a62f3587cbe4eb83dc58	True
0xe5076b8670163a49def01a075ec807c0d7b1699c	True
0xaae38067c0f742cd09a02301f3fbd659c801bbaa	True
0x8efaa8303171a91cd854f951300bbc38e036c038	True
0x18944ba7822247f3b743837992a77a5444156440	True
0xf037f2dbc63921fa407296cb477174e344c1e8d1	True
0xc5d88f150bd7017183c0191c40cd808e0d80c435	True
0x3bdf5d0e4c2196f745bab2408797115a954d07b3	False
0x4fe39e4c97ad5e25403c96df2b1e4973c1a66a21	True
0xf2eb051c14e26e352e8c083468c5016f4b718f8f	True
0xe02d5f64282248d643729fde29f5e763582e9f7a	True
0x4907d4a1328ecc5c9fcd2aa9301b0aba85202d2c	True
0xa5acc86fdd28d56ea8c62e181d73ccfbc57a3bdb	True
0xe82eeb6bc3ccae4ab01a215f52dec704d8bbf489	True
0x7cae414a7b78a2ed4f74953823d94a8dcd1e0776	True
0x8e58279de2d87c4ac11abe7e0cf282a622600633	True
0xde9d8063c9225087f0e7b59393d6a15461cbbbdb	True
0x287ab4ce4ba3a245a923ef6eea2616df3de21bac	True
0x7012930745499f0a9421fa9c84e458d5dc151cee	True
0xa62b8d508361c6f4ddc7f3e4174caa5ef970f8db	True
0x27642904ec510ad45cab11489dc29d65147e5649	True
0x70488d81a4e751a2214a8a9c1b383ffa19f761f2	True
0xc1d7e25c81883f23bada3f3a2d5f860e4cbbe804	False
0xdc424fe86f3c485d0c480c1ba6da1621ead5e808	True
0xc22275048d539fb9417004c7958a8c10cb8f2077	True
0xce8e07abfb60d64f4896e230161afc90d5dc1d53	True
0x00211f7a906553df333d80340b35959fb9d74da8	True
0x0509ece63471fcb0f6d7da18e415eb6868741790	True
0x87991ec62758b0d2a5f205bcd3e455b1c7242de4	True
0xbd766e1c2cbd485be8d8a1a5c2ec3b1804e39588	True
0x435a3d61bee3fb476a96e9dbf011975a03497a90	True
0xe62fea3eabda0e233be08a65b6fb90bb854d0b81	True
0xb6eac60b9165ab5f3139310b5c51bc54c774fe60	True
0x13f0e82cdcb08d5496b6843580e1a6cd7a19f299	False
0x0d1417982dc06e529e7a0344e665b080e5358e5b	True
0x16ec5c40e09b05ae437353adc2f2e4dc778e3c8f	True
0x6d75f8bf0972a9c6bdfb88c514fd314cabef88c4	True
0x24c510e93e646cb00cb57a006fef648aeea40c27	True
0xc5fa9c1169f81305c31ec4daab34ac91938be915	True
0xd5ea0bab83250427fc9f6683050c15ab35965782	True
0x334517775aa1a5d7ae278c229b1e257d52a7b373	True
0x8511a74c1113bae4d7336941019b976f59801062	True
0xb6457bfe9f5772db938117be26f6d9dd9b6533a5	True
0x1933f576934de934b89061855a5d7eddb73a250d	True
0x61303563c0536042ad343406742f33305dfe02c7	True
0xe5a74739a051827c94cb9d2928f87f31ca2d37ba	True
0x87f8e77660fd96ea3c7d4333ba92e19aa1d7db7f	True
0x04db66322ccd2dbe445a36a52f308271dabee942	True
0xc54c23bec693e754d7d62a922fa3eca0b14b95f9	True
0x3fb8c272f3a3756374ede89ff084751fa65acaaf	True
0xf9d0407bbdf7a3d320af641cd09c599552e8e759	True
0x04520c004cfa295c615b71854c361293025b048e	True
0xdb6ce059d4ec03ec0981ed95642eddb5b39c2dbb	False
0x8333c83d04cf33df0c3d3dbd4fb84d116b9a1f84	True
0x96ef61a98761b609cdb433f5d8f1e6fa39d21075	False
0xc132fad081314457dad46e58e16f2a7ec262b1f9	True
0x47a580c928098569acc8469e724c34a9a1606418	True
0x766c62630f2f5d27a3a6e37002002e8c04baf3d4	True
0x59d137d0361d81886b940292d34e7c4b84146218	True
0xa0dfb915032bb06d8e0df6eb585319782393b07b	True
0x67dc1c4c1b62cc793327103cf4290b03cfda6917	True
0x8c290a349fe5e7bcfeb1c144919b19e9b2defc26	True
0xf8ab3b47d06faf53ecb04304536b89180990928d	True
0x0adf70717ca34ae23d5114a4078d11a57f439c7d	True
0x32be3470317a82a07ebaad1e5155d362baa1ff6f	True
0x8bfb7306e86d925dfb2cfd7f2d1dd0042a3cc5e2	False
0x92d82e8562425f043fa43923836e45eef93d3d57	True
0xff545b69788f6ebf9013df010e48c6df47470350	True
0xd4456b31ee4503ab16a360dd1c87540010d833e2	True
0xded7f0e28e548aec718f0b85b1df75d8d2200d5c	True
0xf281f72c1c966c2bdb8893d7f896cfc3c4d1cd14	True
0x21b7ecd352114a84c808e6cb8800a0b293a747cf	True
0x42731646052546cf1eace9ef237277a03d9cda9b	False
0x667d1e00e661b423c7223439e3795c0ee467933c	False
0x7b0b697d394701adbd3e38e7afc141cd8cc96f14	False
0x4a5db168ccf5cec5798eba0d5979e799f308fb02	True
0xe4988df0ba5abc325764dac8c0ecfc496619e360	True
0xde5337c262aa2ecf1fd3fef271f713f63711b206	False
0x3e31e98aeb2d46ef912e5f27837b9f74091f7120	True
0xcdf4254ba05533cf8c042f75302c361148438c6f	True
0xd994ff1a4e24a8fe4e97b576aaf3daeb6a4e9729	True
0x4135e22b69378aad1b9ec13c0fb46d5d1c103877	True
0xfaa612724e812b50858ba65acd44b1ae1ba789a4	True
0x74c83e7206678596578c408eca84283b9ff5d7d2	True
0x8ac3548875730008d775dd18a81022b3eda87ab0	True
0xdc835c137bc9f418b4001171df83802cf9717b83	True
0xbfdb90053e73ab1b2f9eb29b18fb7050950e45a8	True
0x3fdc356f4d6b320b16bc8beec59dc4469485c50b	True
0xadfc78abfcc0a9ec8aa612c343828f6f7813bc77	True
0xba8dbb6fafdc58839bd87924ee184a85d373ea4f	True
0x93a5e5a3e467510b4ccc59feba566dcf128b8936	True
0xc19bc57bb0172bcd07defb378fcdc0a8d22c4040	True
0x79115cc4bc64224b73ab667cfa1be20313dd4e56	True
0xb87711191c461f177a78e473fce973424b124bbd	True
0xae361c8c5f20d1df24a5a521b1adeab910a3c1c2	True
0xcf9dbac5cd0b647e7838b89981fb36bb323b37c3	True
0x5b9b644194f52bbf2b97120abb714c2594e75457	True
0x44b30fd5ec4494687f49c6eeafe0bd01477853a6	True
0x0b7d7d61c21754d21e86c36ab3679739aea9d441	True
0x8db364b19f0632df2a1cbcf1ecd5b57627ab37e7	True
0x889aea548b05e157e373c347b931ee15eab77404	True
0x7bbc22d5eec2fa3c012b98b5960260dc91af5849	True
0x1e94fa74591cbc91785db333cce9e93471446905	True
0x9e2a95d7ce33e6e4d277a3138b87a99fa52f8574	True
0x1a520a3015d6d7fbdf89bc3bfc7c7966585f5b5b	True
0xe265158c780ed6741a9043241007e27f4108fcad	True
0x12efcf2d21e9a14fc837628a40247260e4609fa1	False
0x97e2e48daf92950ce0068126075e67640ae003cc	True
0x3a81308e326951f09c80229ca04936deb91c8038	True
0x9b90719d8ba64f011005e77a49adccbb3549be3c	False
0x086f347886391366a0d5bd83fd7745021efe253d	True
0x0a80bb06d84e3bd1c25e2b4c1590c31d7f89cb01	True
0xb1a4e82c9aa07312262cb2b6201546f1e66aa45c	True
0x85a5eff0b613d557ff6634c51379c0f5f6aed4e8	True
0x908ff8cc6f54ad15af7b5fdb28e7a6084a9d7262	True
0x33d60fb3ec2d4a8736f4ecb5744c252d70868840	True
0xd230bfa93e32f583934901d8792c0fabb9c24e3c	False
0x6fc770cd1520006fc44ef7007f4249a79916fd75	True
0xdca862dc3aa7e60e76ffdc0a3c0d527cbcc55c69	False
0x6112c004217581397769439f86cb0e87da2299d0	True
0x1a2d65ea04371822269e51b1e02c3343d04e9651	True
0x5788bb73ed63dee738c2571cf05c4d3e3a92a10a	True
0x1b2f26de9ba679a030c930702cceacd4b10c4ff4	True
0xd56e9b6fe42335890694a163c3e924f7ed90320f	True
0xe8f27dc95aa7f2ba0565cf95e12b137c77fc5f03	True
0xad3fe4810a1e9fd0587e986045d0a9385cda408e	True
0x35f2ebeb10ec71250a2f9f7b9ecf833741ba8029	True
0xf7069c6620866c4107d9bda8237fd22be8f7e297	True
0xbfd4a6537ceba310f03d10ec9cf7cb4439f55322	True
0x519efa8b8aaa9bc9838aac023d604973e3069efd	True
0x8182b351d6988ce63b4d3b6357a3d3a82e2519b5	True
0xf929da16a03322ddbb4ccdb0f27dcce920618d53	False
0xb4951eeed44e5cd39bd7a0286edcffbbe7ef6fa1	True
0x50249ee3ce6688d08b5fdbaef08bf904f5430594	True
0x8b7df5e88ee5e0de3bc686cea3f5cc7cda02c6be	True
0x85c8e0e7cee672ccee5eaf9394e2e62591601a6b	True
0x056bebddf577e69b81a296dd4363a2f10f28620e	True
0x8adc8686ad87ae55c3866a0fadb95086f1e3a5b8	True
0x75b3f8b98b8566bf84395f21796d32483ac0e636	True
0x53ab1bcd05105f8b55a0b53d62bda23f6aba2abb	False
0x5ef2eb63e0a4de860cb0e655219e7dc9013d7b06	True
0xc1fc8f1ced33a56e5d9fc8f8fe00fe14bc7d07bf	True
0x2bb4551ddcfc319e3b3206c14cc4041bbb5f44d1	True
0x688d1281b6c754bc7409760b49f3142cda0497c3	True
0x40be5e77bc8c07d4fe0f2814a9e12ccd90e9605e	True
0x953785a25a452545aecf7084da6c6e3212f16ac1	True
0x01dc059bb6d8a31af5bee10667a7e8128d6d17ef	True
0x5122fa460f26db41ae817656fb9a57844548df6e	True
0x47821b857360a780d8eebf44543ff18159f0646a	False
0x20f6fb29d26ae3e58845b72c2e1d9284e55b600d	True
0xbe5246bbd81a77464b6d0e5987fc6a20ac45c0b8	True
0xe6b068d943a93cb5def27e69e9703bae979ce25c	True
0x7cfaa62603129e82becafe9f04ce8d754d17222a	False
0x6d32fde961d005a992ee4c5beb85bab6a06fcfae	True
0x7c406f2a30523c3b1f1e459df8979d7b06328e73	True
0x9bf69ed1303f85d8bd15d955e1bb47ceafadb3f7	True
0xd6659b57deb736980462a91e2f70a42f52685a46	True
0x9bcbb2140d761dd227bbccec5503bdfcf5c4472c	True
0xda5a6617d5681facaeebb0b5dad6666ae9091c64	True
0x43a19877efde6336c8d77279d67eb41064b4cd3e	True
0x8a99e6e75dd305845456277afc5deae4494da66b	True
0xbd55f2a8873a172ee0f9e126a5b90059aef6d707	True
0x40ddd65b960c1bd3e967f07fe7b6da63337f27ab	True
0x519cf9f75406469cfe80602f420bc29d3995ae7d	True
0x2f2b8a280f43c1ef77bf21d22d4d991b1ac2e89c	True
0x4d44209f57cdf4504c8a6b3ff5753fe2a6a41e3f	True
0x2f5aff90d8ba91c1a2d91b22d40524e0d8e14759	True
0xcec281cb9e19bce57a151c10845ac27d9ba0358e	True
0xbef83fb3aa871cf4f5c4534bafea91f778c01f15	True
0x3f30c36ee61b3680381c2bc0b10680d8952085e0	True
0x44109fc55744afae7da850c85114c736d31b2fc5	False
0x7e3254c1765b5e89343a7f982424fa0a728c8984	True
0x78d5192f7800b3b2d23d2f5e573bc15f9a9d696c	True
0x2715f7aebae661fe85c6565f3a6e5ba1bbd3ac36	True
0xc840ddab703a9ae201fd05ccc85605987a430c56	False
0xdfcc9a0d67330f5fdb0bec1b5984922c20924b0b	True
0xc7bb512067835f26bd1dd11ece2aee273b9d43bd	True
0x9777ab81dd621bdfe54525c1b9e1f8fa6e99f142	True
0x47ac815dbe9bd3b89382dce36ea6e78b169e6a53	True
0xdff99dd61514ee9ce9c9fe72ee6e068fdd2d9aae	True
0xdaff689ce3f2342d5925dfd99a67195de13c4bf5	True
0x1002dbabf8211a05941facede712f80b8193c8b4	True
0x314cd7dc3eb1ca0de0fcb7aa6feb0c44966767a8	True
0xd7c55e9cc45e373d8b5c281dd146282f32a10171	True
0x907a9eb282ea4977ad491b77aaf724e4d3728fd6	True
0x2006e888ae3719d7b9c74fb47819c009086f955f	True
0x09e7f19fb16ca74ae1a1f70ecf1326f5ceea7b77	True
0xdf57008baa08bb99fc96dce52996977be3c0a243	True
0x873249fd4e7312a38831bb2ce2ea2ea9baff5ef7	True
0xe8506b55a568c10ebd35e830170022918b2055e8	True
0x9e02d0b3800562fac30c4efa65df7b1b972e1e9a	True
0xe2fa083753b43734bd198f73ba2373d17b9bc3f1	True
0xe349d5e512bda4679c7f24398effe10df8af8970	True
0x5d0228c63b63c2c605541f0633e4f1bb3a3b63ae	True
0x446d63522af3d3671dac042ff9028ca0e5ebd6bc	False
0xfd221dfee1ef49fd036c1dbdf4f168401dde1c0d	True
0xf7cd26a2cf2d0a1c0695ddebdf07f326faff5221	True
0xde24d23737e701932e9537b0b46e17ec7a1d4fb2	True
0x1acfaacc25fb0a6bd479252ffbcdd8f349d0297e	True
0xd02e89b65312e575986886cc70314e9ba3057f1f	True
0xffcf56a40c003425bf5085b0f2b24cbae4f104c0	True
0x701e1aec10d320c32521fd20d16736f404df0069	True
0x646fd2759e14d719096ef6aef0879b35798e1f9a	True
0x8e75b3787afb728273a283e3337570e80390bce4	True
0x277c65758f28a71fe25627006e3d66a3b3a0d196	True
0x0d31fec8636c73ab8e4b6e4b091a3073c2595605	False
0xe5e3fd1eee28e9adf9a98fd864c923165313b43a	True
0x32d06173442ee320d9f15822db15e38a770b7dfc	True
0x8c7e949534bc3b9ac58ff30b48c7f6ed5273e686	True
0x76936c356da7dafc594a97ade78ef5041e98d5f8	True
0xd367821323c211bae35aad2c078e491862baaf6f	False
0x3e0f5f1d52d39d95adf1256ccb20057988d987cf	True
0xc536bca08704bdcdcd0fa08e0d1bc6c2795227cf	True
0x26c9f66cc3ba19b76970bf0bbd86488aa7b5d473	True
0x6f0843d94938558d02b4a56d26ac50ff5aa8d8db	False
0x9deffcae2db21ae5b77db411ace55060ca2324fb	True
0x919d6904119e33348144ea97d893df355db4d2d7	True
0x3b61bd419075198d7ab8da76f89b1a2317e3ff3d	True
0xa4f95249a2b39cc320527fc5273e414984bc562c	True
0x3ed6ae010a235a27fbf9066188670434a107c587	True
0xec093451658b1745b799adcb8118906fe8991d54	True
0x695d741ba6d331323d53e7d9fc1c7602724e5e03	True
0xb938a4b34fcc71f09ce591377c6d861af6130481	True
0xed93019bba25ff3ec19cea479919b0df4213a7e8	True
0xf601c409bfc5a9e215d6b87339f830e5cd7cf985	True
0x54b22d15068abb41302d07af414b9a0f228e70f3	True
0x9f4fd427c37dcdd593710b67717c2980dcc35219	True
0x7d565f2aee66007e1db9dbf9bf1422bbe59dd465	True
0x31b0eca430175b311946cbde92d20e307b974651	False
0x7dc08b7f779c08d5cb08ebf65135992eddb9bf8a	True
0x397e89f1ea3dce062167fd5a1b2bfbae3ce82097	True
0x34cea1ee77f1aa25e0dbb0891d8e61af42bc29ac	True
0x118d84c50bfa2dcc0b225969657cd25c603cfb1a	True
0x35ab3398f8fb60343c9611cf33e52a70dbd682d9	True
0x77b9426708f38180bb5b421d4043ba6105e8f4cf	False
0xf39576fbde0c93a0d97ca8f58a92d85286e3b0a1	True
0xab067a74f98b0dc6ac723927df9cf612d693d205	True
0x0ed67e20f98cb3bfb6f7963cf863c9e9783015eb	True
0xb3955207156e9b01a101ed539d421aa65e8f2424	True
0xbcc092870c30f6316ed4fc1319d324dd9d8bea2f	False
0x654075ea52132d1933ce06ea8b534c669fb9145e	True
0xc591cbca642f844e9f16fcb0a74219e5208b2b29	True
0x06166623a334a8309bc0e364c2340a95bed9aab8	False
0x233a7992d78adbf9cb534bd4d456706336b669cb	True
0xf3894b4bb6c232d6ddb2ddc86307c09f4fbefaa5	True
0x97b6591e293d206d9c865922f7195196bb13e5f2	True
0x8e54fb0360bdf13b248434354ec2f9a96245bbaf	True
0x862168d728b910bd82b9cde634049fda8003eb73	True
0x204b3083dd2577b82e7fff1075b3045adfa2c826	True
0xfa492527ff86792d6b3a9361b41b2392413e063c	True
0xd70e3505ae83ff202a4269d2554f7cede38ff817	True
0xa98a87e304d0fecf18a3407d8fb0be9f7221c968	True
0x79dbf23091b7338b690dc70df3296e1a4cc6e136	True
0xdd8a283751871b3cdb886c65e5d06c4f8f7c74ed	False
0x142d096ee306230fd834f183e6dc3bb5cecbee9b	True
0x797b6c1ce73aa7e782fb49ba0abcc9a9694e3be4	True
0x6b6f28d382758d8d3a8121ff0df6b983ed91aa02	True
0xf74b879d079aa0aced17bebaebe64b9bc62d7c49	True
0xa044387230126cdf1c2807f577179de6d1271041	True
0x67443e53b2e6ac982bfecaf0bd1e09bff3822258	False
0xb8c51c306f46926f571b88c1483e0c7f8e3c653e	True
0x60b5037c69e8d677de656866546feac90710ca8a	True
0x37113447cee08a32f30288feb912eafb3a96a92c	True
0x618512f4a7c6c8231cd75b794669c02104b6aef1	True
0x2a00c88496deda7bf9fc4efa7d0183dbd6928ecd	True
0x0d3b9b4b2a9af56e6114f9a068b6bec382015a6e	True
0x6c6968af34288e5b8bd8d994eac8ca40d2910494	True
0x868d6a09a497a8dcb2a89e504e310b27f578ba0f	True
0x4c3d6f59a6555c70134c4063fc8d990f5a3c7aa1	True
0x51f33abbb389b22bae085bb5ac2aa04488ddf9b0	True
0x83127fdf808283cf3fe33e2b7fb0c5a268aa1ca7	True
0x7c27abb433193391c94a3b13ff0ae71e3d27312c	True
0xe87c084761a2787cbc16fa0c80b224e961d821a0	True
0x1a067dc5a60577f49943e82eb55d592be84a8740	True
0x3cd48d9c36210eb96a1d8d71e1d37718ab8374fc	True
0x60a885bf8239a0feb154e769dacbebab8a3ecf0e	False
0x4d81033e38c62a2a432d22e8735aa4c201b88ed2	False
0x73e438a6440b0189429a2816a543a8b98133313e	True
0x8a985379e75ea594739563c7710640cdb2da6f61	True
0x797245e233d95cf2428df91a9f2a968ee0a8b01c	True
0x1a291a52fd631b9b76afc9f947aa5238e01745d2	True
0x00f4f2b4821f7eb68a45d58b1b2c9f88c3c9b94e	False
0xd18e8a22db7521a938755a10d8a134fca7d2066b	True
0x8ec98419bf7993f985e5f9754d1ca097378bf946	True
0xc08ffa88c9715d9cb2563c71b2291bef318a3eb0	False
0x6b48a9863b8e5db2595315bcdf7fbcf875a9bacf	True
0xed365a0ca0eaeffcda2378f66a3913a3245dda77	True
0xa274298728d779468ee2d2b92b849abdc3fd6de4	True
0x23655630e6212ea8e9096f46f8604d3145144db8	True
0x48bdcace9a891bb6a017d335dd8ef41feac29211	True
0x80818eecf6c667ca15b143ebd4dd500953096a70	True
0xc78840c1b8b83689a8174a87c8ee91ec817b2861	True
0x41b09887b376e2f1383d0f2d1fb089d3c44287ce	True
0x7985dfbdd29897a1e56e2c1f0b909a04b006cb6d	False
0x13b7e9527d2ace19fe17af26ee67e768de3f970e	False
0x7b2ad2ca7205556673625ebb66c9acbb490cb99c	True
0x5919bda7a5d88a8e33c5458b3b3d64d48a6941e8	True
0xcca8a49ff9573706ecdb20c35f5fb1ba36f966ca	True
0xd8041caf0acdb67a1b5272fb9188e9a921192015	True
0xb32d15d4516f7b5c877f136135d0c8f5989b073b	True
0xf1e59604f2429921220898f7fbb01c3a80121ebf	True
0xfd2a17251c534d4dc7a78bffdd1d99636173070f	True
0x59b60c40db4f22efeebb760bc23451ed095fca18	True
0x7955b3052cafc956c9cd3abad68c8b4551fd827a	True
0x325e839d8daaa4233342619c6dfd685945bc0c2c	True
0xd03ea344516a5307724510723f1969d7ec0cf407	True
0xce21eed117f938a57b40c45939a44329a60ff3f6	True
0x58606102d835df7da63e2b140d3cac3cf7a6f68a	True
0x64e4212aff965ff053e6bfd0eb63c8aa2dd00d11	True
0xe5dc4dd98b179e23358380416b3269c5641764c6	True
0x117ad4c03725233388530a9c054b3f04ae616589	True
0xd54a62096ff17d8f2a7267b9bfe284b7b135b523	True
0x3e2ea1327b0c9f34c15c81d64f456ea34c9b3b7d	True
0xa9915fa0e1434912994c786b99d7b1ffd250fd06	True
0x9427e3d8cf2f41b100792bfc1bde637f32e8dd6c	True
0xa44968e7081ec7b4428eb519fcb04f423751ffb7	False
0x3141ae057bddfd4309488b595ef2bf9bcc42bc36	True
0xa0a7c2c2cb33ef726cca6c3e2b56d65ab082aa65	True
0x01ceff69532bfed6b7404a014973f8ef60745f96	True
0x715c0dc79237aa49ac771045b1c52b8767609b8a	True
0x382949aea0e8de41c869b123fb9b2f127a7df7c3	True
0xe378f2da8b8ee99f57f75d63229afa48619ef380	True
0xa0efc44a5a475bbb70a7be169b911d3bdef45179	True
0x222702573efb4e46e99ab9f8e1e12d7965e0033c	False
0x8313faed59e0e1e0158e6375fdc7dcae3ea45f70	False
0x046b158f79029d5f70367b0197e59fca67f86ed8	True
0x529bdd6f571264266dbb60103485b7c41f3ee63c	False
0xe0c585d52136c3b0bea019dab32eb39153e6e3ef	True
0xf33db0c6e5613762c0821ae88fdf52ccfc9b3455	True
0xc263fde190346a9482eebb863b4cee145dfe50e7	True
0xa1ed49035ff3672dbad77c27aedaf1a3b177ae4a	True
0x1e02fa4185f258c432df6fecce2798739459a555	False
0xc1c5caa61f9689091bcebe2996301cb3a33c8e07	True
0x40a64a59b66a4ef55ab8c7bcacbf1ee771dad89e	True
0x961036f93aa4795267ce263e78fa3858836e0e68	True
0x80e2797d5227fa520701576bd7cd0267497d95e6	True
0x79882531d1595161b4929d698ac1c56bc263081a	True
0x7c863343576cc3f49c543e33c2c4d6bd4dfd0330	True
0x1d6cf2caf8d448c168912394d312d3d44e06b7fe	True
0x63336636353bc8850c74994a469f3e8dcdc7ef63	True
0x899b95e52f21677b04a015cd009da29e46bf91dc	True
0x24a2bb07eed05d345d8e52c81ee092cdb646cb6e	True
0xeb77bf564fa6f8c575ca11a259696e6378a94640	True
0x072b5924c14dce72d3b0179dba9866ecfd4586e9	True
0x67570cb21f404457562002153b25de9c2efa89e9	True
0x9633b2018ef6118f6f7f0521e790da1c940d5f66	True
0x5dd9f2d0235790e3c583f5c00bf23cc717e7b53d	True
0x4918fb6c8233e7f5c0875c5318aeade6e39bfdd5	True
0x874a699d578c1df12dd7ee8e3419b787f1505df9	True
0x6252523762476c4bfe409b919866ec5752a90d8d	True
0x02d48fef34781cb84497b88ff46820b06331ce32	False
0xfc8d86a306f66d220b9de4cf0d06e9718a85ef54	False
0x362af51b53be4542fa23c847123aef2f838b6c69	True
0x29345b93429eb4bcd8602aa2e7c7b02b691e9fbb	True
0xd219d95d52b65a97a5c76986ee370ddeaf669fc1	True
0xdd8078706a9084c06f8695787b9a4b6c197eeb48	True
0xf6e6487c9c256a7ffa2bdd37fec2510bd101030b	True
0x0e7352d0b1fde2b1c865667eb52b7f16358d98b5	True
0x97878af3ffadccd13b8a3e8c96b8a00e07b3d063	True
0xdb9e7cea16ff12264042aabb89f421164ad3815b	True
0xb5bd129ca8ae24af49fc8208467a20a41f1887b9	True
0x2f36f6976e8063f682037484caa57bb00baaab4b	True
0xbabd4acb4b7dbab34d7e80da28a940f80f2e8ee5	True
0xf95a009fdc6f11d7b8d1431a3cffea5d28c5b66a	True
0x64a12d03ab142edb668a0c7042fd9dafede392a3	True
0x11fb347634161e68ca00b260d7afa8f0120b9f08	True
0xb8e54ef2b6c2b4d350b0ba080f443bd5c7e258f6	True
0x806926a53958dd909d6f0420c0bd77261004a298	False
0x36502521faa5bf2599d7a3f0d849b6377cbdfc41	True
0x9da483244570dacc4da4dc3d204d4756efa49345	True
0xbfbb26f9b71b5c4afe287284680205ef634fade5	True
0x636ab222c107c546ba933f5b42310cf642d4e5a9	False
0x117c413c8ab830f436458ddef51513d719580f74	True
0xcdf64c14baea4f8508e850210ca57ef61694395a	True
0x2796fb089ddebd0b7573efbb073ae33d24e09fed	True
0xe81b68c8b978f8c4774d6022f6c7dc17929489f6	True
0x1cc64653e97a9cd83ca8d0d4414aaee99143676c	True
0xcc12c7a4798d3fa74ebd4c51a77c882056f4962c	True
0x2b929cffb9613fe9734bb813f0094acca8592ef7	True
0x2c68b2f2a2994ed5e65f2312647fe14153c01525	False
0xc370233e0d92270b225dc90f5ac802778a0fd331	True
0xc331cc170866b714fee7305ef60c3bde1cef622a	True
0x4d7603482149de0b3170cb4dddb4716389e46b9e	True
0xa231c8ad3a88cbedc5d58ccd97317b53cc51c74a	False
0x48ce509067e616dc5311200d2840375987dd2f84	True
0x73b3e13b7f5920576f3170afab6a5628821df251	True
0x0a4425f815dfa6b4bba546387163022fcad81c12	True
0x5847bde74314f87b16122323866ef536c425ba92	True
0x5eecd2801877f08c02051baeaea1f5234094051a	True
0x5f51ffb2ebf6e522578539b57812599f559207f4	True
0x96f88fcc9748b265a30a436c1e4a7b5bdeb09102	True
0x756069ace2136b6b8f35bb32b95593e204ecbafd	False
0x1f83cf1c4abaf3839a302c173ad124ae6f11d51d	True
0x6ae30acdf688e563037751c5820c6b39a88e92e3	False
0xa99e33382b7319163db4243ff22c8f793e95082e	True
0xabfcddf0f189b748e851ef1e4f58e782076a73f1	True
0x32c2fc6f7319d76b6145bb990217bfeb9a145f0e	True
0x0e1a00434c07427b46d2266357625355a8f6ff4a	False
0x500f55c0cb5b05d4db3771affad73bd436479520	True
0x068a55923b3ce7c725978405d3e25ae864837183	True
0x0201a6e77a8ab2ce60b609432eceaab4c0de45f8	True
0x9e8ee2661df5ac96fabf764b2887af078b181f58	True
0x9ebdc1b53149dc4773013176a907b3691cb6dcc4	True
0xed69fdfec7aff9493f0b30a67545794c870aeea4	False
0xb9f027bf99710403928c308b3fb6c6cd6be4d417	False
0x9ce0f3445af90c684f15eec146749edcdb9bd995	True
0x46f2dbaf5248564041224f4e62d19d738d4889a8	True
0x26f8e66aaace1c1b3481848f3daa4dc853e7c15f	True
0x53c8961874cdec8bc600632082b1fdf0297b234d	False
0xaac895610ac193c2c160b945bf9dc0147cf6c846	True
0x15761ade169f82a916ed84ca79e5d473ed725971	True
0xa81d8fc7c559b6c7b8ecbe24eb501d23efe82105	True
0x8b51bd84da758be9dfbe63084dddd409879981f8	False
0x161553736b8eba14d70ed940137f370264d6aa07	True
0xcba7fae9f0141e58fd87fa9e335e3a2258d44d68	True
0x7b905a9bd1d6e482881ac571bc5202aa38ca43f1	True
0xd97062c3b748a19fa52cb1e6b69e0c24ce71b00d	False
0x0e1ac6a4d5f88c20e59c741ba010beee83131540	True
0x21af48b84c323ccadea08e8c060e63f271c448af	True
0xf5386a454d8b767fc568f9884dc9bbf87a7d865c	True
0x96583e1600cb695b16dd7703e1b7b4427591f31b	True
0xa13b6e9c87af90a3df28e63a4820d52d3668d77c	True
0x6c13e1f488dce1755508f98f6acd6c7f818b2e72	True
0xa03a4773d10b62864419a690f0754ba3b4fec43a	True
0xd8e1a95a633ec84f12dcf4ac131fc85a89131e8a	True
0x094dd7b5dc0ebdda65f3cfe4774c1805c87cffbe	True
0xabc8eb383279fa769f4aae88c4fa9d2a9b8a9c18	True
0x2d9a8211112697a00bf8622ae860c0294ebf6da9	True
0xb0ff95dce9428fd2f55f7ffecff8a8b8e36ea1a7	True
0xd62609ee64d9e2f8cc9fc5a82f598b59b292fd97	True
0x18bf0c2b9ac8059691515b81a68da4f9097775b1	True
0x79cce932a316a33a3a59e87f925d524b66c74e9c	False
0x3d803f9ca78fe02a56756f8979fe6a32cc10e116	True
0xecc985e575baf4b50088cdc4fd3f32263148bd89	True
0xc4f6924c6233166a5fa291b1251c98b729c8daac	True
0x8f028b536158d9b541ae0a0183e8c8c0f93842fd	True
0x355c3fe8be94a0a8d540bbb650ecc96140d4b79c	True
0x7eeb01b4f68b736a494d51161cb092e1e399e2f4	True
0xb5b038e20991f11e7556328d5ce5c6bdc460d405	True
0x445e161a29535e4a221b10054b485f58f99efe86	True
0xb4873815b43899356bacb9c999995abb025bebea	True
0xbaab1808c97752228d0866c2318234125c25a0dd	True
0x601bd7a6df36b106fc2baa2f34d921e64c2ac805	True
0xfefc63295b069dbfa4df226416b131c923f2b46f	True
0x47c42b69a428f288b38ba17a91accb77ca1b17b6	True
0x0b55454ff0491db6f0ad43e9268834ca07e1480d	True
0xe232e699bc5622ad7a4e3f8138e80ce79e0ad49b	True
0xca9ec05425d5a6d0308144af36c02d77af8bba41	True
0x5d913c1bb56427e28958f80e686163d7d9d3b9ff	True
0x791f5e35b66ce70e8e61840d1e56ba6738d07334	False
0x89c3cf9f737073c7ca4bae0ed1fca596c846deee	True
0xc4334d40f7f4c981d4f13eb4236d40e53bc84561	True
0x0ccb82dba4193e2811e3532b0da98fb292e182b8	True
0xe8c807fa52eb8bc5d9bef7382042ad07e23f6605	False
0x62c9e7a8d48cc33d3dad2facc03951632f969f6e	True
0xd9d7555a58f0799ae59d0095848db53b13e30b90	True
0x7f80a95204932020de21d585182fbe53e217d945	True
0xe23410a79d95f4a8e4b4f8dd0c5bb429dd855d05	False
0xc98eed1d6d60f3dc293d9be92c34b93e1f672ec8	True
0xd40467ba1504c20bdaf82c3d9e48e40654c69ecf	True
0xa60edf71bf600bc2d6879d19c81aadc5f0d7faf0	True
0x448787a6e144b23bcf3ee8ca85c6a3677b714b38	True
0x082b61422c38b3f62f971351a3a173020886d924	True
0x05ae34f13cfed4d8c32256b0905f04c0ad38a890	True
0x9475e0b7200c9586a9d255c9076f1929f1fe0cdb	True
0x2a044b062cc6ae5694b262808d90f078c49a9927	True
0x33746aa04a886b4ed8091b77e3f0dc3b2a011779	True
0x9e4a1589eeff17e982f1f9c54d6afb9b480d1a60	True
0xf80097031db2c56e11d12c31470ae2c07521d104	True
0x16604e5362fe9d29264ce48686241d1bfa32e513	True
0x0380de5cd171e7756386bd8a732300811d1f0c77	True
0x998e3e91b4eea28e8966bf9c5b451ff8f77f8513	True
0x648f298c587bd58028cf6b8c31518ff9fb08ea62	True
0x5913fef05f4a5e6cd2a79ee0d32015678de05742	True
0x1d86de09fe3cbaa2e4147f3bf33bb29c92b2e3b3	False
0x7307190355f1fd514afb06b9af93e312deb99351	True
0x159b07e5aaa3bdab7cd47d517ce36df86651339a	True
0x72d8f01e308a7f657a412ba6b7987df397b2aaa6	True
0xa68256f062a315fc285acfe26418b5ac4667c015	False
0xf46aae7b3850780ce0655712ae4b8c172ca856b8	True
0xbe5a4b99703fe2908ee22a6624a9e6e4d4bb296f	True
0xe0ecb6fe328aa8d8d5339077e444c205fd4e5a06	True
0x7e93d08e286f83070bc35f395930bb682b9db89f	True
0x0eecf8d8a67918dd56dc04fe8c1b9e2b04b07e0c	True
0xbd83ee436930365fd1cceae57a6f7e02ab1a74a5	True
0xb2df748efc1d56849170418032ab199635569655	True
0xba3b80a9385818472a5a6929ea451675734423d6	False
0x096bf3880899c1e310d6f22aaf44441ca5d37ae9	True
0xe4d6acda8b558ddf80284894aa57f306fbfdb746	True
0xd69ef3dfd59dcf87053c877834ff80e8f6bedae0	True
0xb8972ca3aba2cd79780ddb1769bda69a5b7a78dd	True
0x8a432f52bc36ad8667d430d9508030e53bda5288	False
0x0b5edee60c88b1b020a1b60383cf5d2e10817778	True
0x884be0660c943f9ee6d55639f01e077c49e8284d	True
0x59799b2a73d68655e2b124504a4123bd983253fe	True
0xcee632c8e485aac5e4fb863e9a92f6a1620d4998	True
0x22650f5586e4cce6b26ad64995e3bf0bfe73128c	False
0x78d8ca7bce56e07432f2f9df08da117e9d030310	True
0xfa9236fccb61e8d549ed7d10acda96ca2de449be	True
0x43d205e1a18c7cf8ef6a4ee47d6615181ac07708	True
0x769f360efc279dcaa0225cb012f6e1282796ed45	False
0x86f41bce58e961733f2cd5d8ec9c79db7a51f79c	True
0x8ae5677ce2fde1dca04a53e6656b852bdc5cf44a	True
0xa6aa79aa16d029af6ed28549e4c95c09a03e95ae	True
0x1b1e69b27074ec54c702b03d8ea77b23411e0d13	True
0x45b8254a6bc3da5f472ce2dbd3afb06a07e52bbb	True
0x3f59d57044f4a92e393699222583109333d19643	True
0x8fe835084502b586df889dd3b94804e3f50692b5	True
0x4ef4aac4389abbccd6f864580c98386659831f7c	True
0x428e18bdd7f3ab88aa5042aaa2f29218150d1975	True
0x21a6949e82be21181be8b03bc201260a73ec11eb	True
0x245b9d4ac3abc82322ffa7a822c22f60881baeea	True
0x83a36d3d054817c71462354c1091957875130ac9	False
0x04bac2cb0db13290daca5955c47de9f1fe89615e	True
0xc22e399e50e36b794f247528eaa0d714ae477d8c	True
0x2239d168aacc926cb55b45cf039110d2e8a2caa5	True
0xd8432077f5548fdd048bd83c5b7a4350b6159143	True
0x34611cc7001e91231fa494bf7d47456554222931	True
0x2faf05c7525d92026e761b746885d1581ca03a57	True
0xcec800842f79276392328d0cb92d04a2efc57ff8	True
0x4da05d1d109dbf2c57340ba0bd32a60143a0715a	True
0x07ce82a86efcf5706b597409ec6c7c97a14e9017	False
0xe90a720453c3304520c51b5bf93e8e56973be9fd	True
0x176f88283f744e79f8e42e240b70bb3bc379a84f	True
0x3564e7fcc8cff0aae8a5c4367262004a7b0a3dae	True
0x29bbb44bdc4b193c5662fedae52755c06dafb9ea	True
0x2a661c6d413c81d24bd974c9b97fc17725524986	True
0xdf505a5da28b916f6cef7b01908150b998c70771	True
0x5b78e7e1edfbdb15f9635e558bb1076a25180677	True
0x1f11928cb51c59316a30ac13e1a43af4d14693bc	True
0xce03b437dcf7a3897152db858431c9f85ecd8e81	True
0x6eea24be6410bf093ac1d26d345ae8ac3b959003	False
0x5b628e9c6dd84b19be7ae6c43923eb17c91d644f	True
0x8847edb139d10afeecd003e959defb8e0edb87e3	True
0x8ba078e78aede81c1c64b5ba44697b597b2bc092	True
0x0327c782d647c06e73910c08bd3a2f5bff8dc7ec	True
0x261a57402989989bcfffea5b94468807887aedd2	False
0x41693d162e4fe7b788531d0a3788befd0f583dfc	True
0x2df04fc8caf271c82f61e6beb16bb5eb4ceccfc7	True
0xfa378b825a6522fe84d2ad7b3ced30fe2d96fb12	True
0x9c106a00b3bc06fe3357c57405fd7e9e957e29df	True
0x7ef7559610ae89ee3e53254e189775722b2c396b	False
0xe5559c5a09137ddb4943a563518718416de72b23	True
0xf2b6c2d6926896b1718c21878785c4621a14a59a	True
0xab71d03619b3fa84ca3d23d21bb17fdc51d75bbe	True
0x9f2c36fd1fc0f95077512da0c9f39296172c9638	True
0xcf5972f4b612b7704f34098c051f613cd301990e	True
0x3b360380a5181bd9f0280e63676fc70a0631d1bd	True
0xe1de7ff6643dc4eef4781627d8dfd56f1d971698	True
0x4466f826cf0c82e3f1fe99b626155cff8cdee818	True
0x0523ae8f1e759fda3f8873883b61456aab3e5803	True
0xa549c03fa67fc62fe0cefe6293462eca84c6b900	True
0xc44afb1c093fa875861909a8097eeb159d9fd703	True
0x03ab53110573075db34b65be38f24589a93b90c6	True
0x7b2037eae3d48fcb6059ec61d441f33ab629ecc3	True
0xd708debb03cc14dcbb92374d59016a6f02f1840e	True
0xa3320070de857a27de5892c6b040b43109a09c51	False
0xb52506295424893c217e3f5530c0650676ffe834	True
0x6ffce01e12d39e81f23dc3657d3cdbb99f4d9a4f	False
0x7d4fe995f3788f0a49d15ee168aa3114bb28c72b	True
0xe52eba8685b4a891a9bd3b8fc51e202d0191f243	True
0xa962ff332d021ea23b95207db8726bbae77c4a7f	True
0x8d2b66182684b2f5e7b5a9f61187eee5cac89712	True
0x8a372dae55dca88ffb01e0c1f98dee5d33835ab6	True
0x2b1f63ca6527104532fcb58cea7e06bdd7273203	True
0xc71c49c2ba019e0f5db889dcebb7ce386eae53a1	False
0xd7e9192fa5ff61e99623a5fbde1bf29285001a9e	True
0x15aa8934cce39ee8881b1471f49e590d5df10f61	True
0x9fae59d0eab6984eb18331481cb7f72523a8523e	True
0x9c99957bd74a02ceb9ea0e6f71a86153e8e075d6	True
0xa541dc98cf02b0bce90b280ea836120d4ff5a8a7	True
0x3e0feef4aedfbcc889f1a6167a1ded6cfb7890f3	True
0xf6c5418ad90cc94b34af0399859c5e1bc98c7e51	True
0x3ae49c1f6b8ec4c003665da0b83ac8debbd56148	True
0xa8d5f61d8a52c9c4a8a16b7787a01842e1df7b0d	False
0xb2e794ed6219681925d9929b28b6c15cc0ba5308	True
0xea2fba118c6e66f127bd5387930a84e172425914	True
0xf9d22457e0658fe5bdfacdbbd2b07a7fb43ec689	True
0x03cbe7869ce7244fda67ffa1210e7ba049730ef6	False
0x7f4aeb67d7e9f49dec4f5141d01ed8576e9b7e71	True
0xce6160f526f2245bd8302e7fce549df8d6fe8b4e	True
0x8aa52ad90e65a0556a27bd2030d46b635a343862	True
0xb2e03daf7816550a36a345d32b3ae5582cc1a4c3	True
0xd6c63ae3bb2f4a5a7c8fff08fec2f76cbec03b09	True
0xc2186b2ddd8cb4224e64f014fb0c918ab17320d3	True
0xc0c5bc9be52d53f3762f213497e3377b4dd5f62b	False
0x5385def0da65115d0dcc4f06e0431c6de32deef5	True
0x6355814bb5786a12f64b42c65232b5159210b9ac	True
0xc6ec21ce1e88f0dc49b6000dfc4ffdca93124f15	True
0xc29e68885b76064464b2f9ba7bbb4f0c42045090	True
0x91ade2b021bc2b7a38c20d22550befdfb0432f60	True
0xc39e96647a37d0f15fe1eb6fadff0074bf22ca45	False
0x23eff04fd845eebb68c90b0f515a7eb048736e5a	True
0xd684edb8598523924ab246bf060510b23814565c	True
0x93d673f7fad509f94f3f67b12f2c9f8214c76d6a	True
0xcca4361e8e3d3485fb4324abee6c141e9ecdd312	True
0xf59e8b58eca097837e239f8ef5b616de97885448	True
0xa2103293ac8026d6efb50c99ee6ba0a2242bf1ba	True
0xafc482328b3297954c91d5721fbb832d7e5cff73	False
0xfdbe7ef0f65a0b3cbccacc83285b2f6c9122bce2	True
0xf011ecb453180d006b61576dc73d8c9d3f1b8193	True
0x3a068c5f0078b8efd2b87041132a000f414ef9a0	True
0x926477fa42a9b7df46c3e6776505fe50c6adf4d9	True
0x7d5e247bb214821adfd792805858dd36cd8ee4ba	True
0x1a2b880677e6f8100e048321c57b1116b790cc45	True
0x1f80a68879eab02512030c651b85fb9bebd0c2bb	False
0x5da7b5fb893d1348507f6c5ffb262f3e3241cd92	False
0xd8a3731c4a09432b0b8b5ab8f7a1de5a9c7f48ae	True
0xb6392dec1747fd6687d4417d5d8d6c4094028304	True
0x4e2be3dc605172e802e39a03a0e98cfd63ed3e01	True
0x4119bf6c9c7b9bcfa11d6c2132c5bec678de2548	True
0x0277270e960b143c6a70b063e6ffa9986c082fe2	True
0xd3cca346726e134100f1dcc87636b31fce4844b9	True
0xa8284b5fe7cc0bb554682d6261751c8aca5c3b93	False
0x1f87b3c25f4c979f93405a1f5401dc336ab4ca2e	True
0x12c133e3c32041b552aa00d316d092a6afc8e2c1	True
0x3d179a7c45ca5308d126f48a87b4156f06def219	True
0xdd9c4e315f712d0aecc79e266061fca4954e0a4a	True
0xd62712d98e5c433183d7de61c10c3ea336107daa	True
0xce10a5d13061ba6b4fb61662470390781274a93d	True
0x20229ac4e525473bab1c489c098432d0dabad926	True
0x7ca13ba4018900d9f0c41f2824c4cf448243615c	True
0x73688ff8c6291c5be61698aecde2137d926b4e6e	True
0x2c7b512116ce9253393afa1635abd8e4eb0e5c4a	True
0xe1913187458b0b9aa4e3814dac8df17ee64b622e	True
0xf98f7d7638f9f88c60cf30d7b8d08cd53b5983b5	True
0xe35035fdca6b76fbcf4ca77bba1adb59c223d5f8	False
0xb526ea29e420ca5fc619697904b7b56c4bb42edc	True
0xaa884c81584d0619a1ec94515068108e627c530b	True
0x3f7294002b0c7efdad8d614ace6665aaa7c3ef26	True
0x1af830626f0d837a790ef85aaddaaeb28a26f121	False
0xb211c55dc79719210f3d64fe2513c3c2dd8d4144	False
0x9ddbb7bc38eda79bd77b19863903729767dffeee	True
0x48d0d4f0aba923510793d34a73b058dfde1a5afe	True
0x6bc0a906e90b539b7452cb04a3ef56a455150907	True
0x57d8d0bb338aa1cffb5804e56ab3177809ad7f44	True
0x27b259164f806a82a41f3ac6ba44c69837e020c1	True
0x9c00637771615737e2db2c3142fdfc42b99be78f	True
0x5adfe61efc9bfa88710e740d22d5d9d597424d5b	True
0xbc79642ca551e999e8e45798ab647ee11b928056	True
0x2cdf24fc4a3028f970b78eb2244b896f9d93fbbc	True
0x9885c664dad495d08b2cc1bdfd2671a7ba000674	True
0x8eb426795fe83bc342aba26d983c36b4bc4100be	True
0x6947c5b48761c2b11f1d78d0b5a54d69e14a9259	True
0x5bf306a34030f7df3e8a6279b89e257d9134a0a1	True
0x632f42623340c3a1db2d953b97437c4194fbe58d	False
0x82c36bc889de42aaf11cf75a34c00f5b5ab50307	True
0xa20859f812c473824348ebe4ab772fb1ad74d778	True
0x3001c27e076fa725c45ff4b6eec0c9ae8597f100	True
0xf597e6b5db1eefee7a2090bf26464af15177daf6	True
0xdddb3dbf0527c1ac6fc10aebfd1913ee753251e0	True
0x9340d7a4f5a79f098267998a133b32d941ac3be1	True
0x105f727cc4362a5b7db6da3b4bfb1af89486b2e5	True
0x6e7cf900a9521ec93b1e45eb0c6a253369a6e7fb	False
0xbf2c073564b1ed6a874003dc164e8ba3d530f0bb	False
0x031a1bd01ee0f56944852fdd1b64452c3cd611ee	True
0x6aaa6691edadfff2de34e6477024e38cc8a70798	True
0x5928c7c86a8e567b11078d7a8e7a23c96778c4ee	True
0x7c1747c8ef9a33fd11cee9364afdb79ebd18947c	True
0xd2bcbb8c7b04e55568484fad2cae77d5e25006a0	True
0x85f774de2350093074c7bfc8c1e2ea1f28585ac7	True
0x612c963bf9a8551b747be4e80d6817e232b96716	True
0xbddb950b6c8b79aaed5375163c960dd533e63f98	True
0x40cf97f98b60be43b4fc5f1726afc3b38502a958	False
0x38b0232cb60a57a48512ba85b7ec0859fa537b63	True
0x0d23c49dbe8c1b6b35b1e9a9166f87bbb48f07e1	True
0x415cf8dd7b4422a6d1217171668f9988e486e6a4	True
0xb7c6b00d12601d15317c50ef01b96f406ca0866d	False
0x024aca4c8575ab8e9fc67affe7cbca08e1758da1	True
0x21b3e5ef262cdd819b66b72896dc84d9fa809d1f	True
0x27e4f6676cd67c326491c46a096a9cd6bf98bf2a	True
0x8469ca9eace025a111c2ca0124a2ef6911298a61	True
0x5fcf8bd8a6516ab3b56e9189a70ee8d188295570	True
0x280002535b9dde61c802794faba0b0ea5367da7b	True
0x385b49201c2947dc6033a779e8187a3c3821ed4f	True
0x1d94e2e8a364e255544f6f126b0c47fc1579d1cd	True
0x77a9d39cab34742f9650af99e3cb72b5564e6bb1	True
0x9e4836d1d8123074a0ed1493eed512ed7cd2f5a5	True
0x2546c48e86101d776f7455aa8b85cbb8b0188f2a	True
0xe3b2c70ae78cc30d45aa9a4323678dd39c868f6e	True
0xe152caf7393c8fed4028d975cd8d244c30d1adad	True
0xde0502f07bc9ff1e9244783ef4b9f7e812d956e1	True
0x1844e4c5df1dad5b33cabf3b79dbe19002556e3a	True
0xd2b557c92a328c2c17bc3910fd24b886204a5362	True
0x08aef9c403610536ffca239d2b0815b2cbd3d30d	False
0x56870c4f1ed154b35d2f341e6fb9c1726f84765b	False
0xa7a7c6f05bcff5d82b0a8722194aceb470c043de	True
0xf08eef3b2631e56d587b183d1537e9931fc1c626	True
0xa1804799a8ff7f45a4577415c5216cfec601a16f	True
0x42fd2bcba691151209c4099c4aea6418dbabdf6d	False
0x408efed829f02b7e8bcac6df27e9108511994597	True
0x9979eff8ef6fa3050397b4986d65da806e0ee651	False
0xfd123a10aaee3681df3b6f3467bdf99694bd5997	True
0x2bf0a20934deb069a8c394c8a57c0f9c4116fd06	False
0x589526db3df684e03291262f6e0e2f1b5bbc7202	True
0x75fb18aed181e34c6f0855c40e884e92e4dde6ef	True
0x59afeb278781525f52546ac1cb00686f6ea05b87	True
0xe2852feb3e6754bbb4507b7086137fbb087d8675	True
0x1c3fdb60ce7fc8a8376a1053fd77aa37b94a9641	False
0xe51b927a644640d08824939993f82be69ce989a7	True
0x940ec58ce8187517e481d16d186dabea6fa699f6	True
0xa451925dd42acab1a962bad7a92cea0adf04be3e	True
0xba1c22c0116626fa0cad0b00ae531d9ada4706e6	True
0x7698a51058cd82e845b0c4480f85ef3b9beecf5b	True
0x7d7e17d93d5a526bbf947ddff07311102ee33304	True
0xf4e7cc338b4b898ce8e19120978086d3e17a42c7	True
0xf3293adbe88add006f4f4b0ed3533978e107f86f	True
0x32d6937af9a8385a26a15ba98965a97e9ba38c04	True
0xe71184b76c7c167794f7002913ca879c9fd156e0	True
0x5cc16145b76b194f3f785f3167f9ffd31f9769ee	True
0x046a5e2f9cf30b202f54661da36d4fd38e309186	True
0xdc557d5f1cc7312d5fbecf36eb8b32783c4e330b	True
0xb4038b89efeba1436833e391d53c718737296ef3	True
0x720d069918b8ecb42155007a38245866267ef190	True
0x0370d4cfff1e05c2bfb1ec0cc470363b2f407543	True
0x262584e8f3c646f72b7d7e75adcba3b852940728	False
0x918e0371181af308b4ebbdfc8ead783bb9e9e580	True
0xb70585e98903d647ddcc6b3f62dc501a1745a090	True
0x73c96d3ac1892d328c778a329a608c729ef83cf2	True
0xc91ecbc4c2ea0cf5f0c1963feaded7f0d52a68d1	True
0x5bb5133e66f9b0e0a21bf12f500ec8738794ea70	True
0x68898ae9288e8cf0f0ea0914b244d63edd63d13b	True
0x90dfed37eac064039c67c1c4907ffe545273ca50	True
0x21c0f9ce2eced15ca5c457a3589b86bea41bf37c	False
0x5b92613b7a390b4ed18250cc3ec383bf28896476	True
0xa242124f94f4558a23e38cabbf207775dd2631c7	True
0x4e7b19838bc5cdcedb42a198a2bf940999dc900b	True
0x601beff7c38a42def1724a410b83b4095786cdff	True
0x0c5d05435e1176dd37d83e59a5347751d4a96436	True
0x88d63941628d8099e2a589ccaf7d0544859c7eaf	True
0x1d1e819d045e3cf7f23704f9c440f4ddf13d7c25	True
0x2b73a17b6ab91e644f6d964898e87527bdb71e99	True
0x47f2f376e9f2b80e3409075ab800e6e0dccd1d36	True
0xcb0937168f5388481bc96167d098301685b0bc1a	True
0x05353893512d3a6b3412e21d8ac38253b0bd6c07	True
0x20210ed520f1843714d28346a3ec3ca3b01d45c6	True
0xa95c6734945f6dd064f7f090c53ba88d6a0ac699	True
0xf57913124713b260b525dbda621a8592ea797c36	False
0xf5d031d8760bfc97d0aaf2119775d54020fb3c54	True
0xbd7b227c458cbf565dbdabcadded97d0b153f62c	True
0x8d6b329aacdaff77d686cfffd75fd24ffe50735b	True
0xfb074656e6967aa1e8e7bc657cbb9ad193903f40	True
0x626c75ff588efb6dc4509d0f6521558623ea064f	True
0xfdc2c3719c74dc78fab05e5a90042e9813b27e6c	True
0xa3006e84b4d47245cd0b060a07d3359fa56b9daf	True
0xba6ac0cec5df3c7fff47feeee4bfae722f48ca7d	True
0x6cb12ba1f83f7830bfd4171c88e55ab256b10aa6	True
0xcb81f6f9bf750380cf8937fdfb685b1a4d6a60ea	True
0xee880dc39d77f753d893e0c933933af7841a9b11	True
0x8c4af77015bd3495f848820db7ec1eabd0bbf981	True
0x21d0a12aa0dbc84d43615922b3b84cf11e16ab9b	True
0x8dddcb67b023788b739b160339cc23c897490a5a	True
0xfe1185e49ab28edd67dadde1bac6511a447fcd16	True
0x44b72d61ec615c67939d7d12637639c345510f4d	False
0xbd833399e940cdb7bb70fe7fd9dbcf667c8c3336	True
0x99e7785b3b19a27b4d22f710b9b6e246a268233b	True
0x532f3907dd55b4058d8b494fb8f969cb018c590b	True
0x1e77bd4ac5972ac396c92fd4e56dc1c6f016e8d1	True
0xcd0549cda588542782b624122181c0205410bf3b	False
0x0396b92adababe5b3c04e5a7e08274e0b97a3dba	True
0x2861b7efde90d83cae37ab36424a72edc09464e1	True
0x9b2dc0df33e95aef171fc0c652843a1b12809006	True
0xdcb0a7f33e5f277a2002768796e8a2ddcc32184c	True
0xee42ad5273bf9c5cc2f79c50cf48e621d5d1b904	True
0x41fa39fad0a1635ddad94724f76f78bb08d34d2c	True
0x2e2b5b9b0daeb2b2a5816eacbe5f5c5112f3f55e	True
0x6275bc94f997f61f27b8f778960ad84881da23aa	True
0xb4d43fb221a649f15ef6df33106f355e25690ab6	True
0x67f9dc9ad09187cd38715bfeebd47485f30498c7	True
0x8bdf08b874b0476c022b9e99f55bff7ee6710f9c	True
0x83bd1e2ccbe7b76c7451ea0e421a04317215c139	False
0x69d03076fb7cc31933baa96b57a1183a6495f9f4	True
0xdf5c48c711c2ea176dd6650b41af0e37641389e4	True
0xce98db8c12e70578337bc66018c65cdbadd144e3	False
0xf10021efb9d2c867e4b5429f0cfe15ee58adcaad	True
0x5ef4460c3c987934cde9f6431484b96375ed998b	True
0x08a01508803d9f04d90a10676dd6cc300fbaaa1e	False
0x779c181c57619b59398ece39a9bf6a7757328ae8	True
0x63f27df4a515cf8f63ebedb62a89d3c871274a93	True
0x03f11ce01170463859feb34bdfacc35b7dc79906	True
0x0b7ec708017ab07780eeafcdf76519d42e68dc2a	False
0x9eab44c54a2edbf9f036d4796ad1f9d711ce8b77	True
0xc1106ce9982de7516d8e831fe95a9e2351c88051	True
0x82e1325fb6b0bd92f732f1316e82f0154ec22d2e	True
0xfaf8bb2e9eb61ed747db3f6553e3b5bfde301b3e	True
0xff77324bb43005bbd4a99ff01304ad7b0637dc7a	True
0x44337e04bf703213fe63838cca9660c35dfb015c	True
0x7929de03087832fcce068f06bed5e92a9c3f16fc	False
0x78e78bd639b7c9260a617d59f085e0c196bab96e	False
0x3768489d06b392f7e6d4c964b42c60cee559136e	True
0x8b47f19e663fbdadc3cc17ea89aafd2ccd4ae814	True
0x2dedec0e16c1f0bd6f2693b940be8db32ba39250	True
0x6da3c7331a9865e13dd653aecf449b2e51a12fd4	True
0x74a480146f63dd920fac76338137c502aa2b6c7b	True
0x9ba08e88b6966fcf81f4b625e9638233aa853a1a	True
0x4ec3940f7cc001f4d3ca819b482226c1c71834ad	True
0xcb1bfbaf85e281db578b4a759c1a6c413f4219dc	False
0x4ebf6464c8a7d28d1e2902882bab21c9c2d213ca	True
0x491499a6edd784eea1aab45951feff26a62261ed	True
0x052a078b777f5dda23b9995937d6d2592bc0e49e	True
0x61199ae711f95fba5e7e9ff53a26f72076084fd4	True
0x04793d5b788386125a224359dab7bcbcae22355a	True
0xe867a31fc7e6728f022f170d7f205f9fedc15456	True
0xa8cc53a2e3436d9a11685ef62a24cb5c15fe9bf3	True
0xdf889ebd298054c2f9508806a3e3145fc139b965	True
0x4af4b324490cb9fb9985171ac7cff8ad7b2b4526	True
0x16be9f68937bc8915c8a483f6b37bafbe0293995	True
0x8584541a97315f11d8db830bc4e947efedfac435	True
0xb03671dbcb7142c82a798cea5134a5771bb8fa78	True
0x99af5fb73a9900bafb122c9a6f1e9a512b890dfe	True
0x70f7322cc46eae1581ec9099ffd4fab1412b83ac	True
0x6c5528e2fd994de8b8aa23ccba7287b74d763d92	True
0x1316d6c774e416b74be4e1cc77baa4ffb8e9cde7	False
0x559609b20a80d016d7e510ed58e29ecaf6fcb8aa	False
0x2ff00b17684f7d6f3914535cafe98d52b6c02aee	True
0xa1fdcd705d07895d26f7fa72e6e8c97bd14a4aa9	False
0xb32b51101d2f41a8b8672135289773b2d17d60c5	True
0xa2be8fb04ba6ef33199b34d3cec20afcbff192d9	True
0xa8c564354572caa62e76ae2473c5b0a49890da30	True
0xa32c20f365865c22593ed7a71564d410ed31764e	True
0x8fb008a206a82bad26095620a34619afdc93ef17	True
0xad2f993192a8296057a68f1ba7310291212a8cbb	True
0x6857ebae394e12f5cac1c61ceed7c0fcd2f59e6b	True
0xeb57f4956ac6d6005d5b8846ef35bbca77187b39	False
0x9f67069c0f952df4676cb3842d1630fba31eeb1b	False
0x67608d369e3e9d0a10f51544e829f496e531cb09	True
0xe3baadc25b607bff4963ea783d6272959e078920	True
0x929f7dfe6bf077f371ffaa5b7fb03a53d93ab5b2	True
0x8e8ba1da73cfc8e5ed5c05d374f352956698b06f	True
0xac8048db4404e8d0a81fdb764dd49b8be7baa563	False
0x21fd5c1a17c9f53a1ea6abe03ad99152a7c88a0b	True
0xe153e79e62b7fb1ff328b9ec615ee962255127c5	True
0xb8c2e3ca3803f12884a044aef026724e31bd4591	True
0x60289e0e0f0e26c3deeb6b7b96233ec18df29ae3	True
0x56441a2c908f91b7d1d5da2ec0ba9115350685ff	False
0xc05ab7256e4609da5fa8560d304ec2ec1389e5fb	True
0xda75780ed3d8aedfd51f147097306a447f4d8225	True
0xc4eb8af226d4a86a2fec3a328ef0d527c7b223f2	True
0x78588292d606d7bd29b70c6b985623b1a94cf8d9	True
0x107c1e2c019ab2e340360e23fa7e6d6044f820b1	False
0x2fe9663f7b6214a7b9eba002d8d55c60f9a39e4d	True
0x4de3429eba2b4bb4f9e00582782e388a97d5708f	True
0xbc74c6b41f1e443d04a2b623660642c6a3a4450d	True
0x1dc60c76fc6cb5d9a0e23cdfdc64fd3040958fef	True
0x66d9e8967fc76da29eee8beeab6c4644fbd9fe35	False
0xbf6f088b5e8f113564508d23f279dcb8cceceed9	True
0x2f13842c87320abdbad2b4625c95a1cf68d9368c	True
0xcc9ffb73bbcab754d48a4718bebd79d67eb670c4	True
0xea73d07c4677910a7378ad65c113a65867992065	True
0x5da67502c901920d6ed5c567391661c2c8e88094	True
0x28384eb45af3f1e3f6dc3335ab78fb144ce4c8d7	True
0x7e65f552338eefb177d4de676d06a2cd32bec164	True
0x0f38c3a5d358e86fff61d8c62f7b238f33ca70ac	True
0x25459963e648dfd86a3c63980c47395815dbcbae	True
0x1be7cdeaad3664db3a364a8649c57f8d3ae43678	True
0x84d151848418577a132dc848b14fb96ed37e4ab5	True
0xc3ac4806cdaf2a347fa9adfbebab2d5ed5a6bef9	True
0x109c3aab2d61e08fe44fefa1df35281369d5fbd6	True
0x03edbd05e07c57e76111b771cce7ba3048a11a4c	True
0x14a49cd65c4f210622e819827f97f4a3541a9b8c	True
0x0c2f26ad29f76f31fdef266484a3c3cc7ced0f11	True
0x9447699a197ed524606d99fe7c63cbf1c2412958	True
0xd213d80f5238cf58d06eddd4cce03d82febe7604	True
0xc1ae3123d39238ee51aabe182ecb364734f53032	True
0x050db9280223dc8d8c09ff8173bb9e7be209a2b1	True
0xb70da12f83d4d86ffbb6df3d2e54c48b41080c64	True
0x4d13affc24f9364d6c69b63144f7812c056378b8	True
0xe7356ff85337af4d1699e800b9b89c7917636677	False
0x6e901110bce1a40cdb78810a1fb8d18e224b4534	True
0xfdfba8f9f6c88c42ded672551fb21eb1e6242b01	True
0x4b58fb499b093d41357005c1769e50cc02715dad	True
0x3e782b1bccd77be853909d2b6ec246682bc386f8	True
0xf19b32e5a4339db9988b064e97c554810b82b931	False
0x6ac5babc87c1a3a1807dcdb0824f5747966df9aa	True
0x498f46fe18489d5ed15339ad28cf71ab1cb44456	True
0x16dfc3ba1b4d0f1c414cb8d77544a117d5c789c3	True
0xaeb18f54a82c1009c2c889cd64c906b09fe147a6	True
0xfabddcfae3fb5c9e4337120797897fd9d66bf4ab	True
0x91dc9254344a62760a3b34bf72c4536c7b91eca3	True
0x501389e750bd63e9af1a08d380318447c602c1d9	False
0xdbaa6b366a2856878443bd6d37979d25bd4a9d2f	True
0xd11fa9147e2db68faa384080e446df7e534fc688	True
0x9d0664e928409ae5757e04667f8e1d965fdb90e2	True
0xb5fad4e3653c27fdfa0c3999dd96752d45c2788f	True
0x46347275b3080067069202c86141651b12d701b1	True
0x2aad314656c9320aababee5bee83f6f1189501ab	True
0x9ad0cfbef355a7944832a7a76af3b204124cd556	True
0x7a5547ffa5d6da5e3050713926c90e44fc7b2547	True
0x43805e67e435f7307392fd10fb32f8e362e2c30f	True
0x445252c14dc8231e6372a9cb9b069578d52ad9f2	False
0x838c68a38a4433bcce59a290b7c596daa691d1b9	True
0xd2ee40941db28f8b8e8d664f16e37b82fb100532	True
0xe19bf0a6363c78fe68b39143154f94f049723248	True
0x9cb7e0d263969d0afc2e64b3b0ac1da7f8a7ee14	False
0x12f8b1bbf6446f5975ec31138096382b22111d0a	True
0x3b2c2a7e460472b9865ef8d2b73faf80d1e46076	True
0xf2c7a53eb475a69559d2d6b3c57bc170cd283b2d	True
0xa0f666c3a41cbae92699db6bf7e338f3c7d26e45	True
0xe5a294f18557a1f37a0dbb618bbeecc10703f8a4	True
0x7dabceead7f6e580ff8c8a51beea7dad578c9358	True
0x8775656520fd463972df289883236e73e1a9a913	True
0xa6a85e57cc448d177812b599e7827931ed2b9deb	True
0xd1f51e00a44eb05dc5b0553ccb63b1ff093b0d05	True
0xefdf1a17bef844f762ba3771dae40717f8bc9bfc	True
0x2ecebac0daf440422947e5efd3f1a979ab145093	True
0xf4f592fbdff3565901493562c74edf97e4738d47	True
0x305c01cb2489e92366347e1d4b9d24aefad8d132	False
0xd7f537096b4249de1fa7a0b89aeec87b2f88f2d9	True
0xc92136e3b04cfb7314da63ef3772aa7133b37509	True
0x019ce8559c60fa6ab091dd455843b8136c42c23e	True
0xbc28b48138f89e430cb521f7762636faa9fabe8e	True
0xa25b1bd886a680e3a177be7206137fa5dca50b0a	True
0xa636c31411e0aa1404dbde2b520a8bdf4cf59734	False
0x19df7dfa5610597f6067e485db8180e3fe329397	True
0xa1d2291d585b803ebe23744d00201051cd2bbe10	True
0x3f7ab8f741aa1378e2379da7d3a69577d93eec94	True
0x93bd46cb832f2cd52b1811617c56d623858dd7e4	False
0x9eb0d55153ef1857b1446feef02bd8654c9425aa	True
0x489f71b01d74d978ab7981a48ab360cd188d6030	True
0x1c310c2fbb0d9755a6b918f990bc8d3504f2c684	True
0xa7eb94bdc575a78aa378c1978fe6c1b1a8b7731e	True
0x4e638f20fb64de3f086380cb6c81278dab31872f	True
0x9301b983f5ff9f653b8d70f3f00ec6a6b36529fd	False
0xf20575475c069996eb6c6f26348bbe6e0ce37bec	True
0xfc90e793a3ed80dd4cb32467fabd22dde38046f6	True
0xdde9ecf5f9a7a5af5f9b70ade25f94d603e904f3	True
0x0fd8b00d4be96f10cf2c2800105005c40d985fca	False
0xec86203b6d5bb5c9246499ba237902379349b272	True
0x1f55f7f0712adc0466d0b0b8d012096e0a2dfe48	True
0xcfac2af3bf261ba8bdca5137ddec55687142f01a	False
0x1d7ff8f17b0a05dc6444a83fab648770241815ae	False
0x22408a5c8c5f2b6e57376c7585076210c6bc9954	True
0x99e2e4852ed56fee7af5d4c2484c1a366c254bab	True
0xf94d1f3bd647b6f6d0ba2c6f5e29e8fdf5bf2c3b	True
0xda757d609a3a8bfccf64a5838120f0040df025a6	True
0x922bb1d6a73ab4bc43d4ad416f0175a3eec2de76	True
0xe3593f145e22dc846242075b659c9d8dcf7f5820	True
0x8b1d43661e104235b94d5a12b0eb6620a6c5e360	True
0xb90db3f99139be69236378c444268ea0db4625b3	True
0xea7a2ca8a3df61f11be30b0037961eddbf582866	True
0xe4339f9fd51b69c969450f4774fbd99cab77b8f3	True
0xb7dd653dbc0caaa4c36631cd82cd95e3a687b415	True
0x7d180ad4024ac0c3d0f343c7826af73a03519a79	True
0xd06c07f341d53091320a91363db25e21c516c064	True
0x4dd5230e0c5775ab693d4df7cce7b9a737ce5292	True
0x4411c714191c1e80b0e01cd63970739c15498d6f	True
0xbe2d9379b30f2b77b0d515f80247b40897bdaa1f	True
0xdcfde909f149e889b8370bbda8df5ae85a9408e8	True
0x8d6971db06fedf5d8b75a8ccf466375c8a4253dd	True
0x3551d2c09ca1e85aedc5b3d008c71327455f189a	False
0x9596879332f3e53b707588b9db40cb32497b65de	True
0x52c42f5c85185b35c6fea2f3b8313820197a72dd	True
0xc8d38c560e1998a8f01a8ea1899e4ef04cf9002c	True
0x5115284303a09822c7c6c03ccea9c2cf07b05d75	True
0xb41980572d2ae4d6f2930c6ded5c148605d588c1	True
0x83eb65a92c7a00c2aac03ba471e8e31dab66ff00	True
0x622c1b20f82e0185a353a870c75ab51cd866e098	True
0x3dd9000e7db29cc63ed0dd7e7db0b646b3c4a41d	True
0xf928d8baa27ed41d4df96526a0bc8d2b47e41578	True
0x780a592dcc1a7b04215e61a21a2606b13ec56315	True
0x5b204450dffee3b6342bfa5cef37a452aefce12e	True
0x67f98d8e11537398e39fd6428d86b125814c672e	True
0x5de9968401bac02ec302c889c49e812d2bd6caed	True
0xb9499262289e2d5ffa0634b7ba43abf090fae7ab	True
0xb2d6fa427b60064a3ab2a9b1f209d6675a6affba	True
0x7c89efd1d06eec773a11d9aaa270dfccdcd94e52	False
0x6371772220100e516bffaefcd8bc46a811680bd4	True
0xb020047a8bc50ac90e53a21865880e13cb336ebf	True
0x13b65cda13ab71af8cf8579390014bc4d1a6b354	True
0xe1e0ce86f7defcbab0badba2c13841105fe1c696	True
0x47294bd724dccba578f48b939138da9200c2abf3	True
0xcc72e4b0064eb7e0cfb7f6635c07c0ff53bbaff0	False
0x0e26c7fb03af4fc7b1153faf7f64f51a1c21eb12	True
0xfc507c028794de9b6538a3f14ecdd3dd1e2cd66e	True
0xcbe3f208b3e1c814b471d337acf81ca02ab9d6c9	True
0x685d0dbd1851d32dae482daf698fbdec45fab735	True
0x587f820a8dc4a1417c58a319d1fdc4428f710523	True
0xe20be0e95aac5abb38073b4073c694e21db7d955	True
0x9895a1b1dcaeadc19934dda7a26fee7fe06c1247	True
0xd6be02d831178eef3ccbe1328ca7c1b46e298dd8	True
0x0f4cc109b1e9d8d1e92d88dbc0ffb0ade221eeb9	True
0x941d2cf624ac10882363d94c05b561e7f84264ad	True
0xbf6035ee1525abca04429d6c8088dab47d742d8c	True
0x845d58da358d68beb8dc318a3f8fcff0e083523e	True
0xc3b7f2ae49a634f68a21613bcdfcf2734286072b	True
0xa5200c126705af10b22cd9b5c395fc19a2b4007a	True
0xf5167723665e1ce492a995de876dc4faeda599b1	True
0xa7ce2b0abc54a34061dfeff109dcf19c35d76b88	True
0x9e083a0e837a00a76c286f6586ffa5e1d791b3e9	True
0xd9783509ca57a7db5337cade65878ddec0eaa9bd	True
0xd18808be889aacbeabe51fb9caccbe6e13441903	True
0x25ddc51c47e96581100cbee7626c90f6037bc9d8	True
0xe345e05e6be3ec1129a0d1615301031d5d918b28	False
0x60f26e0d34fd49540b9b9e332dbeda016a1abbff	True
0x792ecc0a636dd21faa6d2c7b108402bd75199795	True
0xe13389b74484962dceb913a2d67e2d4ba9b5f95d	False
0xdf976d0bacd837e9b997e8a106e7b11004c2c108	True
0x524933a3ba3a32aea1dda779bd1512f9755a92cf	True
0x46500816f1658b4bf0aca367e7e537ac6fcf7b44	True
0xef1fd4481fbd1df8f327f7d777696b6524f8d19f	True
0x1a506c1259d80c54238fbfa91bc0e5da5cffb997	True
0xd346926cc06d54129f465a88901200542017a5c7	True
0x2f8f31add2a3553fa62d496476aeaac8ff675e3d	False
0x03f3e62269e5cb4995b6055a464c99d5c882a868	True
0xba7ac28afe7b6ee208ac3df88530d5dd3e1d7f6f	True
0x1ed7466e7e82282772fbc672279bda65066088cf	True
0x2c858f3cb8182ea413d2d83677cc3986995b6141	True
0x4b0d7879c58dbbf213bdde555e68e4dda3091442	True
0x85da597e1e85ac5f7ef38d499401ddce0d1dbc4f	True
0x25eda32ff6834ba6a1e789238e2f5cf82597e7c0	True
0x38b28097fb5cd82a0435cec728f27ac0f0481388	True
0xebf1ebe80a65816f2a8a4d0c01b1869f728efda1	True
0x6c7ba6dd430963ac3e3f896350f07962f0192cd9	False
0x9ce4aeee5d4eb9a9a4590bcebad7c5834083899c	True
0x2db9bc0f966840ec44f145c52cd9d7ae81bb4ebe	True
0x5cb0a9a5ac94fcde07c5a556fd1170029202d0de	True
0x123cbb7dae2e1bc0da62483abe1de15ce1790d8c	True
0x4143659c6506429598552a400b56b349781d97bc	True
0x97558af0adf4394b748b431daeab675e061031fc	True
0xa01f6de16eb1731afb90a3e0f6de90e79f309e53	True
0xb4bf15ab351f33df797df03683b4566396c2c72a	True
0xa786f987f6fc7ca1a8e23591735dd4906a493d53	True
0x588af5c9f3e1f37e038097fc3eed0072abd86dd3	True
0x16451ce4571a3ff38b76510d1336234cf6b7c1a4	True
0xb4181561e492e5d49a540f145be5879c33c481ea	False
0x14febc21612fd4022a2713b5add9186efc95b5d1	True
0xa66c6b296215cd62fb68fe920824b78633e9c1fc	True
0x305973374e1fe2f5bd3317a0bb77362a646e3097	True
0xdd1fa75ce9df9e58876d40314ab189916d81d97e	True
0x0ac450907e4647872b919915a9464923f5a04fea	True
0x730367295686037ae722b08d7185cf78cfb132b3	True
0xbbbf303aba53fd6f1a93afb2807f03a8303dbe4f	True
0x28dccd4627faef01ea75fed650057ff8599f118c	False
0x26c23c35fb2f47e4a1b636f12f409d01c1f82ca8	True
0x362446f2edae9045d57bda3ef5014ffbe6184481	True
0xda612e1d183979db089e52abce3b6b2a2df83767	True
0xfb74b3459d9b1b15361727dccdfd94172b5b7517	True
0xd7e124c80df17adf486aa459dedc9850cefaaf7b	True
0xedcf194cb5f98393b6a9044e0208f47a8cfd638b	True
0x030857f64d2db698526ff75ae3d17d4d380dca8e	True
0x833f3d01b3f55a99d5071a7d979b511cd1af0aff	True
0x13b7b829380bd8901ca6f631eb809834b8dd5394	False
0x0b5edbd853d08dbbdb4e5429e6f437df3bf19671	False
0x170a3f2f3c828610fda487443494561798db1d62	False
0xbb86da5b0e3a97ca07cc1dc004be639d4e95433a	True
0x4bcab1a96bf33ae201f07f047e8075986d35d6ff	True
0x2c3aa08723fcc2d73e3d9641cb7c525b7424d68f	True
0x23f5b5182079d5448afc88e216b7339372e03975	True
0xbad7a793f8724f81a3e8e21e2de6d0576ea81602	True
0x742a40effa302e1e17c1d3cfcfaf645c2c3da1b0	True
0xd59b34077a3fd8cacde0f8e4c1c39ac5b443bd01	True
0xfd55a6b72c0a77fe01b2c87feba4ede340ed847e	True
0xa4be26e1a8f3e4c547c3ed5e94853050113845b1	False
0x828080bc07891f489aa8aabdd1087e1dac6f4bb7	True
0x813a7813e8965b78687561a4d338b3fed2155877	True
0x0daee7e45f3f7ce7e6bf3e2f8b32a67840782beb	False
0xf19d28ccf390983b138587181a721c5dba9ba933	False
0x6a391017e84597c8f94f8d35769af82f761cfa4c	True
0xf6e9615574cdb13345eee27e9f5badfad521eb68	True
0x0966ae86cbbac9389658a4004a62ad1b357ba7d6	True
0x14c92bd29161d4e3e86696cfb5fb7015360a4922	True
0x9bb64e7d87066d21811a6acdcca4a4c5056dc90e	True
0x550d48551280a7683e3aa8431b90be9d1eed10f8	False
0x58914e25e12d5bf1ab5a70560d351aa7bafcf700	True
0xd22b931a2cac0d3ef563fb83ed67cedeb67a4b93	False
0xa5b2f6f60666c32f26dda25a67f12c99a20fe41c	True
0x71ebc797183c2b9730a2b34c60282c4864abe4ed	True
0xddcd46647cd93f7fb69ac36bafba7b25a07cc679	False
0xfdfd375f77264a0f537fca39aa3d5de34c7714cc	False
0x9e00ed436001c83513f96e7aed550cd7c2f47531	True
0x8e7b4e539cc979894d43842235d2e914f2e6a456	True
0x0fc55c1bb2b2d6971f15fa4143fb762aa7ba8540	True
0x5a2f117733edea4fde1853d9245ea565f53cbcaa	True
0xcba223b69d66f7217973b98ad2c984a060527b42	True
0xe22b848a293e991b0a00d96b79c719525d78ec9d	True
0x224a87e5d4ec7388dff2d5318b0dc13886334047	True
0x2b4e4627d6c24b9579a0822f5fcb6b3b01c44a73	True
0xe811514da7d1ba874bf043f5beffcacf9fe5c067	True
0x563d0f85f3cafcacca1823497b685f1f9aec2821	True
0xdaa9a2c3086341772907afb02d5155ef72aecc48	True
0x88fd8a0b0342afae5b80cf1143bda8bab0f96092	False
0xe548beddce15d86bb478774e1ffd3373bcd08e99	True
0x08fb2a474b280b051eba3f37dd1d889c9b536072	True
0xab15b33e9327a3eaf1e71ceeb67a88a5e37b58d8	True
0xfde3411ada3bdc43af94b2f3a53466fb57367b8e	True
0x14f9cf0ad65e69c74abbd5ec0b09f0e4f4071869	True
0xecfe3505bd1671bb59b43cd71d59903fbbe497c3	True
0xc874a60269d805314b2477d86770d5c642f6e7eb	True
0x9c14e8c23f6fd8eab8975512652b9e9e17e69106	True
0x29ee1077cb062015fd139d87077795ad84b41e55	True
0xa267ab269aa220c82abca06a43b527ab5606b91c	True
0x7d5afc9917ff8848081f710f80d204cb4183d410	True
0x81c21f034cdd5db8f5e5ea36c2b28a57047100f4	True
0x2a6ad6178079a6405b25bf98ca2a6d6acdf93e24	True
0x66259d679509c954e6b8177cee2fd3110d94b7fb	True
0x629a6d1db06a00902b2f98672cd85421ac15c6e7	True
0xc4fecf2b18176e75baf14565b01d4fb2901571a6	True
0x1d324c981a3fcf8fc7e3f75121d51ce6d4f1523f	True
0xc35996ddd762e57e6be53547a9d3536c12953767	False
0xec4fd24ab9a0bbf57e1d87ffd2ee7f4cfe12fc5a	True
0x5b447dd0fe85967d6cbc4cb99041e82c1ce5b07a	True
0xb712cd93083dabf1ea6a9d09f146584c25188c2f	True
0x63a6c85c3ab4f20b6999cfca1f82b4013f2dfe8f	True
0x48b6ec56bfbd444eb15f35018874a759769c29c7	False
0xe6ae50bde31a3021bf5bb3a92b88a125a625eec8	True
0x8131f05482047fdfb1dc1cbf0f81ecb309506e8a	True
0xcf7fd3c413d4b24314a66217ea51ef4fb1396c7e	True
0x001757861e8233c5a288411ddbf17378e724dd0c	True
0x5c757e372e73cc6d59f2c442805455a8d6697204	False
0x91279b91e5180ea716ce5a413c3935ace523692a	True
0x9977ce8d2ac671ed6f28fd17788329c00ed1589c	True
0x52c36289a377422bdc334d655cd097fa963986e7	False
0xa356d24bca68f4ebe013ea1b864298251692e0e4	True
0x766fcee0a30c0d3b0fa413f770a859d5ab8785d8	True
0xdfe37c9c59fc36e3f7a12d006bb9feb7d7f03b1b	False
0x323c5ab4e708003d8b4cc5b75f59ad06fa0b110f	False
0xf232a0c5c2db1390bad71c886fd7844d5ca42603	False
0x2503041d9ebdd121469318eb894ffcd479979df1	True
0xed286bbcb96f5c2f3d09b81fa712fc45104a859b	True
0xac8774e545605af979d6adc43b26bd7757a81207	True
0x4a82d8e05c32fb0e4841cd6b56bf915981c9e33c	True
0x042a5994b844f89896d72947391f66de050a20f2	False
0x20690097cda8411a7f02b83925bd77bb3b6dabd7	True
0x5638ca79110e56b01705ddbd10634a1fe8bccfc5	True
0x9c5795d7c69bed92201a2b723b9b63275b681ad2	True
0xcf5407c57f3e831aa738b2b52ab1ce998e72ce92	True
0x756e4eeb31baa10837acbc7b0be71e58f314e35b	True
0x205adfcf96654f96c8cb0dcd56f7a8a3c4309536	True
0xffe3ca82d3ae8c5b89cb7b00770d83622f75a507	True
0x6a02bd5e8d1f3242c6d2e9977464ee0e28b7a8bf	True
0x0294ea907e4cb860774e271dff9ca620d1a9bb8a	True
0x0d1bffcb1863ee2f9ec2d4caf63191d08f4b63ea	True
0xf94a8e5141303220ebe0e06683ce1770d63f14cf	False
0xea5b94da034820bf2c3b5fe4a7f5895ed47f9e73	True
0xe860a5ce25b9445851722b8ab7fa691c7b9dd6a5	True
0x8659d82121aba447184b39a49d17c9f325f99731	False
0x241e6872add6564f165dfceb0dc0d1a5f07647ad	True
0xeda7d35677ab0c0dc50a7a3b9ad8ea3731fcd76f	True
0x5d6483724710aca43a0fdf9f045eaa436889a3ea	True
0x1f9fc071f2214a7a8479249ab624af7c1b0d73c6	True
0x6ba05e458e42c673f5b6fa8b7a405e6a82d09b1f	True
0x17205f17759b5a6fbb995c8462000818435e8b9d	True
0x97d084c8a2693ff4abd7ba749f565fe2080dba4e	True
0xbbef6ca84032d008d9861dc23154d78b85b51148	True
0x0d2a11e48f1b5c5399754a4c192c7210e88d8afc	True
0x8182968862c57c65e6ce419afdbfcc11da20f03f	True
0x69ad01e4e97e7542bade41a800f1f15fb2b75a81	False
0x600b3354479ffbcce4c84a09f92ab79072a46ca1	True
0x7abe09bbede7e6218d4d7200b35e0fdf1f38b6c5	True
0x7a849e813a131160b1489bf1e1384889535d7339	True
0x1ecd36b33f9fa29a4369d128114c4573f97f5ca2	False
0x08f1f70c70f17cff5f40abf11fc3b542b02ef25b	True
0x40099cd222e8e33b362ca0ee694758f540e5cc66	True
0x6f7501b18b443f3689a489f2e4c4f6c2aa6014a9	True
0xc85cce5eac87f0517dd23934b52655d744ee9d26	True
0x8ffba2fd5924c554a43f98c74079c59e731bf6cc	True
0xaf9be9e9dff52b3d69d276ecdea7c94b438448d5	False
0x0298e62194e8f3aea6036e8c1b26fff987acfecd	True
0xe22d0c9a1edcfbb8db7f63e2b0fedf5c7122098c	True
0xf8c0c95853f626d2157edc401205ec3ded0b8f09	True
0xe790e02d81905798c8eab8dfa2ea20836c034cd3	True
0x492ec16bb5622870cdb4d3546e77ab82724b4417	True
0x4fc91338ca7e94e9fb7758478bd16f2e4d4ba467	True
0x1358e57b316e8360b4bbc6a60ff2fcf1df625afb	True
0x5dcfd52c1d3607e263f8d861d766be2e1b2cde10	True
0x48c4a2c9be2283365fef1a7b3a1a1ed8fb69f2b0	True
0x8ccd5655b9835702dc79b318d1188a4acc2bc7c4	False
0x5f76c2fc114957cac52efdfdc1c38818f64253f2	True
0xfe93266a30f46775414dd95df61e4607b52dc1be	True
0x2f539d84df3b94c2e8ffca4903d94533b0e21ae5	False
0x7294d342a58b60bbb03dcf5ceaaddeb70a182978	True
0x26c54878db5829d887b7ff42ef1fa88686531449	True
0x88978e99145026576352cdb086c2c397bfecb7d9	True
0x21ac8260bb282aa8f98a1a1ff8191c5a418a1aae	True
0x606cf2bceb788c8fea9b22ef2df8641926f79d05	True
0xdbcc9917f151bf7299386f6a89a53f750e5df465	True
0x8eb412636e75ead852edff701924f74aa615c92e	True
0x4605d08f2c4ead2a5740ebc478b1a860525f6c90	True
0x08335672d9d1c3888e49e5da933f00342b8a7770	True
0x62150d40a53154af059d4f08dc799407b48f957b	True
0x58b0771d763770e8e41a714d51cf4988b0c26b24	True
0xd964e6d310f5bebad88cb7507dc6f79758a1410a	True
0xf81487de8b499c364face258430e0f0c32de4c92	False
0xfee79fd9804b588683341aacd4470cd0768f4c1e	True
0x72cb5bd9181b4b64d3a7335dd42433740b829970	True
0x0b1456b2fa1a34e1d5094c06fc61d98a48ec4c4c	True
0x410b78876078178a2e602e4d2797e2a08743e8dd	True
0x8890670ecc5d360f5def64040bf040f80247fad6	False
0x8e21380433e863d7c58ebcdf85a310e1f7215490	True
0xad9f532d9124f9908271d4b45300ac5a54b1bc87	False
0x9a9bdd13e16fac289e9b351ea35bd82e5ba6967d	False
0xc53ff62384ef3116bbec6f2f2508aa848fd9379b	True
0x1efebc5612bd7a8216c96abce8933a6581df81f7	True
0xee61897a235aa0e08ff307dbff01dd92d6ddf38a	True
0x9fe32cec79df882dcaaaf3bd2d7316bd937d3e19	False
0xa2626db29a47d80b3ae6c13c0b08a96d20b1c391	True
0xcc95071de7f4f8071c8c259e73a817df77509ed5	True
0x8b253d3e8aef6e5c73ebda6f148a603d8b3b6dca	True
0xaa726a76fe5da59069e187a3bb7afbc2d1c4a8c4	True
0xdf2a17d34a386107f3ff78c33258d545ed60f510	True
0x225a8437c6b516d43fb5113d47d74e3968fc8019	True
0x0b459a3be1c6fd062aa6b6828560a19334d366b0	True
0x3849fd3e19903a214889e2214935c4ed9d889ad0	True
0x781f99e36e76b55e7a815ce0797ea75ec8336814	True
0x74d14b6030597405ffda595169de9b2036f727e0	True
0x058afcca8f6a9e4fe6961e812304ab0f68af7c19	True
0xfb8bd5dfe50eaf9122abbe31d61c5bd07803290c	True
0x8c573e47c894252a54f046993e3ac72e7b5f541a	True
0x0db53c3a012becb429790dcb39f5df28760ef915	False
0x41228dc83d43cda40fabed9ccf96de304865c771	True
0xb713e386c1a8528f8a9fab2d876dcd8d1239fb82	True
0xd840e602c379388d305e7ae03039aadc3258648d	False
0xde8a9281343f9e9b0be7045695dea315aefe3d71	True
0x9e2a44d88ed096218e09c283c04ae298f81edc16	True
0x545c7f8826c22357981126e1e81443d36407e36c	True
0x15c277b020672b6267bc3f3ac6aaba268da66f18	True
0xa8a982187f50d3db83cff41e5865e75c18e973a1	True
0x43c48217967ce231d3e190c72047f17a874044a5	True
0x7ef50a92e4625eb082b2a71f755a28186fb7beef	True
0xef645b8d14cdc7fdeec2e936b1c953470b2596fb	False
0x81a6e1387788d4775a846e66da2a34651358e9d4	True
0x2f209a0c404a98bc8b8be2b987d11791497fb1ea	False
0x1a9e2fb5cf91cb6bf7dfc52b677dc0d2e9661a45	True
0xf10641ded1c638058b776c55e00111e4f6045c34	True
0x996fad1d0078347a309fbdadb483fc455284e285	True
0xe1a7eed03ad7bb2ede638cb3f71a2dd9c416d56e	True
0xd1f2da52a6c669d65fa89cbb01c0f5936d1aee17	True
0x5a9625ad6e6aee1739ae5e84a68b712646d381de	False
0x04946738c3d2ec8738374ff1e14ed5e535458b9d	True
0x6277eb08a3d83381079771e40e44327923f88b7d	True
0x2235d47756fb41c3be9c7e96e234accadb675248	True
0x4583c8829386edcaf6503bc4db946aaf5ebeee5c	True
0x6e46227d809c3e0b64541989462f5011933d9068	True
0xfe3cdbaa0a8519aaa9b80eef0a1180fb287bde15	True
0x2feda96cc394febc8ce84dcb96b263e07f90f153	True
0x7a725c91fdd7cc7aad9dd34e82933ad46d5a6bdc	True
0xe986a9e476b01d4a86fabf61f0fa80940e31c590	False
0x24792c4da5791a7adc36d01796da5c97d5bbc71f	True
0x4507cc403da3124db96d8cfd48a0725885c729f4	True
0x539372810d354d1aeb70890de8bb5cb62bb3acb6	True
0x3888ff9870cc9a8df8ae5c3b721890a004fd5e31	True
0xae86892f56e17879bf7373e4826baba85dffaa18	True
0x738724f6c3635a06dffff74d4106428087c6d35c	True
0x6792b98cca32e0a87cf67569eea39f951f926d0f	True
0x86c832b6c5e45e65bebdb0f3139957e5ac51a305	True
0x21d0fbcf8a4534d467ac0f8c0e93d6c9c79a97fd	True
0xfe66f169321a54049ff84e0949b670ad94b87234	True
0xfb24a6e7f3bc310a726882964ce6c5a12a3f0111	True
0x5fbc29a1f89ac96628d4a1db9302fd3f2b196611	True
0xf927e853bec2cd06c350fb48921a47348b04d28a	True
0x221063ac8b238832a3799ca866200b7a9787b146	True
0x9fb816862328a22ad29e817058ec04e7b9a9c0b6	True
0x6eda674d1be2c2a2096893056d94a1dbb40c7aae	False
0x6cc86da47421726fa0eb8dbf58c1e78b6e581255	True
0xa379f41609b2c51fd9c299a7ad87dc1a0231212b	False
0x4e8d0606d801fafa647c17eea2fbd148e31e67e8	True
0xa7e1b31b5a1b83cc8a3b159d8af99a73d4ad3adf	True
0xe660c129f00e15f15530786f35bea68f0d7e9cbf	True
0x5e7aac64178041c6a375fbb9134d559a203cda3c	True
0x3f5d92eacc0d35538d0f95e4ce3fd9a7c8363279	True
0xd23951c3cecb26b9f373513e29f04257efd10133	True
0x6f1142a6419f4284048e313dea5fc8ec8c3ac1cf	True
0x398ece52f97cafabfff5aa4f21de1130ce700d7d	True
0x25295b971cc1a3e2d6f8c5021a56c79b849fa870	True
0x502f275de4947406c2f59a704d7ff57eb97ab6e5	True
0x1aeaaf8ed1f55c3eec7b0d1407d5e7beda58177e	True
0x098583f339b774182405c5064492b94ec9daa1b6	True
0x5a12f0f998d1e896b87664dc7ff77db189d1eb9d	True
0x88f6e51b520bf717813281b28ed291d5ab506050	True
0x83788addbc91f4526c87a67815d5ad72cd9cde97	True
0x5d7895915077bb5dd35df4d259bf88284dbca6ae	True
0x09b88423f317f879629827428cf507ded5263a3b	True
0xa896f5706fbe77b0f3d4aaacdccf94f660c5d17e	True
0x10097900b172569fa0b8d10ed075914db466d4f2	True
0x8c06ce6c9f48e5ca16048be6bcbac962274a0b58	False
0xadb2216e96491ddbb604f85307a1867d83ef0238	False
0x1d125f39d5b950c183a47a41d60fe55d65a2616e	False
0xe30bfc39176503f6ec92169d8c803a0558a40850	True
0x083a79e1465502973184d87d019fbc78a49752e4	False
0x55126a6d351cc0ed62a3229c12b094628d47df3e	True
0x7698f0e32bbba76bfc554c3689da06239d949363	True
0xacdd69945a60565e59672746669b993561cd2158	True
0x6eac74f880de3f179e43eae97e9faa98ea4c3421	True
0xe0c69e34440f78f2b30be24a3bcbf45a33b16380	True
0x83899b551e382088eaf589da54935d57b9c07da1	True
0x572474b39287b2c05659216e4edfe3ce79009f14	True
0x55bc640d8d6d770e5d2b3d9d487c5890b753b395	True
0xfe55ad8050b81c3ed1be7a2bc3cc4579e1d0811a	True
0x23e4dcba19f7fa2bcff6409441c3c8fb9b6e551b	True
0xe5050709619c5220bfa466f0327b0fb5d3cb9040	True
0xa7ab02f3a55e0d08cb57cbdd805a062d69d40215	True
0xe5b9c6bb546d21ebce26da637ae9542b4dd96675	True
0x8f9c4ffe81485056ceb54182f5eb36ef5e1be527	False
0x45ebc4000f6549aac7ba13a3b6add1fa45540cd9	True
0x0ea425f9bf192cb5b0de2befd03500e9270d97ec	True
0x30dfa4bbecccedacec0f116d7b66cf7a8751699a	True
0x430f8a80f17d5a05434c58d7b57551fd027dc653	False
0xd708ee81d76a8d2a8bf2477bf5e8d54e763a30a1	True
0x5fc292ee72803d06848b6896d4abcca0e5851bea	True
0x0865fb8e760507ac694bcdeadb4c7ab5fa31604b	True
0x23e07162e9a8607dbe677f5aa21b897ed1813386	True
0xa54abdc7508766e87609a3fca4edd3ecb5d1d190	True
0x23827a0d1803c3bbf3eac29d9b3f8790699d411a	True
0x3d75d0ef7b5ee3dbf6237aa9cc255c5cc5d04e66	True
0x7d31144a200b1169ffe9659ae10138968c968537	True
0x61a9ea5ec7406b0cc34e9ac19bf90e204e4898d3	True
0x6ee804f89e16a12227dddd432b4217aae2972d56	True
0xe735029c86be42504ea638260c3c6105dd449bca	True
0x6b2a70ae7b974812e01840f8ecf2f4a1729df119	False
0x3fb9395636049a426deef51cd4a0359736015919	True
0xf4b4460ef09587e5844ab8ef589b6ed155a7b187	True
0x9dc54c7643f6156c4b1b32087c31646eb411c741	True
0x89a61f8d54c44762b65076e76c7a5ec3a5404ade	True
0x5c536c4618a2d9adccf43196fdd9434d9a4397b6	True
0x91f39aba4f7df625ad7faefeb999129dbc440698	True
0x236dfe083117928aa443525048c4d554810541e3	True
0x88e46ea8d6516bab73bf59062793c8c9b79b39ea	True
0x68e5ab3f6ccab777375ab14ea63c368859fece01	True
0x695ab86723e12719a0432388a22fce503af3cdd5	False
0xc09e266e334aab8acbc602161840d7b12fa6b5fa	True
0x78f87ae91937aba65bfc8866b984322c05501101	False
0xa2d077fcffbd3f4b013282bb0278ea29393cf707	True
0x8558f415650e1ef53ec231e789261cf160c5df9b	True
0xcdd86124e55bf2b512fa63e0843322495f76925d	True
0xec806cbd9251bcc5f9cb7bdbb7786e7fbe9fd725	True
0xfd44a257b6bbb799773cd33bc51b58d03d48664f	True
0x076cc42424a4ca2b718f0144ff061dbd986b01ed	False
0x0ef99229e0a9b9070ee32fc23f9fe2a829d4cfef	True
0xe5e51ff9a1771fe14b48179de55432fc3cfc7ea1	False
0x668156538483cc2ae93a4feb480fc3923a7d2c32	True
0xdfa4872fa8476a41f3b2b7d44006ea3d5abebbc4	True
0x6c5336427f82a15b4a1eaf29bbcbc1fb5c87da01	True
0xb9273f2f36ddf393752d2384d11afe950ee7a471	True
0x7f895eb80bc2fa15abff6966887602e11f77f4f2	True
0xeff37a96643a6cecf118298e8a13d7b2a812b2cb	True
0xaefe4b024bf6cded8d70b4e578cb4fcd0884ad05	True
0xaa84f394925a76622abe493197ac5ec3cea1e0ec	True
0xc80bfbbe81c559b27e09dae7438a523cf122276e	True
0x0c2dd64df5d140b6858769bcf507ce86aac00018	True
0x2df9437b99c8e1a8ce94ebc143cc85c9855467ac	True
0x42920b2c30ebade3a3644d1e7fcdf04671a8128c	False
0x94a59675655dab4912b533e7dfbd7efe7040bc1c	False
0x5ebf797e30a994913c97eacc981ac544e720af67	True
0x809f983abb5b360e4b839bc9a6b8d299d253ea7d	True
0x0b8b932f3d2912d8b402730e67b63a0021f80292	True
0x8feac968c1706ad68fbeb0614159f540e4213f20	True
0xc5bfb1315dda61b71ac06c2466b6c0a5c389e016	True
0x6a13dcdc7e75738168b76dd83411163a182e9e47	True
0x8f5991244c903e489b6ab754c1da8c12da81225d	True
0xcf8ef1accc4527e6aa6721cbc9aecf4b8bd9ebcb	True
0x476939efc51902ff3b6df8ff1fd1cd058ad806ca	True
0x7d509d8cd1938c01b16791c9f75b9f07e3664c1a	True
0x362a72158f0d3a60809f80dc20a5b620080cae02	True
0xc4590a30738498a15729d1e7bb887067fd867e6f	True
0xb3f1f385dd089e268f9f362b43e95392876ab22f	True
0xe268cd4d235909a811e375e50255faa9e42a7dca	True
0xfff60746b09702e11eb06c696ccceedb41a2a08a	True
0xd5d8783f6c1f04b457c0625805d7b798627a0354	True
0xc78419b84d956296fa952206eaf98e4790e36ad3	True
0x21bd63510ab8def2fc02c1126f1f6f46d52ad11a	True
0x22786f8335bd397245828e79d926b59d02c6bd8a	True
0x1e8ca5cace81d5a792a2d3ee5640304f19d7eb32	True
0x169646dd0ee8f26d4f3f57e01ad0e3b87c76128b	True
0x3dabedbe568fe1ab2cb461558fb8cc4f5c80fa58	True
0x796043bf45b9ed5ee68c619e51423da36636a01b	True
0x365da9168b9a9f52c32c6a155ad8cd6206f38fa3	True
0x95bac84960aaa21a3e2b92df9f719244cc3cdbf0	True
0x12758fb749603c59817fa79cf09b724d6276d53f	True
0xbbe0b214fb8690096544e0e79a9e12886080d3e6	False
0x81cf9f51c146207202cf27117f7516cf8fd3b83b	True
0x62938fe42f4c17eb5af396ef060e389100493584	False
0xf4497e435a4fc61d46c21440c12d23c8e3d02895	True
0x8b4d39cb636408529ffdeb5a50407249fc36ec16	True
0x19cda6f9cefdd802c78ea734c9881f3d95f7aad8	False
0x7ba2fd6b0c9c85baa66b9ca325d3f27b4c31b8d0	True
0x10e4b5210c4598d4bd42596949bb186f34f7d75d	True
0x5eecc1794c1e78eb181768223afae4f8ecd04a45	True
0xd320ca21c8aabb88478acef402e0730b5cf27297	True
0x7f7b043f51589911d2f23603a99956c71e1170d5	True
0x5d59ab41974ca7912c779db653501c7aa4ed647e	True
0x2668acba477f7666da56aebb6da65572413b1797	True
0xed63afe58cf803ecdc94581b25826b4d4ada3283	True
0x88ae9ec039650e86736d36fafa199e971240f924	True
0x3446d2892107cc2b4cf2d613b71d72bdf36b0b1a	True
0xb09b593095ac4e25be0582ac14a02235f4143900	True
0x0caddab3c40d56cfe668d8dda885ad1bc1e5ffba	True
0xb3f4b90a587078aba95e3e91f98fe49e5ff77f31	True
0x8b400271738504a15fd452fc9f402cc626c72b62	True
0x1c13ca12f6e70ef639966ba2042f0c607b1bf051	True
0x559ad1b6441725f82ccc2e54ef3d38829f73e460	True
0x02b620e4426c95cd11d57037f7d4405fc9c8a411	True
0xc7d27a2a3c6cd432e49ec887d08e836152ed7a2f	True
0x150caa7770f4bb8ae7799378d8d11e8277f1c2a3	True
0x76d12c73bb88cd2572eddaa1f6ba6fcdab05b2a9	True
0x860f7bf64cc7bb46de195fd3bf73245102006955	True
0x0edd6a9268bad8d61b03cf5839e6bbb6dbb194c1	True
0xa844cff260c64581b355a214616172a4656f98c0	True
0xc9d33f0d1dc49c2503b9d75f7d187c9771bec249	True
0x691dc345d4f20ab490595f65b7f74d6f18ad0608	True
0x6cdb46f229d17947422547c3882d908ca217731f	True
0x258b989fdfc8275387485c65083dc2a6c10916ce	True
0x41979de73c7ac56ecf028b2858d9ed85e9fcf63e	True
0x2340dc2f90c90488e1740440f4047e7c3188027a	True
0x79be9535df9c878787269e9923a69f689b970fbf	True
0x3e574fe4a86fb738e9084d3023b1414787831cd3	True
0x8a8b6d7a9f520a1fd53f1b7f915514ace833fb4d	True
0x76945409ba250868c634762a31620b828daab072	True
0x7702d89aecd3977e3c0c30d5f196460e6b3caf6f	True
0x78db797957b23fd4f2e5cb58118ecc141007ac68	True
0xe191b6dc268f64005d6add527df902a6bf5f5f03	True
0x7eaf7e27af2021be983512da92ab0e0676644756	True
0xa2504e5df7fa060dd1d3069281c83587fe2739b6	True
0x72d31bcc76a271cddfb84d8cbb44561be4a42a20	True
0xc827573268bc854c1911fe288526f44a057b7095	True
0x994cf2e66222604dec63167d4488cfb4bbe746ad	True
0xdb041005cf772f89cfef4ffa1e1d3c7c8238ef87	True
0xd53f8e34116d35f6683c2003ba5ebfe80c7ca225	True
0x080cde2de7402f57a404dccf237a7f5593700819	False
0xbed4e96bdea27ed894dae822acff0884dcfb4650	True
0xa9eb796f70c95e0fc69dadcefb84c6ce034c511c	True
0xc082c5bd8b1ccbbd40f8b2e3c6b1f9cb4b91c97e	True
0x0c6cfed25079a21f966109c3574f3ce3e7de7408	True
0x635ca9d2e11e96e95bdac2d56883247c85565024	True
0x32df94b0304855c1d21eb8b91bd6e59282ed5353	True
0x69467b26bab92d3ffe2ea14ae2bcf37585fe2069	True
0x4d0ee670a91f40b1b7718bb618f447df1bff4126	True
0x9b4e6e17b6849b2118170f32903f875b874fd5e8	True
0x0c904c9fd8d162c951ba3cb9a13ac0047a9a6f72	False
0x878712acec8077f6f525e92e4abd2f4c41d99a78	True
0xe8e31f4e83fb23e2be41eaa7972e407825cfb659	True
0x82c323ac70f223c2e7347da7174f43b6bd4061e3	False
0xfbe0b30536e46b26b312fc7ab069b249f0a8dc1a	True
0xac889afbc66fac09101f8a4a17065bcd31f38b83	True
0xf4dc041f22c4d34a2f94653c9613949922ca6c4b	True
0xfa5b923ce6dd73f5e823b45d4435189961913c32	True
0xf6660b3a780504268e8034f906e350222c0b17d6	True
0xa5a20bbf951f1bed3b8147a3f57316df2a00e918	False
0xe5c6f289969a91720bd127f303e0c352df22901d	True
0x1e81186130267558b08e2e5226bd67e6b807b2bb	True
0x7d8b05fad7b671a4004e7a0ea566c4c826432875	True
0x6136c8ead07030d7bda35bc51bd89b2de2e82ccb	True
0x56bdf7757fde0926883ca7c3159ee4efdf75dc96	True
0x050e22c443406fc5d06c40a4643fd649a2d5de29	True
0x7c38502a0f6a8d7105a1a0e668aa8f00c6c4a8c5	True
0x30cb95be5b1e6bf2c5a475adc3238d92b6336513	True
0x002d148a15962ec95d2fdab49eb8f0ddec8262d6	True
0xc401d31be0d581932dfbafd56a0067e3bd6197a7	False
0xce7688c91e38ce21303b167440f36d3119f4d878	True
0x1db9ab556ee97a4c0090a2c65ed48ca99590ad8b	True
0x2b432b8aa8cbbe93fd56cb46c4aa736d40cafd0a	True
0x9c38cfa1686eed9f41f6f76f568942768346b670	True
0x7ba049263908c7805dc856805dbda4d9ba06c917	True
0x637ff8dbda7b75f36da3b34e0c58defab9b978fa	True
0x397e2c09425b3369414f6bd9df27bdb73e870fb0	True
0xea85e848cc6ffb93affd3829f8f880bd79ecbd6b	True
0xc126d1258a4c57afe7c0bff2c1a270a7840ddf45	True
0x72827567348b87eaeb24e552a2986315ab2938b9	True
0xd92d8148bc595803637ef9da16397b5ca70ede94	True
0xf1e810bccddc8eeb4126f4d43852f10686e38cda	True
0x6a72dd3b08ce079db9dee5f293a3061efcc2ca2e	False
0xe5881455ff3353cc742b91c4398ccd799457c3fd	True
0x6f78700a636938ef49675b2b9f42ac3094d06730	False
0x2aca9fca4479d2c20b3c4bc1ca96ab20abce11ea	True
0xbd4a1e6922bdcdf167ff5868b57e979be0c2eb71	True
0x18651f64603de09fd00fdeb386dd6c2447d1879d	True
0xcdd3e543e7731f7b1a68e3a9631869ebfbf6dc42	True
0x0861be9fa137c183bb520ccc54d7ccb94af27ae9	True
0xe5098679aac1bd1def42839c928ac3f7507493cd	True
0xb8ab4e52c52e12607881e90040e322bce9854d2c	True
0xd756957c641ac20aafcfcc22bb05982749db2a6f	False
0x53be9ba4e1959bef757562e6f52dea91cf6ba411	True
0xa677d20928d0a4819a7241bc2d70201a52ef685f	True
0xa40875e09a8429e615a4729a82e72b51dbe80466	True
0x421bbd45457a4150420f3a8a242263ded02549d9	True
0x43b5413af2995b96ed2d43cd9f95423e151ca42b	True
0xdc0756f962a2a0c2741da9d3c9ef9d5eefcf94ea	False
0xa14fb131f1874289203537517550d8b7676dd850	True
0x39d764d53765ee1263448b7cdfe5272dbd672949	False
0xb7fa8c39d229d1121ebcabc55bbf2a2506e49ef5	True
0x8d86ce9b76cace9cebf05e180e7aebb1f06930b6	True
0x8d069ae88cc33b4939771291d6b79a95d57668ef	True
0x72b7a80030e3898558805bb613ac0f9db8feb801	False
0x6a9bcab58f39cc39373479c4637d23442dae3e90	True
0x7a5d732ff57cba286b82002f3a7cbd97bd286597	True
0x7faeef0ce5474c8f4a7c23bfff3adf273a674432	True
0xa441daeadc4d0ebf548da8d02fb37f6668160757	True
0x66a434560e68e21f79072a39106e33dc380a0ab4	False
0x4a6ca078ae1590d53c61fdb75eba700bf8097cf2	True
0x5208bd61de8efa8722f1b8f9b64a00da0a25b0f9	True
0xa4d9f597d3ff9c2094976201de1cc6048f958985	False
0xa339f4d46e4e8f6b3466466e105b32ad06072f84	True
0xe901ab9971c7613559c5fa7eb5221a72d1861d7e	True
0xc48771f1a52564a9b7b837139ee9feb3cd1ad42c	True
0x1354c8155c56295678900b33f0e30a8bb77be5ab	True
0x721ba2d39fcf4fb97c43d353803c588a57decd33	True
0x5f8a953c815e84333f358cd35be94e452fefea0e	True
0xdf25b36af5a24960959e4c5c520095784e94484f	True
0xa7eba2e4e9d63645ccaca2a8191583a843583b3f	True
0xecc515672f196e6ea0a8ab4619ae4bfd107eb26c	True
0x7c4bdd6b5d6f9c303d172b5d9cdaf9163c4e3efc	True
0x46a9927a493948d6d4c2a1b76cea0052480df391	True
0xda7a8ac42dd8a0687b1a0fb3d5502f49329ddfae	False
0x5b9cee9be968df8209fc2efba162bd03c1aff3f4	False
0xbd37e99a3ec70b3e19a1eec34afb2def30e14bcc	True
0xb8fbbaa7931353ee970987692c7f78127202152b	True
0xaf746780091c7e6734410f32fdb5284353b82957	True
0xc10da528c0cb5c5323f38b30c5a7a43c359a0ca9	False
0xd10504cbeb1932fc1dd2ef62987dd336b30a0af6	True
0xb71b3bd9e4fdac9f542e37c986bad7f4aa5d47e8	True
0x491c3e9884b6e6657e3ecf5c9ef3ef29f22f796d	True
0x97c7c89a97c52fbcfd041e74f1c6fb07691dc0a3	True
0x73276f7743e89e5b5fb25592ca16fcac03e53218	True
0xc7880dbea5bb6cb8762da289d765cdaa46e9df98	True
0x3e03c4a4fa331e715b321d7bbd817acbb84400b5	True
0x71ebf23a09ebd8384dbfb960f837239f70ec0ad5	True
0x12bc31a509c97b36561dde7bbd6c93a7cf672d35	True
0x74032caa504acf7d5bed1293e34717fd83c6af78	True
0xaf40c691a0a2cdc0811c3245c46dbc686cc6e2c3	True
0x02782ec75067a149aceb5a673b9cbef5ad955243	True
0xbd6ff5be500683a30977f6f40963215d43aca59f	True
0x852e8ce2e9a4d4aa212780013a6fbf084b60f32c	True
0xab7979181cb721c383db0c6db37bd16ccce0086c	True
0x3201b783926c006f906aee4e28ef59d0e2c97907	True
0x83324c4444e40f711bc47c16cef1f8d09c7d0727	True
0x6c62f1a34e8b7ada814ab94ee3fef41e24a0285f	True
0xec1030e0e351b18288397a584ce3fbe0f1483c92	True
0xc3d6753c75198723a0751da815463febc9e7f203	True
0xa98d273a8c915c157a0904e4d3a3002416baa7e1	True
0xf414285a542ed55c988eec0d65913cfc1e613ca2	True
0x904930590eab8d04f05c7a4380d523b16092cc8a	True
0x890986780c2f5328c80435510b09f6dc59cd3b3f	True
0x79dd08ebc9708a497cdb8e4ce78b420ef484c44c	True
0x2d4ff1e02ece106aa7953f5f1f00c81bf59ec4c7	True
0xf625ef0c32af067bf57d6883563eef4bca94e8f7	True
0xa2ee0bb293846f65f7f728cff9577ecfd75f970c	True
0x670b9c25f898f798096ff2b1b5e3bdec009fd64f	False
0xfeeb2d726b1fedc207b786a4ee3168c7bb6446b8	True
0xa5517c46d3bf1b07fa7e9f463e5085cdb65962ed	True
0xbdd3a5755f4bea4485e9ba922a908538b974fece	True
0x0fb4a28619c77722c93ddf97b7b535d536d8219a	False
0x7a5fec0af84c48552e06b54449f534dc485cb04a	True
0xaebd473307cfa69eff34c9121a5ffdc328619722	True
0xb2ae23d2547e6dd390b5555d2739e65a548e9221	True
0x4775340766b0ad0a5f3d5ee8ee2297bcf4076b2a	True
0xf6322ee9ff5123e716abaa1a52176b808a9011bc	True
0xcc7d2007f24e0943391127c5b494a6b134587a2e	True
0x082ccac3858806c46d873a1f32e34672e47a4571	True
0xb1c3ede74b1038a9ce1becfc0df7e6e19cd29df6	True
0x55cb17f79348c72e61c85c7cfb0165200142af67	True
0x58a81650675fd4b379c9fc11525e9a0a8ab08e17	True
0x5b279d0360fae8600fd850059ab7354dc7af0e88	True
0x73fd86bad2e5866a21a856d3e2b674a0afc25946	True
0x7f1ca0a0557d801c711a6c23eb0a9a451c8bb455	True
0x79d861093fffc1463fe0938485f1144821cb1a57	True
0xffd9ae80c893c388aa6e5636e72579dc75415e46	True
0xc37e5287a90422c8a4478e85effdb247460d8f54	True
0x93ddbac35911a919b3601ab2df2563378280f21e	True
0x05d6f49d399dedd9c57e60e88d2cec3a3d8d3907	True
0x8bd11e37a0c3b183462fe282e636dfea8b60295c	False
0xba0d97499ffc38a0f4927ffe0336d144337c00af	True
0xc3ec4b256e42a3686b84813d9e48efb195851906	True
0xceeccd7ad4cfa106740dcd1c7f8df19fb27aa6d9	True
0xd74cb553c190ae543b626353cc3f12f78f70cc6e	True
0x3a27c8d4342075bd2567971b698a05585b615bcd	False
0x5d51c803e24c861ef25b390f267df3627e9f4f76	True
0x6a9c20b317639fb75ebf16b288d5ca63fb9d3664	True
0x73cbb551223f468b30762891fda0493fde14dd82	True
0x1657431b81f29ad566739d018f877ab8554ebdc2	False
0x166f9c56fa2907beb81e4a4837daa13570e88567	True
0xa6b22b148dd266ae93adcd733e652bee42422b8a	True
0xd536decb608d880ddec501eae5fa779cc57539d3	True
0x4437f8ef5cf7429a97f201c5fa0121f9de70005e	False
0x06e9724f82548b6912040024583119f959d32da8	True
0x538278ef1a7a72de05121e70ed92bb9c39f0485d	True
0x2d6d47661c018fb7d80409dc64518b3d2848be8a	True
0xb3f076cde899de18e3d9266555514b66a8d0e197	True
0x0fa4b743c9a2c20a2ba7271493401ad8ef9d1896	True
0x52dc0c63f24a6f9f36d857bbfac8cea969a25104	True
0xe798bc478d2761564e9bd84de54ae1f08107ac8d	True
0xf0773b2a0bda29c6f6e14e5a9fa4ba985eb2adfb	True
0x60ccce731e92799bcd667bf049379a3b34a7b599	True
0x6e57a9203ca6077a1e493352598430e9014cb13a	False
0x7f55e1ed6d8030c1826ed2af4989e136a58b7a66	True
0xb695c3129423345141f07e62eb6d0abe07ee5467	True
0xe7c996c68d98ca46e9ede3ad3c878abeef273f36	True
0xb62b482abaef3578717b5a6c2bc52e69963c6511	True
0xce2067fa8b8e321df20c5ac7352926952559fc18	True
0xc2f4d7806c6811c4b94783fa4a83d83026b72083	True
0x684de52d752b37a5c752386b9793db0096c2494b	True
0xa7b2e4f8b031ab3561f3bf5d6243f33dc0bc428f	True
0xc15bb64c093bce00257a25307eed560784176ebf	True
0x1d6cd9d6afe8f409f5633197befcfeba5a8358bd	True
0x610de3a70b83aed1257086c636a1a68902ea39a8	False
0x16c2c74da3437d364de6e7a7f44f1249be6ba97a	True
0x311a4c59d7515d9e8b0ad5bc07d822642a8be1d8	True
0xed407f4ff17fe453e7de4df42934a77533bdde29	True
0x0ccee39f8c3b78cdca33755b4b695d6a6f8ec773	False
0xa4f35cc4cd3cf3342c6289f98b9a0eba7da65ab0	True
0xc6d536dd5a8f00ab57aa2fe750baab05bc138735	True
0xb6b0510ea4950d09984604b0bf87f39afd890063	True
0x0b3c8ea1b42923673fdc0e2bda620bb6755973e3	True
0xb7316ce9388be64502af0d20392e42e5baac6b15	True
0xb64a7e65f8b52cdd760a46c17c5a80cef486b685	True
0x00ef43a7e917fbee465ea8a75889ec7ec81dd4b5	True
0xcda87da38742d31bae832417e31cf6f9bbd7c8d8	False
0x1b59f0fb6f5e246b7f25ebd14965072338c0c2cd	True
0xf3928bdbc161a8f0d2e248cfcf7309436e04372a	False
0x45d951453ac6d71fae012ab40a97bfde0b5787a1	False
0x6e9177980a2eefa205b014563690ee433d703bd4	True
0xd4ad5325893da02b4102de7717e7e1441e2b8d39	True
0x497c5cd6ac4f340dd0a7b2fd05079571c826dbd3	True
0x83c3dcd36cc95421317a3b6155dd9901cdc0be06	True
0x8276f2fadf82288f4f707295556b2b251d102cbd	True
0x9deaa4a942301115dcc0f30697a77a8f26d576a2	True
0x2760eadce7c37156cfbe31268f8935419a1d4fca	True
0xb2ec6661c9dddab767209c2725d209c83a9874ce	True
0xbcb81c5039b0f6861a07a2ff81c76c12345c6fb0	True
0xc018817ef4ec879b4879b69bd41bb8c1943dddad	True
0xab29bd9bb7352d03cc46d5ca1fda56b2fc38ebb2	True
0x0977da1a5cb03cd5d311add63f194cd476b05376	True
0x9b0b9d9542859603a29dc2491a919067179f8ed6	True
0x5a3a993b603db9192aae19dd853bc01121db7a37	True
0xdf78bf4f845e89845b508541b3d0bc9dd5d120cf	True
0xeb81b16bdf89cc810dee7bc172cf03195cfc9f18	False
0x051b3c9f58e9ff8bf429a9cb1db11611700775d7	True
0x9868c82ccc3d6837f5cd9ea0535a6042c87cda30	True
0x16dfcd81cbf1c2ea0af3f7f7be911df451cd9425	True
0x4d9728a0e60bef329db4e3aa17736150ff304048	True
0x72f80d1e20732360a9d55e22ed12ae4dc269d8cc	True
0x63101ae4069b8e8c8e440dc68072be39fafb5c5a	False
0xc626171eb5af5c157e4283b84c8100081308d345	True
0xce2a53da3d1c4f4c549d8029d21a5175e5baaada	True
0xeaf6898b9d94c78df4d1242cd1ccb578932dc4b0	True
0x760bf779c3478df10f2e3061c81e19ab7b5768fe	True
0xa555b38cf0c353fa814112bc5c4fef897a481511	True
0x701ad7aa09e9c22c28b46cafda1a84b9c865862d	True
0xe3c1a4baf53efdb7bcef96c4fcb825d98559d978	True
0x48f035e80464423a80eb1450508283188831f613	True
0x66c9b4fe7f75b89b1d7cd182361f1b176bdaeb73	True
0xa66eee8d1661933723b009bd5ba0ff1fef72e370	True
0xb7279d0fa7f758baf19bcf587249e809332c9c42	True
0x806eb654e509438ad983397eea234351379dcc50	True
0x0b33d029a1c47e903a7890bd7c983765a69c07ff	True
0x334ed77bfe953240cbc5cb77959bf16376303221	True
0x4bece57f318d37bffb3d0eeea7599fd9e76d4f50	True
0x541041d0358847a4dd3f60fd17928466764172fa	True
0x5cf17fe7de5dec20d3caea9fb609f57d1d407491	True
0xbabaedc69e1cf2f1a66e15eb4539fd7b56f63c13	False
0x3eb0e1a9e998340c5d7df72072e8ec73a46c2c17	True
0xd406837e566cbb5f8d20e3175b028ee8c21310f0	True
0x31b14add1ef33524bdeadd8881513f9db7c04dfd	True
0x65210937696d70eeb681118893bbf83faf688513	True
0xbfa8d10d5dc50c98ce93ef8cdef7762a0cf64d0c	True
0xb58bd45eb809bb1d09a26f5afde12180e1d0cce3	True
0xc7d187384a257ab43599f9577f16b1a5680c1ef2	True
0x021fa72a007444f7bf2a6c87b36c659e2af48900	False
0x067c563e9abf83861f32f3d9621bbc8770a44731	True
0xc60fd32064ad44d77576dfb9f28214d33215f68c	True
0xca3a91a1d21885b7b2b35b6662c092da1583ee67	True
0xe50480fb8475d354db140f5024c4ebe6e3873839	True
0x5e8413d697a334c45df0e7808857b70ec813bafa	True
0x93a40fdda531db1cff7da724062c8e2ffcf771d8	True
0x83979007f9a6288bff56011f3e852c7220357dbc	True
0x6407395b5439ff9271252932dabdae07be463ff0	False
0xfa60d69babb49d76ff934f72a61de13a8745dee0	True
0x225fc568012707b1e0105750002c4b21b464c002	True
0x0100074e967602b2dac2e3810684517ed045af53	False
0xc0d5e497094cbcfa5f2a774810ee962ba76e0a8e	True
0xf6e19925e71a25357c80b2b15c39bd722c4e7dee	True
0x7dff8c9432f11a63f6ef11294e85c9709d9cfcd7	True
0x5f5cbd901ce8119180b76c249de1c806593f46f0	True
0x7d5a59b432c5f1a35149559a52e594da1547b834	True
0x40e2de81ae069a40c4e22025f271afebc001c7b7	True
0x78bb810b22f9945d1fae451f648d150b8047285d	True
0x1e4fc3655e46b5770417bb958287e0a4cd33d756	True
0xe2eca284172c7928e485e80c06ee499e2510515b	True
0xd57ccf4269ec14b65883874d598f0034266c65cc	True
0x96f0d2330577dfd9c3023f57d9c5543b7ab3bec6	False
0x8661242ebba2ec8df276ac711376f6160780469d	True
0xb1aa05e7978560203a68d174fecb6860ba4e5710	True
0x509387927eefa82cd5b870e1cadcd63e157bd9d7	True
0x69531b01ed363adeff3f26002fb76fea03f55e6a	True
0x0d0c310ab6612d079757d02933b7ec901f772659	False
0x359e9a1e00629f4b20c4883a26174b98bad54314	True
0x698266e25460a908054b7791702ae0aff042fa96	True
0x3f8ea9b648bde9730c84b332c2fdaaae3d8d6490	True
0x43ebf16545b1531bd275a29d986b21c26cb19f8c	True
0x6b0390e08feffb80f91e683bbf62db18438af345	True
0x940c094ad01643e23ccf6675ba4de23969b81f11	True
0x6d66a9b5276275f4032c4b1921f5400fbd1ef4f1	True
0xa4304c08537bb82c4230f1decd1a32eb9894bd35	True
0x78ba106e1eaf6df7c300382eef30e926b31532be	True
0x8fad059ce1bd4a3cff844db91b0818c3826777e7	True
0x1991caaccd67f17ecfdb4ba56582e8382a87c090	True
0x54be00cdc32f478320f49d50876d1da9b4293171	True
0x5f7fc1c78905c0ca72ac431eb9019aae030407a2	True
0x274832dde6f5eba6dbc0dc79ae58171b36145998	True
0x15f002e5bd962bbbe7ef945fc3894340c5e78f54	False
0x96ea92441d0f7c46157b7334b2762caedc5613ba	True
0x03998026ef319e663364d2bb3947af6ee64a3888	True
0x7190e54f4de3189aa8db355ee66153a73360cd53	True
0xb5c0b1a380d3634e45574ff04d3adb7eea5e5346	True
0xff48e7aea230a208286dc2ae2eb72a847b473934	True
0x5c3c442c529244eb176158ad478e9dbf1086c2aa	False
0xb537391f7c422285a77f56c60126ec40152fce70	True
0xaf592ee5fb993a84a54f06380fbf56c75064441d	True
0x9aebfeabcdb95dba8ed996a1628596eeaed37f50	True
0xf476cc1cfc0207f1073aa3c70dbb6e8b4c77f23c	True
0xa813229214e89bee82f96ab909957e4fa0e4a6f1	True
0x86846515224b6e64903266357b5ffca48d0067de	True
0x14d30b17e9f0c09f137fff31c07724458bb183c3	False
0x89b9e7d352c54235aa0c00863343cafd5ecf9902	True
0x854a03f15e8e66ece6488662e084363ed43f0dba	True
0xcfac6e967623c34814a4c719022a09de600bff9a	True
0x549ceadb312a7a7279a1899cc2d66b7b04e97ce7	True
0x8c8e6cccd000c45faab09fd6f7d81b4071b854be	True
0xa4960a15ebc31b11440c67fccb100fae6aff656f	True
0xd2edfb0217cd7ea52d4c00c19cac81cc14f126aa	True
0xc1b65a7d2b262bcd916c01806d18154e7f151f7c	True
0xb6d3152d6b5797901202d4ef775008451dc9a602	True
0x14f30e6a4a0d97abf4ddb59c947fd9013e5bbf07	False
0xcf8649525e340bc4077e099502ac1a4e9fd49c8a	True
0x902f485c79f9090c1b27e19ec427dfbbf2c61447	True
0xa234f8d8500e576131a58e83ae839c3cc84822dc	True
0x88f9b2b156bab197df85e43bc88f4a2e40df9187	True
0x4bf6e4367f2c158e4521c0b88a794500860b6a98	True
0x77b4af22e3ba1ffe78e70c439564a8e1102680bc	True
0x7d4c6707c4fc57ddc084c3a3cd940be7b1062673	True
0x65d8449c8dd61509f310445c6395c81890912e2f	False
0x6aa20ac9512334f46d6c72133a4f7b1e162c777b	True
0x332c3a65e91a3166c041d8725ee71e19c8352bf7	True
0x301b017c1ee216b0c6021ae0ae78dce835583aa8	False
0x8bf187a31e8e4693efc6dd5dfd357f639162bb2b	True
0xf1c39d369aa1c125a55140990a6cff4b3dbd5d6e	False
0xd00e21fdfc375085fb1cf2164f7867be3de8293c	True
0x6a1b2e5545083bf93529526ade07a69cfe284bc6	True
0x13c69c9b25f30185f645f7a3ae4e0a9512729cea	False
0xbfd84a8c297b9403b8066d0d15443fb1391a624c	True
0xadc8dadd38ecd8c261f6fe25c7cda4e5c266805f	True
0xbd65444831c3af3decf0854e143078004ed39355	False
0xa0bff84b349063a8f7e618c8180fcce9a1f8038d	True
0x346670a74ffff26c9b94a9a1105b41c8cfb0e9ec	True
0x852d3ed8f2e99385f372ab77cb0b297975206bff	True
0x4dadd8bf606a8df8c4968c5c39d515686063c907	True
0x965c7a86a87f81ef35a83cb83dac6809d1acb721	False
0x74aa52262827c4d2c510af090ca15aba795d86e0	True
0xbba58081b78d140f077aef0eb1a55dbf908f9e97	False
0x4816e40cbf16fb086cb7754708abea8adf3eb5dc	True
0x4369ad89b6a207db76d176c8b779e7d7e85dd55f	True
0x43740f18f9d2548b28a2a54707f7878853440c1b	True
0xf2f5ffc7361754c52a5893930339ecc6d60a8d66	True
0x2846e964daa04dc487d32e5ff7a155dc1a800291	True
0x91f99b0b6c14649f89a16ad529ca57f52157cb54	True
0xa97a84a4405bc9e40efdf77f38f686ab8596dc3b	True
0x6bfd52cca8ce23287147a49a00869e30ce87356d	True
0xf9097645ec787a966470ca7afc12dbc041338d82	True
0x23035c46ad18c705f56a40da6f7704eaa1f4980b	True
0x53f263a88c3a4af2ffa167ee1ec4ee32cc510ff4	True
0xec423bc0b14274baf762f0ba9aad04bbfdb18283	True
0xef6bfc37ee2731720dae689de3c923f66352cfa1	True
0xb19495c785b87c3c3307d440392ebcbc5163f121	True
0xca07b9551e5ecee768110aaabe23be217fa4d344	True
0xfdb2a23593ddebd641272747cb0c72552c2c6940	True
0xe664c37fe168182afadc30b452b3d600d8d19cab	True
0x2b2769945cb75099b813ff8dd39632ae893bb01a	True
0xc8920c2261b1846283d5459910cd581139bd626b	True
0x22551232e2b77d7783d2792376c6ec0b3180adbd	True
0x9c78c7f5e8ada66439e8d7f063cb0dae4d179523	True
0xce99b320cff88d97d190e67fd743bb38301f7b45	True
0xa57fa3ef5e12494443386627100ec458f4f35910	True
0x151633e4c18be52b8ac6869fcd982d5621740c85	True
0xcb79d1912998a38cc1e2c4374899fc90d0b7473e	True
0xb2333a07ffa272ccf5c0027ee102af2cc2b25c55	True
0xfa76762eaf110f5663e7f524f7e04cc6423f67c3	True
0xcf529789a5c764eb804cbfcdcb097ce5596006ed	False
0x3b334ed1f1a616067f74da247a66958401379c39	True
0x5622c7f8e6dd82f71ec7096bf936f850944370b2	True
0xdfc0e9934cffebaeae0a234db0c07332702e14ab	False
0x87247e5b776169d51b3a039402cd4f3d64637c07	True
0xca3c8e0cf190918e4cfaf2a5f2fc1e95af4ac94b	True
0xeb7d028030f3a530cac46c4bee9ab3ed2b478681	True
0x655df088b9d625e3c0944fe9977c1f7422b574b3	True
0xe67deeb3adbb1c262aa234a20f6e3d6b4339a58c	True
0x754fad4d54d76193caaa265d27206acf7ce3c024	True
0xce747506601f34e4afd3334ec0ca8e0eb8abbe26	True
0x6cb79b86d083fea2c054d4c2750b76cd50fb1437	True
0x99fd34648e51c289f83bfa8491aa5c16ce83ed77	True
0x31d671b9ae4f90f5d1f7ee9efce7cc95b16c01d7	True
0xda3f6a722b3c25a19baf2a145ea570e7dcdbd1c5	True
0xdeed341f587938e06ea9a93c70b328df4a7fa017	True
0xbd0aefc5bef6f9f566020b14b9bd489823e968e6	True
0x13dd4aef72bc9f6ef3d5701f43093922bfc7f139	True
0xc4d441b3159320fcd799d4d927860f5e48cc3aa1	True
0x7dc54564c5feb9e82875c94a403778d55411e63f	True
0x15b4930148d8983f284c4197fed68beb9858e252	True
0x5cf43274abb4026b7a0ebff1d3a3c537d980e9b6	True
0x3acfe20b0c71a2ce35cced5a0fa15819a1c57b72	True
0xec63dd721fddc5112d759fc082b69fb26fa41c51	True
0x1289a58a98b97c41f7e289c37bf679b3cca8e853	True
0x6b1483ceeee1dcdf9ba34787b04cb82df1409e6c	True
0xab8154f3e2b103b2770de07edc1b05290e72d1db	True
0x0dfad6ce4dd24a98653d6d96416e8e27e4bf6510	True
0xab1a3b71d4eb078b5f09d986262f5bfceb6709c4	True
0xc80a767941698fb4a8852f34c799462a3807a167	True
0x9a176484c4cea2f25d957444482c40c5b9763548	True
0x1811babc773c1dde33ae8e2fd29601b8aeb64b0f	True
0xd2641d7eaef801f67eb2491b08bb4987fdf93ee2	True
0x39b36c6d01c0c0b5154fe47b0bf82d305a39cc43	True
0x7bd04efed233d4bc48a52fdc73c048d72a366f27	True
0xaadc1fdf1fe902db2fbbd23fd233880421492239	True
0x4d8066630794e2b8e6f0eb4dd1ca83ae668f7782	True
0xc31568dbcb0444f3b7904fb6b8be08a5b63f172e	True
0x33c9299b6312dfbdb27b9cf123688ed2ddc167c5	True
0xa7c8b612a484792c92ae459350a34dda7324e632	True
0x2bfec89f87ff030ff478ec06a479e4dd6bae0526	True
0x26cfbbcc06822998e12f2496d13b906ab9e2ded6	True
0x74d708b70d7f08e688acd53838fcd5343a7628a1	True
0x78323244c6615bc2b5f6dd7a861a4f1bc20dd09f	True
0xf10f620ad0556600e14be084351840e7e19002ea	True
0x325fd65ecd9abd50e23a26b7a3e563d72f6ce3ee	True
0x40ed57054a4fe8a7ab8aea64390fdc056a4d62a5	True
0x639c2f7ccf6c5a2619d93770933128e708d29d2f	True
0xdf88674a60d2fc71ce38b9ac2035c8199fcb34c5	True
0xff856e993d1cf2292e6f26f84872b66b775ea945	True
0xac784e0902ff334a49f2e5a7c309597d4f54cac8	True
0xebcbb99479609bca9ab9b69094df10455e70d53f	True
0x93a73bb0c9a0762deb1265758779b82ca26e9fba	True
0x5b35804a677d27b8b7f3b4212560d8c57758384a	True
0x0754afd3f3be39ebdd6b973b946b5b0bfd9f7278	True
0x130a0671b90b98d9b61f831bf0373f4f1f46968d	True
0xe01a08cb439302e485b208f4c29d7b755352cb11	True
0x3ee9328e0e466f5fc94b8fd2a6e0f7cb245dded9	False
0x10a53b582a67139488ae0f0db97c438322a2e876	True
0x865e476b88aa4c8ca7dbdcc15184cdbb8d8d2bce	True
0xeac1d253909ccf8e75415a51caf48ba482823259	True
0xe0bdb1432ada5cb838f24930fd31c39e4c41dabc	True
0xd5a166b37bb51e595eb22111c46698f61a5f847b	True
0xdde3a3e1e11565429db85b308932c6d9426990af	True
0xdf858f019a6775f183079d9c5a8e9cbdc85508c4	True
0xbb3b03c94c8bd621447dad2f60bb0dcbb0901944	True
0x80a4bbb007256c8c324b70916414d55694ed27b1	True
0x77f2625202aec133e201e783e6367d7a38495ddd	True
0xca3bd617d7add0b5ee9f43f5d6e82456f4957ed2	True
0x9af03172503ffd0773e7a0d60e4335edb790b318	True
0x9fb5144bc1f4f65691a5c6b838260930112a6b7a	True
0xdd315b1b6e3af17c7903f5809f21837319cba405	True
0xb9156f3f4e34f631b559ca48849505e73082da41	True
0x02ecf3f6af760c9e50bf141479822251e01044b3	True
0x3d9613b41e47b04e27d0049bff4e14d856b168cd	True
0xf3a449658c36bb192e0d697322f5c0273c753eb7	True
0x6a53a350cb7693ed4cc110143f2085cf0e2b887f	True
0x3b2cb8739853a9fff3cb40048727107c8b245c77	True
0xf7203ddba270912fdf6ac2bcd68e8decd2bc5939	True
0xdc26c661367eb1c7b8151be7f5afd57218cb5c16	True
0xb83ee4c83c5c2f287ac3304e64b8514d8b3e410e	True
0xeadde95f2bb0c99ca348dd9d76cc306943a64eff	True
0xe2696b8797d4cce016e3a694300c191da134879b	True
0x75d632c8cd3b04c7b1212033773427707a65e580	True
0x4f6232f80e341adc0fbf793becfb5dd0bc6df965	True
0x3ece0db0b39ddaa55c04ee6829555d1dee6e0a81	True
0x9097a11fd690729d3e81cb591e3ac6f767099df1	True
0x5ba77c4e96612dabb1bcd1c2ee334677da11ea0a	True
0x1031f6fe84d2a3a0e1cd66ec7148308a8bba33e8	True
0x180622a0aa10aac6b500e53bf2e2ff1aa50cfc80	True
0x1db5d3f314ce227619e41bc03292150a55d60b4d	True
0x558f2665736c63cf521375df6ed9fd1a09bffa4f	True
0xbe75f59ff173e28b3594f1203a4b932c2b3bd812	True
0xa355329f769875ec29a45a54cc73e03f68873325	True
0x5d245270d5bd3c092e1fd0f03332c3291131093e	True
0xd5b45d56e06679c6eacaf6c395ae18a4574cdaa2	True
0x7f1b34cc32cdfe4307640c5bf40698a0479d75e5	True
0x32bb429610540a9b4b1ee71eb31bcc48ee9f433e	True
0xdd3a50f5e5088805e546bfb48377f5b93b870ec1	True
0xa39fd19ddc8eed2987803a5549a2ed72fed8fda4	True
0xdcff8e5b57b818c9647c342f5865852855423dbc	True
0x7b19545ffd431272936dbc3eb4ccefb7b96dd6d5	True
0x234111362cdd3c615185c7210f13fdf6e974bf88	True
0x9cd99537f87e904753c5fd3870e93f93708c561f	True
0x1f4bd7f59ce80e2fc28b64f7af651729ae53d3c9	True
0x6381221ca5ea06bbd2d4bbd0b64924d5c88bb925	False
0x75cb5f531f867ea129cd4034b602daa237721f9e	True
0xdf811d2dbc29e1012f736b368c96745f6b9d798d	True
0xe113e6240dc90fa577e145c086f7be2fd9fcfcfb	True
0x2cdb8cbf5ab15c5ccdc6500b2253c0813bdb13a1	True
0x7ed4158c50f2c5f3f9fe7a40c96f38334b3437a1	True
0xd5a257889ccae20a0d75ce24443e692bbfdc0fa6	True
0x7b4a7cbbd2a57a1e0139aba41962d6edd1631b45	True
0x594a6a6e093f17b774a1c340f43e6730acd46a16	True
0x63f7c631da1771bcc770aea0589d80289bfd985f	True
0x4d53773c95a7aea329f8a78578fa9058c1fb9407	True
0xbb0f9b5b6b01de265bc100d33035664abc295c89	True
0x90a8ab3232e94ff5c02089507acf1b8c750f1d33	True
0x5bdf38c84e55f599ba5e62b6e6aa195cda0202d1	True
0x1d3de201ca70a45c22435876dcdabf3698cc5bde	True
0x1e7d1b91cd04aa6f45ad09413413ceddaec3ddb1	True
0xe55ab0858a2575e01c10a5ecd1e71bfe2822106c	True
0xa44dd96a43ca225542aaef6bc28e9e0e1e154b7b	True
0xc8a175c935b002d83edbd0bc66c7c15e9d45981c	True
0x7a8914a41c36132b02ce6c30adbe67d1618a6109	True
0xd930a4c8040e3a5fa1eb61a70e2bd468e8079cbc	True
0xeba8fcd115a119f5b40fa1a4843a1c9e37a0d027	True
0x79c1b51343bce913d9f6e144330e3fe102e8d8a7	True
0x029a49060f36f830915ec1fa98fab532b4c75aec	True
0x4c42fc23c20ce28be6ceadb50aca4c2da454f2c1	True
0xd7a5ddfc962bd38d12019f0903baddb5bc01f1b2	True
0x3466b7b5551682d5651139c938c0f79fbe0410ac	True
0xaeef0e309f02b8edf25cbc8902ca5b453d89e2d4	True
0x49a578d06005848f279f2367753639140cc92b67	True
0x643a9371b6b507061832af1090b2d090aba028c3	True
0x5951fa9250b0a88a2fde569fe41afff0007d0d34	True
0xd13aab5daa5d91558c7582da41c1ac2ecbae84dc	True
0x73acc2dd5ce82b0b5e156bdf633bf336daca1a29	True
0x585160aa59009e38ea6510fe74b8cee9c6c4ce05	True
0x9deda94c6be7e02cea972e08e551fbc58be8feea	True
0x41534cec91359deb52c393d6503754d02186a34b	True
0x9d33dc5766af7f913755980a85a359aeb62b6389	True
0xdf5b0b8134752b3be21f5bbd7e4f888b45e1982a	True
0xeda4bfb16ef1e8d7bc9c826befec0d1c1b39a451	True
0xfec09a223f360e94b3beee78006a271e99f67cc7	True
0x88a96253d53765d4c1c801dc2c0de2aebfa755d2	True
0xe7b532dc3d862640d04740cfb472e8af7cc3fa47	True
0xd9f7f79363bf0a8e268cb102c5c68ef327056e86	True
0x8309297958e95ba92f52c5c40b18a87fe1b6a0ed	True
0xcc1e9e2d58f08d941ce0d65dfca83cdfd9682554	True
0x9b965a4b47ca73e97e145eff7f01e9c16a2b0453	True
0x9312d455c2bede0eaebe81bf3166d5658b4b8c42	True
0x094e25b3523e9312ab0951d7f719633e016b97be	True
0xee810b5d844ec038967d87b1408794855f4dfcd5	True
0x19bdf2051567bc00db3890dcc73ac3be7d0feaf6	True
0x0717ebba4a02b3f3111a88a1098287b2a655e945	True
0x42bfd9cdf0f7684776571704a4729c0fabccb752	True
0x9857c222106ebaa4c37d5b8975ef5eb3a65451d4	True
0x820672de506ac25f9c90880c01c07d82fe00afc1	True
0xcbdb1f6e691e0ed6e11d4028b912776b58fae83c	True
0xeb526229412ed5c5a7c77ea95174ef4fa6cffcc0	True
0x2b318c0ef36ee2e7870e3f879c4f7e2fff7df20f	True
0x821dddea96d620772bac6403f52549bf52dd34a5	True
0x9423ee4284c43583e48b8210d46df46b9aebd8da	True
0xdbc20e86bdbc8010822c4c8bc001713ea2031fc5	True
0x496af6f4b9be91d162943a24aae976b19674311f	True
0xdc842a38acb651501ff211c0ab5cdaa6f6b707c4	True
0x92eb7242c5bd5932eebba54f7a7df0ca39fe9027	True
0xaf748e02a8233cb1acafac0bc273ff8068279ccb	True
0x96b0cbdd6cdab532bcbeabbe070d2244885c33f8	True
0x694f4e62b2020630010b30e9adb411925c4b35c3	True
0xceb57cfa7da220be78773cf0c74e9c453144c390	True
0xdc99aa3867b8971959f0e4752ff25731fb1a3ea8	True
0x3101508e8d4e82dbd5a65687af0e18ec3aac415e	True
0x33b156a4ef8a5f2914eb3b17a2c8c25c3e7bea71	True
0x95a7de76632824dcedfda4759a44331c04fcdc0f	True
0x9a46648e6967287d06bc00bd57eaddeadf9f7cff	True
0x5e6f7157f0490eb46732664a8430fab3a9a3c485	True
0x3523fef06ff49901f58453bea0ef0036c1f52ef6	True
0x71c18dd6cd20de91dcd7a6dfd0d55f0423b5429b	True
0xb9fcbe5fa75cedc2cd7f86732e2201661fc1071d	True
0x01ba3214b7f79bae7420d10b29f4e729a2da0e60	True
0x9a7b50a711bb28b0153646e889e627a106e795e3	True
0x49b6d4ee1ef4a1ab9c4035add78bffa68e4b81aa	True
0x3762c4a258b55a62a0f70b66911f90734b05ce5f	True
0xc0ed8ff2f2d6eea509e0b31e2debe28e8d418a9f	True
0x3e11e9bdc60db4cbcf03a0fe9ca77d9f57679094	True
0xfa72e865feb05af30b1054827eb008ba53eac7da	False
0x05e89488b5871e2b9aef8157e1e7e0aa6ceec60b	True
0xe68593a4b0b6064ed70bdd05d2e45ce608399833	True
0xd7bf2e4cf3bf5b6105a88d7f53f6faae6407a85d	True
0xd2f89e63b0cdaf0337015b98d918941302a713a4	True
0x775e09c6f6c421baaa7bee89b85263238eecd8e2	True
0x40694207793b1e83d85dcb0d3e62c515607ac086	True
0x7125ad8d1268400606b2f9a787e28088280d2685	True
0xfea4eeba579cd63e7a227efc16d2a647581cfce1	True
0xb587561c902c09c20f07edfe0376d685751f8758	False
0x4b7e0dfdbffb945d361567928b176b205f0aced8	True
0x68a3b47cff4bdff987af68d3f80cd9a993b2d53c	True
0x7ab2ec18b54680fe2c1dd8fe7fbe5e286d80efc3	True
0x90edfe898b2078737066c102e81e476dc8eb873f	True
0xb6b4b7287c5331417961fd9dfafb5688c314e5f6	True
0xf9b9f0346eabe548fc0fca1eb2e1cf06212485ef	True
0x6a91c46eeee686de65b9ef352ff7ac3d66c66c9c	True
0x58af87977273d42cecace30e0669ff91006b49c5	True
0x92d8612847613bd9a940723d5f8c3328a600e64b	True
0xe4f979d50c9ecc8b6f2c745aa0b238deec8223a5	True
0xb9f2c336725c9e5e05fe70c20aba215967445b39	True
0x87a8c630153bd3393735d40040c15bb3a030f88d	True
0xc8d6f8293bae04bae97fb8de4e1d7554fcf18f19	True
0x8154f6b4ed3ad7cc4b29c6cc85f977ce28c4150d	True
0x22c5f76422eec1b903b93f7d50c480f4d73b2d34	True
0x2442a2495a7cccd93b78516c08e8ed99593b71dc	True
0x0e285f5050410ef98f7e25377ae5caefdfde99e4	True
0xff4886e36cb85c5fbb256d0b2e608e7cfe0e8d44	True
0xe633fcae3d941b4dc459ce70d66243f80a1447df	True
0xe0a120582a51b4169d984c5dc7e01cf05d9c3daa	True
0xc67ff49d82ab764f7de1b81ad5bf7d905ffe731c	True
0xef1ad75a3bb5408d1b3cb2e37dd41cd1df6a8cb5	True
0x521291eb46b232a70aa4492f620782402269de88	True
0x181e43ca8987e1d14ea2a592a19d28cbed4f3b77	True
0x197ca2dd9964e2e1e762a842b8d251adee8efdd1	True
0xc01a86c239b0b99e619618799331d298ee195279	True
0x6ffff0cfe91529b988bc85bc9bf4158708ed7f93	True
0x7b9ed5ddc98865d2f94ca968663368af847acbf0	True
0x32b965e4d0b6bf82c2c314736092987123121ca7	True
0xc89cc05519688b840cc5fa8f80b15c27f2638a17	True
0x5d54e2461377bd3f84cd7f619145aa837f0434a7	True
0x475e08f39556b423a74735ed806d622f0e5b9be8	True
0xe3229411682db4550b265af10a0b0e54e8e82081	True
0x6dcc79f83e0bc5d51de05e7adc005565b3d46123	True
0xc687e9243bbb7fb77df939878dc333a2d391393e	True
0x5cf7770e5deda9822db6e3322f2c163488f20815	True
0x3cb2df4f9a1201215694f0e13e9353c224173c08	True
0xeb53373dcdc75b38631019f6764c8acbd146562d	True
0x494be26ab352ccc07906d32cd7a604392ba7b2c6	True
0x34c1b85af9ce973656cce4632c19fc65eba8db3a	True
0xfd3fa2375750fa400b50f6a6a111656ad81cd1fc	True
0x52828c15f56742066a1acd4600d847630631d9e3	True
0x3b24013e6b4463269371677e7a925b9463819893	True
0x7d5b024d7409d995b25270344f692f78826cc0be	True
0x8da03fbf63b938b5ff3bb1092b16fa38f0a7fe6a	True
0x7d94284afecf7a2950913f77175a552402006fbb	True
0xb5910fc8933ac98f888fcd5a9c94150860d97c2e	True
0x6c28c5e1cea366123116d1cf62e6f7d0e3049f1d	True
0xaf36cef8431e5b82862eff2134d8eae1fa7302c4	True
0xbe78f7f4643b5e65e17478221794dfdca190e555	True
0x697d65eb5887dca59a42b165d25413e3b7316f05	True
0x41ea664fa366745feac7d30902de7b7d7427fe11	True
0x093e08f0fdb58ac8220d0cf5d0d7ade055c173c4	True
0x152fc20928ad23c8765557e9d9a2641425fafa75	True
0x076e2f3aa749470f43f3d6beac4a4d4a9be5c130	True
0x7262b65f19a09a1e2176a1867b6f3947098dc0f7	True
0x847d0fa01f98aee02f6f6be8730c8b7a19d0f215	True
0xde25d2607ae066ba580f583c732d8d143836bf65	True
0xf9ef39561e82f320f5116b984388bbfa71c3db9e	False
0xd6a050527bbdd373f189fe1506d013394b033dd6	True
0xcef2195e6f51736fb5248985df95584370e9282d	True
0x3ff7cfa7cf379987f9b2d0831543f7499aa872d8	True
0xf796a9c9f15484ee899ab0f8bc7b297cb833e384	True
0x863d0ae3d4495e46a781cfa1c950b6997b69a95c	True
0x08468d73eedbb3f561258c5f3d9cf43ff230fa6d	True
0x9b435a3196f87b5d9a5435d7539fb4412416ee0f	True
0x489881d430d4677713c623dbc4e3ca3ff996dd83	True
0x8dc9ffc8fbdca0d2abdfcb7f4ae11706fd15567d	True
0xd97c0b5f54ec2b87f9ae8fb7603943e4f4e4f07d	True
0xf83c72ee787d5e59f35a96ef4c5da0dc81f2b031	True
0x7fcffefa2f22eeb59baa38641fd7ba0fe3c4d2c0	True
0xefdfd5d4d2e11f1d69a2d62c0481310cb5304731	True
0xca1194c88736e6a3fc620e9804c19fc9c61af061	True
0x05fafd7929c0f1137599cd6380668a9314d6e5c2	True
0xdd88b671dea71b1bea0137d6d4e238ad3177de82	True
0x01f740e14d9f99f2d5c935211288336a9e8f14e5	False
0x2c3e3f8eaefafee9f4e4bdae1d5da70085478a9d	True
0xbf675b6045364bafba49fee6f519cc2cb84322da	True
0x4d5cc3764b1c3e351c338c47d731f14105e9695d	True
0x2ab80d8e85b7b3038bf1badbe8c10a2fe4561cdd	True
0xce1ec31d3fb53fd7a8ff0cdf5d23960ff50a3800	True
0xc99553b447c5a9a2c1db56b7ec3069e8fe67eab9	True
0xd5238ba5e15725eb0ba09b039a458068fc440dce	True
0x9035ffbf5841b7e6bad8268bb438ef04b9b1ed2e	True
0x1e9f1c2bc977f6fed00656d3f23f40678666cbd1	True
0x0a231c0e10134d8f714751c0f516cbe78bcbf013	True
0xd57bae5fc3b803c6debcb931abe401b6d4183207	True
0x9e2dbcb79ddc54c07ab35129374da2cb6acec3e3	True
0x31415d92ea05dc6d146b3498ab63792fe0410a6c	True
0xb70daf6304248b954d6c5c269c4ba836411264d3	True
0xbe272615a68653d272d6f23b45b282a49db7e8e1	True
0xd12c87e19f1b79fe8835e82cfb7dfc10cc2b1868	True
0xb7308ed5cca6e8d45d179e3facf72b60a97046bc	True
0x4234015d4b1bdb65800a209f309f5762eb0cc8f1	False
0x1c915bd6fd13a13860fbdd5ea846ddd12519abb5	True
0xd536566e52eb663050ec929f1d3cf4a7d58e1a57	True
0x0d1081235e6a5bb5e6e019ed619776d9e71d893c	True
0xa29c611be66f0f311db67a32f38496ea24590c24	True
0x311a22912f3eac248e16c4d33682610027353fad	True
0x152ddbb261ad140ec5b6f59ee327ef62b4e1318a	True
0x249c45f087c791edbc7e8fb8b63b863b4de76dbc	True
0xd25b961b750a23773f401bf4d6c9a3ea774628bc	True
0xc780e03ab446b77d94fdbefa9456439273e9e0bf	True
0xfa696cafa6e516d5828e2a66346f93818bf611f4	True
0x6905f62c525879416f7bc394804588b693845d35	True
0x9826a0fcd784da257f996ca26387e97f1d2a4d79	True
0xf96cfe25781abd8283ffcb7892ee200e6db972aa	True
0x33b463ae200bbc9981d6423b4468c46b13275c8f	True
0x0f5ae676aaaab45d3be5203fe9f44fed3a42ca40	True
0xe46e57824a993a9224a2dd63f14eded2fb8273ef	True
0x606eeb081c6a5c765709168feb508470987d75ca	True
0x5df9b68da596a8282fe1d5a49ae5e6afebdf48be	True
0x2cc30042bcb4c57f0a958f448ef82caa765c20b0	True
0xd98464ecd365c2089d7408989a075ef8c54242bd	True
0x019e00521be6e446887cf3c0e4fdebe2277ab771	True
0xdb39d0b187235602a75dd72686cfc14603593eba	True
0x2cffcbcb0095693ef8e82eeaf3fc7629febf84a7	True
0x9cf9d2548236b3375c56bf611bfab61c071ffad3	True
0x526a524fd819b09448fcc09c0d903160b3b79816	True
0x0c53fe3e6006db9800de8e3944ef1a5f7a9f05e3	True
0xdf08b336d43838a674ddbe3199e2b789311af7e5	True
0x0f150fbfe38d40b720cd89989b90aaae51ba34f5	True
0xd4887d3f9064ab2299eaeb67e3db6ad2dab532b2	True
0x9d5497a15d6fbfef3856be16bf261403c84a1bb8	True
0xeb384eba3793a96a7522beed60ef46c693fbfc15	False
0x1126696d22363757bca81ca69d21ea5ef720b7e7	True
0xfab67e8affc949050054a2e4d0756744ace1d8c9	True
0x4e4806d2bca05a4aba6f8f0ba0dab43b29d1ba87	True
0xdcf94ac30d7e276fb37662b62073e3863ca8e22a	True
0x833787e3993ad876c064d05fc301950424f98175	True
0x8103f0843731a3cd496e6beab929961cf15457ca	True
0x2e69bdd7d0aee07b32669c8eb2c97a5b7dd4f4ef	True
0x6f541edd60a70e55e77c019f0dc4888414a1afb6	True
0xa9238abde0bab227579c9aa996b2f62a131d4a44	True
0xa64286bb64ff56a122831a1724a6d750144617d4	True
0x6b993cd85f0aaee606ab9db0ffa1d81db1e42aa4	True
0x3b009666ed289c25bbfa295cc82c4df1d173775c	True
0x622c9f113e1c6b4502c3a96989288d5025c4ce0e	True
0x3552e68f5926871727aa4d56fbaa09ab66022634	True
0x1fa1450bbcfa2d895c9a2cdbcd81452e3184d6fe	True
0xf96be1be710713213ba176635f7e768fa72dfcee	True
0x770a92dbd32a01dfa83ee513cb2dacde00b02b74	True
0xafe3336d7861dd7e4b009a938bc22c8be30a1858	True
0x7da415c96dab5b60addd8b9ca7842b775e3a1407	True
0x50c11aba1ec20a42effcee31407a2606b99d5d4b	True
0x25c05d62fc1be8b936ab051a6f3bd8352660a3cb	True
0x89cd45f022918f43563f761f9310d4987ec17e0a	False
0xbade85ce19dfb77cb93732647709ce542d3729d7	True
0x875590aa7c630e10e66610975eab7263f754cf2a	True
0xfc65deafa07af834bb80f75d77a383851398e634	True
0x5727a5ae4cb841449db328b0cc28dda680888246	True
0x29adec4643bfe5608ab7146ec59bff87015a9b00	True
0x6ba3c267f3024f0d7320255870ffa7bb33c1c266	True
0xef2266cccd00a22d1920a797b8be35652b873b3b	True
0xd3d0bc9df631091a0395fe6337f78649b4698ae9	True
0xecbbf20d48fa257ae688513a5d75dace437e7095	True
0x023e9c301bb5ba7a9f265814144b6b2d23370623	True
0x40fbd8d8569fa3f4acfac37fa19cb4b9b5e7d02d	True
0xffe3003ff1887d327cc51f179667c5d3fe614cdf	True
0xd44ede122edcb5cfc50648412c70a28fe9e3efed	True
0xb8b1c2f95c0f8c4d954577977780e888b6587baa	True
0x97228ae996105804698f6f92dfd7ce9ba0540efd	True
0x4d7ec619eb6f0657c93e1983dc7c395694f48043	True
0xb1086aa725173a153d7b7843ce83d088be20521b	True
0xaec868ff9a8486ddd8ac1e7e20531b6b7c2ac483	True
0xcb0a6b3bfccea46d56a56b3a4a9cb766127e9aef	True
0xfd344aeb8b029b341e546ce253919d5f9620009d	True
0x4c3e33a28b344aeef1c0eef89681088a07b31b46	True
0xb2f7c131624dc81b3816476805181acdb4ee2ddf	True
0xaee693b14cd83eb74aca04266ee43a9d58065936	True
0xee054751113091a4078b52f952e78c752e5f0615	True
0x55eb76a12ded9fdf726db8538318aef30915025e	True
0x810b16f93edb5bb0056f38544d535cb298bb2b68	True
0xe48257d058543839eabd6b35a2e92f45bcea2f45	True
0x25cdf0f33abd741283a523f087d00323e9cd2058	True
0xb949e9ff34a967d80522c1b227abb4c2559dd3c7	True
0xb9cb7fbee968abebe65fb2dff3a2537ba5a3bf2f	True
0x110e2c9c31802e29802cb1406ff485f11cfe291f	True
0xd6fda8d1124ba838044214e67361aa893a46f5d9	True
0x9f174b14a4209fbbcc91067fcf30968a8eef0d3f	True
0xcc78a7e2b4972d11c9c5ef25e86881be6f8e0944	True
0xb94707bc67ae5515cba1380f80c56d09fc2dc443	True
0x4ac4a4d82196a3ad2b2e7ad979196f5d2276dbbd	True
0x2ce2feb16bffda0c69f17f1a0a3b157a2215b4c5	True
0x839114f3d4ebbdce62bd28a248641ba619abfca4	True
0xcef88b53ed98c901d048244ecd79a8122cf65a24	True
0xd12893e065fb25ae1284a07e07a71b2bcfe8fcaf	True
0xc872a6a2a96d04be3a6414c2d0d03aeeb7eacf7a	True
0x37be12d0c501c18fa4b5d722e0af51358a6a69bb	False
0x9bba74fd4842eb8e681ee346eaa3a0d16b74b84d	True
0xdbe95cc13971141ca419f554d900a480082b35ce	True
0x23fc07015cd3718140a1ecc616ad1c4ee18c02b7	True
0x5f5e5bbecd57d516a064ece604bc019ab57738c6	True
0xaebc00b578b6c1c6f66f9422b2abfce17f0deb78	True
0x226bec23c03a12115234033f877ecc6595147043	True
0x68baa9ee5eb6f73d5055c30dc24b2cc06fae831c	True
0x7f2cd3c0e2c9c2c4db1c7f2869e64da7f1aa817a	True
0xe637adea82a0caed4ee60f175d9a3746bf921cb2	True
0x57201a5a782fdcc1b44f58344e432e2e7cb7c621	True
0x471c7d9b920351401729235334d7f07afdc19f34	True
0x554cf717d9e6bdc2390e998b2d1259ce0909d0c6	True
0x63ab9ec6d239dfe93de481879cbd9b52cd29f535	True
0x27ba402b086bc627f5e2ef59c4ad12b4765efc1f	True
0x8c1b8d3d814b83467fb122cf8b900c2b7e0ac2a7	True
0xf930312f611a388e1b47aa888a8c64357a3451a7	True
0x299375598b6c4a1a9c6b62a54d5b9a9d1ebb3d5e	True
0x1cc609b167eb994b2eb9aa74686b8edeab298db8	True
0xa9be8437e237b861efc60ffe4775c6b1d8ba598d	True
0xf8385f25536e922f61a977a4762adde75a041371	True
0xa7d86a5f248fe87f6b9778488df746d3062af612	True
0xd50bc9fdc38b70a6d0ff1c5ae38cab9192cef0b0	True
0xc97488c1a5af9f3da235b10d281cb42e8d548e68	True
0xf0a898dc25fa5dbddbb2c49a8190eb67fa5d577b	True
0x524199c3b734db9b1153a6dad11fdb17bbcfc16c	True
0xed86a65cdf1562586aeaf35a2b4516f1188de941	True
0x05ecb7c2eadd59dfccbb71858cb65a7bf622ab31	True
0x4f7764595cf9adf33e7a4ca7a08693d38c5f3b19	True
0xe0c0a6d988c4d318433f2a0f735ea2a5d3768425	True
0xbe1b01102a72ad136ba39c6795245fa57e56a8e4	True
0x3361b24328bfed9cb0eff7e61b5ec5482e551003	True
0xfa3cca5d8f8d7312e2a247dd7c8402ee997d13f6	True
0x02f66754480f3559c56d37e96a9ff152e5943d0f	True
0x9b30de5b7c0f392cc2da2690a8a153c1acd31d6c	True
0x66e9b6032dc14cde07446a10918d21dce9eacf51	True
0xcb58b61f9cb25dbe3c2788703eeaef20247ee7a9	True
0x080ee34209bcc1f01ed6a5d549348ca427f7b087	True
0xaa93bf72de82965fbf1402c7ce4358b704f5e572	True
0x3512e918e63f136a5bd4671ab1fdaabb8f27e1e5	True
0x087333c6aaff234057b39deda2e7635d445d7834	True
0x3be5690d6930d1c87a6b5203aedbb221e06fcc6f	True
0xc35850342672dc59d6a1046f53e2dbcc605fffd9	True
0x5e50cc9041242f5c9e3107531d71eb563cbc4607	True
0x0076c7b642edf447c625b578a7db32e25067fc91	True
0xb160f8f40237c5d839a70390475fd75516df3955	True
0x4d1441f3a221c197df7e4bdec33fd686e5233ce9	True
0x73f81f776f87974fe073400817e95c0e3d63dd42	True
0x6f38114b91c4211a880069708c13cac8653d3bc5	True
0xa87d8cdad4a2397986eb76d022d12647514c6236	True
0x8f8ae498cefcfbc77c3d4bd30fababa401298147	True
0xa4083dd9b6efcd3091679cc9acb55ca863227156	True
0x5aec5a6811d518a0f7cd77422d76b106a65c917f	True
0x18e7590c3ca0aa4ef41f161c6734cc23df60040d	True
0x6f57a3d38f9a5bedb9c221f532fc4a61b913f6b2	True
0xcbf837da9659f7bfa6a6b2b8bee837aaa2905998	True
0x70589fbe037555d4bee64e7bbbe31c3d4f44ba50	True
0x4a98881a220895007b61c9bc9512f62a01d5e1f0	True
0x6c043b59abfbf58236cf68ea1ba6fb949d3d6d44	True
0x5da72734d50153fd09419e7115b9e2e03fed7b9c	True
0xee1bf5cc128703092fd5699236dfceec84c18a7b	True
0x8eda41848d22dc722434d16e58be6bf2a645734e	True
0x2c1dce811dae7c8382ffbd8be54cc6dbb4581713	True
0xfe510dc128cdee13cb204b4441d506e67bd317f9	True
0x5ae21179cf2e83e25c9dea0aea85c41968305308	True
0xec21d4ea5297cc8961762b6359c6f22fc998b23e	True
0xa451f7e86dc2edcb4195ba469bd5919ab8408d5f	True
0xc2d6f83810b49e6f98e4c4c42018df4abc94b85c	True
0xe4fce38d77f66c845567c1402d8d7778fba2e953	False
0x61895546c1c2c7f6760fa42975b0b52e4fd31de0	True
0xce4dfb2007638f3166d6da9fcfc8496a18772f5a	True
0x897274093238bec0f1e32c15de6ca67d7c07c821	True
0x4bb7210656c855abb4fce0c3471028ae0eca36d5	True
0x9dbbf59a9cd7d55def98d998808d765aba16c44d	True
0xbdc37d363196577f7bc026a6e1611a4dd103377b	True
0x87dfc2da4e9b838a9170285e1481db237c135652	True
0x0dee647dad0cd9c3a929a3a1d7ee66531077046c	True
0x12d076be6b7f255bedfd66d473279afc679847e6	False
0x800fa099605edc8c9b458707c73daf01c3df7449	True
0x4578d74c21fb63e82be220ff4b138baf303f5275	True
0x02d699c5867a222b0cb9bb2ff9bfaf4d4cc7284e	True
0x8ca8560ccac5b10168f0c788196ac23eb6a5b67b	True
0x30d281e82651d3cf75a4a628b530c1d1f3ac6de5	True
0xf5a14a26bcb10dd7dc04330f10ee48861a88dcbd	True
0xf32d33285fb900682c744de5b99abcabcd293264	True
0xb3f2618ea8778cd9626d25a35db084c19af68c97	True
0x3423316ee43533e0e8f58901804b05ce91655d7d	True
0x52699cb2124b00e8ae4f31f35671119b1603279c	True
0x5268a0b26ce9fbf42f22415d4e052eb19005f541	True
0xc84225463c438dbbc76a770fae03800fe768826d	True
0x3813802dd1df9bb7be544d4ba52006c02c5620ab	True
0x1eab49132e5f04c230eab34d220021caada772e3	True
0x354f2b993f6d45502c2d64a7f5b74192588d8157	True
0x116e45823f100fbe31cc544ee9bba6fa81bd4f1d	True
0x061fc70a91327a178e96cbff8711fcc55baf97ef	True
0x305643eed12b26dac32c049e89c79ecad0393f4c	True
0x9cc2ba8639b8104e26fb09d97a1db810783a69a3	True
0xd2b614c0d507413183b7e02eba4aacf40debdf98	True
0xfd3508300471a3ef678de4e3fb0d01c0ca07f83d	True
0x1beccaeea9013971cd85db2c7a3999740df1f924	True
0x1f0b850eed8bb5713cfeed9cbb385bb40fe7b29e	True
0x5fd47ef141205f3ba9c68c26475894ed950b6e97	True
0xc50538264af2e97caffc08b4549a86cd66965107	True
0x81c90e96c23ed687699374ecfdbef9561d6250c5	True
0x3cb8b7c2f70afb6ca3bd282851aabe08e56d0559	True
0x50ebaeb8e52f9436a08f57a281d57cb14cbbb318	True
0x152bff09fc06cd69a4d24c2a60cfb21ced991e53	True
0x67a72be3016826a0b6c2a6fe95ab6a623b519597	True
0x386fe2ddf1d080f0c3595a18f329d5d4d761de66	True
0xbd660c349d5b9554e890a4ab75a4981dd0887f19	True
0x9d723f913fe7493435c447ea98a2e3a8efc82393	True
0x603bbf1d9b03eddbb5eab93d6a02a6397c3d45ca	True
0x99bd2cf9cfffdf66458410b573945a28bafd4386	True
0x3670b117ab8adcf393dbdeaf1f74f3d2f137aed7	True
0xbaf7f28f70b16c0c13c57d1792e154cc53e30e71	True
0x3d411ee3cf5757ff1bda3777c83d4af071b376cf	True
0xbf36f044c6fa5ba010485d8708056fd1e642b8fe	True
0x3c1516537ac2425e07207148dd0ee17e0078a365	True
0x34c6cad1d8a7e126d2faa0bd4a7bba8234742b93	True
0x5ed9de793be7afedcb85b21a942d2468c4071539	True
0xc0bcf66175c598756d4dae6d372ccecaf02c6c5a	True
0x4234e94c01967476f3b5c5a987cfed4fe63b5c41	True
0x6f55a27f8b2b8ec7e7ef0237ec2449282ef98320	True
0xadc98d631428d215df8fab8bc72afb209e452451	True
0x6e0e341fb127abc29e89411f204e12dfe06612e6	True
0xc6308a297ab1051ac27adaf3e62f3fa83ff081eb	True
0xc529a7aaa9c2b8356401b5ae4dc8b8be3b486bcc	True
0x3b2b05ef86ecc7ba225eee5247b767edfd2639b2	True
0xe6994e160d08c9d71b66939faf06e6b0524dc53c	False
0x47f76fd746cb9da3a61bef325bfab67b5772a1df	True
0x2b157aba93355bb7974b1283ce9942d9f1cadba3	True
0xed2bb78dffa9235a09e986f8cde718a82244c311	True
0x762b6e4844fc4262322edb10d9ef7bed9d5686e8	True
0xea52f046caf0ab5b87c4768b2f0def371e14117d	True
0xcf9e4560cb60c993cb203c6a475c1315f95e6d1c	True
0x1e5d90839fd7dece7691a8a682600ca996100b09	True
0xb2aec1203f309ccedb6201c9302feabfda5e4209	True
0x9cdb40b935b05bfdedb516ad65796dc13d3d9e26	True
0x004c180406a55ce910dcd86e84d78a064d5a9ab6	True
0x24dc24c9606cf98dafb2d5846bff561a2c7b91ca	True
0x8980901b1441c68a7bbe2132d1ad41e5e0a398d3	True
0x8d908f922fa53237b3b8ac078944bd9dfe41dff0	True
0xdf899cd7771472d55b33b0e8068f195073e57e18	True
0xed5c5b73849b841e0f59843f6469a5e054901905	True
0x5ab5d069ce87b6d7ab0eae43b242fa408df7d1f2	True
0x278972e257b0ab09692b5052be231a772a46e72c	True
0xe01126c11a4fd0b6102c153f6149eedb29202f70	True
0x35c87d9dbb1ab99e7fcc495a82fb5e8be7809cbe	True
0x00415a31ca6d1904820b942bab1e3d8936398b8a	True
0xd99aeec9dfb9c2627020bc761eb9e01be0eb4924	True
0xbc45353a4c3fe0f211ff6576f3bc1a58ce04e800	True
0x190f9432a215395a5e320a290bd6d3579232bd48	True
0x06c049b7cb4e0d131a1f20863cf21fa7bfff8acd	True
0xc02a7e934a4cc3599981d50877fc4282eaf69bfc	True
0xc7bf3c6988ae16e342897e67343649f3b935d968	True
0x4d975ca6d217ce5eb6ca3506dddf45ed5ffba102	True
0xd66ee03a1b12b18ca09e46fcca757937b2883db0	True
0x3e22abb6a94ccce59ca6d1feefd2c8830861d421	True
0xf152c9a95d8fa6b1abd1b9f59e8645f5bdce832b	True
0x57cd76f08456a94e777e308a536c969b71b4d8eb	True
0x2d3938c638eacef635b2543855a9747f46fa7f94	True
0x9c5f0f106dfdbd22c015ba819f144c6203d81018	True
0xf10de7ebad8131b909a48731be877b674c42b339	True
0x8c02b5e7a9ca43fa12ad2303ac61b508ad7e6a2d	True
0x2d5c99f0317e8f5a6294ff246c376f26c5ae0afb	True
0xa72e72436393a14af29513efbdd8ede53f804ac1	True
0xa01dccf3b1aabacca29e0d149ce8b8537107be0a	True
0xe8b9045ac24f754bb165225d62ded2c8dd0e18d3	True
0x76e8ee2f47c57ae4775f91e49b3c5c68b3c4d990	True
0xa7bceea9db73ae924c3021f243b5efbeccc62238	True
0x711877ac28e9c5ddb15572de3ff9942437241422	True
0x87335d61327d4e462279ca187d28648901626e3e	True
0xa3e98ce56f27e253170b4cc88b6e1eb46ba9bc87	True
0xf48cd16c4e898139ee1f3c801cfcfb1cfce7d682	True
0xae4f029c3b59967878d24ff07787c3f89f52d041	True
0xb0db77dec5e654b32e9eb22ac43e0a8b1ec90815	False
0x7d627aed79f07d6f9616149334d7f8239073545f	True
0x52edfb882f28319c39e37696792d39d5d65f6c12	True
0xb93f0ab76878324097095c08c8a7c5051076db63	True
0xfb778016dd60537e417bd5ebefa85157163b0fc2	False
0xff59dec44e3eb6d851e0597150c711123eb2fb48	True
0x6854b5e40eaf11d309f97dcd7b3c989b42ddfdb9	True
0xa7f3a6edc9b27cc8e305e51e9c2323f7f163e354	True
0x155acba20bbc2b1d7d6a571bb8926cad25823036	True
0xd07aba92a998646bef8faeea3a1f71097880a4f0	True
0xbde64e895636cb40deff25037445d5427399d495	True
0x650c732e6895cee573f7c0f97b691abc1ae0a3a9	True
0xd22b7fc035a0eeb92abfc067254ab43cc42aa289	False
0x5704dfff09e0ed48f10cd11e48016779e28c7425	True
0xc917bd459e5024bb754ccba50727883768df6f98	False
0xca283b66fc649c60511dfe06f104ef68b85cd414	True
0xb51a55f440c08da77aa0542fa82e56f16ea1dbca	True
0x6d8012bd65662b21805566649fbd44f589a1e8d1	True
0x7f3fbac67915a1883f0e1fd560ae6e3226978dcd	True
0x27c4eebd25e5c67172bb44abb02f854555520aec	False
0x0cd3b96160df5490dd26110550ab8aa844226a2a	False
0xebe15b9fd56d15a0aba200afd1361a6b6fdbf1c7	True
0x52accc7a30a4355f958dbcacafac9b081c91f317	False
0x996bc603d2f30dda1faddd0a9375492757184a6a	True
0x0b83a732a402843c59dd5c7cb28a42295d2b3b60	False
0xbb5c9657c744157173976fd11012d07352c7dd95	True
0x4e2e71f76609a5bee75452b233a2fe1a15486dd1	False
0x26dc147306a596937dfaf625460f1f15f48d4b77	True
0x20952b1863e1b24742f5e0bdedd48fa424a42352	True
0xe825195bf819e0d449244a47176674ac671f0835	False
0x04977783c9a2b25d97790e9e2e803915a6353bcd	False
0xcb54f5a409d4c43dab4b23eaa6de356c7675661e	False
0x3a3decb69dafca3ce0e5a5692435cea1a1911096	True
0x41edd02bf3f0b197b02e4353957f9d29bba5a0d6	True
0x81d5253809e25a1bc46400301df44f553ab7afe1	False
0xabf2a73b692fa426be5ec3781a369f0969a8aede	True
0xef866b2dd593acfa980b767afd1cd3025532aeae	True
0xe1cf60b5090cb4fc84df0c1cd85da6a2b2390c41	True
0x2d5c0f5035e3c87b3370b14f2e1aaf380c2439a3	True
0x86cd09061c81f2b2f52f7ed0d5ed7ea9952625fb	True
0x387af0fc1cca39572e89f5aa79a688492ddc7e58	True
0x974e98ac8213cc54c18b0fea03c8367af35934aa	True
0xcc538d8290ee46e0ffcdbcf56775575aeb8095f5	True
0xe8e2d9472acd34f0b505e3a5a4da3e3271f7c063	True
0x25e027cc1c71c5b3510fad3e9ccdbbb530010686	True
0x3f3b3ee5e05fc778a63a94c528e4570a1eb56169	True
0xaab0de5eeda671e938ed30b7bef62583d6f3ac0f	True
0x28c56e586a815076958aa37e616ee069a1cb9718	True
0x4cb5f273c803f85a25d79264826a3e153873e214	True
0xc48414a151bb57924f62da30c54d196dfd59f478	True
0xb25ff88f2b2eada823c5685492b09048ea81d298	True
0x44fdce56454328430fef91cdb6f448db1e1b671a	True
0x4224229bb2fa34ead15c0b0f670f4d0dda5959fc	True
0xd03b6fec1f3074eb2aa9892f58d5cbe9227a3ec3	True
0xc228d84f7d7f77c49f8ff189ed5e196a2fb37084	True
0xe7d1401254271a726bde406d8ece7376947624c1	True
0xc19f0a449a97ee38925979dcb37a2692c1f31417	True
0x0563e827d3d3d725afefb8c48382ec598cc6b211	True
0xdc62bb6c161fa99d8a19aed14b9f6ab9820ed692	True
0x1b2380074d9fb6ffa51a2208f4bddab4898be7b6	True
0xb080b5a9f499b3c33ea765bcb8d980845a9e50c1	True
0x2dc1631cb10edf94a86454094d509c3b860694d1	True
0xbf3bffefd2839d9c3f9cfe39583f1cc7239239df	True
0xe859def77cad6afc329f4c9cb9e3c6b4e3e5e992	True
0xea618f4bd140b51c8df618b3c37c46298b3b0aea	True
0x5602156e79830f5cabd093a0f7bcc40774f205ba	True
0x537cde163f9b1ea3a5c679b74c7b6942edc05fd3	True
0xb7ce3746275ef922aed79bc01c2542e322a66f0c	True
0xd41703538118e63581e06f68e5b5f64c51f01318	True
0xf9a85c69391227624cd4490bbf8dbd985bdca3af	True
0x1136c763d4dd737ccfe10a0f1c9dead5fe2a7504	True
0x3ef6e1248cd7a485d0639d69e3a3ffa8b67d13c6	True
0x459cf991eabb924097e64b663ffbd97185c93dd7	True
0xc84bae0b0ab9cfc088a3a9fa2b60a3c248baa9ce	True
0x0d0c6ff5017cce3a323667a53864665327eb4ffd	True
0x79ce1bab520991ae27f3760536d8782f2fbb95d9	True
0x285a12f4af0771ac5b3a8496dc585d41556efe53	True
0x5ea53375c982ea96cbca68c4bc272de8ccdd2ce6	True
0x970902bc07ca354d6bc543577cf68bac9614c0ab	True
0x34f729b0fece6b0a4cad8c3bfd7ca17593b42977	True
0xd0fec9fa47257975c76c54de64f4ac4363f248c1	True
0xedece0652cd164e71513b5316c31a7198660e9e0	True
0x9bdc5fc15338da4f265ec175f34ba5ae4e4a984c	True
0xa71459911bbf0d7d8f859302a19bc9aaaa5c2b76	True
0x61c162d1754b44e804750f6764d2fad1335781be	True
0xca15374a9b4a754e7f0d40a4cfa6b9a00bfc036a	True
0x255ee085cf62bd29a3cdd2fd9b5fcc63bf4a45e9	True
0xefae643f1418894c9c3d27bdfa0e9856527f631c	True
0xc8c3806055d6ad85a661172c98917491e67d7f5d	True
0xb07e7a61fb23a765ce0346447c3a798d98c3e882	True
0x16631fd0d511ce119d064649bc0a50832f2feb8c	True
0x06bfafec802281d376c19af9b37c242bed7735d1	True
0x70ccc7db50f580cd54e707a15cf6ec24407d3ebd	True
0xf81e5339220fe2df10208dc89a8a604af19ba1e5	True
0x4b455736958cd9ae6a0bc450c7cff3ee1aa99309	True
0x7a9e491cdeef054bd949b36eb95fd45420643a7d	True
0x24267d5736871d40c340d52fca4d6bda29264db4	True
0x0ca52c6e86792fdd8bdab5259f9116111b5141af	False
0x9a57d981ac7abab8e232e20d052347fdf8236914	True
0xc8804d38e0297fce1ef0c3d049642308684c96f6	False
0xaa115162528d11b0f1b2764ae939cae0921799a1	True
0xf2be8b0de74219e690a1c9210750ac51b338157b	True
0x55b0a8bffe46b43631b969dbf4edb8a676643d31	False
0x48e9e4f54266fd397384839854d0e1e70d5c1ffd	True
0x8ad899b484cd3335fc734a5a3acb663c687823de	True
0x62cbee46c3a4ce2c885b9015e9ca2cbc45103e39	True
0x0e92d245ea9c12420f8beabcd2e9dece51997ba9	True
0x0f4b45619d768d247490518bf92f5e6ea8ea23f4	True
0xe93ff90a6249816071f77ffa337a464573116e0c	True
0x429eab1adfb6a5f83f6723bac97af6de65fe2620	True
0x3046d550aeb12f416176bf46eacbfe2d51597bfb	True
0x6286afd3ec47d5041e13442ed6453a44ca9e39d0	True
0x465b67ce48a1da6e93c02b1c62cb03bfeebb6f6a	True
0xc5ec70935735ffdca9d463698c370cb702ee58a6	True
0xecf56dd84c62fad4a6f54b886e1369eec854663c	True
0x934b7254a5f5dcb99849f84d9a04f7180b522d87	True
0x832df6d7cfa5dd92e528787e9e042241d32b5cfc	True
0x58553bd83a8a52a93d1caf080b2f6036a034d025	True
0x2ea64f0d8be975209e56527d108bca5a87f44e57	True
0xea4cb54a79740de9dc7752a2897a3e08cc4b49a3	True
0x69aeba23042b143917da37520a80f6c7b0661924	True
0xf37d17d348e79bfb39c809368dd4da5b2e815767	False
0x883737ef4b44dac85058f6b85356c9b7abebf9fe	True
0xea3fc211333a803b10c579dbc9e83c018c1e85be	True
0x93f5041a86d9cacabe7c8ee297fff9cb499d49cd	True
0xf6b5949cfee09feaf9b2fd04862d3d8bf3e07e62	True
0xc901ca5dd02f7ae3045e102ed46294c1bf2ba324	False
0xf71172f9feb756abc9a1d8dcb90330298e835272	True
0xf57ab9776a06bb0f769ed6cda0037a8da901acb9	True
0x52ebaf99e5081c9801aeff1e5132e48625d8cf84	True
0xbf608c9e3ccfe9f5e6f94f0182bffe72f5bcfaad	True
0x5c205da86a13b97a9f7b03629a4e75be6878524f	True
0xa2ee6be5be208a19f436002c5fb14766a2d6f6dc	True
0xe2a8880cec479019da4fd71228583972675ab0b3	True
0xdbc188b11dbe8673cde2c61c59bc1fc4128b543a	True
0x599d67128074a2056c6b0957df0e337dacec4ddc	True
0x21c453b82390289885ee5535680d4f1340746406	True
0x44f98c538e867b3310711836b3f71cae8d5ab2b0	True
0x7622136c1eabd4c68e75e469596e9815cfc47eee	True
0xac729b350e2d41c4e449f5054704000cc8838a2f	True
0x181f56ef35d6f033214ca34ab22491c477630860	True
0x591bea7476cd059f10c5c1671c3e8eda1121c1d0	True
0x8c20785353d99775fe808aff46eff198555287cd	True
0x36d247f547771e5bcc044cb7556ac04955af791e	True
0x343e6ef9ee010c7da3a8d59104e614d7cf92c501	False
0xd83ba46ae715be17ff78ee3da9bd05a4b5962e65	True
0x52a60392dd531c1880acff63fb780abde6f2907a	True
0x82b409d75393c4a5b17d6a33d261d42a6a868b3c	True
0x3d3b054ba104fddf9189fa714d005700c9a637c5	True
0x3094f38a6fbce5655c268ef61afa2ed0c8d12187	True
0xc16346a48d23161d687605734decffc8ecef4343	True
0xb24c81df1d7250daff21ef9ebd1b72855abc4144	True
0xb4c621c4581a17bd39685ba5589b6f60dab44b3d	False
0x4a0b7bad08c3f7b8804f6e0da6d2284291467f68	True
0x5bc6c8b81c836d8ebb019ca85f8ac31d9da865e7	True
0xc244015095e4010671ef0fec015f8b1aad824273	False
0xd4233df438b03baa869b3f8c743e756a32ef885b	False
0xcf388701ca462325d08869b853531ee6f5874486	False
0xebf64867cfb516f4318a670f69bcdef05691b760	True
0x2a42d5d57843b0fb1c79dd95efa6ab369cc02d3e	True
0xdcad85e2f5192d4c79ee471c552f6d73a70bba53	True
0x29ecbbda374a6dc85c26961cee9093ddb300d469	True
0x94403800a1714e39bdcad3c13e1c07d6be1b0b9d	True
0xa2226d138f8869e0b169a2eff04c9630d69d72da	True
0x9b8eb561d1815d361eb297fc1ff22133e56ea2ed	True
0x0934b918208de3510474fab929070c41b058eec7	True
0xe1583e257a8bf8fb617c488e175aa73952951d6b	True
0x7d02fcf53e53d20e6bb4e7c1337a01ff3300f819	True
0x457adb4cbb56f2a08a59ee435da143eeab6f9945	True
0x82012b8cedf8678f37246862a7e827c10b7e5361	True
0x729765a23e68e2d560bc7f20237801ae6adf63b9	True
0x9208b2f4af5c84c5f445c903280b642ac7a1667c	True
0xbeef0b9b0b2fd10e72c17046c2acbb7d3e43ddfc	True
0x5ae616e86d9cf556893722873af5f12863bc7433	True
0x12f6d78564a97e0a6f3dc324cacc43a8cf31b46d	False
0xd2b62d9f7b12b26f277a3ad2264d30d14155cc97	True
0x45f230c022e618303cfef376b640dcd70d5623e1	True
0x3bfef40debba57d3f7606ab169a5a78d20811a42	True
0x750c245581dd4e26b6139048bd3cbb15b17a5e80	True
0xe4da52b6a6a4d0f6f3db991ba5993e0e6fc07752	True
0x435c5dc8f8c1e091bf287302fe006e319b0afeee	True
0x4c3f14a061c38ba17a443ab9303842c38b67ddde	True
0xcb3717ee4a3b514580d409440a74dd6d33b29c72	True
0xd23a8f5efcaedb341a0e144365c2f7b8df60ba1c	True
0x116bcc7b92a7d911facfbde96c60bed0ec09b870	False
0xe74957d919362f8a017f7c5b499cbb7ffd176d6a	True
0xb38045aa8872d7cc83b2debb66bde6d6a3dfa3a9	True
0x9968bec79a3713295f3730a07047b9b958e669b1	False
0xc12b6e8f08c3138d37ce655585d8fccb394ae4ea	False
0x2cb4806f5a8e9608246206c0ae0b5e3c52d75994	True
0xb512b2399ff6ad872f82870a6a3eaf7f86b74068	True
0x9308c4920797ba4ab8b5c7192729a6664554256e	True
0x75ccc806d1d4f234d08d7401d71ed9764b070c31	True
0x868a10b18becac9b624139f21bf10bfd28f9195a	False
0x087da620251d99641ec69d5aaa25786e15271cd6	True
0x92d507fef37476e6dad6bbcb0b9fd1a09c112b6e	True
0xe138c89da723d3f4b2ef9d5c63d0bd10686e8a03	True
0x3bf87512800b1fd34131a0a67e1f519595e47e41	True
0x5af0a8acbd5868c940deaf8e01236c55f44c44a3	True
0x53598ea41074561ffce74b8073d90de0053ecece	True
0x717950209662e6e4ea9637a1a8255abeaa42f45c	True
0x4f674a1a9fb90e5db229ad94be632172f0bd561a	True
0xf99973bcceb8b38e7ff09c1382eb1079193b0dc6	True
0x817d349fdd7afe5e3388f9e2d97beb4759d1ad01	True
0xf912deafa8904bedcac245f8fea751f05a4e576d	False
0x3a11171fb4e77a2635db8635dcc1ed9f25b53160	True
0xb2b9be4b4e55a6c63867d24d4d417cc37ac7108e	True
0x1bb6d5d82773e92fd365be38ed0fc05e12cbe2b3	True
0x9abefd251641245bc231bc6591588b8d272ffe3c	True
0x42514f2fe4eae2207d2fef51e2e1bca59d0c00fa	True
0x82836b19b24cff4eb580fa2a5e165467874ecdd8	True
0x05095d77010c2bf5e2c4a5f528ec9d5be257f65e	False
0x26df630a1713f04089a18aa8c1971777fdfb8a0e	True
0x241513cc837321319fca651864062ad2d6fbc0e0	True
0x317f4ab16518318c32cdcb04d4ef449b1d20bed1	True
0x977391b96bdeb57ac15e5b5bfb356f2dbd99acab	True
0x1b6fbc6c4b863707197f7c90c23e7469e8414b9e	True
0x8d8a88cf36e34be1dbad3e15d1acc9c7df1c9fb9	True
0x100992e08a5f8fa616c35fbfb0dcdf28ee0df1f8	True
0xd68da2ba1705c9aade78298af1c2883733a3c700	True
0xfcbf986ba376e38e9ed4b6fa1145031a1f9d1c24	True
0x741804514893c566c830a08d9eaf8992dcd76ddd	True
0xe6608b924b731e994dccbada2b3a3d5407c54947	False
0x13904b14fb3cb5549782584cc64a2570f45f8821	True
0x9da55a2c7dd3bba44a34e62ee838823101bfd392	True
0x27e8c3c33dd25da2561fa104d3b96120d25564a6	True
0x920c6096cf969d31c01c31ba6252717996dfebc8	True
0xc23e96f8cea4bbbfddc528308e56da783f0983db	False
0x90870a8a602eeead47134716d5a4899d962d52ad	True
0xc6ed873c6025e6f8b57629145b0c5ce203299007	True
0x74ed6c461e86e4d22646f815c9fcd670a4175dd6	True
0x941c9b9a5080614b7f40b9009b74bcbcecea0f06	True
0x536500f949d6a11765f9075969a9073abf1ca8b4	True
0xca9e96b30293ff24d61f2d43c40f248da1966996	True
0x85f368e41e671f7320de32f781a2e266ba7da03f	True
0xc7b472791c25686593ed4f59b625aceedcec00da	True
0x38307f75e08904e1d4eee8c6de6a8f1617d3974e	True
0xe7f61c3521cd3addc4cf0ee56d4ac9c636c97e91	True
0x4c15637db1985a98eebddaead19fc21692d2bd80	True
0xc2daddaa39a8624148aaa072521fe1a3356b4e99	True
0xe1f9bcb46c734449244270d82151b3ad12e2fa4d	True
0x66caefa250ae0071dcc68825eb617f51dd1efa10	True
0x6cbbf7c6534db7311746e1edc1a55dd509354729	True
0xfa6bc7fe8d95c3e842c22b4f43f55fed039d3693	True
0x09a14b83bf33740094e6932218a66af19bc80f1e	True
0xc5cc07827ce8f356fe560c39f823104db38bee52	True
0x2c2333541d6c7e313c9c7abee1654fa7dacf2b25	True
0x0622b317eedad64e27ba53ab3e7f248ca4013b0c	True
0xdb2d8843c4e5478e75847f7d9a0818b05c27e901	True
0x1053ce5c66356eacca8e90f714c230ca747e673a	False
0xb6a825e25d3dce8aa252af15f5d1b4b9f2b88137	False
0x1de4d7d8e70ceee50c470a994eb21eb8cf04c49f	False
0xb4430ee12b2aeae873188ef709d14d8b57ab0db2	True
0x7bc0a444439cd6c6212288f9934ff7d8f226527e	False
0x2b66978432a0d851e640a241aa557b56a9c3404d	True
0xc780484eff728c09838c088413934266358dbd12	False
0x5c91a904a75c28526f56a607ed41dba80dc6824c	True
0x77d5963ac7ac91acab7edebe7eee0eff0abe8098	False
0xc70e09ecaaa3b6e30e5ba8fa4c3998043a913727	False
0xbf5bfdbb173b27018755302fedc3a4e759607acd	True
0x160e3d90082c2dd7ba9f6952c01b29af9c03d095	True
0xe38d8836ba28458c7f525088edb6af8d6a054242	True
0x528919f0f095963a0059b21d689ac4d9fde9b74b	False
0xbacae8fe55b7349e59b166dc825f26c6ef5efea1	True
0x423082dce18a847ad8b9a380a44526a1d7ee76b8	False
0x3f7d90a897f13d8fb7961870d6bcd227744849c2	False
0x4fb1c5b1d9d437b3c5e680ecfccd30864612be72	False
0x7b16b27b8e504c32b2c4bd71360f3fa2a8ec6381	True
0xc029b7bb010f027bee5ea51a4a96fcbca53b70f6	True
0x3bd233e2717d82b51b4c029a35e542485345c4fc	False
0xbad348fa4489020b418a9a0c61062f2e9bdfb915	False
0x4b5a6a6bb16874d2058e43a6752e9543b51f69ce	True
0xd409acd84b0d0fb43fa5e46ceff73eae59805700	True
0x0fc306afdb04cebfdf17d7e5eb639f4ca0825e65	False
0xe58e9ec20b9fc00aae5ffaa5f9e7fe33cc78db6d	False
0x77bc4b290186ab17f6a897eb5e666aef5e6abcfe	False
0x2bccedb7fc3e53b3e9d1f73915fd4df98ba3afa7	False
0xc4d5452d67bb8c9529d8b84ced72902e806b66e8	False
0xfc9a5191f5ccf9d7789338fc6f8ac96665328d27	True
0x7612615f51feec4bc00f55333a1922cd588f129e	True
0x8e5189032cfed79843b97c801d2b1b74bbed82ec	True
0xa4a8f9a319aafcdc334084a1e82a4cd6fd087337	False
0x9fdc7aae026f57e5c4bec2c23ea8fe53cd529149	True
0xa2510ddc13d0c8d0b6e51de13fa33b1da519824c	True
0x1e42d2e3b7c33a538467389bdbb89a72ae35667a	True
0xdadaf448d387d194c2a80abc702ce2f274ba2763	True
0xc718eeed23730fae149e30bf368575e536489353	True
0xacd317a1c91818c901dbcd63273ff9da7af82c2c	True
0xac248eebb3edc3fad89fc0c21573347b36b3a586	True
0xfb63f89f625637123f760f89f5ea2277bd6b89fd	True
0xf0c5919a25a398ff51262a2dbfc1ee0d8b16ef88	True
0x189b0a59e1d1f473d15ccc63feb488c00eaf659b	False
0x35e21e2961b30bf8b5f572650db0a26979a92a75	True
0xee1981dd172a03fe2c6e5c8ea4e5b5d273a70925	True
0x6acdbdc88fe15b529523e3b4267f488d1e7cb646	False
0xd34f984952a0ab97c81500e1f76f3357cdfc7317	True
0xfe46f13b199d8ca3328b7b6ca60d1c94656af7ce	False
0xe39e30da3fdbd02d1c06f11e3ff7eda3195e5a8b	True
0x8f340b0b4634cb82aaeb7d5c81c1196ed822090e	True
0x0d5a598325075e2613a7daf3bff0d0623e17bba5	True
0x930e1f9574fadfbe8d18af2669db4b0870da94ce	True
0xa2476dd065bf6b7b578b00c0931d01573def4490	True
0x23dfdb42c498d1ee517370a0bc4ea66b11e537df	True
0xfae4010f88ff7bd4eb8017e705c58a3a2fc017fd	True
0xde5e9f5e04b8472e82785743ec795e1a65761a94	True
0x682fc0fb353ad7016bceacb7e909ee6e25ae4933	True
0x44ded785efe0818f994c10632e07e6086c3d4719	True
0xf77baaa6ba4ef5fab82823a82620ae18d2fb00f3	True
0xaf755566cc4058da6ec13562eb5724a82be3b9e8	True
0xa7556b0d720db39a38b9309e944c63dcc7f404b0	True
0x9668f0ce82e2eeee195cee9d8e255077b178db92	True
0x615781fbae18cf7b7322f8554ff5af2ef6770c9d	True
0x97c6f4b9f8521c35a9773b254a544ef254f544e4	True
0x85f4c71136b26ad676bab56275d4ff2eef26cc40	True
0x9e52b88f6ed863c97ce376c457e252d553d03013	True
0xa27a4809736458a468fc02d216a4a0322f5747fd	True
0xc0f9bc41f4f5ae0f712a9a00d5165130bcd1deca	True
0x9f61ebf1d666692ab357dd83d279bf8215138940	True
0xbe27ab80e786889454786c265941cab2a1509b03	True
0x38d372d61202cb0d1bc8a96d99fe37b918053575	False
0x2bae4b58ea981b2e00f9feda82c2992c22b75d2c	True
0x05cb11931519f22d9841f36994ede5fca1719147	True
0xabf506e662e5645d17c16f698f026b2cf66bd78b	True
0xb67b37a4258a0e0738c619f802901532a5def80b	True
0xeb9d6a6b6ed55d5e5b08f0f5efbde341d1925c22	True
0x7e4f78e3bad9e38b713c00e98c6729f649d5394b	True
0xfd8d77e0d9bdbcd49b12e60ba5ade9cd0ca4687c	True
0x7c8e751de5db143bab90240c2a35062ecba86ae6	False
0xe0bcc6b6725bbc1854975045c48773f519b6420f	True
0x0ec7af0f9a58ecf0c18a0c8aab2a65f55e308758	True
0x39052b8f037de2559ccf84253cf23b8ec204a4e0	True
0x7c5d399f0ebd9b770f65079bad71f46cdaac3fb7	False
0xd9d36f013455189bb6f025b7f8300ab0960d8dac	True
0x5d7cd75b1bb15a0941dab3fdd7d6a356e6851ebf	True
0xedca1bd98e9570a04c768dbb4851983eaa7ef1b2	True
0xaa6b55e0b8d3c96dd9cc71b98f5ae6003a5e3cad	True
0x84e67ca41f7b928b574ed42673988c9a40b8c7ab	False
0xb812f10affc0f3e2188797c5517870cc8e7f30cb	True
0x703e25001b432437a5c9ac42ab836b5df5ee1134	True
0x67af6061083af745202433392d4967e2b0519fa8	True
0xf1e137d7d0147402930680d37b9a197fc9cd346c	True
0xde8c31656ad574931d17f536b4ea3c2fb1aeb04f	True
0xd6c7904d6238fa354411b9e1d6592a16b7ac0e0f	True
0x08b145035fba2e06ba218a75771ee410e69f771f	True
0xf6129b6161be5bbaae3a2d7d95782ac9194cf312	True
0xbf2800a94315539c2a405f30cebedd335b06b6ae	True
0xd2bb3516d2f737003b960c3710282d99b36bbac6	True
0x5801f4716a831499a4ff7bd36596ed1f3bc592ab	True
0xdc8397153689ffe595fecf9b1c07a70f21bc854c	True
0xe74c2342cc1e9b8e81411e2d30fb7282de777e18	True
0x18be21ea72a62d4c5f9c8290b5bf11d77eb3b7ed	True
0x361878e1e372a5e7fabf639d374ab66f30143b22	True
0x49f5054ea70cc8437c3046e8705489340bf8cf3f	False
0xed20dfe6db5750835eab1f17ee8f0703f264c701	True
0x2727bc9a9023d0cde102136403d2d9c05fe8e4be	True
0xcc8a36142407fc7082b53fb4b42042ba1c332ff4	True
0xb76d6601beab7f0ad54ba5660d9b909982853b93	True
0x9f8f398017abcc44fd5138f7b4a7c9ce4bca0865	True
0xd716d66ab8092df51b7e5ef1c30771a601499ca7	True
0x3fe2aa246f74d202449cb7572fa21810d7ee6d70	True
0xa1e36e892b5867ecef10cb347c4b94439cc02b50	True
0x71fad7deb21c90a6a7795df8280a969c6dd66fe5	True
0x91f74677a667d159efa33d7da91cd94310b709bd	True
0x5cb3f8783b1ff12764eb398ef9108401be1628e7	True
0x523e116f94c98f8f5f300728d8f9094ae37dac82	True
0xba3b37a22a01fa6752de1538e808f7bbf3fe3088	True
0x188154c754689ade286bc8e2f203b936c2e04217	True
0x9c58366184226e014ad3351926902fec14fdec84	True
0xed7cd8f2675184b790a7b28949c6c8615248c8cd	True
0xea03356e29716cba10ea95a8b21c0c3e00ce4abb	True
0x3003b62dc234e7d904f94cb0844ed43045048ada	True
0xe8b9ca45433ae126602f4672c00e6f419f8bba81	True
0x2e029e48a19a3cad46664bfb3d97ae3c74c4c934	True
0x66ed7308336ba23e8776183c38e927ddc59b769c	True
0xa0bacdb85fc12cb6540365c11cf530774a0f785b	False
0xa72a01d4c5bbff5bb29ac686279d89e0950c039f	True
0x8b0e595090946eb05338ffbf36b48f88ae9c4f49	True
0x1f79825aa44931f887cccee7e694162774bd1a32	True
0xf81e0dfafb1fce54d5c7c2376373d4f499182921	True
0x4df00371549a838aaa5a9813bb2a7b608fb218c2	True
0x366236614353e3b33bbae82c2e4dc5fb3634ab6a	True
0x03ad53882570a4b32a0d8674fdb42dcd57cd8632	True
0xbbb21e490c1c4fee6e4d209fc0d378cf9983c3b4	True
0x420c32d8b37a78f887b7729bd70a323dd37ed545	True
0x4924f6471132b31952613d3191b572665c937737	True
0x0641b3193420187ede5f919877be4d840daf73a6	False
0xb716859aba27aa123383666272feda9fa269bf68	True
0xb6f3e1cb9e8d084cc3538ad6317c3705c3b15887	True
0xb1c6743e0bdae92f80b2257b3bf079508eb40914	True
0x1cdaf6df11dcd25439cb0853edea581d46ed6283	True
0xa4b67c3d5523651f75d93e481d6b4f9f9327c140	True
0xa190519215994a11d52d4205f1738500091ecb80	True
0x39f03840cc278c0fa96a36c586774ccc081ce6f7	True
0x64f1caabbbbeb62d11ef558fac394a2052068a80	True
0xcf0d0acbedbdadde50b1f17654e597ee624c0e95	True
0x8779c806458c596a0b87a54b5eff76707446b75a	True
0xebad819edb733fc15a44d15317670fd04ab03da7	True
0x22302df01c6233620d8926ddb50657a6f544d55a	True
0xf7410218430954fd9a756f6f38febc21283855c1	True
0xfe6ae19de09492fc48ea3c76078d8bcf51333f18	True
0x51b2122b1b65ad6695e8968a7f36f4cef4bf2bcf	True
0xf9c09180172b5e9f872d45d40779711b9fbea589	True
0x6a031a4554df95e22c963a9693a73365bec76026	True
0x1643ffa7d563004f9cb0bc05ff7b41c3e4b6a20d	True
0x6c1d4e8ab710e80c26a4dfb6bd3b669c080036a8	True
0x096e2f68bd5d83e791d619044bad60abffd861e8	True
0xc7ce8d5df9d38066dd9bb7edb78b9a0a1bde5431	False
0x5e35676c32256afd980752d2a4c79d7eb0cddb95	True
0x7b74a37bba3e2adb2851e519244724c06941263f	True
0xb1c9d0c5c56a4390c37f3225ccfe0604d71c1b03	False
0xe5e50c76a998d79be405360a59cd745c0a99e33f	False
0xd346a15ae03461520b8df6dc799bc3c8219f61db	True
0x29ce6916fd8d02e1aadf42a1e8715126b3f4bc01	True
0xfd401fabdbdb1a87c989c6b3fd200254f2bf3e61	True
0x8ec717eb01eae339c2f998cbed5fa30bcdaefe3d	True
0xef178f92efd1550850434940485dc085ab72cfac	False
0x55ee655515a1396f0b85397aed13536c1ab6673c	False
0x08389c52505c0372526bc54e3a8a7b9abb47e951	True
0x90f75e3337ca049f1f17b90d0d1d671a4e7d6189	True
0xca84a9e4bda03d9c551f0333f6d3f7dbda7884b1	True
0x9683cc5f22b67852a958e1ee6f9a5a668acc3ad9	True
0x1a7c5bd97929d59c780600d54a98d69db5380de8	True
0xfc6e1743fbf131742c5a7cfbdd013b57ba771b71	True
0x1b99b36d492e2672b52921add503cb8a7b8d75de	True
0xc8901979659151650d0a1bef904caaa6a8e6690d	True
0x56d54ee864c36fb97f192c53f8c2e28bbb0ee61f	True
0x78639927a54e5b2e21de33b7b509c633aed6d67c	True
0xa5e2b75305f3396b5e338e7e4392d27446b15919	True
0x59b62f2db4a7c20e6364e284b50e6885d80c29ba	True
0x0b12c107a6124d754681d30392f3f51e1ea2c048	True
0xd45561f77f41121eef4793c9451b128ad025a213	True
0xca45c0fa3ba64a4d85d4713e5ce2aedfaf282dcb	True
0xdc28b2e9788f1484623845e2766b4e4b96812b5a	True
0xd108e8aaee161876142c4080c34afc97f560d999	True
0x261c8f8854a77cadf265a08520848f9c3cebee44	True
0xb42696e48e3af83f13dd6de94e3944a203d1be5b	True
0x9b131b25478fec2ed1e56cdbbc030d881b58cde7	True
0x18a555ecd4ea072168733d513b1fa71dc9f46b2b	True
0x9fd1ee903bbf5ddf9a80987b3f0d66d655110ffe	True
0x47d1b87fcba406fd7ab839921aea5e7076106b11	True
0x8430d741f09f402f5221005b3a264dbb4bbda948	True
0xba16ea1e1e26e08a4c882496bbb88df24117b772	True
0xa047d9c8f846e4f7a73ace7d16c8a13ab77045b3	False
0x6bc73e80dad2b008477c66b123194c179791c7b2	True
0xcc31326e9e1c5cfefbd492b6d17358f1537d81cf	True
0xd89b3f0da3c2242e3b0fd315b23af37cc1d038a7	True
0xbc5c86f7022e742d875f6d3c8fa88225db4f5087	True
0x513e5fb0efab2b332233828bd475ea2d884963a7	True
0x788e3f2b5a6307a3d5785dffe6a5068958eeda15	True
0xc7e56b29ce718abbcc80f91ad7ba0d87d9163885	True
0xa408dbc692e03c8aa392a56b0d517eb49d997687	True
0xa6f1fd4b41b8256e690e5c910d81d7c4dca1b085	True
0x5f7dc720addd69aeff783b737f28939fe1b3c481	True
0x9d9145dc840c522591f80c2387e8c43d34544555	True
0x6a0a8b6a16462b7fbcc23540e5020f3b22ddccb2	False
0x6696c210d8f882d65f0692550d1f3886a300e57a	True
0x21ab37a279ba2079a975015ed5835b2e5b74b82e	True
0xe063d11c56a241951f3e3a49c7ada044b6d18fb0	True
0x8c09f1a57387464e2f120c718892731047a424ac	True
0x748599894d11f19de5a6fb50be30ed84aee1ca4e	True
0xab8170c41ac12b94d2131a5425858c44469e41a8	False
0x15f20c2ba54ae315ac15ebf6577aab37b5e3cde8	True
0x29c84a0ba4551b7731a972537293b13b16ce0c9b	True
0xd7f730d2bbee6da4712a6f02b09996c1dd7e60f0	False
0x7849bade805b6bf949d55a17e9a7298bcf016b32	True
0x14830cc2a7cf81eea3a405ee16c9ce76e2f7e5c9	False
0x783a99e55b7dbf0d28df733d23407293aad62da8	True
0xa290158d0fb08ba53ea37d9fcb0c746e792b4f94	False
0x1bf9c46a6b9b6beee716e5cc7d55da2a41d5eec4	True
0x0454c8d137bdf95e0e8f7de9c2bb32195bd3419e	True
0x87401812f9fc70e8538acc12da133710eadd536d	True
0xa1a8619091b2a993fb87e2ffe7e5b0af8141dccd	False
0xa885c7a5a8c8fa71b59506db5a97adc52e3b3372	False
0x3ae0b25f5a49eab782abc1cfa0cc6332afc478ce	True
0x31ba18d3d0bd9a7b58891936ba4f99d1a682023b	True
0x3dfac9e44f5fb9f2fefdfb69cf37ae2a3fdac77c	True
0xefd3becdd3b93db78e3170c85c892fcbe107b7e8	True
0x65907abce9b31416c531bc0402e08ba366e26e68	True
0xc6e8997440282bfdc3dfe880462e694680c83773	True
0xbbcabbba827403e6dced8ce113f5942832ff4980	True
0x2e46ba2cddba1a63780ff9a6186935b6782bb330	True
0x517099ddda536cdbd86abdb4a36725f188ce4e53	True
0x6a074221fe5886f49d440a5a20ea38a13ac62454	True
0x0f6c1cbaee39ff3527e0c59fd5714e286ca007e0	True
0x630ca7780599dba69f0400c6658d0c3d30dc79ad	True
0x96b2d6ddc6f8c92b5b11cd615eb3a32e09eb943d	True
0x50c467fc79f38d94d330aa60356afbac80714d9e	True
0xf43a19c56c0407bb0240512924ace34b5c0eef4d	True
0xa281bb3f4cb52723ff8a4e4ac8c9fc44d88af1f7	False
0x3ee521b504a1a1fd856128bbd9dad3baf2858cc6	False
0x642ec585478cb7b0fbf5df80d528989f47e894e0	True
0x1e5f760819900456b03724e74ea9ae2aa373778b	True
0x57f4dff0016c6854e3297d0606cc254ce8dde4d4	True
0x7bd3ed06790eebed86624a9b2616bacbc6d7d2a6	True
0xe060f488a737c859cbc7dc4e7cc9b26e3f28a79f	True
0xc24a21166b2097ebcaccce2ec9b5d83c869b3a3a	False
0xbbe4c7954afbb9467c28b7cf3b04db681cb5c3ea	True
0xcd7308b11e6c8710d0d8e7603b2ee8a4a0371078	True
0xcfaabb8c447ea48be5983af87f444bc095225ff2	False
0x6358deca4445738ca127e1b1820ebe3aadc0ab44	False
0x7b45e5ae1c0804925eeec1f86e014c429c754865	True
0x1eaefa9bee1fbe506af841342cc938066ca4c359	True
0x5d2334dd7389f0745f30889115257980311a7b5b	False
0xd3f5c4c11f5cdd1b352e3216ac8d7f2999f75e13	True
0xbfff20bf1d3067a408904edcfe9ce5ea9f96e59e	True
0x7e3f85c5756b6f82880fb42d3fc1373b0a6c4f62	True
0x0e2b3cf40883dd2dbccbbbd1d21b4b58f37e47ef	False
0x31812196b4052dd00e04400fcc5b055203b54e41	True
0x5505a3ca85aaf53dec7095b961bb644ed8dd945b	True
0xe958bdbe062c06b2d551d995df4a8b282efcd452	True
0x5499e189da1153bf166deabaf4c2da2c9ae03146	True
0x02b6e82581144f1256810417cad691d9d55bde42	False
0xef3e08c7abd8b6937d9cab2f6824ebed3bd516e9	True
0x937c0d4b55cadf1481580a8b5c5cfa19b855f782	True
0x8de908d9224a5a0779daddc7a595b401aacd8c7f	True
0x4bc4475ed1a758526998fe1b699aa761d499cbb5	False
0xdf8617184fcf113912638655c6866f027c10e40d	True
0xb3dd02fc60961d0f10aa9396fe707c9e9ef9aa2d	True
0x6692db19b3fab522a065d7df78a060620e8b9b39	True
0xdbd481b2032ae7be318e233f9e9e49133a1a0802	True
0x31165f91196f3055a82dbe61b6bde5068dfaa368	True
0xeaeb9b5f3465bf1b115484a43e250a605a25f5a8	True
0x5d6cc802094f5e7df0435d8fdb71fc9af0d6b9dc	True
0xe300e11e2c0d7579f90bc997ede724a10923a6b7	True
0x57af8c84887ab1dedb706d73f5e1edb5c12cb37b	True
0x4cd1c8f8dfc24bd13677d9e2022853b06ec1282c	True
0xb67f0116cd258d9d7c17881c08d754b65158ce7e	True
0x93c52076a6f55d1d6301a30a847568775efc79a4	False
0x59a7bfb5e40546dd8309108338f387e7c85399d6	True
0xf223f49e409c1950cdc02a542c156d456ca00747	True
0x9edee5213137d94105a52badec0cab5d123f1b9c	True
0x9a6a92d3c82ca1cfe0b5c41a17cfb8cce044bbc5	True
0x98dda144a5fb9d7c479c93b04e4aa8300640fad7	True
0x8e90929bca0dbab6d3a65bdd0a38c001064a4663	True
0xc1b1ed2f0c68f99a7bc43dad36036dd994b0f514	True
0x33d419129491f7b7f60ca957f44469b1a46674ec	True
0x46ff8e7390bd859e63752ddc7426cf987bc90e1a	True
0x88c9ffb1b2240f6da5388b2d9e80eb1da44bbbf2	True
0x81af532b619c93b94d0a4c9a330b405747881e64	True
0x27a3796005c0da7acbc7055d77ad8c40c4f956a1	True
0x7d1669b1ad69953ce6f564526af09daed3b47ed6	True
0x4fb9d834d6d142bf5a4d85942d7cf597cd9d2f84	True
0xea022395c9619d34bcc645005f5f7c463be84787	False
0xdeee249b869d39c6feb4768768989d08d240296e	True
0x37c936a9bb89406274c44a273ef2891e3750e0e0	True
0x30b021ba1b2d226b8864df8a85845209657ef915	True
0x0ae0ed7cee886c023d2031226960e275e4555de6	True
0xbbe3910fe36185d5a686d931f6c9d1ef13d6f5c4	True
0x1c842aa0985ed8f8c886ffeaa761a5369343d33d	False
0x5b53165ef8e4cadd7cbfd6ad016316dcc09964d4	True
0x3ee9ea4eee93ce51a761b327f9c8a383a33295e9	True
0x6a37b7a844340afae8e77e844042e320a16a151d	True
0xd391fbbd4cc2af9f50294bf81ffea151bc875fba	True
0x9f3ebe51ae1b4f246ce44f06d95307d3b1caf423	True
0x8b0e22edca11ceb64623f8caf3d7436c50fa044b	True
0x5f44bb036ce3d6cbe289467c5e3254f407b423bf	True
0x83cbcb67d3ed815dba296be571f0a13f2c91451d	True
0x84bcdd004b31537ec638089c3b9f0f6f1eb462aa	True
0x2504007231b974dd04e1a24c6f8ebfda07e87eb5	True
0xe2311d6d0670a1a668e08680faf10c234671de03	True
0xae6cce0da4c959b965e6c20761d51a54f91e4864	True
0xd57151f122ed53ed09b92ca68a471d48c520ef0d	True
0x4a8db3ef76de8fd8d4be842a84160f5bdb1b0c0b	True
0xe52919357daa6128e31b4e211fb8772438561bda	True
0x907a0857c6d75bd21bcfb22ad51e6af07d389d13	True
0x051f943ff2b1ec711917c1be563d8cb549940162	True
0x7eb08b9079f66e595d634a71e9537764d99ee739	True
0xdf50ff9be4ab14c76f24b6e2772209dc0172aed1	True
0x84037ababe4b1e8c8dc405c015d0abed1a5fe9f1	True
0x96a55be5216d5542db813fb021f0a7d49f623e85	True
0x27efe1bf20f806825c20eb8fbe98ce8c3dbcbace	True
0xc4c8e7eb85e5946a834fe95b2485652ea50b1a74	True
0x1fcf238d7bd93bb82548ae5b9edf0b33e06f6721	True
0x6a1571b2b4c193b942938ea10ad6de5dc9aac442	True
0x7207bdefbdba2ef9d44e2b22ef9057c3daeee9e4	True
0xc185fe491982cca0539367b26fa047c7cf268cc2	True
0xe60ec3629d725a1133c02517d691ec2226d19df2	True
0xb86869955ad6b35b0ec6713af16133ae772f4005	True
0x06907122c131da93bdcf14c4a47931011530d205	True
0xee4dea753eef394e7e63a6c3ac2123d7eebd2dd3	True
0x0e761e1686215666854a6aa2546ef63db0bf27dd	True
0xa536f21bb519dc27325b9fd4ee4461843c30f997	True
0xc857c63240a28a32ce026b8378a7b293de8d3e08	False
0xa2b5268ff1a9c0d5d5aaf61e4a9b1aaae7ca49fb	True
0x06b8db239411c96fd7b94fcfb6f9b6a95cb1cdbd	True
0x2d099baa7dab7c639f723db57b7175e9ad5463f4	False
0xe69377476458b873617235040ca6ebe17877241a	False
0x92a4aacd093c969524b92a7af1f6443b2a0f0d80	False
0xfe7d51e9c701a96e1e29729c0873dc1d3fe579da	True
0x7153d0adfcd63c46d120c76d9d291cb1b052f05e	True
0x70df0ec9aeb21ce49ac7d02e3acacc15b96bcc77	True
0x9317019c1c99ae2dfca179da452f6bd915267f39	True
0xb640adb0455665f0121d4bc65158b30fb4cc2023	True
0xe4f1d42904547b91925bb111b054173f640af883	True
0x1fa429d6f04424f16bb8eae5be516f6b747e1c8d	True
0x8dd608ba0b4bd77332a2224524bc867d301ae16f	True
0x67448cac5990fb1c7e6a1dbfc117aa94cd37b9ac	False
0xef65c51e776f891b3929e43521259b31788937d6	True
0x25a7747b4adc0987fe86824968ad8e2c4a99bba2	True
0xee1a24121e54e80435cd1f923db7711eb2ac59b4	True
0x960e1205ba33918238a4dde74ac8bdced5d3f5ef	True
0x35adc2f4033077be3ce307b717ce1fcd8b0e29a1	True
0x426df374a3deedc02899418d3870829dc43dfd70	True
0x107a1443230e352956eb0f88f9bc9e4bfc2974c6	False
0x391ee930da2454e56a12fa3b5a9ef22a6a01293e	False
0x08f1d5a3388fa071a99c80acc9c951da62a3b8ab	True
0xc52841ff2b8933e59deb92644fd69f5061cd3a0f	True
0xb0ba87109f7639cc3c8b9a9440b1a5f4c942da53	True
0xb3a58ac434d8d480bc993b3aaaf246a73531c1b0	True
0xa7d1c63bd3874b2a9232fc0032017478c33b1f90	True
0x70cbe57403abafbaf0d177bea3bd94396c231bf5	True
0x4ba597ef2f3fe827503edb71716178933621147f	False
0x3fcd9c799f74220653cb60d4d8714242b06d7e3b	True
0x7ff4f62ce8862030e7afe918833b05991b710388	False
0xad859fbdbc624b4b8a306d18bf6346ebc68926c2	True
0x280f55b04249e7d3bbc62c419843b2e3a75f713f	False
0x57685db4c94b3dfbf49f0f79031486f4094ccfcb	True
0xfab254bccef84cfbff5ef390006e057e2e550511	True
0xe59891a8da8e1864ac74492495b09f49afb4357b	False
0x013eb61abadcc7a19b1225fbdf361b24cccfd51d	True
0x56e2c85cd05d040b369cbf1b40aa3032cab8d0b4	True
0xbf39fcbca3555bc4445b9490871a9258c120d1e5	True
0x1b3d3a4c16249c51fa188c639112fd77a6b1dd6f	True
0xec0aa9b6a44604ff3e8071966396fb3aab268877	True
0xdec91549ec1ce09c4d499eab0ea2f52c16469cf6	True
0x282b04f44f675c9acc99b265716ea98d3db90cdf	True
0xcd07e5f1be4b8facf19b7872ab4cb1fd4a94392f	True
0x3db5f83e30e3492b6b2bf581e22e92362fe172fc	True
0x202ba5e28855918d4dc905f173afb9f62e3068ae	False
0x116224cbdaa12879bcfba34e52bb67fb857169a0	True
0x0487d8b15b06d5d50045c383f62855848b2718da	True
0x8b3d4b84e8197bb1a745f32ce802893f7d603c5b	True
0xc53c80eff95104f4b63e7232609f4549a0795409	True
0x085a4f636700eb95b85a0a90d285f9a823338c92	True
0x54b3e43a21d5f2968f3d89660ec426f3d9a5d9b7	True
0xbe0985bbeaf7cc02dfd391e96bdf85445e101b99	True
0xe8a802cec8781437ff0a594d7d1f8f5ae10a3d67	True
0x1a72ae80dda42560103aad447c74250811f34198	True
0x95e6b131161c65309229f22582d85067790f4e8b	False
0x5800be0ffc743794393cab65c423a5fbf1f3defc	True
0x00558d4abba0d30d67fe0cec604df3345d3682a3	True
0x705b015b3f311228b2aad11404ad9e17a2695037	True
0x93faf6c17b85d258da8ba9d7e0515a4b82db87f0	True
0x1ef1fa616c85b580cba6d74ea2f2c799d35ab5fe	True
0xf7785080324a6e8f405b9d282685633621c2fc26	True
0x3bb6a365fb52cc0e506fee9a8cbc56625e547b93	True
0xc2af977c8587cf72eede0613a01bf0c29f82aba7	True
0x5ce915e84768dd9756b5b6f973bc127e6c1395ec	True
0x792a08321d2f268eb5672414e49415fba15041f2	True
0xbb27e2a8b48a4432d5f32c8d6cad0ab1cb1d750b	True
0x120525459404e8b970cb5ea89793d6d082521fed	True
0x8998810c74515a9a5439653dcdf446766b868e87	True
0x1d77bfb62fce2edb9605403baf546fe71525c992	True
0x0beafaef55fb167c1a2cc1c820fbebc831b5a504	True
0xb398fe4912b62491ac27b22b230dd5fdbc419ac5	True
0xacf30237110734407555f5c4778d1ec22ac81967	True
0x22a99b752f03bce9dd6939c8e998d17e5fc2c4aa	True
0xea6a4b5063523c91627cb3515d0a1c377c325bb5	True
0xe6844fe2116a6b25bb17fffdcab5bc1c19a2e8b1	True
0x6456cb6cea7a2b9c527b8d7a648d72a24f1057b3	True
0x83ac364c9fa1d88e4a4c9815aec1fb1c3fe13833	True
0xec14bca16d2d08e3c64611148588ca04384d3f3b	True
0xef4bd009e086c982c78d759937a1718ffb003539	True
0x1b898270413646cd4d445a258497d9a3e2d145b2	True
0x4c0598433b033b0472b15fe83abacb072232c7f4	True
0x6f31019521bd8ff4ec1783809d59f523d9b3bf9c	False
0xa73531714c5365354f1120d19e26af32a725a260	True
0x3f848cfdc883b23335aa7dad7652ef08985ca220	True
0x0d99eb223533492bf10caa390d025bc9225f9c15	True
0xe52f50240e1cba0c7fa640cb3f50dc9ebff9fd39	True
0xfa82a26a47f9ec64de8981a05b90634ee6b0989d	True
0x554cfa6c7cd4e92782ef24193a0bcc3aa9e48402	False
0x12f625773c74669b49d852520e93e6c61cf3e95f	False
0x20e5ae11fdbd6dca620e18642eb7ff931cbf8329	True
0xc00a29f27e6494f50cace97f28518434b6935abd	False
0x45da1a7e47aa8f8be4db9a0a53cc64cb4edee5af	False
0x997e3c2fcb7741f5f4c61d2021455665d4ea8c71	True
0x6d440ad5247f2527cae7b13e720ab95da6fc47cc	True
0x793d02bdc7332d70c9e3c302c9d44e0ec67a659f	False
0xf4ec59246147dabc59793157b21cd57aac52686c	True
0x1293938c95f2aad07bd6ab03c8e73b352c70618b	True
0x184d3733825825d1be271c788887681749690b49	False
0x2aaa54c5c7651a4e37f6b7095103381b9c0c31e6	False
0x87426f661b3573c286e7bceb29c70d4c19ba7166	True
0x8984c4d0edd59c691258ba8b646013146396de83	True
0x564e13cfd7b836bab46b868f2873c2d72093367a	True
0x44446f3679539846d248f6cd7190b3552b52390b	False
0xd821bb32fb1eb427f37671ef086d785bb0455481	True
0x6aafa8a635931286dd9a658d8b4474adc08b24ef	False
0xc15ca2c9cf0013772ef1580db936d2e8d9c8e3de	True
0x3c586d935da36ad8068de666ff02aa6aefd48459	True
0xc6bf3ad2e7048b0a6ccaaccd95c850e01cd66f37	True
0xb8269a0832e5f918141e3edb38a3beaad89cbf80	True
0x4ed7c3c5cc314a567abc65c076b39ffd41fd9960	True
0x9eaed91020f0ed2518819495efcac70702ce25df	False
0x62fd3ad07b376109205f4b58911345a97c270ac3	True
0xc6dd00a1aeffecd6f342a5e3ac08c257ede28907	False
0x3ef695917af881972539e835c692b3a0ebb53595	False
0xced45b1989c2df8680fd1957173d510f4e3bbb50	True
0x5ecb2b349d7197520dad57a6d5ce72b841462980	False
0xeed0894ce849e495a2cdbdea17b289a0bcd3892a	True
0x91710cd4e8c7766bcebc9c7b348a15942d4b19bd	True
0xed1dc89a3b13101523a5c793c567130ce7a3b5c1	True
0xf913ec84c8dbb0088bda8bba2e1b8c6dc8d6f7e8	True
0x7fa91020aa4583e0b57e4782acb0f96b478976cf	True
0x7689e914df91cc64f3954057742b82742ce5edae	True
0x515e2425efca178adc540a6054403d175ee90f58	True
0x22ae17795f9181f0ba063809771a9f53a69f68ac	True
0x88a1c7a0d63d65e394f58e06804286bfca82521b	True
0x4435b54ce69f3fb4def9f328e75d3bbba12298e7	True
0xf3fcfef635f2fbfeac1d6f0dc35296666457d422	True
0xf72d99fa910294009c9fe2a1c43bc766e814e2ac	False
0xa0aa1a32baa8bc3fa03660f720314ef545602115	True
0x5a84b71aacd8efb0db98c59fb51fea69ab8ce7e4	False
0x99393638c610da3f595af34d8fbc2520e8b29380	False
0x970378f5481d7d6d27162a8ae3b40ca8504d886a	False
0x0e895e0aa65d9ebdbccef83a26553336810f623f	False
0x0ab66f9f0e78623e238a883c1b7e178637515b56	False
0xdd90715d943730549f1d969b04f1ff016fe62757	False
0xc716647e1430777b9103c61e32011d7075c98a88	False
0xa907f791eddd3c2573583caadcab3dd7af142cc5	False
0x8a60a86e358fef3b68a6461f5fa37f9821f47528	False
0x48ea65d0c9216c4294a334b4ad40a4908226e6f5	True
0x118f843045fe1a3b3ebd5c87305fc00ceb1f51aa	False
0x70c6c08aced61cb5c6e13888c97b30c6b152378a	True
0xfd48bcdf5d627e4fec1cd285b384da91abd61605	False
0x79d82c0f0f9a83c510fff1cc6d3ce8124b1520ce	False
0x11f91009416e768aba0f55ecdf8b15358d2dc7f7	False
0x9eda0d11e7d0760ea674e014566e151b6d12c6bb	False
0x535435e47752165262ec568bc8e43724ce87383a	False
0xb55d6ab703439c20173cfb4ef31fa4cf381417db	False
0x5850afb047a0a2dd29d1e932ef2c05122df886b1	False
0x066bfbc6da091013c9d196866fae284f7660795b	True
0x1fd4a72c2c7a0bf1a19b9eb8fe2fe812aa37e595	True
0x05de2bddde0905e687b5df1a307f37aa0bd356c7	True
0x347dd8a5d0172605b2aea6b855ec8bc465f21a83	True
0xdb64aac27482d3bbc651f1efc8188b7636857133	True
0x75334a266b186956016141cb80a9a061ccc46b82	True
0x2e0641a9c01260f6290c0c5b36430a155d25e280	True
0xe56ff9019909edf92dcf4e112f2a1e0d42cdbde3	True
0x2d6691b0789e1b9987cec46b80c786ba3d309675	True
0xff730791bdf4f56f919414f56c1deeada6bafbaa	False
0x76395bbf20dc2e17b8666adb7276356322a758b8	True
0xd83b40c00a78035b4a0eab22f39efa91e666bf5a	True
0x78c73ac7d049c849722c9c0193643d57764b4902	True
0x4d008573f40a9243ab8744c9539b0fb160afb7ff	True
0x2252114dc0a62e51b1586fb5c1ba07b25d04403c	True
0xcee31b0d723a5b55868cbd148c6fd7ef04d1b0bc	True
0x24c4aaa6084fc2a2adc5b88dcfb013a98f32db6b	False
0x97eb5eee47e287eb67eaf17b3f87bc9144b4a8ec	True
0x5e3a615ab891a61385cddd63504a4eb09deb2412	False
0xf04e80763c8d310fa39d900fb7cea3b6fb35f4cf	True
0x76b77f43ba8805bf4c9c0e3bcc1e11ac03891234	True
0x2313e4de00f135eb7e53e2b1e490e4523075025f	True
0x1c87ef9860c59e8efdf379bdd63502b438ca3053	True
0xb3f18fbeaed7a2c70f6978ae5a7e66eab2847121	True
0x872b23a16240e78ef4bf453e89d6cbf9585752f2	True
0xee418407a020647ce8d12ae2614e0a310d24c0e4	True
0x670a5d47964d8346406e4ed7d04502ce20d2ef4e	True
0x941801a2ea4d9d902e2b37affba33b531054b7db	True
0xfba5485a8612ecc73d2937da4535109f121979a7	True
0x092338b7e97301c4cecbb4fbf582266430acf793	True
0x5e365c93029bd0837f755a27693acf4196dc338e	True
0x5b1ba614b9cbc0b0b4986033e7c6963adc04c5ff	True
0xa8778f9725295de66d25a9f77b43f35c44c1c627	True
0x6a63a557afb1893dd5fff3fc7a0e4aa21d8a46f5	True
0x669b5fb5d4478475180ffef2354b388f5a0baeca	True
0x7f01f9ccbe7fa6cc3ba5746f2fd0fcf84872ff59	True
0x67645d947573b7b6c53118587146bbe5bf64e199	True
0xe04f9ae73254fb85537a80785310b4412f049611	True
0xba3fb96bbd0e4ecfeef716cf9f3247bb817e8013	True
0x3ab22beec18e1bf69040890133fc5dec00c42137	True
0x2a1666a640d7ce42a5a597c95335fa396d1a2b15	True
0x599b92daa6f359e7a26b956e27c33a365e0c50f4	True
0x19b20e14b4cc59bcd1c1dd18e347509aace7ed16	True
0xc383860dd4c133304259b801ee4e1a1b00723343	True
0x3fc16964cb80aad7f32d465bf9d2acb9f9c8320e	True
0x3c6af04abb41dfd3f197ba05bfa55ad2db2d689b	True
0xd91967bba0cc2ce283a1ae7484c6ea1ab28fd761	True
0xb064a944a7edc681b5779ac361fae23881f962db	True
0x2e828d05ed149df11dde34296ce581f2f8cb407b	True
0x7cd3fb28c073e6cdc15298cbbcf44ec15a843272	True
0x4bbbd4b04ee7b8d54521ab0e6ca4f2bf1f850124	True
0x4028c11aac7fcb90d0a8e16af404c79bf4648c65	False
0xa7cb2b807ad54e9e16f489740d197491e2b86b2a	True
0x091726440cacadb79fe10173a91d17d74f4c5cf0	True
0xdea51f2dbd0d764168027aa73a99b3be6f9eea61	True
0xabea795e333543d9acc47064ab5970df2fd3ea85	False
0x199a684cb8ff61e8c796bab30a2bb637ac8579b7	True
0x25c8849288a4d210831c9b6e866cccae5bdd4e32	True
0x7436a899e740064e2bc5b20d6230b6e2cb942d37	True
0xe7063a7ed33f227cb91b66b568058ea5a174ea1a	True
0x80c269d11753a5dbe75b7706d18b8e1bf8ead011	True
0x70655a126fd93d37b2f0d7660b457f973f6c5366	False
0xf65f0ddb82e626b984008cd9bd4fa09457a993b9	False
0xef84361bb467e065e1cac88921c3e664ce657498	False
0x15bfc74f1e3ef8bafc38b95971970ecfdc6ebec0	True
0xb9b4c115fd646ff2a44fc4e447f018c22c559863	True
0xbb04b5a84556d098af179e35cd65ae8e906f71a6	True
0x53d1864b1e8773a76a1dd42288bf3756ddc5dfa5	False
0x9fbb6f3d19c10fbeff1e9e280dc8b4a9afbaabac	True
0x28c5d228771dffbf3321571f132d5703505c16a7	True
0x89aba6353bd99bce1ce44d1a22838ccc8ec22317	True
0xc3697a855c26202a0fc79cc8dc862721824a86a4	True
0xa8581ef88545ce7321899758e7137064780462b3	True
0x014c376d9ed73642490fbddd825839ac8bd031a5	False
0x8b0f8a0808192e237469a70e1cecfbe3aefd37a4	True
0x2665a1596823669c1165822b50ba8367457fe823	True
0xf46ac3faf54ddc3385aa25e066a1c239d8a2fcfa	False
0xb081f9109121245e5c29c0e4ea3108bfb4ad1a62	True
0x05cf463aef02d47316d4ba5e88c6d538cf5d49ab	True
0x2a308d88c8847581fff2c2e08afbc6b0c0291050	False
0x356ea3d51c6fa0c587c0609741018f6f41b45e08	True
0xf4bbacf7974d24260e3066ef9c6c2251f6b89128	False
0xd02db4c7065cf2720f67ee5c14a7bf4fde65dbdd	True
0x52f6ea7a1cd1c267d5cce85538c7fb98bed42bee	True
0xb271e0b6c3503c00fbedc134796691e7bcf5b79d	True
0x449d5d957a9949db36597bb9a86d9ce049d4392e	True
0x9f5eaf56ebaf65fc36db9aee6aa8c3423086f752	True
0x98f13301c3906a003e9504b96786584179796982	True
0xce39215cec61523ec707f843ebbc1d894cf2b2ed	True
0x207adf23f89d1042f57a2627e907b9923c859c29	True
0x96b3bc269a5bb0351ea028a6f97fbbebfde0a41e	False
0x4ad69cc5e9bc692a84cd93ceb99bdc8ece9292cf	True
0xb9fa79ce1688a9f7f38e9860755f521fd309c750	True
0x50370c927fd8d392ceaefa7a111db6090c6e8080	True
0xbe5504cacf0e3ca8c273ca5efc816143e71bfa7a	True
0xc20f3ab8d21032a3ac1fd54467d5ef9578d3c0a9	True
0xb349f8b896f979dc0d8fae5f3d3020f78cf81258	True
0xa3ff22d788fe52340bed289c54228b263a170546	True
0xeb9460d8b7a8d073498b77e9e3266f9cf6a68895	True
0xf8f30291de5c3bb86fb67554ac2f20f87328a1fd	True
0x8e44db82d25ebebab5e481bad9d375db9f7f6268	True
0x4a20abf0be4ad12da09ee464fdb544badf45752c	False
0x046e9895499a5c2ebaabf1721a3533d84297ca17	False
0x93bdebd08ba29f5208e76f5e23d7c8d9d785aefb	True
0xd901923c90928c490e5396b61dd9e681463e5311	True
0x0b4a13b265d345628ac009e00c53d082045d930e	True
0xba4296abd22266af6366a29aeea8cf8f13d03e9f	True
0xe5a6da83c80c6f768add53e43e4bae0a8ed5580f	True
0x7599c84de19a30050c668ec5a4f2c9a20ca2f2ce	True
0x7490aac2960aa0640cd129c1616c98032c1955aa	True
0xe9212e89ab7aee5d99b97050d54c5eef155b9f64	True
0xec45e886614c706c77976d24a72c67c0d739936b	True
0xd17ae12751da386fc817b07cef9006b68b32d0fb	True
0x477fc50cba93b7599c41bde5218a0bc63c08b850	True
0x29775ef65a9469137df5e8c611395aa780062aee	True
0x3d2475307d7767010bf056f34d321aba2cd2f62c	True
0xff7cc71ac2acf71053ecf93750da2156fbff76fb	True
0x53faf70a0ce24c75a576e0275b1b5f771c151e48	True
0xb3439a3697316f83dc3e24b04f4de60facca4e71	True
0x3d6aa00651333e7d2e1ed69b949863633cdb8e3f	True
0x49c93b08c12e2103026508d117e36554c5b82caa	True
0x5e23eaa3c14ce7691c047d4e77f1e5ce74e71555	True
0x8ec990364254fff5cd7c39fc79c93892b4270123	True
0x24b54493befef9fc051137a3e6e171ed8cdc717d	True
0x78393f0e89ff0459a9c646512c9c631335a4b352	True
0x5268fc01d4fc679c8d9984470d2db5490b1e97de	True
0x23b1928a9ab6983eddc4ae0b45c9785e4757d43c	True
0x9268e4ba4807aad29de49b4669b1351df87ed392	False
0xcd6d4d708b18abfd3877190a7f51c7bad1aef672	True
0x3630f12f011c2b5329d3016fb130a65bb03cac33	True
0xccafc028f812e2381fb60d5783e03978f2d31d7a	True
0x86a72bbf7a7aa6ee4380d876210a1e7f2b6a2573	True
0xbb826e13f9343ba600566071a86d9cba0e514ec0	True
0x2159d3a77979bb49372e389652924aa98416f68f	True
0x08a093a22348c1d35f8cd3bf7a899014a298fa6a	True
0x973303c5b5a11cb627cd0efca0d19836e613456f	True
0x80d1d9493b7aa199cb0c9f6141ea70f2c94ed482	True
0xa58bc78a87592718ae6b2cc742d84db7d69cc9b7	True
0x1fab0302cb6e991282ebc90edf5a8dbd7be27628	True
0xccbf6016d50057bfc0854dc8105e8b6304b54188	True
0xbe9679e855aa3a0b6faa410ab5696fcb6c0c59ec	True
0x3583e73baa8ef08dbc39ad6bd132867fcec5d47a	True
0x3f8bfc413d690b11ed09d78659f0f2b7305caba3	True
0xf599a3c702d18dc6d9f0e50d11378d78920ac7f6	True
0x184c59ae7573053545a2b5debd4822ffbac6f347	True
0x068c9b249a0f50198d9b65ab3dda5c68e16180c9	True
0x8caf3fabf56336725450f50501de6dcf000122d5	True
0xdb5a044dae5723e10dea0b4da3dd9695ba2b7f7b	True
0xae810b82121ef1cb6584e44a3d5a5e063042524a	True
0x36790834e727f9872185fb720472410d16368b64	True
0x5bc9fed43578e1cd74e1472bb19ad1781c93bc7f	True
0x672c225bfe73b5154f7b42403a32464a5b87d142	True
0xbd56a74e85a82e838c19ecb14822b0e65a3d9c92	True
0xc9a22008da04384848948f8a08fcc6b3c123f9a7	True
0x50ef4f5a5179476e2d4e483e4793e79027c0e49c	True
0x1cb9d2c320d8b43cfe0145a5e98593167db0efff	True
0xb95d8e1a9150df33123e417ea344f204f65f7c3d	True
0x5363cea2b9339422c9bcb82153e7d096aef96684	True
0xe21f708659eeeaf4fbf8fbe504dc2397a8097ada	True
0xfb63ea79c3f7e82f42f7b28c23467e5038db565f	True
0x662929e209763a00d4bd6ce826231bbeb9a4514e	True
0x8cdab1fb1d8fffdb0d4da96556a758a86673daa4	True
0xf7947439f5fc1c5a669bb09898faf0858fe311c6	False
0xbc6189e80a9e9eb2a38f4021e73506a149c4e48d	True
0x61729bc067343fff0ea185c2c446456a7794076e	True
0x430327a51a0c0fb1c1a26a0f6e4ddbed65383a34	True
0xec7948f55d26be0f81d65b69616326bc8ee41c5a	True
0x8593718a5930e7249be04b207736ebe91040dedf	True
0x58310f03f685d81ea0327a794ccee4914bcd9aff	False
0x6e6b58211b372a8db40c8f85177dc9b6bed0eca4	True
0x80b5da925ab8b3eefbbf21364a5897c6da3a424c	True
0x2f89f994cdb34249a93492cddba923635343cc41	False
0x17f36e5d3f20350e9d03d5fb4045a5f5a684946d	True
0xd4c0d5c190926b39fac15473ffbd002bce2e1c86	True
0x68e42f24a5caa9419d22dc6cea08b75a6588e76b	True
0xdca047ef09d2ea5fe330abd90520bc9ea2d5daf2	True
0xdb6fb869937f540b5821998ff3fc46827d22281d	False
0x0a4b8454e21f910ce5844d93945bb65f24f49ff0	True
0xeeb8d6c643a6ebf6c1bc61046620cc0870a489bd	False
0x4390d138feba378224974912150c5bfe6a874021	False
0xe13eeb2be8a066ad27f644ddbe0a05ae51345a53	True
0x3be8e9fa1ba27ac9ea8ace9f7d5ecdf6fe1589a1	True
0x91cd2721ab35067fc15c219afd55376d33f9b9a3	True
0x79e986d130daa26530a2dad2b7ab43747f235680	True
0xcaac76f0516969b763f6335439cf97a2fde4425b	True
0x9afe15bdd267c1fe1f75f1613ce82847977c92f4	True
0xc83129e82b53769c66266e2e9697b6c5b3a048d2	True
0xeb57d00bdfa202d73b4fc09f6bb4541600ad0f55	True
0x0fd17f9300e1062a9ffcf1102f609678d828758e	True
0x02d555e9c920ddd56b9863208956d8f2a65763f3	True
0xb5c26ae29357f58bf41f8366a20a64f0b4d9af80	True
0xd81aef6d3a41ab094f466ef178f3e26cc3a9c203	True
0xa4ffb69235a1baeb743bda8c453ad58864806803	True
0x3eeb871490486dcc9006bd32600dda15ea9fdea6	True
0x56bfc0629446a67951a214ab21539bc456e61690	True
0x8fff9f52030897ef1e778df7c18c51e4760e969d	False
0xc03af5d40aeb2fcbee91a93f466be6fe7a319ab9	True
0x4fd6c96477a66b731c3f6fc5490023492c041c82	True
0x2378f95f50b0857ac540c3d512b2e6f52432a252	True
0x5dae9c45889224b082229656200d76308b7ee563	True
0x6419c534ecedc5ce670c699aa40aacf5c260e03e	True
0xfa4d0250769b07fc132573ea38d758d159770998	True
0x4ff21f3550b4654d387d518250c209b52483e5b0	True
0xb2c185ec80bcc386a056a64eaca763c8a75d8363	True
0xf38c5faf33cb9da71137bd556fc5b7a5b2728a9d	True
0x335d7d1d4fa9502aed2a30c0a3a459e7701b83ea	True
0x5b0d2140b195229d9ee5df83f2484e9888de993f	True
0x85b0432ba7683ead533c30f36daf633f38ee6b68	False
0x26553c2f78e94ae4dddb570c215f46b0d477ab59	True
0xecd9c55cc4bcf109c2e20408e10eb6d9c07d00b9	True
0x469c9b763552e942bb0334b16163d56ace1b0745	True
0x5c81344af3bfb383fe576b38c51e2086658e9932	True
0x97c79fd4409bc27007711e77d0f77bff878d6095	True
0x30d5695b1e74d28d1e50c4f243c90297d8eff403	True
0xa0f91ec382ea18c2e93ed23dcff63c16021d1479	True
0x803a193ceba7e65c98c1f944e6eda28837aae6ba	True
0xf436f272058c1d8fbc0b489b00b6b187f32842a2	True
0x4a3113d696bb86673a6c35874dd940e5571d6b9f	True
0x181b64c6d86113734c54eb31f31f9dd6927b0cc3	False
0x1ced1e943e83e1789a507a430a165a478dd2cd1a	True
0xc045659116df13e16ec85276995b24303c99044f	True
0x6e41dc199e1874d5d4a8bbd59b93e3e53e7c53bd	True
0x382e8cd926fd2c9bebbb6ec7b181b9f8061bde44	True
0x572e4327131e9c8739870b3efd5b42fa9271338b	True
0xaab387a87cabf00aed3ffcee6207bb96d8b042fa	False
0x1626894bac08beb6ea867f1adc2378036a12eb61	True
0x07e94679867676fe17f8c975132e1f7f9a4dfd89	True
0x6c8320dde5a877b3ea3eb6dca487e0ca59a99456	True
0x3d80c55f12b932160fea3312873aa7d290d74e98	False
0x1b904e87ea0b7ee30b4f36abcf2d216e48f656d4	True
0xb856b571d893d10755b96c0c202056ca02ca5a2d	True
0x4d01dadf0bc0783ed872ddded641bea6b179e39e	False
0xa64480240502eca96898ae6e3c4691efd99575ca	True
0xf09f412e39fb9b07da5fcd61e6795f1fb5801f12	True
0xe819a1c29c580f768c652970a7de6d2446de29ff	True
0xefbe6c26f88f4ab1c16456da13426c63ea8f35f8	False
0x5a1093fdd7685d93b20d4a5a422fa4026d758790	True
0x4a76d975bbb3549db15aab4eb76b75dc32d92769	True
0x5dbfae66b0741528b62ba99c22cd718b4ff5590d	True
0x049e3e2ff0f2c12be23d4df2899ee5a6eb3558a4	True
0x30f76d6d5e378cc3b8a2fa1661e02689a31b7d70	True
0xb2e927d778cf11a81da730bbc2ebc997dfc16cf0	True
0x760ed68c8260e085bdf008029a80542565ce87ca	True
0xa82cb1d19f8c62d42b456969bae2cb135e2c1bde	True
0xadb5e2b8e50afb81054c3c39299a7cee9a3b92b3	True
0x816b96383e3f573db00e038900f0b59cb13da5bc	True
0x434cf0ce96a34d871dc66988cb6f10b7028b15af	True
0x89858a3a3f4a5ebb57a27786d31af469b27e796d	True
0x1693c2b712103e76f813485b0f11a4f97488d49a	False
0x73e64b4e75ea3cabc2eaa6d60763c4874d9fb005	True
0xe373b3bf5ea2df5ff53a7a5b21d60c6cf8a90065	True
0x5d3aa7a02b567db45030d4335d97f53691f16d06	False
0xc07929e92f493c510daca812824357ece674f586	True
0xc38d3ddbeca4280ce487881f950134f47a514dd7	False
0x48bd9b8795b90ca109f7199a439f0910cb4393fd	True
0x577a631935397a47f39fb816531f26f3d54c6cae	True
0x9263b8ea21769a00708e5c4ae2b4db1eb4c06668	True
0x23a1c6de0a03bf0564de3cf939487667478be7a6	False
0x069455d6078739e2d3158a2e9f9aaa3075dc0007	True
0x2719a878264ad8a3fc2999892196842a5bff2380	True
0x6bce01a7139e2247c7b8ed257c60983af5b4e505	True
0xc75c7c21061bda95d99b3e79121559af7f61e3ff	True
0x9d5d90b3ddb6a7e431474991421f6142d3bc8f24	True
0xbe8c0d471554ef8ed12ca063170fd97db3cef67a	True
0x89067c85f7b5568a65d364d23ef5a4ba1b7d64d4	True
0xe3fef9aeb288afa2acf179cba6242aee9333ab0b	False
0x3513541fb1cabc1fd69476b35f1862012d6a005f	True
0x18c226382dd409034df350825292708948c5d92c	True
0x351573636021fa571e8bdbca7ccd3ef7b7ca35ac	True
0x9a9c827b84e9a5b2f11801dab0dbe694cec315fd	True
0xbabdc3100817a77492c9a96af61228c7e6e2feb3	True
0x574c30fa5312153c1e2da1e5c809d5677d27030a	True
0xc6edfc134a134fc4594e3ba91bb503dfc2c860fa	True
0x480b9dba36c35c11d92aeb113378ad36d9431724	True
0x3851fce6872a950755181422af58f31dcfaa3f92	True
0xa402fca270e4ffb222bceb56d5e8d5fd5f73a6b8	True
0xed2076d86d63fe738c00a4002e61e910c646faff	True
0xb34db569541c162774f4686197942b025a4c8bc7	True
0xe1df3c028e91d7330a1e98418c2f1119a30a0c06	True
0xc05d4b072d7ffd896770c1ed5d1ca42bb1d30e30	True
0x4003cd555e97ff154916c0c1b332e1c728cb099e	True
0x49f20ff8ebbbe4feb4b1dba1cdcbc1e10e2f55e2	True
0x7927cc30776b8adadcb1cb43325157e0bb8c920c	True
0x0d0249e39804486b8a8ceddb910bf41647662a24	True
0x0b2d488e01aca88d14f477fa5e4f9bc08beb33a1	True
0xe64752b0326402ee5e9d9d02f5007c976a5d268e	True
0xb6e064e9308ed72d619b168be7b19bd2d842c7f6	True
0x4ea7c48025638763ce7d58684ba1220b8195ab95	True
0xa2efd903cacc92dcb8ef24d11950a6a3c7b18b87	False
0xa37276a9e2f94f048724a354d7d46ce640854bf4	True
0x1c87c3d38cc34f3b5c741acb93f42aa3f4c63fe3	False
0x3dc1b90d36a5d9c3282b342bc90ee64a49ce4a40	True
0xf43b9d34c6b60ded511bf671169f78b4164c44fa	True
0x8625c303e2a4114f03f2f15c36fd41103bde56b3	True
0x1dca3a515fefda77d4817e795f18d88191d3e52c	True
0x416b1607470a10c11260e6f67d53ec136ae3ac73	False
0x3e98132b67e3374aa0b3c71f84ad330047b82c2d	False
0x22e125527b59d65f0a0c2f6a6271bab395003694	True
0xb260e55539ec5b4e96b6e7652f4e1e6ba51c5900	True
0x90619724340331753b2535eed5e175b9ce6520be	True
0xc543b3fe801919912bd2f280d55f1d48da159de9	True
0x0583d8a8d0ad0895721e905af86a83c29a6fcffe	True
0x9d31ba6e734b048917af045ab24cf03733bdef1f	True
0xa6cd596202556c88f87be4593abd376ba6339124	True
0x2abec5a901f84427b48e0e9e718a20a101d9e0ac	False
0x5cb0b7d3af69dda9e463eb43166c4f04da27ff09	True
0x9a83b94d96e1669c12c8873268990a2bef477e6a	True
0xa931db950aca884429ef3a18a78accf6b380d268	True
0xc79b4c3749523e783bd4523057896fd2df2c18c9	True
0xd8fef9ed34aa5ae28b9b6f99e223980bf09b8674	True
0xd4cd7f9d6c8fea36e78f5926cf26346f09c64271	True
0x05d466312e2ce61991b24b5b9e652f7e1818bce4	True
0x1c3b6a22707fd6b777f95239c9d474c8e21019ba	True
0x2efc1d43887e0e300cfe00e933b7091c3fce566d	True
0xd4168d66d55c178753d01283c3c373577eb4beec	True
0x63ec3ee78295eeddda884596390481750718b24b	True
0x54c86e664a3c0be5f39c4fc3f0c6688eadaade4a	True
0x62af308860c697b944c048f62d951fdcf1dab201	True
0xf172cce457364d24897f4e6e36ff962f7ad425e0	True
0xa7c4b102ff0ca1424d2bc936c09680d3d9c1fc9c	True
0x9bc81c21c3746e0a1524edf85668745fafac3437	False
0xde84f4ac89adcdd0bb9bbf4bae5a197634d5a053	True
0x0db39315e2df4fa404cf25bcff484e9086772e07	True
0x846647febb7b48ed7f8bad597e7f0830e59e52fc	True
0xd58f68fe8530c0718ed5214e4af7012e9e639634	False
0xad77da61160a56d207a9a389c796acdb9ddcb0ca	True
0x33819a23688abf5c7a81f7f54f5e9fc35219f89c	True
0xf20e01cac5ea546d5239d09a5303130e760c2fac	True
0xb57d1224bfdb58367156678aa9cc46782faf5c00	True
0xb20c0962871928417579765a3bf538fa3547220c	True
0x05e31beeba669420a76e56bc0871ec4a9aae9d0f	True
0x21bdf025926593e2e5b9e44cb9a3f7573890790d	False
0xf4f922b2e08c3609bd9115a6f4ea6d400a6e05c4	True
0x8670ebd85bf0af0bd5c5d6b7edca9d407909272d	True
0x0bcc1dfcc71bb19a7106934ea873958d3e96c558	True
0x90733990e1204c9efa2aac5fb6869413ba128f8d	True
0x5cb70a118bed26c1d13e2d9029cf0f2429ce0e96	True
0x346ddde86677f0c325af112ef3663140e9521b55	True
0x4b9492d8cdef14b84d6b875a1cb47321d505fc98	True
0x13b51f20af46297c9d31d8c270e072f82e38ef1e	False
0xe2f77e243ff11830bb69f139d753e2ff280637f2	True
0xa7d7488ae78b6039e0dcd142f6080581ccbc82ae	True
0x8a6e0c1873b4f9cf4b96592fb0ff7dbe6aa94f0b	True
0xb9cf6006d9443a075b3a37f4d76b58be4dd82954	True
0x5a8a69be932add85ab60f7b0b34d2abb8dca9b35	True
0x96fb3a8a143f06e5947098603338119587010e56	True
0x1b60f27cfa691de24c978b70d30406a05c62f9d2	True
0xef87edab45bff478ad27d83bab10b2a10bff61e6	True
0x7e624f925b56e5a66593d604b8a28e198ae7e36b	True
0x5735d65aa9268343017469cb7685ef95a2adf3b6	False
0x76871a7d42b96204b650b566d194aeb645a374c3	False
0x4cc6780bffb2638cdb943cca966eab891d5da1e5	True
0x583126e9c221348ac9def91ec3630e038223acb0	True
0x2885feb2fb7209cba466080fd8df77dde81e6fdb	False
0x13dfb538a6c1755fe1086dbb295563044a56b6c6	True
0xbcfb13931c36922509c6f942736a3104efbad68d	True
0xd0d7cceed0fd67cd216d07d531a3e3731f44c5e7	True
0x57c03f342447d278763a1a3b96fd72bc336c3515	True
0x723ed5941ab90c3555587f6b4becfbab81b0935a	True
0xfc4990a64aa578fc56aa0fd32ef5522e0aecf367	True
0x59a18b72db1a44061fc1a8083a7c8d393ffd48a1	False
0xc409f2191149715cd58c839ebc88752b5475c7a1	False
0xdc269a2278c056bc2fb9ed2c5fe72c69713cf65b	True
0xa6f36ca9ad9676a771a9fd9b214a9357a4a6cfda	True
0x98289777fdb25a4681f573ac1f000ba7b424f6db	True
0x846d5d2e9845586d831c590d0f5723aea52d605a	True
0x679b1846a991bbb23bce8c627c8783a349108e4b	True
0xc66704549748b3ed5f14c29de7b7ccb5d0a49c8a	True
0x4f0698691e87527b46d29854808ced5b294b468c	True
0x17f7c9331a8b598c46acd35928bdba77973e2a83	False
0x2f560095adbbe07db285a1e2d543f40458635b48	True
0x45c7edceb7f02b8e6b9b57b5317fdb30013caac1	True
0x6fe9520422bc3a85bd5dd59fb3b9986afb2e2657	True
0x1f3059606b9a54867dd87368bbcbc0f7c5b011e4	False
0x22f3e26322b7e3a5a13abd884637623e96395dc7	True
0x680f2b2e26599dd4cc233aa6cfcd2c8eea5efc3f	True
0xfef05ebf8b11b3f32b786f211c3cf39c7bce27d8	True
0x8899abeca5dbcaea2998625f66f223c6d4a3ba21	True
0x042704e8b332043e3c9310e8a43e773c219260d0	True
0x5f45b7effa0fa29d1c7fca0a5169701a0fb0c881	True
0xb0ba189ad2cdeab9955f8428b5633242d5eed8b0	True
0x891cac253958a2ba13a38c4db4807aba27217790	True
0xea16aa6629cd64c273523b8d9d2d2f1c0a1c8909	True
0x6ebf73e4835ba2a29f89aab966d44f7d0b7c5469	True
0x0b359ca7dd29f62c7aca97409590d03ced921b4e	True
0x2a9af6c74dba326154f1650d2ef5476f992e182c	False
0x64f2f15593066b610266d375f0bd073258e33b89	True
0xc52980cab42b1e20bf312af5e04c7b51ca83dca3	True
0xbfebb768cb11cadda7fe618318cb5285c802e93c	True
0x121873335ada6b6aa4f219f4004958ae4d7326b3	True
0x6d5535c3eff6e712a03572c1113a5658862603b1	False
0x17414feb134b6c9a98a7f22401a3b082ecdae5c5	True
0xaf86cf5f33f993fd2c2e172bec1314fe4f473f35	True
0xc47b8ca12b63cac54a80f8ac489bd9e30b73b100	True
0xea813f679d98b29c5ab273813a2ccea19059f31c	True
0xf3850d252d796047fe34e32b08516745fcb6dae2	True
0x62d778d7ef75f78af2a23e00b376bc8ef321c404	True
0x74cad49ba487d8580d5e85b68fd7dd705a0b235d	True
0xa6a4634c7ad7d736b4eac90134e74a746c15afd7	True
0x87c5c4019fb3ca6e92d8f80d979a5e44c5366fc8	True
0x552e117737b87ee73830e49fcc0de94aea45f19b	True
0xfd8d383c7e19f0e0641da27a3b24087be56f4822	True
0x8a46f8f04203ae2ca7b5a0406d56f42708c1b593	True
0xe4ab6bfe900589b5f35bcd1698c5ef8bdd32dee4	True
0x05b843c95a3ade042bb3d90bd95039b595a79dd8	True
0x275b609beb4e35c108a329229ff11cd8ba4cdeae	True
0x082b4b94ffda819af662e5b8c4a48e97218249eb	True
0x918c038f148ae34ca47e0ced3da2fb6c39df44e4	True
0x9024b1c4adf82b4fb2fb02653b5e695c354faa13	True
0xfd431fad39200089453ee2db34d5e2e2add103ef	True
0xdcac9f1a9bb9fdb276eb7237a01225d65acd5067	True
0x930302b7b843aaaff933d17792a4f2f56866a35d	True
0xdbb9e6eea451d2911b0f5835cfd3ea9b60a7dff4	True
0x074b13adfd9e12e2b4e12d6e9cb998b10e3d1be8	True
0xd40edc6b6457b32a11f1f14719ec6cfbf8250a5e	True
0xab561855a4dd4efde96ce8e4de90fa2e4b43f309	False
0x22c4893734b706c6e06e88c49b48d23d0766c2e0	True
0x604f2436adb8d943fd144196875266d1151bf41c	True
0xe1caa0e44c6c6d3dec225639a3c467c5e68e13c7	True
0x2740fd0300fd22a164423dc5cd0dca30b95c6bc4	True
0x5bf20ed4cb413d54fc26a019dd12ba28ba1804c0	True
0x7c6653aa0974c6cf3882a6908b20810200fd2231	True
0xd2bd25c0739901e8ecaeeb8e1b280c8c7949e74a	True
0x93e6f80d4970673db431c477808736b2fa7c2b8f	False
0xde13115c7746b5e41b3186c00a7f4e2b81e39c05	True
0x907ddcef08c93e23ec129f03063a4033a477d256	True
0xaa0222323c7a3f0756c11de7cf0c1d33226ecea3	False
0xe66808c6b51fa58c0311e917f4fb858d458db3d0	True
0xb7edb0172bfd8f7700f4d3dd989d87305e686c60	True
0x7f3c2b159554d8d80397a9af75f887f5c0940e00	True
0xc513152a457d7c93a34b450ae56b7a8d732ba636	True
0xf64b9858cd9ec0df6362c0e4338e3d70f1071ee7	True
0xbe34fd3628cb2aed329c93fd460141b0993d9d4c	True
0xe96df2dcf3812710e1fe9cab7da0a51fdce5d9a3	True
0xa0b2fe9be77448815b2fbbe13638d22f8935ed77	True
0xbbd4515aa07e7d3cf200224bda4befd7c0220830	True
0x7a7c72d399e05b7a02182f1edb71a776c2d26636	True
0x69a8e947a91a922050f75fb2b4579a98567d6306	True
0x65ad5b95bdace60f2bea6b899dbb556b0cefa957	True
0xfd6db3fcbe63e4e16cb2b3df57ebfd72b6a4aef8	True
0xd06dca6da00f7bceb84b8d9ec6fba61939053110	True
0x26d394e81b4ab98cf13229c9c8d9bad466955d20	True
0x758f11234af603ba53f4c3c51219e0dec38f26da	True
0xe3371e3ba75139d59c41474c2b22e0357fce7371	True
0x16e621937b4a8416a8adb6d5d94eb03383ed7c40	True
0xb6a3d9f3c43b132f4f34ae187d65be6b544b14b6	True
0x12f6afac681fa820a074c6a98604cad8f4d3813b	True
0x3f10ac45d0b2e911207ebf04d1c9234bf448edaa	True
0xef2d3c141f88c56a150ac2ca2df49c627856114c	True
0x487585b739debf0bbed41366089e9a1153897f9c	True
0xf0a78f09e1101f75ad3d3e00099820980f39ce8f	True
0xec95e5ea533d4c1f012494388b05f27fc05a5662	True
0xcb7478451d57aa5ad41c97ef288ff98a00950514	True
0xeb6334bffd6f4c46f12c24e5fb0ef5b7e7727c36	True
0x31f03eadb8afef07a73dfab487fd4ee13dc1b5f7	True
0x1e4f1afda00d1578578e1fe5aff1b1775cd89a1e	True
0x5fb613916fc88065de0f47f98b3ac35d17f824d9	True
0xdf9492efbc4ae23eef6ccf3a3ecc05a1fd333c13	True
0xf0a0ae0bebe327c1869c2f1b6ca041677a07af23	True
0x96b909d1826a582cf6c58f8cfbd7c5e89657bafe	True
0x13a882a2d0dcd67b1b9843308c753d9b114d18b1	True
0x9f198e7871b7c65cc6366dab5cde22cfbe35e071	True
0xb942c7c8530a29e370e4e498d1b5ef1e28a04cba	False
0xc42ac39e2cd0f8f5635bc4c71c46fbb989299a5a	True
0xaaeb0913b44149b530c090aa24d77b9567c61bd0	True
0x5ac88c449405248567c445104b9369be0b6bafb4	True
0x00615e0a2e255f4da0b00e4df2b84424db0a0c99	True
0x5420c9bbd057547aa8b9d184860f024e8afce937	True
0x8ff9a8d660dd252e8e09b97e4820c03509b31ed2	True
0x1618af186c499f70302ff91b58edc93daaac447a	True
0x9ecff20bf13af88fbc0cf8188df7578c13315a37	True
0xf665de188938b4ae26ab2d648f6c32a3b0c28210	True
0x8ea1734a16bdf2091fd090b7adce201a42cca618	True
0xdefd9a5637697ab296172812cf22b06e01e7bf4f	True
0xcece8428d5cfda37334d44500434c52a71330af6	True
0xb6b5ab0c839a42a50706c7f4a67e50ad97bb2203	True
0x962571555ceea80f4264b9cdebc664432d5b494d	True
0x8a786c24ddf928ad5198b7ad1538409998e7779c	True
0xdd5cbd36791394c28c0c4d880e124c02f0d6efe1	True
0x7e63d32e15912d7988114fc19ca374e37c1f26ad	True
0x552522c6336e8f1e67c28344d8ba25422e03574b	True
0x155e3171a6f53c27c66fdfcbaaf56e696e902e8e	True
0xf8d1b7171e2a8eecc3745fa1b6e49c91212d2919	True
0x0dc7b1b290ec3929539b5d63a1212152eabc3b4f	True
0x3cca3967560593cc0efb75fb58d84308a9caf2e5	True
0xf1d87fb4e660fda2ea4a5fc8d56ece8e7d3078ef	True
0x3097da8dfd60c43991925fb940c263c1b1681934	True
0xd1cc0f7f2d70535d281142443e0c3517b8a453e4	False
0x0c8c84ee26b8dc679e9793d147c029f971c1285f	True
0x30bedb2d5e305836a48e24428f42b7d2ee045d61	True
0x630c141f71cf17ef311f2a6881196b4a1c87879a	True
0xf941a0b7364d4b3506f6c7776c44887688587673	True
0x3e818842cfc113d8a96fd754eaedd1b510de04e5	True
0xedd8306a8b21be96159c5c8cf82666eaf185763d	True
0xa51ca397ce07ffbc9c393b6589590e497af55105	True
0x25f51215d41515783fb52cf3661ef00c80201196	True
0xc9d3ac000ecf30e47c9a7cdb03e9260dff28c7ab	False
0x0a54235f1d6668c247f0f7e6e38602a1c19fe76a	True
0x235eec1d4e1651c3550c11a399d2c0153cccfe8d	False
0xf49863bc268185bb65a7318522c90dcedb399fb5	True
0x41798fded421894932dc8398125bc618da3903ac	True
0x61ecc71df0935ef021a6216640ba4f7644eab63f	True
0xcab04de86206e9c8618dda23bb037c05898f121a	True
0xed71fc72c8839c483e95d8b5ee6c065a38d0109e	True
0x2eba5c7373aaa81df9ea495b8af6072bdbf88e98	True
0x38184baa578fa2ce18c266684807ec60cc9e62b3	True
0x0c4100481cd78bd2f592fc62d2d5de7c0f2435d1	False
0xfe0101dfbd0a8758598b760365610754a0804259	True
0x3dd3089832af3cc4195d76634dfacd5ce5a6b9f8	True
0xab1a02ae03a417b9b5b4913e9006cb29f0ede310	True
0x97dadf21de6d0b49a987ef0d3024bd92c41910ac	True
0x541b8e5448827961e1024bf94f7eb72f158d1314	False
0x597056fb02904c9b2bb8421e6ddd51724e90d718	True
0xac75369122ca7434872511f74eacd9975851ad39	True
0x3334072d372987947f8ad1b8bffe390ef247dc82	True
0xa4db02f96f7a529eb2bce9901f20cf38d3b2c310	True
0xe01b323d0fc82bb632b81370107afd5c67f6211f	True
0x01612c131ae2e873fef3cb07b8b6cb0f91e426cb	True
0xaf2e08b3f67f0d76dfcd119d237e8a2f153c7dba	True
0xbff615a9d329dfe32fd00c3876102aaf37c32e9b	True
0xae79f7ca2909211bc72cd66e1353e7ded9a16a9f	True
0x3c8f91ad10c594b84bc703fd0bdefde37e6cdc2b	False
0x285e5a795adfdaa4148720a74b52bd37527da53b	True
0xdfd6c7cbc53eec3ba209e96e6937f2a256093d48	True
0x8e691fc06215e31d2ce1540bf208619d53594b01	True
0xbce4e84bf373239dc398087a256dfb3b580c712e	True
0xcddaf9784a2a9220341243025ced08c6a2c7132e	True
0x175c4688d3bb9c159ffdb7aef937feb332e02833	True
0xa04a3592efedd0b706034dfd0c2acc64a330ef63	True
0x5a2e04a6f605aa25d1f47387b69f2db1028b3fed	True
0xd2f6d5fe05f948627252aa50923cf88e7f980157	False
0xd56fcedfaf21c5bc93e180a89a260ef073f9e3a6	True
0xa351256b46fc4c029aceb522f067dbc447a0d419	True
0x6d1a28b441e48974ffc11a4094bd17ff681a7607	False
0x9f0f52a1b66a4c8ce946432c3dfe34839b89f3e5	False
0x78326694297d04da9695adb3fdd3887e2422e1d9	True
0x0257e69e4595afff008dbd6f1e5ca9643615096d	False
0xae0ae369c16bddcecfc74e95f419be5b85f8b527	True
0x3be49db82be839d11c9197ddab57c17ebc321063	True
0x86fb6ac5ee66f379b0da149c1d290de7323fc8a7	True
0xb2b837507b32ef0df534bfb32348b0a255ca1871	True
0x659f8ff8f84bcd83c04048342645167798e55697	True
0x07f6ccec488214276f65cbc079966398cef26777	False
0xf45a05b92595be13c0f928261fee3105e6118235	True
0x730283c02da71e2c1a9a258dc007fb891167599d	False
0x7466821d858d6d552d85c576c44314818efb5849	True
0x83e6a9bd003751334980acf7416b750fe2c8253a	True
0xf44d1eeda9c6286605047f290a63d9d0fbe0afcb	True
0x2fde5ceb3656a8b9efb20a72ed59e5ed0f406404	True
0x8eaf7ab836a1175ef828b31ceb62df32b43a961a	True
0x83c4368ca09ba8f61a81910fb37341f599fb8e48	True
0x508da56139264f0cc355bced5726ba399014a5e1	False
0x22c149a10a3aafa729a53e5fd4e436a70598b58e	True
0x450140f0f82c6f52c868c95f188e775fce741734	True
0x98ff4d7431e562bf46ef02ace3224ad6c9376001	True
0x19a3cba5564541b50a454acf6e7334170482e6a5	True
0x34e49d9e590f3bb4830f473abdbd6dd8ebb50fb4	True
0x9e75de47ea6f4c4f7d39edfeb027694db066f114	True
0xa4babd397602c3af9d1bb83b89048b662620b115	True
0x52e25de0cd3c258622729d50bbf05a4d1dd0e3d7	False
0x82e38af57af4cc1a2ccc46627ad5d6e58035969a	True
0xc2e425cb58e4b541f7151b6b4746a6fd41eaf3dc	True
0xe1e43bf82e34a587249fd8e43b28c20917ad3672	True
0xc5b91443a33ac64adaa6b0280ab5b118b7ea1ae9	True
0x00baddbe0b35ee9ae6d30b85516da96b9249f312	True
0x677e3f55d330dd15668a227d6364690c47999b94	True
0x4e224336fdfe3260e4d5371113b9cf9438ee83ed	True
0xd78d6d6980b5f4dddf777d47375ddad6377d34a2	True
0x457b997ef2a60ce08383617b88046ff4c07f0e01	True
0x97abc6e42074d1fb1e4a8494080a0866f1a82932	True
0x3c4bfcd75f973554124ffa0961030117d6e72bc6	True
0xcc76f9ea3627f4262db96ea8a82b18b650b684d1	False
0x368b058ba9a3294d78ad25a40b125a0612f961fe	True
0x7427dbc48ed0be7d4a8d674e7a981e079469275a	True
0x450c0e3fb6d75039f1c06fc6d01cb3feae9952af	True
0xc0a4249f7444685b144db30657c939bf7f2f3236	True
0x75cbb9dfc61fc1da34e26123fda9810095e853b1	True
0x2acc8de48e9e94ab1f28fa3e46745a5c36ef1dc6	True
0x84363f85f95e0922b7391e30baf4d2e2bfffd947	True
0x89e56767b9f3305f57129214d61bf36849a0eb46	True
0x4ad76754a7cdb34623402628499024586bd0884b	True
0xd768a6ff18a8685f8336273837a1048eebf77a8a	False
0x1ea7c260fae4611b03af3781a12732ca95cb1f68	True
0x8be6a0467cd537301df3b07fbd8b30d6b1f82f1e	True
0x01468e11757097834ae760b68a636f940a941a83	False
0x823d6ab5cb498188ecedec024c38352b18d42324	False
0xb384c156af85110fdb4c0f60dc23d9b1b480fa71	True
0xdc9b2896e9fe48249be9ef67458bae0b962d4d96	True
0x560923ade402deab9568a1c030a5b12fde9b25de	True
0x0b5eed1cfeeb3e392f33f3f9d881cd88bcd62ee6	True
0xac3c422f30d8d6b01e1b3247821a1e61f1a239c3	True
0x5149cbe886bcce7adbf78cdf7cbaa13b9f239e04	True
0x02313e2687647127d0ab615584750fc2bd3e9ac2	True
0xf02b969aaebc146ad09aec42c699ae5fc31ddf26	True
0x057bc2a196a3d59967a201db9ffb82395cd92f83	True
0xcf31fd86ea6f5a93919c6d07be122568f4d2cc0a	True
0x2ad5383fc221e268bf9cdd285ee1a8b50340cf25	True
0xcfb23a36303608626e9840a4d462cf6de19a55de	True
0x55015df52aba013858a63a27b26125b92d812b3a	True
0x8d6fae534681107e1c1b7e1182fe7e79caed4546	True
0x24988d08cfbb464a0764fdadcfe1f95a31710a22	True
0xa344551eab5f0e2170207a74c93ade4d6a1bf61d	False
0x39416321468a75290f5f72b46ffed04b0d827241	False
0x73aec7d0dc760f7f4dee5acc5351487f3191ad05	True
0xe5f81d47f6eb6cacdd11675b9665f755b52358eb	True
0xca5af2968433dfd88c432ec44691975f4afd16b3	True
0x0e0a99f584f4de0d21edc6b7398e270358868750	True
0x6c634c7911d56f1cd1e0bf917b42dcb1e8fea941	True
0x58b5dcd324a41dde9729a4e2422ff2858e02755f	True
0x03b54b45ff17a80640a43b364e3721a60fa0be4b	True
0xf3458f0222863c828e54d510ee77e0272f2e4c85	False
0x6e267e1ec7eeab394ae854ad76d6df733ce83f8e	True
0x403a40f830b2bfe0a799bf53c9357c6321ebcc6e	True
0x7dd29db4689bb2cbf85ae96876869ea82fb56b4d	True
0x82293ec0e140851a1cac066eb800b8b633475910	True
0xe8f2e1d7707590d8e7803b4f28a8d4e4e6b582b7	True
0x5ac53ea761e16e6ecfe8fe63227843ff57c37299	True
0xf6713f5a9c2aae2004add31dcd4f10b42a4129e3	True
0x916de8d96a08c20cf6b1f0141390729897d935d9	True
0x82c8093e37ec1a67488b09e1cfeeab2fdbce720b	True
0x2439157897ca3c6e3612f94ec2f4203250f0255c	True
0x55ab3e540f0eff773be786148a45ea382dcf567c	False
0xd1f2bf8e00685bce37411b14a265f4743e0fd865	True
0x706d133bc6886c01a4ab537881ff039e2738d2bd	True
0x1d8b2f82ce1d8cc97163e11d8a5fda3fa0ff6f71	True
0xcdd7c1365630596663eb4e9a5a2d7c1f5133a3ad	True
0xcdeb39a0f400ee4054d926323263342f351d45f3	True
0xd6a12a3e6c0cbba13b6fb750b6780bbb89ad8077	True
0x564a0648e2d778114f492880c3289bfe49db9c8c	True
0x35f225d340ec6d719e2048f75cfa3f58e094a131	True
0xf2b4759d011b269eb519a9bae65244395f214ac5	True
0xdde56757d70519910ed07ffe7f4cab83cc85ba45	True
0xba91b56826918732393ea457451770b42343e0ad	True
0xc6349612ec3ec93fafcadb189afceac1ecf42d1c	True
0x4fa961ebbb6114c6323ff3d4c00052a835107d4f	True
0x3d5366676d3b8901b8c1ec5cf19d0ab3e3ea308b	True
0xc6d73cc200f9f1bdac1a4037b093b13ec654954c	True
0xe1e1c07b9bb2faa59cd9c3a2a93afbfa8f40698b	True
0x77c5d3c5c22dab9e7e05ba91c79b1fe59052f741	True
0x824cb12c7d3ed96c0fb890c33172369f8324281a	True
0xb1217b642a7aa50cc4058341e3f53d721d73dffe	True
0x1ccd1fc8c81316f5ffc7c27cc76d836caff4ad94	True
0xf0fe175bb5fed3f7778c2d8fc2f13ea9755c3744	True
0xc92d58944d6c5f021a74dffd095f494cc6f41616	True
0x538258166f5fdbfec40a284d005c01fd4a48a80c	True
0x8deb0150a7b2d4960ce90116b5883678c6444208	True
0xdc333cd9c37574e13a1f14c650919d1a8620144e	True
0x22e4ecb149040f14748c8d68713a767b2fbb83a0	True
0x8c17c6fdda411162b75e14034e7fb67a8fa05be1	True
0x993190a5ce606a1a2daae22b69b736291b253e63	False
0xe232b790b9d7c41772b2d26626dbb98758571b6f	True
0x3a539575af4238ffc7eacaa933b25bf8e26e57c3	True
0x866676fe5cd83734b7af94d7c48593fd0ab9b0be	True
0x26b769c5f5cdcedf5bdc008fefda2919cee596ba	True
0xe4b013e546c010cf0bd833801b6bb40e2a03ec06	True
0x4f5108b7de6c0341016808b96dc75dda26d6c57f	True
0xc5cd4f9dce942383ceb19d8c13cb647161223d37	True
0x594e982c080bccee06d0c23588f09d060a955631	True
0x7b1258b266d83673e22d9542e483cb3c62291308	True
0x226e837a8263782d3df7f65570ebc1ab71df8ff2	True
0xa1e17535a3d4ca852c91c299d4329088b7ad17b3	False
0x6a346e96239a578b3788a9ed3846dc4fe1d53e60	True
0x4893fb0e246f45cc043cc9b5b55b86c7396b7c2a	True
0xf3584e66c5dc2e673b763d50e072ec884dacbf3a	True
0x8df95e3b6b23f6f3b0c3199c0cf119c878d4bcf3	True
0x87314e40fc9c0a8e61e318db3a20d3b33ec2087f	True
0x1b468e4fd6672cba250e9b26f5ef474c24cd3a3e	True
0x96eb0b2d34f45d8a81c02a68b612cc47843205f5	True
0x2aa17a4f137c5c649752ed0a3b9fe7f792ab720f	True
0x819a8d0357034de95f80b14da67b506acc21d7a7	True
0x8a3c16c60590c05f7d0e6946e0be8421bcc92492	True
0xecffa216f6a01910b16e947b0a10431b08b6f454	True
0x4f7705d35db10fbe8f8f08dee49c91871066fce8	True
0xe177f45548e4f2f29bc4a2e885e82661528783f2	True
0x0bf02689505cfda2a6b4189d7fb7965872154bee	True
0x1d9ad5e8adde682f05d91936ec6c8004e8bbb6ef	True
0x17225c7fd1469d4b455ba2dcafdc61a97e62ad3f	True
0x6485304473ebf06114a5eade52acc9ef9aeae6f6	True
0xc5eece0c1dd8c53603ae6491f8bc2391f00ceb8d	False
0x4a3cfc86f30bb75f536b07d0c4c3900bd4e1b3ca	True
0x7a39a48b0de364f09d24b6c95fcf0587b05a7684	True
0x33c7a8c6f6d84dd7d8e6e46a3887c1ab8d2137d1	True
0x59d0387b6f9dbe1c9b5a66f81ab3cb444ce67672	False
0x604776d2ebf22cc9cf753430230cc426000d50b1	True
0x31a829c64f7614ee4f33fccfd64ad889e2ec57d2	True
0x438cc7b6401be8eaad1f97a452838d9bc322a8ad	True
0xdc94243740acfdaf94de62d3b8dcb934dfbaad75	True
0xd36b5cba484533c6b84e433f4d860e9a4b61afd3	False
0x21285ee5edb244926d27373116636556d7798728	True
0xe9a5aa698ecdbef07ee21ddbd46ac37816088094	True
0x4ca42eca290f803b8121cd542dd8640d512152e0	True
0xffbfc655798fb767c132f24ab92d64f098d091ea	True
0xfece91eab4f393b218cfadfd49cb8f5aa81a9165	False
0x70ffaa94e13ad80375145780626271c10fb8c29d	True
0x8919066186712e63219af21ce9a8d6835e186bf1	False
0x93030a2acfb16464522b1e96041f5bf6ddb560f9	True
0x3f3ee94b37b808803eaa5c578b6adb12b6d5fd7e	True
0x72c5679f89979aa29c9c0739eda2c34bf91dd908	True
0x06a5e5c32202c2b13d34e74b435d96cda8b064a5	True
0x2c0a125bc2b2ac7ded1ab569d2301dcff274cf0e	True
0xa252c27bc243a2bb19c1126bfaaf4f2786a29b67	True
0x125487b4b9bdeae16b987da412a30a02188ed612	True
0x2fa3ef1974fb83a3ca658142c7ec3eb690baf229	True
0x0a2899b57fd9989bb30290c871f3ab88c4d812cb	True
0xd81d10575a80ac5fbf1fc227ee214dd451d625aa	True
0xce529fb8f189b341ca3ad29870df834fcad3a08b	True
0xe854bc332b245bfcdf40a954828279bf4521473a	True
0xe4241ebafda6e05b12b5a80f73e961bd6e238dd7	True
0x400c73f54d7900141f80c259e58b7035e4bdb09d	True
0x50bd15e0937ddd87321e03b0ed2bf93918aa1158	True
0x396731c517b92a5a13bd0d7092ba715fffd01305	True
0xdfe0620854eb55bc2dc60c0de5ad44816b325c94	True
0x16d4d3b0fd96516d84a2a1fe411d8da36417c4af	False
0x11cf64f9420bd70a455e1a0259d3c4aa59d777a0	False
0x9d4d760d359ba0d5a33354eb9cacd8ecb9ce3fcc	False
0x9be21c9a0a9f87158786b001adadca0f37acd6b7	False
0x9465afbdbb5b844d741580ce8c4f8f46c70ea746	False
0xec3534fc1030e661b6a8a1aa2f29b3c5ec7bd5cf	True
0xa936d4203af441cd7cdf7abe430955bd2b0da9a8	True
0xdc3f3dc927fc8b1e805f0325ee3a7b021fe5261d	True
0xfd518d2589a6d45414b89993e008141ebadc585e	False
0x4a4f4d68537e545b754ae921fa2c47494b56bdcf	True
0x0823e0708dc556d8244e2c4cd88adcdb0808a6fb	True
0x5f9a120a77b08b3f1e0bf7f7109015d22bf9bc22	True
0xcd451af8caf1b31115adcd472c9d60a565993aa5	True
0xe7141d4fe31068079bb09a4c5e3df5d0ed49f8eb	True
0x127998ec5ee5a0806e197b36f33db68854a5da8e	True
0x3018b30734501ca856b808796b84f53f13eb027a	True
0x9db70c7afcf314572d15ed7c9ba67b5f99ec2d63	True
0x136b8d40414fed32af9b82e5f5a77fc606547b52	True
0xb7d25cb6bbb73f0816cf3000e69ae551868d4ce3	True
0xf00a388eff24fc8e72fddf03390391e6dee4e280	True
0x10d85abf95379e1273599459187ee8d4c9be8ac2	False
0x3d533b84f22d3ef61b80bdc0897d77bdb189c09d	True
0xe63d9650bbb29602d7adc9bc4eee17737d26a375	True
0xe3d521ac9990371fad0b33e67165f52f149ae7f1	False
0x7f729a9a3850f6af49b6b1bd20009ddb40f86ea5	False
0x37f7482432e30c123327b0186ee10aa43a4dc83b	True
0x82c23de68f562bf33b2097571a3e67209fe98787	True
0x435dc41279fc46db224c7b3a42ecf8a08738c297	True
0x16ca606278d09abefec224fbf2c548ed386137c3	True
0x3bdfabc87214c8f82f893f648e27978fb142d9f8	True
0x57f103a2034d44f2375d27ce5db54a7c49a5e1d1	True
0xa4f86040ef175729064205f4ba6ec2b3eb78a48a	True
0xb9efadd777ec80c03897d8160c668ab43e8c14d9	True
0x7c04b86cf85d7a857c62b7de3697f713c93cb43c	True
0x214c9558ca0dd508269928f46da49f405f253281	True
0x2274299f7c747a6fa7556450e2bf2c96dcff21f2	True
0x6cb62f79daf136dd9a1000950fbf01cd679d8688	False
0xf6b38eeaa7e90a734bd338d306ab81b29c0c3afe	True
0xf77baf6876ff50f891aef8d28961e093c746ebe4	True
0x1b08db7d8de98f3f2c68eb2711ac82194c95ff28	True
0x0320e024c21478ca0b8f3dd8e2464fc32eb8398d	True
0x4fce1046b6f3cfeacfbe8089df264f94f76399f8	True
0x0ffc2592d92c5f7f0f13bb2f0d012eab4d852e19	True
0x660f0c4c2faaa862a3d722df10b070b1aeeb2a0c	False
0x5dd04939317a516997ba9fee79f9074d0d6d2765	True
0x98f3d643338022022cd7cf1afdeb7087a45c4dc7	True
0x3b4cd8e7bb871f3bdb9c93a25e9f48182102646b	True
0x026469a693716afcb21a4080f00498673d047404	True
0x1fca3df278ea112bf62f8684a68d1ee3d5f213dd	True
0xa089cf4980375aae7af44a5d744d68b25d44c11a	True
0xe351f19bd6f510dbc05832f0b9b798f68bf31408	True
0xb77439eef8bf56aa14257dd9c498f54afa29a23c	True
0x16be3890a37a58c1e309fed9225ea73ea0f09580	False
0x84a84b6a5811edc19560547c2c1fee0f0f26f668	False
0xdb7508187c1d9c96b1a7b3ac342c6c7be48601f5	True
0x742866fc38d2d6aaf9d530e583781b22e4db613e	False
0x925fd6777e1bed346970c23f1534c12a33709dba	True
0x78dc3ff4ddb77fa7e08142125ae83727adfac18f	True
0x8baddf7247656b299ab94ff0e73d53f680385189	True
0x4873343c2bc00be94ecec8533ff1554814312690	True
0xea95175ea4489566ae188f00c43b197352e83491	False
0xfb12c34503fefaec3d512cdcda0f99b55688265f	True
0x50cdb4082af2f10b9740473509a0ad9d5f0fd5a7	False
0xd30772b3cce86c62deaba3461e817af3645317f3	True
0xc1984707313b5284020aa8e93c2e77cc0bef9c69	True
0x487f8c9d506be63afb91c7825a4db4d5cb47ac8a	True
0x1048839c3931750dc30c1765c20f7bf858b015be	False
0xe4131a340eaa3e88e679a54c44310d6dbe6c34d9	True
0xf7cd23d3fb1068d777c9edb3b02dcde41839731f	True
0xb45b4ebf630bdede9f0f0ce8ebf7aa314955de8c	True
0x9f3b8e917999b00d14e672982f565a6215ad4e82	True
0x42a215274a1a648b044c7c9fd28fa455ec4818fd	True
0x2c2fee9f74396aa9ddd1e868e2173a918a9d3807	True
0x39133fbf9cbc98ebe261303c234b81660365581a	True
0xb20df7647ee41d56638b8c672c1aaccbafd60e23	True
0x42e6b3a5150574a9f8efbc2469247f7d04c2e543	True
0x07b847ebf36e886ce2b1ebf64d7c9ab4344130e6	True
0x7372524a4139beff5190983d74a0911165715d88	False
0x9b4446784058bc03193949fce59eac6b6700f5ea	True
0x40650eebc7c175528444347ee361134ba974e89b	False
0x6672db14336479d49975439845c9e85a814e66c7	True
0x1e2da5bb846c2558316aaaea278bdffa38063c49	True
0x74ec7fa0436e18e4806136c567619ab075098da8	True
0x8c115d1c38628aa44a51408cf775ac164861572a	True
0xa02cc33eee00a6c8603028893be6196237fbd939	True
0xd8e8e43fa264388aa1ad8e7b817f13c5bbfbc507	True
0x6ee9d73612ea657fb0799d21d706fc1e0449221f	True
0xbcf2f7a3a6b9143620c223bffd1ce85f0b5bcf2f	True
0x25f3c72741f7d5c29609eae2f02ff43539454e9b	True
0x5d23ff52593e19829cd972b649583b1aeae00e9f	True
0x6de7b393c0bb56249ad21721bb2f981291c3bfdb	True
0xb89c8ac3a5c633cb07fcabad9304d996bf94e508	True
0x4c2da2361dc663253ccc2f1f7c18b6e1a0d17d49	True
0x0f36b5fe0c6f45a5b810d6eccae3d79bbe04fa4a	True
0xe429c3433516b99f14e79a02da5cda7209e99448	True
0x7a806e49586ec5e8e210af32abdd628837ea2def	True
0x45df19f31800b6e03b4e40ebe97cc6936e5264af	True
0xcc05788a5b0ce766a43f68f6a9f2902e64604d73	True
0xf19118641cd5c755a90cb979109f55774ef4b3ad	True
0x7fc841fccf168f620e7662336b7d3667f8d2c9e0	False
0x8ae6d184f53df35af1ce074170c8d83adf830231	True
0x7f85180895fab8ab6304b1824d5f3cc0f4c42754	False
0x5de47554a7e4691aa467b2df36fd30938dd4e8a7	True
0xf48b9b53bd7283db8228b4584eb13e94a8969ae9	True
0x3e8b55acdbe57000d7040ec1ec1bb6f5852a9f7b	True
0xd68f21f875c2095eceea169806fe8fa52a2a4ff8	False
0x391292fbc78945b9d72bee1e080601d733a4f97a	True
0xd246b6ce18900d61beb9eb79862028fcec429be9	True
0xae48ec7efd0101aa3bc4e388f5d9bbf5845d2913	True
0x1d8a4287f5fec36337e45e9dea7257593ad2df92	True
0xedca13011d9b63481536c9f6ba64b35b35086112	True
0xe14695e78202e2236d06ae9891f39d13aa3b9d9c	False
0x8651d17083cc74abf99cd4e1e2c4248ca470e019	True
0xd20499e9ead3116c898d54d12f2be85880eaa65a	True
0x3e495886656542f9eaff255712773c9492daa47f	True
0xc66faef2223bea0dbc0a67dd5c2cb993bfd06ae5	True
0x477581b9611a24236e9aa6ddf209dca18e470800	True
0xd4979dd2c5e3c941467b83a544b3da9a5778abb0	True
0xb3db6614b1dba94139d7338b1e4ba4eb3c3a865f	True
0xea357aab91c017f517b1f27154b0577549d235dd	True
0x489149725ed1bb25a387a21957e77770e2497119	True
0xf656b51ae9e37e406b5e6299d6a3ea1d7eda140e	True
0x8a3f3660b379f149445cb9290a4fd9e11b44af5d	True
0x759e654a4e9fd3dd147b8393137cd7d10c0ebad7	True
0x6fe41e0351d7cebea00d5e84287b244015641570	False
0xe273fe1cb811310328a48b803b6e596266734800	True
0xb753b8ef025cf63d0cc7a74670898340dd9c010b	True
0xc53de912641574c1c4b2a6c634a09ab00c8b320a	True
0xbc8af6e162d40009e4385495b7f042e9dfde649d	False
0x409bfe1361d964dde9f42eaf1d1f81506f945273	True
0x05d610dfb335b9402372e7e26d292d331dfada0d	False
0x6be8e3db442cedac0956bdb1de0309be2be74755	True
0xb9351419362b94c071abf07cd398c444cdf9eadc	True
0x7bb9943efe08888db8b8c80e7ad52266e1ff634e	True
0xe1ff881ed20e16dbdf5ca06e202beab3cfc048d3	True
0x076f2567334ceb7f1db9eacc11c4b8cd11bb8f5a	True
0x73498c54394948637378674e27b8d8670e0d38de	True
0xc808a930d0277cfd9f49afdf237b6fa5ef8c6ef3	True
0x6445a68db7b52e35e038bd0b12827903c6ca1428	True
0x6b9e60e4e9f2b0bfd3caf459ec7b8b0bc1e6c678	True
0x30139c5e0f50cd62cf042eb8f2642ba1ee5f9d10	True
0xd811cb1952568f2b4420aa902499a89a2a2de017	True
0x0346fb0b4971efe5c512e58b7b066cfc675f8db3	False
0xdefef6588e2f94e02467219579845a6b059b033d	True
0x3d9eb752a2d4f50fefc1ce77e5ebeaa905f11f4d	True
0x4538da8fd96278b59f3c7470051e3fccca03dd60	True
0x9accaa5ff0ed4dc9aec9bc8bea09281625c49307	True
0x76b3fa967649c863dd6c8b5c877f5d3408b4fa27	True
0xe29587437c3f905890d3b2b230e11bcc04f91d34	True
0x24e5fdd33c58c418bb72421ef6efdab529fe5389	True
0x0d9d7b7ba31dcf73acfb448f8a6bc59a5a582e58	True
0xf8e2292d9eddee39c20b5facedacea48f7b04479	True
0x8811e8d79df212f5b5395b5e149fe243b3d35669	True
0xc0fdd09552f8336d025c1e77538e07a832534a1f	True
0x6c857f38beac9a81dff466b86c58f79ad245e59d	False
0x81143d380fc181bf6daa61701006005608da8fd0	True
0x680f537de0c2f8eda84cf9f7f38c6a3afdca29fc	True
0x8819c4bc80f4f989fd8a99564b7df98b82887142	True
0xc46f4e053896cc3ef497d77ece119070dd769e3d	True
0x6b7439288e09548c1e09e2503fff7b812be64ee3	True
0x2e6f04073548b0955c2cf1dbc3ff9e8a6907de6d	True
0xbcc5dd567373d0bfc2e86590b2a021b30a437461	True
0x2c7d641d594c4adb6162ef1840d99e442d23d7f0	True
0x396e53511a7decac504b587dd551db799c1594c2	True
0x0f16331d4988c5c0053b1dde22f07a0cc71cf3d6	True
0xb443708f6d9938ca29f733ae18125ec610044527	False
0x0759f065c16e0fcb6ec4edaa6aa0f00954ef68e2	False
0x6b97902e7e2bd6701a6b129307d055782df2f599	True
0x097a35c075fefc3d50e368064ec13ec4f05e38fd	True
0x60c7d4c16d5dc9190ebc0166e0877af5ac009d52	True
0xbec5b924451140f9facb8ae1fa5960615e589885	True
0xd084c3684693625f93e3a2c00121e9147ace3830	True
0x6d5d0c69ae1eb5bcef297e8addc43ef2b2beff52	True
0x568547d9f93ce1ce5dffa0bbc40cca516c69e18c	True
0xbf2235eed9d9245889446036843eed95e52761bc	False
0xa78ac128d519c2507d1daff9cfbc692e4fb6d928	True
0xa3d5f4154252119cf96c875dff28e64296934695	False
0x8a8280ab4fc32421721ce7fbaea534f55ac748aa	True
0x20f70191a44d472fc62af4ef2ef7d8b5f09e2b2b	True
0xb448cbc85ee90724223af6a392af1e46ef72ca55	True
0x18d9b598b3321e48bb27985a157c63ee375b6552	False
0x7664e7b46e735ff5c27be38879e7e04fb55ff292	True
0x12e2a81490f77abf3e1bf4dda66a76f5f5d2bb37	True
0x745f7521181f725e59a39004f86022eeb3179983	True
0x5947a5b43f7c6d27333f0d3db2557c3f549acfd2	True
0xecaa5950519f470c188f75bd98cc6e7d249d59a7	True
0xe92df0c1085545977c820d1ce4302df7c014e069	True
0xc5e994217ef8cdd80110cc5898ec47a85afb3868	True
0xc9ea4320ec109e013bec3eabb41ab3bc7129dafd	False
0xa50bc7d99a17818978598da466147d8997448ef9	True
0xdcfe6890e81fe324ccd19b97ea65b051e17bdb67	True
0x82d06d435bf28bb5dcc13c996271e1fa44c8ec1c	True
0x818acd8b50e17f574f688d262a7b3aaf3dbd0120	True
0x4d99b57ef0ecbbc908e8f80f1476b2fca9d052ef	True
0x2168c5c00edbd61bc6a50fa1953a808836eaa20f	True
0x17f504ef83f55fe3d6e4d67f9e918cc0acc539dc	True
0x3dea486a927cdbdf405210733500011a4b99442e	True
0x74d31dec252a56a6342b7d1d79cecd94d1975d18	True
0xfd9fa0019d4e26679229630d4fb3c1bedf917873	True
0x069fbb1c4e0e057dacdf6975f538932812d23d80	True
0xec3a7d7bb71401152a40992dc68d800a0e49ded7	True
0x3630feab4a6cf2592b6051c982fd446c126af5fe	True
0x65a1d686261a191dc2fea45394fbaa75c5e1725b	True
0xdffc807da63f3748c29afcbac9cb19475082114a	False
0x94bda0ff8e560adfb4c301acd8ee6dcb34c997f5	True
0x648a692bf50b27246f2a1362beb62a897988f763	True
0xfe0363814552dbb5197db7e039d00dd243a0d496	True
0x4d37473ff45c3c99c38588584b5e44b927ac9aeb	True
0xde660e1a9ba059f0799085d5baabf7d2146f5cac	True
0x7961222cf8e5bee721d15b67eba26de227486bda	True
0x141b44b5af991d5a7667fb5e9db00749f1c001ff	True
0x8892c1ca8392c6a8551e95eaf349d7cb7df93ee9	True
0x841f99e68819acd0ec32d0a5424bf4e79003a775	True
0xac0f73158eb164bf6afc9aa8a74286715f52e1d3	True
0x7046b32b6ae44c2d89b004feea4db920160e43c5	True
0x58a30cf804a1b6562cdd39b416307a11d91814c5	True
0x35bb6b08cca9eefd3fd4b52699ce4814e9989c14	True
0xd755abf0fce979d43b8e897685ab6d4b845ba3b7	True
0x63bbfb702dea273bb9e9f593d6238fec485acbe0	True
0x274802163a3d4e5b5b25bb3bdf3ed27472ba0784	False
0xd4dc1069edeececb5e61bd6ea65cf28feb3c2239	True
0x6e2fec44424d8704f3d4c67f273987741dbabbce	True
0x4b0c61e00fce8ab0961e3c38898dd8d318b5dd43	True
0x380ede9c528f70beebb81107802aa862652fdce7	False
0x498042d623cffe4b98b26270a8ab33a01b25ccff	True
0x1e68647514e8b9a3697270f4dfc97e96d42f3cee	True
0xab571b11d076a32ead07e00cc000a94a0bcb0f52	True
0x0c4dc07c586243721794c97d6edfb9f289e64893	True
0x6603d14b60bdfce95b3c60b231caed771e3cca11	True
0x9d5f14553cf213bdc99a59e785bcd8b4f823254c	True
0x072743948c240959a93ec6fb41dcf52a2e230561	True
0xa8c59d9c0ab90e9daffcfd7ca88bee3112dcc485	True
0x3a2f6d8ddd636d3baee38ba13df63d8e4a058aef	True
0x15927f76e9f96c7be3e0293be5691584b0de0bf7	True
0xef3ba5f758bd716e4bac127aa9d1562bb682c7a2	True
0x461be80468dc3517ea60cfbc3c130927f2e1b790	True
0xd8241241309c03c8434adf62204416df4cf660f0	True
0x36b5e169643fb010fd7167933b003ff105d30a43	True
0xbe9453b15e2fe7fd90ac268976b35563da759b8d	True
0x24bb3120d63b84665c2d649249c2ad8cc3bedd46	False
0xe38cdae7d02b51c383640a3e9e7cac903924338c	True
0x03c7c012f5956dec55212b578bb02af3363e3a86	True
0x78baa197b67fec65aee374661cbe66a831dd8455	True
0xa5ce9e64a1f3582cabdb25b1b7edf1ed2619249c	True
0xd28b9ebb94d572c9a8b64a324cf171be71e4ae8a	True
0x4ed82dea4e584a4539259b5b53425aa02c6a394b	True
0x490d7506b6b02c51132367829334d3a35f0d338e	True
0x0765b80b726bce9991b0fadea03ba665dc2d3022	True
0x38c011d658ff17a1d37731921efa801ea065118a	False
0x0ff186413fd093468636a9585ec8020d5a40172b	True
0x0cd93f96b2f128a3348264e0bbf9ef628521491f	True
0x69452ff44a7e5de546fa39bcfec689744ed1f8d4	True
0xf2ffd746210fe9817e4f3854aa05ec97a654b811	True
0x0bd3ec83fcc722c7e2e0a00e31d9ad49463d08aa	True
0xbd743104de264b64636d8aa3ca7288898da9d537	True
0x10bb4b87d54b422aa76f1804d35141351c850f6b	True
0xfe11db5d0901e6602eaaa96cc17084f4437703c7	True
0xfe43c34b84aeb62172de931b9a0f219a187a7a3a	False
0x7f43c99e1765bd6afd98bafc1ea277691d88b387	True
0x5d0473f435b5eeb3fc0aa5955728843b81119c39	True
0x9dc51a75de20fafc87459400f67881643a0d20c3	True
0x8cc7d3b947f8f33be5d9db57bcacdb13080673ae	True
0xea5e6ae1b50dbc82f6edee63ed1091e75a5c378b	False
0x6e7213d5c706f152166ca2a1b2b91e5b59a7598e	True
0xceb708f55873be2a7b238486bf1614dd11213445	True
0xc222bef2fb6b66d3678dade680368ebc3151908b	True
0x9ba2866894ad0a58ddd9c1e99338be9cd6b85f80	True
0x38118beb7485d14f5f8cb565c795a5a9bf3b4dcb	True
0x27b3e98ceb23073755630ea68b009c720fa35436	True
0x4d750f40c9bdefd05617421b2aff28fd35f112a3	True
0x5fb0377cbf58c5f8d10913765ab480f743179d80	True
0x6ea3c4085568be3b7140e93d9b53a143327e9eb6	True
0xf43c824a7cad84ca047b6929d65319c56c28627e	False
0x8e0d3589494f7acc9028e6c3436c251bd8d4d906	True
0xf0d2edac1a0137c1446cef511c6804fe35e99ff9	True
0x82488b476b757aa217db4a8eac05b2e6820973b9	True
0xd83a1f97bfcc7d44db26221534a7a25247f256c8	True
0x69defd6471ab6b53724646f5dfa9a5183794576f	True
0x0bbd5cb2c89f7d4f361033bde076f892fbd2a6e0	True
0xcf6e4cbdf741cf0346bee5e4d3e4607fa12405e8	True
0x936fee5a5ab56119e34db0164cb66dc9c6b7f2e8	False
0xb072d8f318e3aff4c277e840a216a89675111e9c	True
0x997559498f2396f2512379981b5b4014c9eb1739	True
0xa4ecb106d2b9329ce6fcc50c1115cb7e07a7d59a	True
0xb93cecd1925c44b857c15a9488d2d0812deb6cff	True
0x03b40e10e8c51cbf89416ee04ce6483aa79bb237	True
0x18a19e1a80966a0d55046d728eb2bf5f43765422	True
0xfa5abe21a2c588144650e3db7cf8d9da61d8dbab	True
0x427540661745cd780a17035c164cb04226dff7be	True
0xe1b938fe97651070b224f8859fc3a73ad22caea2	True
0x453b0bfeae66126a9b34ace3b5c6012e5c73acb2	True
0x8e8f7083493a8284d343a91903538c58ac2b5d5c	True
0xa35722c45d644249adb8d29b8f79eadfeae28171	True
0xaecb5b9e349393934a42948a8e2c399a8bdc806d	True
0x7c6587a50612d12f10315b8d51a9f0cecd988645	False
0x9b23ea16a2e23a5cc249a99bfb0c6b29357a5a5a	True
0xe2f9206a7e9514d0701b2664f444af45d988e473	True
0xb440aba3a8be6006416c7e2ebc278fe1f35c02e1	True
0xf409d377225c9d3a8953ec2334ac580ae0cdbef4	True
0x418708d97cbcf84e905ea083a7d59ded4eee9487	True
0x4b20ab2176ebdead5de9eaeb82482a20526d9fe8	True
0xfaf2a176b8f2815669babe9a9b3014038594a55b	True
0xc610da383ab6f1eb1088d021806c062f6a315a3e	True
0xf3352dfbf26bee5b01bac08436382babe55fb150	True
0x94c793ed84a6a7948ff04ffeaacf0d1f2e738c0d	True
0x428616d3824646ee086cf0e0f043200b1ee90b97	True
0x05f54cfa075f38472fc145f793da682dc4073735	True
0x9dea9adce1c4369e967edf0dbb097001bdebbfdf	True
0x964bdf9e83c09db48b7be3047e2bc4fe5abe4c54	True
0xc914a2ed467f9b315d511be7ba0128c09b78ab48	True
0x0c27b6194dbec31e3734230442d5b1d3b586d122	True
0xe3a716ece717638c50ac6d0a9c747f4f0a19860c	True
0xa217cf0bbd41fe4243fa7f1d2eb72fded30bb5c4	True
0x016d70156332799f8d7069e015731f5a8f8673f4	True
0x7deb978f90b12cbcb7ddf68c858fbc3c9d5317ef	False
0xe99ce0c4ff9f42bcd12fc9138c17e71e1c0d0e35	True
0x09d4e80d3d4951934e75f7822480f53caa0ede4e	True
0xa7203a1ccbb09ab85c6c7a2da0eb0cc4350e030c	True
0xa13532996dcc974feb221a7d81c8795136d5f256	True
0xd2b29c07bad0b016e5543833b1bf0d946ca9457d	True
0xb7ffd114fc0dd5c7d13af6d463a4f44c034fa997	True
0x8bf1ad551ebb54877a9ed5f0b266acadaab286bd	True
0x6f1d383eb1389d909ff6283257e5d14bbfac0fdd	True
0x6e6369e0104ee4211664b7a96ba9c6287df94223	True
0x4effa36d9d81cabe4e43fbf73883af9dd52cf294	True
0x496bb5671e547c3b964069bb201fcdf129b12cf3	True
0x6bb61a71c8a9acb861750976c2ab8a50e0c2759e	True
0x7a809e06ce4f27a1a7a26046b03423c0ca7c210c	True
0x5d338e5dd9257c11d49fa010f766f3113b65e5ec	False
0x3a7ecb83bd399b14c40804ecb8469b60d4608bf4	True
0x201167537da2b410319f4be22508bff0ef3ac69f	True
0x39cd57f6199c879ae257702096ef6ee6bc7c9108	True
0x48b999209b7668a9faee5a2163de9d3b8168ba31	True
0x805fa614b5638b1627317c8ca3776491123b975b	False
0xdd44caa7a8c040c8af1fdd4aeb598c4f80e46227	True
0xf195fb3fe11c51524f319762a4802196ba59596b	True
0x189b18fcbe5cdb1e4760890c6a89a1461fd97adc	True
0x08185f978f8bb5b14fe68516f58b1e14c8c62616	True
0x9e1baee8bdd6eb7a4ffd031f3681fb64db0aa51d	True
0xf32afad04020b7ee95c138cb8b89a1640075d55e	False
0xdc008d922956c767709481da87b5c01278750341	True
0x2beb8ac4955de8fe2dac0c7b23da35dd71fbe9c7	False
0xffc3b0c9deb96279dbefd5cf41f29539d005db7f	False
0x3d4202eb0f2853ff94af6310b79aa2a0dc5e5662	True
0x0ffaf1289c56aee0c026ef8fda542d7c800aff69	True
0x4b13221d0dd36b8e74c6c56cd0c31a1a59b3275e	False
0x7f436834687090d4fdcd182a17191dd52ec12a6e	True
0xdf59de163ecaad7b2986fc232dbf1af42ef86fdb	False
0x431d57ecb32136e0dd284b72a4f83b226740b1ff	True
0x1758c1ff59ae6b24b80acc216e59214689fa54f6	True
0xa24ee8d14f01aaf4cb012af20325136976068388	False
0x1255a39dffc33927bcce78f361babd71d6b1ff68	True
0x3879e1c850f82cbe5c9913df2923e292bd0e24b7	True
0xbb19e8acaf73d54b9c9e608162602a34fdedb0b8	True
0xb979f968407e41486886e067c1ef42271ffe1197	True
0x4d8c0840cb8c4d6ad9675a9c259451ed2d3641d3	True
0xe292b0c0940bb8d6d0815f1b1449ee61fc66d193	True
0x420fabfd135924996cb5b9c284f6481321d46e6a	True
0x74aecdffcf39b8d123fc038d2cf124d2cc3e4bb2	True
0xbe329430f6a41da469dd8ac1a5258e9438775e64	True
0x63018cafe5e604e19704fd9237863e82364f08ea	True
0x422d3477e12980020ad7c496ac63c50c76ac9689	True
0x8dc52969aade01b240851a79c19292ffa24f3d57	True
0x4b14fa008f905cadf75b6d51ebe8de8be4d2126e	True
0xe91ebf23422cc4009ca1b9c1cec930ce12b94250	True
0x560a255e1c7013ba972a9441b01e6140ca959e47	True
0x787c2deed5078ba6655505ffbc1f65894fafae8a	True
0xe6bb2ed350d75d17aafe7e460baafc587df64273	True
0x160b445c9332d5c2a99ab5d3cf0ea6be5616e730	True
0x6b2a35ec88bc7ef62fd985754cd8f43e48b3da2a	True
0x73d59eb202dc0283c9f086deaa162be1088fea8d	True
0xf4e08475334933b9744e9d8a94da75b5f1c2b29b	True
0xcfa288a46191a40577e3ae45bc27367471a7480e	True
0x60085d90074aa7e9b170341bf1e2474d1897645d	True
0x5ea2477e14b16d83a3ef61972b54370c27f3e6ac	True
0x55b779b949829ca9d0824ce98b69608187e85e98	True
0x6926a41b94ba08b6f7b384568198eacffd0450d0	True
0x483fd699478a912d3376d05328e6ca2dec28fcdb	True
0x185dc966a52bbb4f5a07d9f032e8cb486a7a913c	True
0xf9d5ae29786070cc1cd997cfecacdc7de7e84709	True
0xb28a61c0a8554bbabc58861dd2e2e5efbd68e9e5	True
0xeef00fd7e2eeb9ceb56d9793ac12877404661e38	True
0x474788fe13f262c1f75a693a3fbd51613a596c38	False
0x0352cdb5ba98bf477f976f644975d1d769687986	True
0x08e84c1eaee21b98da4af16ff902199ab0ce3406	True
0x85b656b21d1b3118ab9e89474e90852962be2f03	True
0x66ab2732b4dffd8c64038489b684d2e33e771768	True
0x008965fe4c9f105af3e96abe0e4da4413f4d8480	True
0xff63d71dbd0db99dcfcf3a9380d4565ada156c22	True
0xc2639b9db14af9faae46fd932904787e4897e182	True
0x9406e3e3cf48b902d17a71e89b6eec96b6a9a297	True
0xa8dd761e06bcb4d1092528af5877493ce382d4c0	True
0x0b7f1f389db8dac158f5465e08a15b6eebf28562	True
0xda13a78c2878ed39d5c3cf3a1648d792fc7fedc8	True
0x0b9a0998e5a7b40302488d1b5c6c893537fc0fa5	True
0x2f1a0377b903c67d33d82781c06599df714b056c	True
0x415161d17e0b548ae327bda0ced730304d9e21c1	True
0x47d31f9d65729d5a2fb16b7f2dfe2f94dadc9a74	True
0x6783b67165f59588bbe679273de6fc25b59f3bec	True
0xb63664c30bb785ae4c1cc1762890cab45662c7f9	True
0x861b371794844c0ec633cad21d5c5a1fce29cc5b	True
0xb4ade05bfb1792e5bb66821b2e83c855233da04b	True
0x15d9f498fb6e484579e4a79c443ece6682941249	True
0x95dc778c5a69f5a6a996506320505184580bd712	True
0x97e6e5600aecc4b513ea67ad56ed2762a3dd9f4a	True
0xd78dbfc6bbf9baa565f8716d8e747a9250420c2f	True
0x37c62161654902fe6d07264193c6bcc33a5eb0de	False
0xe139d763918919df4a16ff93b288529071a02f14	True
0x2163cf43431e7f74c94ea77de3abe85f0f475d29	True
0x0de45017c12ff839a31044adb0ef9c467ab4fb85	True
0xffdd82fdee36d25f680245c08ef3fa49696e9089	True
0x69808d606f95de4f904b68715b95e0e2acd8d783	True
0x317a6fc6124bbd5d63f257851abdba8e1098b217	True
0x845318f20bfe4b300fdea105388349f829822d81	True
0x85c0d06019f5d222478c29f56d9b6a76ef849de7	True
0x648cc357f26c7d137fb4fe981db1860e7b448a9d	True
0x50c65c48c99208cfbf0c13c0559665c9b4ba40fd	True
0xe52f2f7521e76b896d08baec769c0b1f95b86c93	True
0x68f82446b7fb5b36603d8e805f829c827a6a60d3	True
0x2ac836993174cdc5658e8382686cd9ff3fd6c5b1	True
0xae6728cd42bc7d2c285ec491f3d5186f2a7cca3c	True
0x738ea7bfe1610b9f6076cc295b97e95f894b4eec	True
0x629d264c2b071e326ee81e7e372b901a91a0baa3	True
0x2559c09434a3d0bd2b39f8259df973c24c386c7c	True
0x798e39c132cf85ede78594479ae539b6fa44fcc2	True
0xa19d4e720d8cf0530c0afb1c41f38eddb9f5dfd1	True
0x258188fac455f04fccd7293dac4b5c6e04943b67	True
0x0fff71f5d0a2ebf94c73808c33d24388c2274739	True
0xc8e484394c8e2f44482acd5559ec207d120c579b	True
0x110f5bcb4c578498a48c3503478f8169a6170675	True
0x41a4bd6bfbf3ab6c38ea905dc772dbaa9255d0ad	True
0x1db9f7702b405efc25662f35d67c3833284519ab	True
0x71f47539a5ce47b0b2446e9103b00c1b7a669acb	True
0x065796dd8f1edb096caaedaf76174687e6975b3c	True
0x20059e423e1d7a522c01e96c7801756861635503	False
0x4a7008817dc2d7fb708516e1f871430441f2f33f	True
0xcc163c66bb0f934038736c854761b863e6be657f	True
0x9e499905f7025944158ce4433bc0c029e09de8f1	False
0xc8a7dead279483ecf4aedb5c1652089567be11ae	False
0x4a24aa55cd5cbcd51044290ad9d80e224443d845	True
0xaead0aacb1c57665f3fc2c54516a08d1b09c677a	True
0x3c7a2753b8fd948dd1702e4e01b5b904c57561a8	True
0x7d654a85fd52001dfbc0ba0a6553ebef27e8cd0e	True
0x0cc8135922a799b17358e2ba8143a696f1641ccb	True
0xb57117e171f441fb0146d70f2991af660245cf50	True
0x188d94b9f143d2e47ac7c754822540b8474f4ebd	False
0xdaa8c4419bdd40b6daf1a4acae653970c78bdaf4	False
0x16481ef28c8c8ac831dcf4889d5dff7629ace851	True
0xa075d8c88bea4a0c9d447e02e3ab5f9228465a19	True
0x13b4a25dcb6cdb8f5be00cc9ea753a636ea02c57	True
0x799712fa7d0dea14fd45d713ee46568a873c06be	True
0x8c0d71e3b3d970ce019db35e6b619943e1fc3fb4	True
0xc364e8db245b2cc2466f7864fe5897663be73c8a	True
0x2d77414b33d7ea9c267356c215e62b0260c39945	True
0x4fb7173effd215c4efa3d0db218f9b70d36c6aa0	True
0x1d5b2d8a7d73d22d335d4f50c826e79cd41be4b5	True
0x378f1ea598d1b0761425c47e333241aac2c812ca	False
0x554c85a370c89839867476c4180f7d084631a843	False
0x67412b1a8bc4201576c3d5dff970c1ed27bb5712	True
0x06d0b28a17d28c9785ec24095eb09025b5f70d24	True
0xe4bfe25889096d08242bd028005b90cc7f6d5aac	False
0x92145877e2ed45c0af734c2b94fc2ad950607538	True
0xbbb6e964ca4e51066c7a6d170f4196b62b5d4b6c	False
0xe28e671ba6091c25193cd510508efe37d93ead80	True
0x13d62d04ccb3ca79f74f2098d8798217251168e9	False
0x1300c52c5ed2d2b72844c5f2cd95846a7feff276	False
0x502d670976fa7a5c0e542ddc7999ae5dbd3844fa	True
0xb374cd3dd23c81bcf5ffc5067f43d9d62e874bfd	True
0x5fdc0258cebd10b9f72b9eaab9134f4f74462692	True
0x86c41a1e8781b2b7812d2af821deba2bc54fcd22	True
0xdff224b4d46c3e2aba7aa24579d5b29ff0767c4f	True
0x2a15b7752c33f5a3fa3283b64605b2bb71c926af	True
0xa22e0485bc7654b1d56469d115917a668d516693	True
0x2b31c186f4d0fd2ceef5b983b9bc0a124daffa1b	True
0x27ae3bff0ab4a0c2eebdae8f44aa76a3b03bc9d5	True
0x9be5ac2e9c143abfb3a879eb10b6cacc0fec058f	True
0xf7025e3d8a0b60bd5cdf61e0350eff526ac1fc3b	True
0xeee8b68e42103134db367913233bffc4707c4754	True
0xaef9630ce67ab705eb580d54f6d24fbb3598ac45	True
0xda20fad829537dfefbbb43082c2dcd39caa5607b	True
0xee34163dfd20339bac7b0443bb1e97d3e80b30b3	True
0xae88cf11ce65a32a137cd93dc2b01d6023cc58d4	True
0xe71ca81227b52e902dfb48b23dbcb0acf18f3bbb	True
0x283df2fe68b1168263cd72215b97c011d8da667e	True
0x84a8208823e26bb6ffee78fb8f4f77302d7669a4	True
0x35388817aa01e11925a775c27c8426a11e53bcf8	True
0xa84da55a413ffae502949a1870f4c713f411f47f	True
0x5fc27afdfe162164e76d35dc4125203d0e0968a2	True
0xac17fc22e2493ed6ba27daa06a1c2f3bd5839c5d	True
0x5e8ff95473d1eb96e2099cce5f6f171aac115947	True
0xf99ee8494413b35d2fc309ab136a6a07fe0f3170	False
0xea2a899c78e3a8b0eaaacbfaf856db510dba3194	True
0xc9ec9061fcecb2a6aa216095ce0131bbc571ec12	True
0x7cbee68021e45d30cc910d2165f2b9a3c258187f	True
0xed678e23391c55b39b381a17c2270f22d1a3cfe5	True
0xc52733846c838719600e570ffe45092ae2fea6ff	True
0x6a451311cbda9f119bf3df8ff717ec0e9a9c186f	True
0x4d0fd1c15d1c96df3c1c516558d47a28cd77a45c	True
0xfbfc27f73764a8619a7810f69190e9e7a98e4733	True
0xf8c4517f5be13a12b20fbbcaffa0ff325743e974	True
0x63dbf8bf68df092521401cab3038e19b5e2aedc6	True
0xc52631a1e8022903861f3d36f273b0b70dfb9b88	True
0x03263805e92ab8f8e591f33bd868669281f1b162	True
0x4caf233ec0cf88db6916ed704380f63ffffc2226	True
0x0a753341048da9dfd0ca0364de591f3ee310c027	True
0x0615d9214957ff0b2beb90e1d1f53b7e4339c4dc	True
0x3bc243e6f308aef762b2fd853f1b433bcf16bed2	True
0xb2919f1ebca359fbec6f260c274cd5b9e7655049	True
0x4daf6782ee05e4d2eee455f709d2fb6793c64e9d	True
0x131efe00bcb7225d17fa728328417878e0a17c0e	True
0x59f69cfba70fdecfac5ccdaa587bc1de95e5559b	True
0xf648b559aa95cc2a944adbd56fff02f5c8683b3f	True
0x7a7f564fbc764396b71331a10b24abc7f15225ab	True
0x6ab162d1f63a286d97dde77ef113f9ec58f929e1	True
0x925a84efe318707c71a4e90a2f037fd33b12fe96	True
0x6cad65d902a1e2bb5eb39fe87a85c2e3a34bcd7c	True
0x34a2f38bc43eb77c3567e929f60da08b675db3e5	True
0xccc8ccbb15b4b2d4b6abda401a76a352152f776e	True
0x8be180ce7764d00749f79bd8ce938ff8718f2d23	True
0x3396334e025583c9754db68e6b3d3583405faa7d	False
0x9db30b0e47472aede0212cd670ef92793bc6892e	True
0x9ede42002572d5bd48443818a69246ae530f73a6	True
0x5485361d26015e14a069a033ee77e6b623eed363	True
0x0b4a67b9e4e3bc76d4c8dc5fd05aece0682e2b36	True
0xd1d7090237fa584c30fbc32411f24913cf34caec	True
0xc6c0c496d0d8c2a6009e67cb6113b8fd4d405d41	True
0x502b72d73ee2e64d834dd9447a79ea02eb0f9bf9	True
0x808736a477b18fb17a86ae96cde05e79244038c7	True
0xa392198e2e9718be84407cbfa7626c04bcb8b947	True
0xc3fdbdffd1a907ad80f13256d7ff8adaf7d4f351	True
0x2876e7d090a229326da155ce874221f881576ffd	True
0xb0e0b0d189292524602fadd471cac266809c1185	True
0xf434496ae9a308f13a3618c5bab70eb10e886d08	True
0x61f0fb05cde4a5e5d8b94d9446b1cee05d20f597	True
0x9a46571b28a2cdef14c440bf0fbe4762baec876c	True
0x85a35ead71a53e8a4bc2302ac361b864bc950d62	True
0xddb9906538a634424a4865e1d738c573513d1cb3	True
0x417e6cf643bd54a0aa43a37f164a0f3844b679aa	True
0x740ea5c39618dd353339a217b0547bafc3ddc1b0	True
0xcb60bfb7e3f60c3a31fce745785b2884969dda5f	True
0xd9fb60433bbd3b5200547ecef498d82dfdfdf78d	True
0x57bf66eaa7e66afe93ac74b431754401dc34d01b	True
0xe0d72db326e1202ceffd652e607e08ad41721e12	True
0x7b8cec6ef73ec5ad77b7736ca213ceab5a8b958b	True
0xdc96b44e2e9e41cdb311927a4337d3a5aae95c87	True
0xd734b9eae0a186910311a2fa25542d26d5c101ca	True
0x26b30e03d4b1a27d1bf30751fc4b0b84eb0d54e7	True
0x3fe153a18ca9dc0763c36b19fe506a7ae3bba057	True
0x5243856cae1a260ad58e4701e11243650765dc7d	True
0x57b367fd7f7b749c494e65fc8d5e285e42ba3d63	True
0xb45e6f67f0d5d5274eab515d516b13fe8070db03	True
0x17ecabc51ac0337805007d3f844727c5d8b1a67a	True
0x3c826aefb017b9c0ffe6db5a740596a20aa26342	True
0xb85980e4f7ad577fc27b13adc41e0147a1618b4c	True
0xb6edd2d2dccf8c6c0d23ab211da8a9fb1a44d1a0	True
0x294627684a627454ebf675cbc2a5b8e04655f897	True
0x8c1e4f1c504838d080735b94d9424275f7063007	True
0xfaa0947083a0ce1bb940564505f3081e2f01e033	True
0x2105a4d77874c50a444223ae8f4af886cdb6e2cb	True
0x011c21e38767d628938973be20c35e7ec6fd0329	True
0x71c8cc11c225f51ba3c5fcedf4f7235a33f121f7	True
0x8f303500061a3fc6a626996a94227e614469a578	True
0x971f391b35e54bb7b75532bb1ecf964ef7ce4767	True
0x08a1e3534c36fbb230f325a3bda60b40ede3a0bf	True
0x3ef2a7713aaea9d620602162218681530f19b4e7	True
0x189451ab4138d37178c45df48f7719f8062fe11e	True
0x151254a883760014e1a402f60f472be22c0fcbe8	True
0x02a0182601c29d50a549756a202423c2742e51dd	True
0x3b08472b2929a36b7fe2db033b9e779ce19ca2cf	True
0x6b2d9f09c422b54e46ecdac2b9126cf847beabfe	True
0x77e564e4e060f9952870bdf500f91ae7e9c321c0	True
0x246fc3e2561af0557b774f4f0d6f178e717d6e24	True
0x24d2929e4905ee2c279cee2ea703b0cbb5438b51	True
0x9e6771ce4b997e297275840a48af6f8a750766f4	True
0xedcb58449d6315e61ab73b2b37cc9890e6c04f1b	True
0xa49a84b06a4e660112e87af44df0791bd2ec2d54	True
0x69d8d2fe4f4749b13b5e68b9b42687e0edb72779	True
0x089f78d2ae85a73ef6b0ce4d8cb4a04e7ec5507e	True
0x7c372bfc1df5d60f2d38999d9d67e12a5aab1493	True
0x05956d3028d82bae3b3f595202a8fa2b65fc888e	True
0xbdd5d1974f2747de3d4d1b6d9d1aa2befaa71129	True
0xf5a6908a6bb8dcd99458b2a7b297596910ddfab3	True
0x169c92baa600833f2646b328985c3a9901fbac90	True
0x01a3ca7beb3e9eb3f9edbab818528093fc70494e	True
0x7cbc73ed87655b99c36c105f3dac27ac38604c41	True
0x9c0833339f3d15aa97167a6b61cf43436d387791	True
0xcae558a0a31511c17e814392a58834b2de8106ca	True
0x867a0895c5ded8be95e2ef895558ff9fe71afac2	True
0x7163da612390cf59c1b238449c179c7fa7a16116	True
0x5e5e3d736808acb04b50c5e596c407efc7ec94c5	True
0xa2aca8c31b32d1fc5362169db42cd572ce8960e5	True
0x5be2cd818722459a4cef2069f1583444af3bfb4f	True
0x30cdd22cacd4b22695a7c761318cf8864c16e44e	True
0x4195165ab03850bdde5184213bf705ae5139200d	True
0x8003b8c7f7d7269be0ec4083d77ca79ba7697867	True
0x1b3e2ed1e993e3271f6e19715be0ea8cd559a680	True
0xe60d98d02b11c94874a67d490cd7d5276450091b	True
0x1fd97ff358e19182e7a415544b829a5c6993dcab	True
0xc93a26189f35887aa4567acca1959e9c9fe2b2d6	True
0xef57f82f863cef0c751303a0bec5d3bebbbae112	True
0x4e4ddbdceff13dc535ccc5aa1f81de7c9e2bb48d	True
0xa6149010de9b3233a7f71ad4572abb2e734a963b	True
0x20459662fa3aac9e47cee6fd5e6bf7a90d3b87c3	False
0x8fa059df6895e519c5fa12a825b8e6d799490ff6	True
0x93b5e771156e787894ecba2ff1d67b91621e7296	False
0x8388f46e3df5de635f60cf372ec96a57f23bf9d9	True
0x6d56b11b75a9b706774d1e32e42c29995f2fb59a	False
0x83d84bc3f805827d984566fb51bfb52397bd32f3	False
0xedb7dca823e157064f252c4af5620b543d7dd42b	True
0xd4acf37906a0ed40d01dac97e7444714aab63cf7	False
0xd61dff157115080f9fb63a8c852269ea3171255d	True
0x1961cb8841748ecc376d37cddd0e4a919dd5b29e	True
0xb5d47e528fc818b488e7a0888d80866c6aa7538b	True
0x27b28f966a8a3c51ccb715f6cbbe970dba13f504	True
0x463d8706fdbc31aa6ab486be18f9e5e7c155faf0	False
0x7d9167a362349a4430ef26604bb7eb6822abe870	True
0x0522e28181564dd711c0afbc06b573da427a957a	True
0x3522c5a3019b59a49bbdc48f6595ef7bdad94710	True
0x48d3a7884215ab6f9c2151151cf8d08003419751	True
0xa95973ee5e5b56a78a552153ebbf4323828d9556	True
0x7b3dd0d649c5276a086d4edbc34171683a3670ff	True
0x6641aad7f809b6f53c96cb846c8aec72309dd376	True
0x9516c2da1523065263d03449d6d1482366b237cc	True
0x4cc229a1151850b75ca530ca42cd582e28c6732c	True
0xb2fe82680d5e5c0d11092ec854d975af37e0f53a	True
0x53f53e1a91cb32cc953829cb6722632aebece4f3	True
0xa029f987a4a224c641d44aee79d3b2328e89af8b	True
0x58699da8b09bb09998e6bed8e00dbc49c5d17875	True
0x3e46ef1634098a49d28140c0c094314eead828b7	True
0xc5f79dad808564c797341f0a576f38998f7f86cf	True
0xe8c9a0a181a405099d303593e9eab064886e55c3	True
0x0dcc0b9e3293dfcbb32639e33191119e6ac5ecff	True
0xea00edd20aede18ca3d7c6d57ab2ef1ab3954dda	True
0x2343400bbb1c3ce0488fb47b6cd46887c5ec6b22	True
0xe0da0d35b2f88fb9bd18d7c9109a9bb38d0f2bd4	True
0x9e60ef2da8e374cbc0ed14a839a3f0d8d6dfc651	True
0x5496da367d834bfda9b32bbb471930b93ae5db0a	True
0xa6615d947c43348bd42f699987fb70ec779c8bab	True
0x7bd7877f7134e15722add3ec9f5fdab52d9e1d67	True
0x95b82f2159ad60f6a4d8feb4c101a768ed6643cf	True
0xe5c9649de26566ee8d4a6607ee249ed9f9f20bab	True
0xde9a2c5bc73bbf0e9424a483b155c0a08b0cb512	True
0x6838fd94d7409af63a30698aeac8c552c8bb71ea	True
0xd65148915b1576b7a1a20bad59b77594190d279c	True
0x8d7a50a105d40ad5230e5a0c5515611a2bcdaf5a	True
0x08a3ec8348065b8d0adc0394165c960ddc6cd2f5	True
0x290ba5ea38a6737127cfc1831556e95d0c0f3faa	True
0x926c54c65fd6088f5661730057a6f7cedf72c04f	True
0x42cbe37f9955ae3191cdb3289125d120d5844e08	True
0x6a8b481b7e30de49ec571842e8cfdb56776ba580	True
0xa13b417ecbc307ac0eedbbd2e9bc0dca1c5b5510	True
0x3e812ba9ced334474e189fe463f2441fa481523b	True
0x598e71925324f698a739ce018820771b711966d2	True
0x4c9f40dd66d97dd2d8fc1473114bc68ce6567e1f	False
0x35f73dc395c7e23c3a465b24b3bf7fe5ea159f5d	True
0xd95d84d01a7e8afeec9923db153ede0e4fc1da10	False
0x0b36be0d696f4d27ab495f1b5e3fd73765b93dac	True
0xfb0db7d4681e64c86757358f42582f624d68ee03	True
0x19c49910268deb60a73f42a1cf22f3533e24d832	True
0xbc13f476e1ce09de4046c190f94afe72f2be8f97	True
0xf631f9b7f84d97f941d30a835181fbc3e26b5e90	True
0xf74a22df061c9c4b61b64d59b17741bbe2940fe7	True
0xa12041a965f14db02095514e1a25b2d93c9f665a	True
0xf527e3999a8fd82d584e90384ccc635418d24e4a	True
0x3eb1629302e87cdfaeb936ae4d06e46cd4a38e4d	True
0x8a7c5f1fb4f15afffe0acf2fbd8f87fd1d500a8a	True
0xacbe02ae91631e42b428f9d8d98067045161ec89	True
0x75b8fac8b5fd0f52937c5d06b611676426f3bfe1	True
0x04b3f4b67d04afe3be597cd80d2b0833d5af307b	True
0x5ede95583de266ed7751d0d5b7d48ae2b54cfa02	True
0x6b0a65fef944a10df77a0185e161f870cef4616f	True
0x923e2a6e15139f57a23b9b4af003dc1337771fa3	True
0xaf47a3c21f80974aaf65c67b101b6f76b70bfdd7	True
0xb04e25078273d4a90c1f143a2cfee8f9292b079b	True
0xcdf6860ebc4fcb1d3a73e4e13b1bdd8ac0fe9122	False
0x2de7cdfb8254dc850a94fb3ef8dac3dc7e226e04	True
0x7a4ad34e5b149a291742294138a19a9b1bb0d0d7	True
0x280494c02857fd180e0503e35109e1cdc3e6d39c	True
0x5740b9a44527d0593774de8a62861aa4011ae592	True
0x241ce06b44da747ecb04e23d728aefc813bfaa5b	True
0xcc0934046d06a3fd7dff6b23ec0aacc54afee7e0	True
0x7f520b33214f300fd0a4c3ec959dcbf034a3340f	True
0x11a2a52bb7642d7be8ce7284d69f2295fe50dc88	True
0x8a6a729313fc0ec5d5a5e226d145d69a2ccce619	True
0x6d18f84eda2f49489d8f7fd1707508094aaa1698	True
0x5ba5ae7117c0d64c271429d0a32ff01c569c9b4c	True
0xa4a23e9108aaed4ba69b203b228eeb973a0ea008	True
0xaadb63e1179a4eab0b7cbb088ae51906faddb03b	True
0x44c7515401896a477a87c1b1a7b76732bf95dcc9	True
0x10af511edbeff7cc1de61c116b0689179a6c1164	True
0x64f7946ca3a4544829a04ee4523f986c79e53651	True
0xbeab29cddfbbdab37bb06d4b81a64d33132663e6	True
0x04ccc1af5df43d48a6f3e03c0cd5ae082b1a65f4	False
0xee7b115a633d6367ff6129f546e37d4c5c10d2c2	True
0x7608dee999feaade8f0598a6ebeace9996d2a107	False
0xa2cb56bbf77b42bdc5570d071c8e3b9582b4b80c	False
0x830050bb5eeec68a4952070aaceffa00043cb13d	True
0xbed6f9dc8daa30344e8f40aed1962e537273a639	True
0xe2e2af08f892cacb90990f44babf89ecf0e83dce	False
0xccce55ae317aac82b803194dac67fc9be4fbccc0	True
0xbe588cb390b9086406e440cd58e5c3767de2b4e0	False
0xabca4ed28c09bd7350a33ffcbfff6b0cfe8fb29b	True
0x9908f77317b9290805e7b0551b32e50b670fbbae	True
0xfaa5492f62a04c800bc0259828e1f605da98f485	False
0x1aa6ad50ff92b606661d65a7a7237005dc1616da	True
0x701154bc78f346ba6e4a6f3fa89ff090ae6893ba	True
0x35c6a778f9bd87a85e4cf1df1625963545654153	True
0x1f85f17f361e6b935659f1ba6ec2c2f01b0b7b99	False
0x1462f60fb1f88cbf8871c6510b7461faa3e339b2	False
0xa917407cfac3a98099541da42b3cbf69635b6f79	True
0x0e9c29919af4fcc5d41296e874491e5356312176	False
0x455f4a3c29034760dcc4075a7d0078024ccd718c	False
0x56c4d8da71f24fe427620869b80e234a0fabc885	True
0x930dd567c210d27897cd0794e0fd5921dcc77a6e	False
0x2b56bd0253730f4c81f05145ca550fd8d21df5fb	True
0x035e7b1f6c5d40e79e9b36801b400df429dc3c85	True
0xedb951f09e2b9fa6ee3ddc0358d423d9e63e3c50	True
0xc39d10c7d0ff4e38f78e287f61764c459aba00ef	True
0xd48b54436638cbda08f519f78d5aa0886e9ed078	True
0x669ea9c3732a6a533d80406abc015a4642c16475	True
0xd0ebf33a603bbebd3553242c762b48ea89f876be	True
0xc644681f5fbf33b342b3781f7876e3d4d7103c6b	True
0xa15bd438a78b4436b38b401331fe3097d578a9a0	True
0x2b603121fb81e259c92e78a5bfe0eab3e5c7649c	True
0xf5b9da7cb805342586d5a5a04595e26582a26c38	True
0xca9b0dbfe212301d63d18b071ac966889fd818f1	True
0x327a59d7b566d2fda935fba948ca2f7e7b331994	True
0x2425c6b35217e157e6831cd42a2e4d1a3361ae05	True
0x397777de4de58df1007f6ca3686367282f507371	True
0x63dc524330d0c7af6c10daa4a899db7f4f35bb3e	True
0x06f03f790cc0cfeac24d489141d6210da7dc0666	True
0x79536401b248ab550d4dbcdbdd202eddb335905c	True
0xdf78e19d1ccbb377dd33906e3b61b84dd7cc215d	True
0x96d2d8df4b2d9a932eb10c68074ea35986293423	True
0xb16982667141556a40ea08ae3d405bfe9822cc2e	True
0xd33770972a0407548b00ac35aeb05d0f7dd80b3b	True
0xdfd0107858b665bb621b480d085a8efbd7ceec82	True
0x9a346132dabf8de38be8f879003809241b6e54b7	True
0xa4460e14f2fbc2a7273b6c62d457c9995ac492b8	True
0x9fd442e6fcef06c2b897f24f08a56522bb0d344d	True
0x63f10fc8b3fde93a187f1efd1e9d33f01dc48da5	True
0x18fdee69c46ffa90a71cbcf54b94ba6f8b167aaf	True
0x240cd6fb81d88173fa75238c8bfa48d70b4ef0ef	True
0xe755e79d7bda723e1ec017f1a381ed94a5ad5674	True
0xa516f0548c7d867468728c430844392fff26ed37	True
0xbe876166aee0ce78d0603b4f23f9f4057e73f490	True
0xd17878cff1115c6e9f0b02e03fda1fd3978017f0	True
0xc0d5074f9a97e078c4fb2b55ea14130609bfde50	True
0x465a0590b99f5c59f09f66007e924911a74baf22	True
0x22a6d32214c87d8ae7fb4b78f6566dbd5d6219f8	True
0x9f228e24e6980387d538af037a9f1acf0d58006c	True
0x509fb50dd8411c674b0ec6b36b0ba2d87fcb4b3b	True
0x133ad7c90326abb6f4df3432ca12b76f2ab7b02a	True
0x273594b0b2ccbb9ac06098ca36340fdd8a13535b	True
0x765ce07ba33e732de348f96731a10ef9e1d7d4c8	True
0x7a92bda95be5849039a2bddee9cc3bed64a64d04	True
0xb013784d7180e2bd33a528f2865c06865bfb5879	True
0x622c6a420cc0b4289aa9b87c83f9041f2c7c0d85	True
0xadb836a120b80a700aa93ea98181816bb2268c53	True
0xc0c69cebd05d42cdf44f945da0f5c6a1053b4eb2	True
0x992f677b6dbcb54f14efb05a3d4be50f96613d1f	True
0xc9bd28ce3b992986c0c04daff1a935d06ba5b307	True
0x3b36c3882f6f9960cbed67d9a2ea48bb7f8506ab	True
0xd643a623c8c81155616fc6858ef5e9853f99fcb7	True
0x04244909ec1e5766f46500b964b11bbb31dbf9eb	True
0x882c13f2cb9ece9a528212195828b6168dd4a5c6	True
0x3a6338b4d3adf71ba8f841e44536c36353fccc9f	True
0xa0aaa9b379e97e5cc2b07e391ea7e1c2a274b342	True
0x4582a2b352f439f49cffa51a9353dbc0a9bedb4f	True
0x53d37a7f4c0f2f905e6f732f6cff2df32d8b1635	True
0x436d3a4b470fdc88da1559eddb3b1a8188e6279e	True
0x091c38037eb220f864254a92a222f10a5d9097a6	True
0xd392fad930f0bb6c5c40523a7b016b1a213c96b8	True
0x6ccfabf3f41dc86f733371a1e8edfaa2051465d4	True
0x514a3ce0f8dc8bdcd5c3dd2b1726b214c170754b	True
0x69505e8e9f5411f97c8c5cc99bbdd6d238c5cff2	True
0xf06e382a00bac45a19a4bfb82588e440bcd0adc0	True
0x96b74f0c9096988c30881f93554897a1acfa5ecb	True
0x775b069bd00963fd9d5c5cabccfacd163019e358	True
0x207aed97ecc09cf10dedc1d412fa6dd2d39f2ee6	True
0x0f700e5b7eca41d806ab06886eee35700c008084	True
0xa39b3eb221af4d148cce10fcd79bad1c778fa797	True
0x7a37c34368827a28eb51555419064fb2add9c065	True
0x858bc59e61000187614b5475637484e2211b43c1	True
0x75ae401d857b85f11c6b0a2b25134e8cf49dc7ca	True
0xd1ea7b73dd127e339539ae46c4237459f324a385	True
0xb43c5ebf5afddf5c6e971ed33e32deb67021ea12	True
0x2d592faba23a2cc37a115755e3c81423055dcdd1	True
0xb383a0ee5347eb936153199534a9da8af2601413	True
0xba7c20a7f662a4c9f30c16c873d93d6bbdfa2fe9	True
0xee72e119d3ad0d20efa09420deb131d4c2dc40a4	True
0x7094075e3134d833c34731f0bae519548b06484c	True
0xa458df8026617c11b488af9dc5efee27730d7750	True
0xd628e0eab65b869b5fa4507df8d9e7ed77838d8f	True
0x0c47a7fc50e1d1fdd8bdabc056d469ac4059ccb2	True
0x63c00e6ed31c426073a8e805e99688f3ede5d114	True
0x95407efd9f7ff6530797b07bc509ef812edbd2b1	True
0x80175fc297dd960f441f0d8d80786a4922db4b13	True
0x5a322ca9ac18baa470c22279cf950a8d1db3a51c	True
0xcd7cde0931e6db5b9798d7cd0a3548a66c02889f	True
0x0aad0aed9f52b6b1f5099c32e0c0c13fc1d1ac0d	True
0xb304bc0203d534f2216ff7db85bb0943d8ffeee2	True
0xfca677bf6a286510e56ee1afd28c2c1212f13d4b	True
0x0bbc9ed98414ca26ed5789b4d803d6dfa2294ada	True
0xb77f1130f9a02304624236bb490be07b4d581b0e	True
0x34745e83f3dffe4f582c2e388fafe264ea70be5f	True
0xc2dbbc898688706feee489265af2c7777b1b6999	False
0xb67c13c6b680f3a15537106dcf96787dd2ce40dd	True
0x99282cc250237c3e27e5aac235a31f0a79bd0f7a	True
0xe67c58f00db5013b7d88376fb887f6ea17d36184	True
0x9ae02faad4b518d9677a5b4e2a64df5d38545dfa	True
0x3c4b2cece51c4eda1cdb3ae3802e665a15205f3e	True
0x1c6084b49729dfd4b1ce5aab43fc1456f95804ca	True
0xa9547aced634951f96b889e8244e1aa31ff4480e	True
0xab190b6a73bec05dc57b1afa158845891fe4bd40	True
0xffda830f1d40a8dcaa72fe0c986b0344158fbeb6	True
0x0a9734b1a966b0b5770df1149e9830e78c4ddbd2	True
0x43ef06723a94b6c7184ad7cd6f172a52f1324172	True
0x27289388e999aa77bdb3e399d71176b987c094af	True
0x172ed7580089e925f48c5f15eaffa3134295712c	True
0xd37b7c7967e9fefa780e20765b9b73a17d79abd5	True
0x50f2347fde80001d9aa11dce52472453c3b581e5	True
0x9afe8d8b639fde763b02e1425f6e9d684895f36a	True
0x97627456d02b46ed640c3d87ab58912665ee5f42	True
0xf66eee1eb3fc9bb09f21ee79300fbeefe2a4b951	True
0xaf439b437d134217c0781cbb2381bf4af39f0058	True
0x8f635376b9c1f30df568a71cc205c9121b12a180	False
0xb874af4f4ba3579b64304f44a1909f3c2f66c8ed	False
0xa05571419f90b5fa5760e726d9f3126c8ed0ccb5	False
0x0e098310c19c5035a7efebe1260d22f6dcb6fe11	True
0x0cc249acf34df43f3766861ade4b716f381da197	False
0x82bbdd17cc0be3ac20eeb4d734b73f6e237e8b49	True
0xef44fb07d564b3f6f2d6f3bb3f622c3d9c358062	True
0x240471e786150e88b5f16eb968292491864d92bd	True
0x961d126b8282cfb9f33f97f65ea799d7a481a696	True
0x3c67012a4fa907626d22e829d030db74758972eb	True
0x3f219e2c9c655b4f39e6e0483e3f5466028157e5	True
0x4010d3c1d340c41d562e47fa908f59723dd8c5e1	True
0x6ddcfd6e78b8bdeda5a172dd048d443c6a3ddb03	False
0x942509dad5e53a077189fa5a963560dd5b66c1ec	True
0x55897c2bf99667efcb49c972a315fdc6b2598681	False
0xb8dabd5779556693e82231e443a775cdf9257254	False
0xe7fd7e301e20ecbcab95d5e0c52ae7a066139e2c	True
0x0d2bb9ba110dc0e7128876981f2fd1bf4c3b4d87	False
0x50e2d7eb4cef5e21d2bb277ed8b66ddace61f017	False
0x3806caeae93d2026c8a53775db789e92dcffe216	False
0x54f9ac9ba4a136ce5ebf4b1b0ac485ac49026138	False
0xf6a6a8bad2aefae8733b07f48c62e3b8db66276e	True
0x89f4df79d337e699081f69419ce72d08d98adbb3	True
0x27bbe8e8708d9e11f99d76d888b504072b43fd00	True
0x1af1ab01cf0e095a59f92adcdb83e276d63cb7c8	True
0xad19ab025ed63bffb1176ce6d1cb8beb78434cae	True
0x8f353477500a8d96a6dfef5f7cc9e518ca1cf947	True
0xc294f763dc6d27c9ca15c8eb48ad349dbf99c346	False
0x173730bce7e71df921581cb4fddbd2c3cb2d52c8	True
0xe7402f99c5d660a17ada363ea6d1c8f83e302c11	False
0x6f7f36add7e255f97f9e7534114aab3cc15a7384	True
0x39c23506ffbf92072321fe3894624b2c8b6483d9	True
0xc706b8200ec850db11be1588f507c97c3b64b230	True
0xdae178b99a1b6eacfdcffe7059962fabc0305a43	True
0x8aa9e1a1b2b0998154c37f3d2932641835862d92	False
0x0eea2ec921717e7fe5598d80896fd27324603759	True
0x2e8353d59f5f22aefebd7b5537a11e7dfd213b0b	True
0x43451fc8652c30cda0f321f64add3d62e731d18c	True
0x5fe67ed0f117a8c00250fb4f14c3c00642e281d7	False
0x9b1990f6f1ca1cf99a5a45d411fefb9c67ddb8aa	False
0x9a133ed7afea0d8baa674c262be3f686ee553a2a	True
0xf381b1fc5230ceb5893808f9e7c7d6d05b62fd22	True
0x063396bbbfab202f407575f07a183bd5fdf96947	False
0x736cf7df038bae6ded132f03ff0b05a34fe8ae1d	True
0xea83c6a31505951729ab0a1db6e8b53f2e5577de	True
0x99e158b9e85d8d09df90cee2789e0e6ebd002755	True
0x5d69a8700fe0c8b64d5910db894b006da62a66e4	True
0x81ebbf4c826789061c511ffd3992772cdb0f8f00	True
0x2601f0f4c303d00865dc2b87a19fa05c269fad34	True
0xde0db06ced5bed80073e3742baa19890e1622c2e	False
0xd460f25883d8d290cf17b580630b13fce48eb607	True
0x2f43c4a6d035aca04714d63c2f3cdff6fa4b4018	True
0xd792ad48b3b59b5420be79fe2e9beab18b6ff1c0	True
0x7848c05df451b65eea96763c23989df999c210af	True
0xc72e950f769960d76b032fbce104de46a6d5f5b6	False
0x9f181a5c0f66b0b81f430e2d34ac9047634fdaf0	True
0xa4ba0338bf1a40b2224b2929ff2770ff53b83e97	True
0x061cfe009c032d28c5facde055964fa1628a22d7	True
0xa86cf95d7f7d8d1718009ca31ff4cbd39457354c	True
0x9d74359b0f85566faa0697b0ca64f2a74e1d5f5b	True
0xb476c61f19e65f1343068cfc2ed2a79de1b17774	True
0x509c6e7bd4a5bc6a2fbdeef719f7b827c23bb638	True
0x4d1fea83b6b5dab1be23e8f35d26cb95d8d639ce	True
0xfc348660d038d311b5739adb9dfd3950efbf6c44	False
0x2d08a488649ac6aa60031b90038f36a657554d8f	True
0xd42aaa1e40c30fbf9b1aa7777d1f99d97c7f2b47	True
0xcc5487027563d038819684f7d0fef72c791621fc	True
0xc931f9f4916d6d62268f683934ccd27e726544ac	True
0xe9961f09947957eec6baca7305ee24ded81b9dfc	True
0xeaad4783378783c4e49f6baf67596f6f06b1cce2	True
0xaa54e5b90418d2c2278b5af9ab21b067076cb55a	True
0x02ef5901bd5e0f188db4a30c833c776be3695683	False
0xb2496fbb4ca37297260adfbc2eea404a9fca4fcb	True
0xa689e82176076a64e2fd9bfdf3b8506cee81fd7b	True
0x95887cab3c8afe2eac21bca8240c7f2705eaf175	False
0xc7a086c34dc542a513ca914e3173ad9e4b1287ad	True
0x5d784c8b45a2ca21c71804712f48a2c42fc5c1fe	True
0x45ba212f2812d28f03edff56050c907db27c4c35	False
0x50c342ca6e6db37f5dd62dfd0f401a82886c5adc	False
0x4e3eccdaf4c4d5e8fb99535821d8a21a8ec7fe85	True
0xcfa014b45d0e17ff37810e4c7e2b69d62271577e	False
0x0815a49d8e6517b9b5aae102d5232e842e1b7aef	True
0xa59bc7cd632a50b3f10340a85c932cffb0378786	True
0x257ace7a06cddb2269e71b184711dfc687a700f2	True
0x872af5dc254878576e3bdf15e055bc241f7081a3	True
0xcc1c064b37f00d32a79ea7b8659981889be75b5a	True
0xdbcea9913c6bb4d8cc2bc8e19f0028cd98e75e58	False
0x1a9890de9df32d8ec35f2a66dca68d292c082ab1	True
0xf9b20d4f15f7397bba89bfca35dddffb9832a34d	True
0x73de5d7aec46d1787dedbc1fb2936208f23d30f7	False
0x1e0fe2694aef283f71ab221cb0ceba6d6ce3522b	False
0x64ed56b8ede452be33aae099bdede941237c1fbe	True
0xf757620407858f7232d2cda01a043b1ebced4b8e	True
0x1bf88ff88a26a4376bf14e490d8af42bcf41fcf9	True
0x7c0e61b21095dc0727c0c216fbbad221c9aa939c	True
0xe934ffae1ad7cbfdb1501152768dbc254a36bef7	True
0xf2c657fca322128699a3b34491eb17348803242e	True
0x1a807af2c9b02a174ddf0c78782a4207cfa675e6	False
0xf49045bc33e38ef7b7634f6670c5425b664d99e7	True
0xaceabaa37f3902b0391f14eab7227d1a633bc9d8	False
0xcde36149fe8c2a4802afebfd1b07006dba8c6a0b	False
0x819de61df443880b443a1e0699692631c3a92fb1	True
0x911a54bd8cba8eeecbf24262902b564cd36b7d7c	False
0x9f4b5b21400d404e8c088f58a198f6d8fdc14b94	True
0x4a714eaffcb6b4691e8eca513a46d024ede7878f	True
0xcf3f4733cbdbb2bf82329a037aa8025b757e7615	True
0x5733839e603784a13fe941466b6ff9f0bd111aa2	True
0x685be3350b10e01565375f1500f67d3337ab2c62	True
0x3a7858be828d26e1c0694a910a2dfab70978b3d6	True
0x2cdbeeb2f6fce19ee9b69eaf40d2f8d4ceb850f2	False
0x783191106a85117067259a74ea4e589ea8e3a74e	False
0x1d36f2829d32f975f9e33a8b7045c3f77b75a5a7	True
0x9ff5e5c2b7b80e1bd2532168e1a8a07de1e8cffc	True
0xbbcf2ebe1244d9e0a2413d71d235928fce1c25d5	True
0x0180d231ad76a517114ede0d31e5df6e97266e3c	True
0xebf7d00a4e78f561ac601c883c8e338461a1b5f2	False
0xd0143314c06b2035ece983343c7830c9bfa577be	False
0xf21532a5f192bb3c6486bc9188b3a4fd590cb5f8	True
0x2b59bfa4f048d785e81db3118ecbc111d03a2cfe	True
0xc0801246a070822dbf0229530b9122a7e86aca60	True
0x1363386a12ff28348f92c5cadf6b2cc9803595ee	False
0xea8d58fca19265ddea89dd5f45935595f66cac4f	False
0x0c2041d0ee90ff581193230f5183397edd189644	True
0x735b9cc7a5c784101cb96f8fc7305717236973e0	False
0xd1c72d7083abc52a91c67ec7fa8d7df8b903a44f	True
0x7f6857a428f1ba88297603669daa8cea456e31cc	True
0xf3c989e739b87d15548ef32e2781f9cd9b49300d	True
0xfd1a7668b6235399bfa742ef34953d332cb5070b	True
0x19a31b26cad6866ab24212163ed4b35d89dc9255	True
0x0dd1709d10b3fccc4c3165ac98fbe70a1f6b9322	True
0x342dfd3da656e5dd76968867cb06c09f43e97c37	False
0x66366b6819e3154b79d49fd65a4117d54816ca36	True
0x298e674a44b76dc1d5a6e1106b860814b85322dd	True
0x4575e73fbe6ef8210ca2fa0da88ada8b06894bfc	True
0x6df6c439fb50d005707314c7e01a99bc26b59b2f	True
0xba45f76b23ed6399334fa8e842ba57d03a6234ec	True
0xf318d213789e9babc6599f78d958ab0a39388770	True
0xc65bf78b00bec4d1d1caad9e51386570ca5483f6	True
0xab62065cb52595715e50557954fb1876064eec91	True
0x8db2a4cc06b0869edb3b5719149f229271421605	True
0xcd95a6291fbd6462ebba41f88c67d55cf6ea4674	False
0x21dc59a7cd7f0842dda552e001176201a7458f0b	True
0x681775d00f84ffdd6cf4b56fd18f2aa01860f8fb	True
0x3710f730343e95d0ceed5b9833293d06925cde05	True
0x4e38ae369cfcaa863156b17ac4f4c849bb2667f5	True
0xeafd94523aa508bd86df802ae920ce1440b3acb6	True
0xe46b17caed6bb7841fc2dcaff8f67359f39bd28d	True
0xa2687126e226a5933f12c51597b98980a464af99	True
0x80d3c622630d0074a67734082f47e27ef9387db0	True
0xc3dbde2fc0b55b4a3547ec73a870abb91c8e8df8	True
0x001ac203afb48600f5a7d9b524145ac075f648af	True
0x5838a8387eb88cfb5c38053dc26446a8dedad9c4	True
0xa25615fe55a32ec601ab97bae5c19140c8024587	True
0x45b55d437a8a15c11ad02042d8a7e22f12433d0c	True
0xa755682f0f47cda9a15f5aeadd8f69234f0cbda4	True
0xe2789ccba70c9e09b83b20640cda814301ea780f	True
0x0a0ad16db85123ccba4a48d2bea02994e0d0616d	True
0x207f43fe513554a8d8fc757637625baa97603f3d	True
0xae535229f3b2f0bf3ec8bf5c517efca39eab56e2	True
0xe53232bd839686ab9ecba0d6618ddcc3f1dbfcfa	True
0x48686ed3c16cc66f6bc9f12da63db0fb76f54c35	True
0xd9efa426722b95222a641be66f4178dab9250950	True
0x4a2522f23819a1ec4e4c4724430284b1350a3d1b	True
0x28b1de6780d9944bb035095f98c503975aa5fd86	True
0x7e79bf2c774a79e75c1e05bb05bb174365ca7640	True
0xd69f05577ca18fef13539c17ced2285d59e8b3ae	True
0xb4257771b70ba52981df8c8779b211c402d8e3b6	True
0xabd05d93ace9164cee15c85e5989042610f0bed5	True
0x9ef13d55ed2f55ae8806057605878b1e30192ec1	True
0x253703955071f6211dda514685f41f3b5ef5d5a9	True
0xccd28b869b7786f4e2d216d4f8e99cad680f5f88	True
0xe2939af114e806c0657aa407944d934c497861f6	True
0x1738e79045466438f04f8ae6835d4ca7bc67511e	True
0x450d883e9903812b649553a7f19497b478ce19ce	False
0xa7032cefae3fb461ced9a58ca1b20a0c7315033e	False
0x73030c735e1f49076e16f505f727c6ae2bd0628c	True
0xab2446ff3ef69c56a71bedf5a28e07abfaf64827	True
0xea972e7aebcbff089b76042856e8667a7f8a8862	True
0xc91196180e263c0292620c46bee55fcf252adf7b	True
0x9fbf312016bd0578f902dcd6eccc0e4c0a971e6e	True
0x29e313139569c30ea12fb2b13a735611a783e514	True
0x530f0e746f3b1577e28ec1f4490fceefe67515e1	True
0xbb6e72c1d51b2857a85a32c3cb3d7a4cb3a72002	False
0x5d2f237768bd2e6a63c2992249c7eaaaa91dbd61	True
0x6fbcb02218a297742f55ed378d2a8b0fcc2e9871	True
0xd3b671a8bbd8b709b434e60d4dac024b2066d0c4	True
0xc3cd144921f48a9cd2ff1847ce11989f6739ba16	True
0xe72cd4f4019ff76fddcc7a2f7d765cc1ef53e768	True
0xb7112231ef1e319dd6fde6927e5ce2ceead87db0	True
0x777ac3365db4cba15be473195051aa1184cb51dc	True
0x4622cf817b7cb1dfaa12652f6b87da6bdfe8bb44	True
0xd688bc65a07ff83d57dd6805941be535e3fb50d9	True
0xb082c61b3137e67965c7a742faccdfbc03d70e43	True
0x69b42e0bb5e1061c6c2cd2285cc940221e20fafa	True
0xfaf6ba1f49246db0d1cf257a2e5e56d87cd8a489	True
0xedc8f0df27c536796f1334a941a4a85dfb4d6df1	False
0x2bb5c458151efc68d2e4d728635c92d4def7c9e0	True
0x39232764a0e0b3e0f1b8240cdc4fafb8871ba6ba	False
0x9254b3c8058cd637b3e26ad46f3b7700e814a501	False
0x8b9ffb9c85e6e65735dc281c62dc99f22bd38432	True
0x12564f9e1ff37fb5c729b1ddcd23f23b1da26f18	False
0x2a1f2d95dad6e846954554bacc0b508d2e54f650	False
0xeef6b77b80b67a579c69bde06091475fd995cea3	False
0xa4e5eb4d1bc75e23e864f877b82cef2df6dde7a9	False
0xa1261f837a512405a4265d773a76cee1b7b96f06	False
0x830db56e1ad3eaa54905f31ded977f8c9bf912e0	False
0x008e7d491e644aca9f0ceb153dd4eb34069557ff	True
0x2973423dda8781ffe38fccbeb605a139dfc4256c	False
0x2672d31d4bc154db5d1a0d8f571c83f8afb9cc38	False
0x76bae3663c6106609fce1a47033a4552f62930f2	True
0x48163611c94dc71260d8b4253c99c78f13b9ec97	False
0x60ed44daa66bd4255bd656f4a64ae294b829853e	False
0xca685b8d0ef0c097e8c12570ee20fc3749992b1d	True
0x5c1fb75a9daaeab1702f91f85a9d08cec19a0ada	False
0x94833f9699f9e291d829fbd796e65c371b76c361	True
0xbba775b181ea5237a11f31a6999004de38b78eea	False
0xf748e533a45669845585ba683de06e5c7f68e346	False
0x2361ccfaca70ebd8049a7f4610c181ee9d5b36cd	True
0xc6d52c9d40f492265b692fb8942a28fe09612b17	False
0x7ba53a1b712e954fbb094621b3f4647c6b015fec	False
0xd7f3e524406b4f86bddb8d4b6adb528cc4979b30	False
0x3edfa831decfba7d7a3dc4dd48ccb22f845b7554	True
0xb01f74d8c75cdf282c6ed6640fdbbf69442637c3	True
0xa8cbf2173e03d88fa13e3b553c0738060ef06a92	True
0x67823d3f536710b460202078282e494c6ad59cba	True
0x43860b0977d1bd19db92fdb1e2d1784d6ecdecbf	True
0x09283c06a8ebb306ce6572fa504125510074560f	True
0x4f03e0822da3f742b8921990629e303036c0ead4	True
0x11e6dfc961464d9e431b9c9b99f773a3df851c10	True
0xf80712b1d1e5ef0b09135314692c0393e09536f0	True
0x968fe5e0d533d5039468905d15c4297ae521d0b2	True
0x8ae533cc778286e124877bc457bfac5ed116ac3e	True
0x5b044cfba6c511f00b913c6608ac79f88a6e1c07	True
0xf7441fb0b26a0c3c810816420db9f893888ec59a	True
0x6f5acc06f54d6ae69031d2eee00ab9d54beee726	True
0xabfd20fa6b6e71155e42a166a69b74d270360d6f	True
0xa7899363d3daf8dced56eb8329c6e1d6478c930a	True
0xe07b50f5ac558e0e5e16c1cb3bcc925bfa590917	True
0xdd7b3ed9657d93236c2ba60ff8a4b170a30ce725	True
0x7fd0598ffe7b20dce2f6e7e67ab25a78ba0f4669	True
0xcdd8c63790abbe099d0673858200080ddfb163ca	True
0x4994a1610b7fc58204925e33c3c07367997089ef	True
0x863a77acfb2ac4f01ae446e3bbb4077910afbdbf	True
0x9386e2c31e78208155f1cb7d87c58e123dd7300d	True
0x82b0aecf83a1321cfccf5efbaeed24a55e888a78	True
0xd3ce6a9df472a10416f3069ac618f04dd10ffb17	True
0xc3a2714fb4f35e3dc6ad12fda0e57d1c8d2f7648	True
0x65cf58c57970118161ef022f7824011c1c09019d	True
0x938a01335bd82015e6c8c2c041d4e9d80ba4649d	True
0xb151fe728902733cf51a550e979509aeef0299a1	True
0xeaa2b1fc9a655f4e28e1e6ff794fadf9227ddbe7	False
0xc3448f05c28ff36ac852b210f42eb0388dc1d777	True
0xddbbdede3969231916d0c549c06d0e81e832c150	True
0x4eb3fc0c2315f808dd7dfc3271e08995f620e12f	True
0xed38774df6a14cf8920b57988e875636a3ec2db3	True
0xe53ece017d211fab1791b5f7417bb3077a3f3f0f	True
0x09bf169a50a82b5115039c6fe50e6fcbff03cc86	True
0x08d8e0f4d1d60176cf03a988ce3029a0dc9ea4d8	True
0x8f28735d329b781698214c3ff154c0fc4ec41576	True
0x09c38a623407e55be595d3fbaaadd96c7e7dd2f3	True
0xfbbebdc2e686f8d902e9ead0444271bdfbaa948d	True
0x2beb8f20b0fa495474512de2ede340f2a3d0d91b	True
0x224ee8260e11db140e2e0af33da3892fb261a1a1	True
0xf10df57048ddb1798f49a872e485d9f5df45b9ec	True
0x7386a2bffdea596ed450ff94478cac04bf3f12c3	True
0xef6b3776e89737f3cdbd2cec440624c001e0af87	True
0xae8da6231f8a28a637d3e82c68a1e237ef0e48e0	True
0xdd19428b36a012ffeff1f4be0e74cb93329cef1e	True
0xbbef7668ab6ed6b104e8edd2f9da4d821ad4803b	True
0xdd922017fe20d401602d60228dd5e08f12befb31	True
0x31569a0bc1d8a6036f573aa00e3a0514b435b188	True
0x3dc9f5009be137e60741b1199ab33a642abbc9be	True
0x6825b700a7b2acd56efea42ff05c5446529b95e6	True
0xd946e3531cfa26ca870c2cf3cc752c6411266ef5	True
0x3d4dd7f00c15fc7b5a1849760ff3fde2f70ee389	True
0x251d54784e110559c763e64c12049655bee553c3	True
0x442cbd6e37d9504a4327e8d2d7c0e07686f01c8a	True
0x000d398c50ea4d0681e6a224749c94334d606ba2	True
0xcde75ac7e2ee3fd85e333ac5aa73a7edfae1fe10	True
0xcab1f47e81a40ed1ad50ea9fbd7e5285b6d36c3f	True
0x70a19a7e78e96607ec6351075379bb18a6617e99	True
0x7439d3bf0c8c1e1c2324da4ceeb269c1f5730de3	True
0x34ccbc3d300222d3d0db1fa399c0739064281cd6	True
0x35337e853602556004a31796eed478e279c874dd	True
0x7519ce80faed07558ee425bd931d26641d3b2952	True
0xe5c57a3ca325133cacb2fa6f798e55fcf97dce44	True
0xea1bfea22b66aee5f86a97d48ac2a51d787ecc8e	True
0x318e17370eb89bafbc543ea5b53dcb1ba3966fce	True
0x3de8bb343d6742bc3920ff00fc70afe10efd36b1	True
0x2c5ded6b111bd99103b1c75b8202b3f56de421f8	True
0x57fafca06526b2b9ffa96486f47731e417668d99	True
0xfc1646e49ffebead005c0cda01039fea0cd2dc56	True
0x1cbf28792c15ee589610d356e14aae8cc1d453de	True
0xeacd850b00a4d1a921d50a00b88081121c226bd1	True
0x5e0bf854f35d73bc071d6a60be69849acdf3fec7	True
0x929eb6f035a0301ef898953366db815d47945b6b	True
0x99852206d4b5f98d7f5da0300a02df53aca05b16	True
0x7431b86c89dc50acc5d09c581f2ea379c4ee7ed8	True
0x6f6217e0bea33ac9509bbf648ce7c0132e5e35aa	True
0x45a2af815e5bd1ad8fd878d1d7fd55673f3cb2fc	True
0xe6d75fc047dcf97f1686931d0fcfcf068e92b8e1	False
0xb3293c6ae826383d388541c3d9785f0dc822af78	True
0x365a9e34e889bb440cf0e20d8a7578446de1c109	True
0xeb5ed76f08fb406e69bbc873bd8f23d4ec2594f7	True
0x5e64b49b532d9a09a1dab73254a90c39d320b460	True
0x4a7769a810b3862186002f58de112ebe5f334e04	True
0x8b6e5779d8982117262fec9d187c13ab36c94ecb	True
0xf254fee40c54567f863de6d70a89a3ee0304d7b0	True
0x48fd481e1ba0ffad8f3618a799e6fcb3d6e9564d	True
0x2853282d21a21abe23d07ccd73831aafcae35412	True
0x5daab0e7b8b24bc28a6157d75b86036463f55c71	True
0xf5a07ef6922160fcc1e7d56a079848505d16ccd6	True
0x9e3e643680fa944bf2e9934e6ad4a1e94fc5dc76	True
0x477248db5d22f86a205ebe5b17d4355cb2017815	True
0xea3723ac134646b83636fc1dec82cd9b5af9bd64	True
0xee6d7e31ea2095df9b2f89ec15111d3de5cd39af	True
0x32265b5fe82ffcff1e600a112cccd62d4bd36526	True
0x7705a33f352e405bc19ff09e32c7ae42c6dbc7bb	True
0x29b3cb4686519fc4b1a4253977f84ef5b6e2eb5b	True
0xbd41c7bb9e8dd75e9d913922b98a9d1b64d3fd45	True
0x7d4ac06c08a8182e51d9adcb1f1c36030adf3af5	True
0x12b603aa97508709982a30446c457750a5498660	True
0xd5a565ca6d5b6ea9730871f6a4aed3d3ba38fcde	True
0x18a632695faf07d858a2e54ebc3d6681b7389a50	True
0xa48dd1fcd90348f432dce8460e1b878fc4a2de80	True
0x7f5bf912b50e46edbe4b0ef615bbfd2941334d57	True
0x7b9fc99891c09cfd4a1aa43e4da21d941697bcd1	True
0x8e541bec879e480c64d9a16b658768a02eb1dc6a	True
0x818736b44d5905f452e39399fdb6647399d75445	True
0xe5816e18fbc3363ae11f24ccb0bd1c86b7786f6b	True
0x7b4e588812314df096b9b578be8751f88bc802dd	True
0xe2c97c6f33239d021efe1666fdc93eb0897774b4	True
0xf739865eba2c7acff4ca67df9b906de137a3e885	True
0xca6316eb235bf820117829228cf968bc29162894	True
0x4bd9f5055212cc887a0bc385ae4f532075467b35	True
0x4be53d8c5967495121d8525e02e167c3a17c99cf	True
0xd30084dcc59ff895561936e3be35a38f83f6c4a9	True
0xeeba263905dacdffda5852ce5146a5fea3e8f5f0	True
0x0c2dcf283c3fd15938d9f54eb1e9753f45bb30fd	True
0xc4466fb770bb0eeaed9248b3aa08958a3ea8583a	True
0x6e24d96a2bc57f41a5efa9869ad62c6cfc358b97	True
0x6e0d35f4d4b55a473bd6346ac88120866a89343f	True
0x519ba866ed039061cdf6ce19ea6c6b05657c7570	True
0x43668e40c64eeef66730dda6deed737899b79359	True
0x341e7d4e8fa4b1ac7026439d43d5c77cdc502d93	True
0xda5a56452c18bcad6fcab85d019af3b50037b5be	True
0x61ccecf939b36098eb454be922e6cd09338a23b7	False
0x2fd381f07ef1f3847944eee10df24314ec5d4ad5	True
0x95c262a005e2f131a907d798f0cc117c9a9d8db9	True
0xf59776ef68b8655d3cb752a6060efd092cb21a93	False
0x206fc8d3f4da09b3230a1067ff259b928bff5081	False
0x5cfb10ea8328374a31055da282bf7188b709b87e	True
0x27f133cd506ac59b09333b4f6ed9e029153c6ea1	True
0x1a8b2b5681e2036d5a94f4ec45687dcb8673077f	False
0xb9838eeb281c4545e99ba378a8848146b1db86d8	True
0x388ecd8e1e74834f44e4fad976a8eafdda5c3d8f	True
0xe2c9fd5b2cd479ec18487aa9e6f4cd7daf4d677a	False
0x6f067231e16cbb3f756db45d459165fa72c534b0	False
0x068080074843fd9c3f0fcef63cff4fedfe24d052	True
0x5a30d901c4ee87dee12fcc1867d4c0a3f714086d	True
0xc681079825061d2e9bb898f5ae8465cf5da7f2e0	True
0xb25f8bc26139e1febe6cd273a33c167a1aebbfe2	False
0xb2f668c45960968d6d6c5de8153718080c585a75	True
0x6b1c516e79886e6564a6050e04709714e4398806	False
0x3d3acca1a2d65a3a454333d34dc71ade900cf14b	True
0x7d4eca6d85632a5c79587613d2097c18a22644bb	True
0xff1be2bb3e8f362324c361fcc82198731563affd	True
0x4cc8119aff85cd3cb5ae77e28a7271f435999db8	True
0xeb3fa010c74ebabde3974af5a56954ed4adeb89b	False
0xf95a8822f5a9e48f3217aeae513441ba056f7402	True
0xe9371a7c3b9259db827b4ebdcca4e504c0a06b03	False
0x0941b17ad7c53be272bcbfb28e6608aabc7b6121	True
0x3fa59e9d9be471d11880712a8b308a40129ad65a	False
0xc5934d5b9ddf7aea8e1fad9e5a650ca171b7affd	True
0xf3ad1ef9fbf6789eb77d4a0daaf512d059548d52	True
0x35bcef13523b3c3cc69341b4ebfc1e97141e2d02	True
0x8c0b0c8efd2f70b3ec1607c21057c26e59e873fc	True
0x940082c20a818037a23c5571607714ca7e999008	True
0xbde46cd74da0d46233cc30343b38f6ec0353c0fe	True
0x8bc4060f4a127298e570ebe5b77d409d289029cc	True
0xc7448ce9e37a76a45cae431105c5a1e4362bbd09	False
0x8460841c180782b88f8f095bfbe09b87b5be0196	True
0x516341fef76bef3c32340dcea81c901c3eda7e2d	True
0x64431eb9c252427021c9974ed79b895c2d31efaf	True
0x17fa90ac87e11702c47cfef229fa5fc45c4af78c	True
0x7da32c8fd3560abf949d48ce4c2fa60646aa73de	False
0x01337e2d978ee90e8f66a78cbfe95b158deb0e7b	True
0xf0ebbab999c4d59c0723fd395c404c1963ae2537	True
0xc39ea9b235dbb6e0761bd0c4c38550ddd602aac9	True
0x743805eb55bca75daabe90999f4065827adbb668	True
0xd91b174602edc93f21f6a3077796e48674f7fc88	True
0x2fcd6a51f946aa0f9f34de49baf091e58111bb0a	True
0x053789f96e0bfbbf52ef45c0b205a6b4b491b42b	True
0xd83d79d36fc789d6b0ecf4738780746a385d8708	False
0x89a0650c4e2fa24b9a16382ce2bd2fd08cb6f8ac	True
0x77f810a890f12e7b2c082ed6559af704d89623a7	True
0x210eee6027c09fbe5af6687738a21b4d83b94f10	True
0x333c20aa6e7a765e929dbe8e366c9894892c21fd	True
0x06dcee7a975b46d9cfdc568770b855543b9a4c9f	True
0xcb2caa668c2b0489315614dfb3eb7022e4fae03e	True
0x095c2cc9202fbd17928ca00454d4135d656da400	True
0x3bcf06ec49dd33bb405d59a1bfb15c10645f3731	False
0xeb22d2442b47f32ca234eaa11c285a85b4f7734b	True
0x6937e443c62a764a951db661ebc5e291e4aca094	False
0x3dfcfcec87aa809dbba136d501add61b8faf23a9	True
0x1a15f1d8794d756291267befdd199062865ed4b0	True
0x8dc414d6c24ccdd9802e244e3c929ede9deb0694	True
0x8f89a28619f6e4036d79bd60932ba673ccdf1f84	True
0x42dc41a63e390456a6023bf5538e6fd32803299f	True
0x6870e6d7091ef65115a0a993609befae82d30693	True
0x5c66e5d215fe90b9f6ec49e45e53fb95a22e820f	False
0x4c572f6bb9b24fc690e84039e320a54a1cced188	True
0xf8903cebd668b4556084390a142ada3d1b8c0f6c	True
0xed75934e106373da82893ce345d67aae6906cfd8	True
0x77f485370ecce9228ffa794a9e3efa970b8a8cb4	True
0x72b830489d9eed78bef233d579bcd000861c8ee9	False
0x979351a54e6b0a72351ecc6ddeb6ac4284f86d21	True
0x86139e5fb6092f2f1c505f9f3eb5c7ecd8dff0b8	True
0x4bbeb7398e0541df4883760dfe521c1611a86c1b	True
0x96dd860ce3f10295522c9917ba05dfb1faff91fa	True
0x974b01c787607e6a5d51af47a0b966cfbf0259ea	True
0xa82e64ec621bb3475ad2c89dbb398edae0ed0c8f	False
0x652e56fb0d643a5e540aa3db2293af08526457f2	False
0xa9ba003108c8bcfce350a28a571950b9bfeaec76	True
0x7d4e279915fbb8395ec0f3761a5c7ea5d6e61529	True
0x712018d2c4dfdeb5d81dcd0ad4d4891724c18983	True
0x046bd2f47570e53c0010cadec69fb817113c578b	True
0x5f96b5f2027a0ebdf90401fb05ca099c08c88411	True
0x6cd539317e768d962b05e0ffcbacac5379962a67	True
0xe8268642bc4934fb9540fe656bd76afc98a23c19	True
0x767ee9df1a134d53a570e3ce45ac31c39e8e6a1a	False
0x5125f2b570b87db26e21791de9556735f84d1ae3	False
0xa0488dfbec9ff4f286f0e5c319a6d86008c0c151	True
0x7e08c16caab2dd39cd65acc74e991a16908f8ac4	True
0xea01d6a5ff21eb3e6c9c0208954fa3c4d1c0b8ba	True
0x159a52da082888c19194d15bf2b6bd1b3fb38bb7	True
0xcc758651a4639b4f557b536d5069eb8f5a33997d	True
0x4610049ba090b8e4956fcb2598a5ac216d389748	True
0xe8efa45be8cf1e65e6923f2f198eae20d8ba491d	True
0xe6f526830d67804e0cafd2f78bd0758332c0de26	True
0xc151394006b9b0d88f32a9cd113040dfbfc34400	True
0xfe3c2d6bcf94de4df36c3dfc548e63cdc12b3e99	True
0x1ef5301689f0c046eae23adc087280ff098f2c27	False
0x8875bdad8614607a019e3900dadb8bd20204a243	True
0x9f9013b055d1496d45c441099fbcf4fd72728b01	True
0xeb1beda7420673b8aa2fae05ec929cf23780fb25	True
0x5b7a09039b42f8d81cf88825ff1023ad3162e16e	True
0x5e981e29c88ad3f6f64e6e3e30283351a93f9922	True
0x6b06aab2fce44afb3f543ac91610bf1500ac4e90	True
0x2d745c0b7d8a518a82d77ae49a3f3fb98427f2de	True
0xce389cfb4bf5ba451c89d5b374d5ff3f2e6a84a4	True
0x78ec54002eeb6cbe53f60ece0975163005638dad	True
0x31c2644ad33232846dafb899876327e9ff4396e8	True
0xb023269b7e919fa5b50e82fa4a90ad5ae9bb60a3	True
0xad05c193a0cb24ea63d86aaf21a4c410e91f286d	True
0xa2630742fc00ed1b556b0c216f29dac652d7b410	False
0x7da2fff12e7aa4ef67842965fd74195b629da5af	True
0x62108f5d367dd57e8828eebb200147f54346a363	True
0x4823036535d8563272d62fa5671c53450ed6a6b0	True
0x69ad65accc06666ba9e45ebed72c03b8547cba99	True
0xa16e0c2258e132f877b8007616d01838660697c0	True
0x850b270128295d8bf5fe4ba1e0e7cbe220b10782	True
0x968844c8e7afce7cce1c63d1327eb7e5f9b281f5	True
0x382934a3d01a0a6f6a76bc1991a3fa4ca413ae4c	True
0xe59f1b887d784d12400acd2e49325390cd50a13a	False
0xc6df73b8c40b6f7266486e950b26beba5752818b	False
0x1b14f440666290375fc3ad719f9d395b1b679bf5	True
0xc57e6cebdcec8aaea955d22eb98688eb639c5f40	True
0xf1014a0c6df78e2badce213f4249bc39e48f50b4	True
0x93d44f019782e050ad9607308ffd7dde901778d3	True
0x0127bf18f31d9b2e520aa9250015158e270f0d51	True
0x75eb1fb9d5499194dce765c453f7bca62ab54a11	True
0x6aec43a9ef203ecb1048975226800778d36275cb	True
0x75e0547f3cc1e33b465845f6e2908b1421b4ae6e	True
0xe8bec6a87cd2b19301ad04a1eda4859535dbcd7d	True
0xdad2b44a28c195a1b12c1f8fd19a1fecc18a31b2	False
0x35d0075840b8ab86177dfc484593b55f92093486	True
0x552d508dfc5bdd341599f67f5e78a5c7fb1620c3	True
0x152d71a8cf45b0351bdb851e2742672375dfe933	True
0xe26bbb35c81a4e6ce8408f7a5557e4c9c56b3267	True
0x5871cee2a3aceb6bd47b222e8d61279eff067c0d	True
0xc8142b070bc00b907eb5912101c5c1d381691828	True
0xa0deb45efdbddeeaa18a565b77340f9a0556aec9	True
0x8c7b69766f9b714ab1002f2c8b37b8f5eed75abd	True
0xa97631291d3a201ee3cd61f278abb8467a9571a3	True
0x55b57a093f75e58a239dce216e050c7f778bba55	True
0x480eb3ea4c2c64bda486f3b4ab0d975d6be33313	False
0x419e0bcd5088861088c03bcb18bb23326a91944f	False
0x1f46983d2086c1d86d94b5558e6b776fb970cef2	False
0xb13be04af865714d5acdcac55578941903de71a3	True
0xf1a737fdddfc7cc1486b5a25368eeffc3b7b7717	True
0x5b030abb0f5e6e778a8ce58e31bebb8324eccd67	True
0x9895eb5fb4dee1f060a6d9af105e8a7083d0d2a9	False
0x89909cabe736dddd1672bd270d91d47b6eb1274b	True
0x9e2df62e245068acf769d168b129b29549bf9b9e	False
0x532754c71b825a183ca936a14ec213f63c4409ce	True
0x5536f4bad982956129b45ffa9cc241856920467e	True
0x1b53ed4fed8950d6d6d956d3dbb8e53cf780c88e	False
0xe33abd3c3236531ddbdc2f1b24f122978de6a4a4	True
0x148b711618ff7eadd4395a6a4ff5b07e943efdb9	True
0xc3633a9cb3f1de68fe0d827089bc1c0d5ed11e65	True
0xecf6cf85ef0b7b40ed42ed5a3ffd347def57f89b	True
0x70a0d82cb552abbf104390077543a494c94b1538	True
0xf29903996743a08dcd25a0b56e4dcce5f8f3bd0f	False
0x3cd4e648eeb45cb93420bcd2f97ef44e7f20948a	False
0x7b36b2916d3a22f4a745f31fb19023fc111a5537	False
0x26b466e1d9a54901cf81b5f6904143fdc45fd7f4	True
0x892ca2c39e6d0fb219af842a6fa2e1e02a01536e	False
0x6f1790f1e68eac1a1267fdc68daaa24812a5c1b0	False
0xeae9368c913a4d612d97aedc4a15b226a5bb232d	True
0x0a7542f5cbc49162bb95aa2c38b862ad08bf99a3	True
0xd0cb2f8c39ead9e516a2e10bfa10abcdb9374eee	True
0x95db118e001ce6c07a029e394aad36fc6f4df9af	True
0xe91ae4e894b4520ba5ca225a81217162dfa293fd	False
0x520a649315b2470228573109e265c79987fa098b	True
0x93993cfdade47b2de37c957ad3c22adf5c28fd73	True
0x65b40a2572b68f0225e962bab581116d77ff19ca	True
0x5208e54d65c87e7807505f573ccdd0ffe151c815	True
0x5a7c91370071441bb55c3fafdd55ebd00d9f3b06	True
0xd06a61c26b84bdf169ad2b99f223b712bf3d4313	True
0x130fa907cca5c551a24f1104ba3271b744b5d92b	True
0x6f0639c47d6123b9378dfc9dbac8ddfcd4bcc1f0	True
0x12be4faa1c06f55d4a49b09cfdd8c39893bb87fe	True
0x99eb1897d17d70ef827732b3d35e8bf4304e1a96	True
0x456be089780fee05f29a3252281a9f7737eb3453	True
0x737e41ffbdb62db4b8a89a430f67eb7e8c052286	True
0xc4cc6a7f0f11e2377d2f41104a8f1e12bdf9733c	True
0x7163d8eb975b07766dcc685d9fbb94dd98eea5d3	True
0xc650872332d5b2a7524aff5a5ffd7910572ff978	True
0x592ce98f4d8d6234168c7348080b5bce1786695c	True
0xab6fedc812b4d18a71d124db94ef67eea9ce98d4	False
0xb6a527facb4e92fb3898d85ec94a7f855eedab16	False
0x8a15ceb6e234d16a1e1aa17da4f83bde9a2354d9	False
0x1149ab25896da3b0df9bf9e4f6b7911b2c6e017e	True
0x9edc4c0ba56df847aca5adf6c97294dfa8040a9b	True
0xc71b003d9328d8d83373b0fd6201d95a1e12660f	True
0x15b9a73d5157ab1f85e9319e578bf7642b70005f	True
0xa67db8361f2f5da1952f51b96e7ce732ebb7f3d5	True
0x327860aad933ecc923270120e05850c17be77348	True
0x5e45a057b6268251dedc87343e0fba1f33ace1c6	False
0xd44048d94d75cac136621158613e672e72c718c5	True
0x9b3bc49165ed0ce5ce9768c52c5a0a8b532a10c3	True
0x518304d00f64dacba07204322b43ed3d1c426340	True
0xec4ecb71eb0dd564f052cdad381afea316a2f7c3	True
0x4e81bb0c15ea4d8d17009c2a59f702c530d398fd	True
0x7a0a6d918b738cb8df16296197df8e489e70cf8b	True
0x1c49e7daacc9f978395a74d342c8c39a3bbd1c8d	True
0x4e32653eccbd5bd362484420da7e2c4d63ce7f09	True
0x05585c7f6c90a9cb06939686042d48a3c72bdffa	True
0xf9128091737a91b0ac69ce55efac4d2ffb5136d6	True
0x228b197e16b56d561abc03009c2b0b5096cf9946	True
0x0596c96e91f2a884f8ab65af6df584c416a5d7b1	True
0xdf744bdc735865e1562ef108b698191ce0803272	True
0xf52582fddf6494bde4c422b23bdc7f2dd16d3131	True
0xe9fda54bac7429207dc2f66eb5f6fe5594fffec8	True
0x00050657890966fc261113dba4c277d9cb204e52	True
0x78ea8f35ac14541889ea227d6cbfaed75153e613	True
0x95f40d30ec6c1943d9967e1433a5e0f0417f8589	True
0xa7f48b7e00268cb1b8471cfbf6c6ce3baac05bc1	True
0x3019719b6eba4d23db2a6ccc7c814cb83183029d	True
0xd2027df50f0344cf0ac87562709f6ed9613028c2	True
0x52af1e8da5f83c73051eb0500c9543b5557f0ac4	True
0xf9c4355e4d10a28bb0abeb6107d6e680447fee8e	True
0xaa5ba5d31d8156c0c00b8219de0570af48e8c378	True
0x2a76c178e50fdca26e3d3f71dbf7f53f907efc32	True
0xbd4883ec95e34354de24a4dcf0760a765f9cb645	True
0x4b6ad73782db1726624f3755c98b7750bbb42cfc	False
0x18aedbbc4170707cee791193613ff85aa4bc0c09	True
0x463d2e36d7b6a5b9d0eae77b4cca322b8dd53b48	False
0xfd1c882ff9ebe9f680f218c68675ffe0fc7a6d14	True
0x366e2fa05f38be47c5cf2682c2b76af1079177b0	True
0x06e1b81a5f9b0abd68706627ad07e24b1113ad29	True
0x18dae2fb975c360003a969c16f90c097ee826d41	True
0x83de9fbcb776edaf42acc65343375f5deea2878a	True
0x746e1b70d84e1afa57a693552f80957095e70f1f	True
0x026df55eec1dbb88a8ad9ac56cf944c480394993	True
0xdf44eca334052ea2298884eaeff80f13514999b8	False
0x89de65a27bcd456ffd18ddbf5ff49b1ca4b6692c	True
0x89e58bc651fc6b38e9ea8c3a3b0245772ade1b27	True
0xa8b7789a77a41494c850fe6da2f56208e0530282	False
0x5f009caa07219558aaeaa74e06124450d885cf54	False
0xc54110e12b2bb371a91d310168849b765e203daf	True
0x2a2ecb9a71b34c6c84c5e13d9f8a2b3cc924fcc6	True
0xe5010141e30939169983e4fd00020ae674994eae	False
0xf08ba71b2b9a40441a242a7d17b95973a5592b00	True
0x9d5d8bd7f2e7f98e613efd721020aca00b7db49c	True
0xa9f19134eca9104fa53f29dadce3b7f9c4a6c6f7	True
0x32c0bb5b3f4ef8067e075cacd6e5f900efd12509	True
0xbe4fe7fb724e49fb4e5094d9e341ef388cd9f020	True
0xfd410d84f06b63c7e2dd4314bd6d5c99d4d3d728	False
0x8c5af74dc98db2a68d482303d982ebdb2f7b66b3	True
0x36d8d6bd8c668ef2193be7e7475789b1b1201554	True
0xe33f4a33c11966a7073bc25833cdc62ada697c4a	True
0x82fd9dfe38ef20d9eda9db37d1b7a29eb9a32c54	True
0xd8b5beb0eddd0e9b54ba2cc1107e3cb1f294e88d	True
0x7367cf1790fde133a0582ff4fb461f5ff7b24c7d	True
0x5259c4bbbc5a9178a69904071e86d8761f790327	True
0x7e265123a1395c190c93e588e1e94701bf1f2787	False
0x2208377c59ef14b0e4574ec0571ac4ddb9a39011	True
0xc6c3a90aa771c3bd4a36bdd352a6b38bcd0ff7f5	False
0x192c70befb8a47b672f01e32b721ced2bb0ffe1f	True
0xdae107c7cde5061b46eab8db688807bcd6d05e13	True
0x45f4c0409731c21133cb5c9674dea56a16e9cd95	True
0x8c2a558cd12f918929c64fe7bb8d0c9ba06b3605	True
0x1c68dbe9fd6f1be6b1c5d5414fdd924567b96e6d	False
0x0942d44f0eb315634b78177ddf0a6681db656c56	False
0xc47b6eb77f35c4b185a7d7518b1ad3b46565dac5	True
0xa9614f306bb1eaaa05c6f6a182007cea06f2741a	False
0x4a1cd00d592ee6bdf79f6f905700aafefe1c6064	True
0xbaea21bf5c300d29339db02969b2c0d03a2bfae9	True
0xf3cd6e099304b19359a876189846cdfbba714b39	True
0xc6c2bd1319c1b82d966ddd50fd657cfaf03ba0b9	False
0xebe36f4b9b297c4b255fc90e1dd0b06cf0e2d5e5	True
0x6c946fe5ce57bf5b3b46c3ce147afcb359a89d99	True
0x0bb89b964b6467c7d99fae6bdf7c8b0fe1c38eca	True
0x1de0b0a62bb7ed7cb8817caa21ef9a2c77441bf4	False
0x81762e39bf27c93ccd5a7aabe63d8b4e9b413a3d	True
0x7391b4ce36353080937a4a22e559c1fa3e9e3684	True
0xe6cd0a3a57cb3639c7ad8e5fcd48251b7b6e18f8	True
0x57e2925e1783d90ad4fdf5ff6e767a15b50f839e	True
0xe77a873e6f84be542d475efe8011ae0f4a550f97	True
0x92c861efe150dc5c06238dd903aa5a3433115648	False
0x0c5f104fe0d33d8dbe19998648f5edfc83d1f57a	True
0x51269e88bbbfdd2bb5c4afe2ca9ef139dc194cf6	False
0x44ada701b278bba708696419280373eed09f4572	True
0x4b0609ee61d3876fbf60b812c0988ba188c12939	True
0x75a16799c1ca8633cab0b70e52818a5c2e8c9bd6	True
0x0d2a4ae1caf25d8c79e50e65598a0ddaaad96c3b	True
0xcdaa39c1495168984251dce22447b2fc083429a0	False
0x502fbed9c05801ff9509bc51971e3962688f1827	True
0x2a967352c8d42fcf7490981e945ab1674ab37fe5	True
0x1c920dd7a649435548d3a5656da22f3ff3d83b69	True
0x679466b9e06851c01f038b71d11bbc7a62f9d5ab	True
0xf8c544a7a448d25e71807b3ec11054261dc1b476	True
0xbd79ab4d0e8d3c8a61e6df0508ead049d479610e	False
0x2b275d2efa44e0303e2128715eac8d62d23fd15d	True
0x3586986b31155c4a01f128ec68c5c9c281d9475f	False
0xa6552a711580d3d8111084c40d560d7e3412b4fa	True
0x27b818c99f526fee747525552486f07d24be589b	True
0x22ad3fce6e91b7a243d94f23a076320f7b2bdbb0	True
0x4f51b1870ba1c43e636e81440ca16e70be96b1c8	False
0x34651dc35fe1bc962de45a564088b0f4f58997d4	False
0xe069d6b40321783b80d98c2da051e45c04e7c39c	True
0x4a2dab4797c2a053bff792bf0ac1c6ac60f5126b	False
0x6d384bc914272318d434e945183af3471d526c61	True
0x1639f64a856d43604e044974e2421bdc3808b5b8	False
0x69aa034f06482b98a456b8b57663fba15fbdccf7	True
0x1792ea5a75e5e6c420290c3f74642eeeee85f188	True
0xaa3cb45d8de3ddc6c41a1eb6b2a33879366a2c03	True
0x8e81c4311e0e09bd78385bb7838dc46f2800f02b	False
0x12012b2076dd0344508f07c927be06160fed4404	False
0xef584a77c1cd3609783e4b5f0fa505fbebe7f8e0	False
0x81876b740f428840881b06eb216cb43f48a2561f	True
0x0b171ca60ea278b16d8f888180cd71e3ef19673b	True
0x41d2ae29302b49eddf67c8e36cef478e8e85a187	False
0xc3898e9f62b5c74b3af305a929daff334df7be77	True
0xbafacea3121b3f43a2fb7df9656e7e729384c175	True
0x7d7470900ad8f964a272624f51334b84c8fd5c56	True
0xdba3e7c04e8b10a0b26576d0462bad050633ec34	True
0xe01499a1379b3bd8267d43a6ed2144ccdd7a657d	True
0xcf80959a0a4af0d654b5e732dd97aadec501692f	False
0xb9f111f61cd83bf1552761515be193d80c9cca11	True
0xd6d9ea0826c8857d4e0d52d4a65ee9580b9a3fa9	True
0xeb9b990ba604c75987e154c90dba8b342281a860	True
0xd34dbe2a9162d757f7d6968c3de56e817071d4a1	True
0x28c6a3e869df5ba9d18224da6a0057fd3745a845	False
0x1711c79f09c15d4ffa9c6dd72df1de6924fde3a3	True
0xa91a699840dbb8cb69c699de7703f1156acc0bb2	True
0xb2d0941122cb94b490750146c2dcaa309a179209	True
0xb8fec1c6890823a0a6ee0218c010738ce49e5837	True
0x058af4628a065f42767e328ea7d9c258be74aa0b	False
0x2d8bc2cb5f9e7931e0b2a9bd5c5356356aafeaea	False
0x51ecb52ebb85384679b108a9e6a017ae17754eef	True
0x74b6cf0a7c92206e49df13cc405884e8879c1009	True
0xd8ac448869fcd7ac985a7b90ddd91b2bbf829f8f	True
0x9d4152738b06291bef77406188038c77dec03294	True
0x319f96b79d7c3b2ba3dcbe237274287091908634	False
0xa42f2b7b343538d49ddc917328ddffb7f862fc89	False
0x3eb7d09c00b5d873772f6550fe375b85b2faf35b	True
0x07991994a7a6b6d372a97396cbf6b5e8856690e7	True
0x42dcaad51eec95a3d5c67dd9ec7afc2d8d2f1b80	False
0x82838dac8bae0025ef35e9400f1cd99b4ae5f520	True
0x70b64383c15ae6cfacca4853c1a0be9f15f95e77	True
0xfdeab35428b14b2d05026e8dd6b6098389527ac7	True
0xc48d801e3ad3f40fdce9da8f8ffd637632c616c0	True
0xa0fb23b0fed4b6b7078f01eda61d5e497d0e3ba1	True
0x5192e936c32a9ac254a38487b8d4f129268200f9	True
0x954d9bc843c863e7c99cf9ab4fcd6e553b94f6a1	True
0x4ab394f5e6ff77fd36ffdf59af0e099d10cf51a7	True
0x729d31732b37201d95ee32904aaa98a8bc36078b	True
0x525bf018bf36e4d5309932f983318c3c5f84a651	True
0xba30c0dc0dd467e4e6183adf8c8c3e9e85eed4cb	False
0x43ec69a2d121e55c39e4af3f5a03630f0d28fcf3	False
0xf4f020010fa076694ab322e995992bab11456479	False
0x5081ffc608d96821d958a5c5ae14b411449f44e6	False
0x3df20fdbd7c460be849f18d6db73807b4f4e1ace	True
0xf5538708e98ece2e5041ca7f945e427c9659f46b	True
0x719262b85fcdc6c970e1e3bd0a93ca4db3257f85	True
0x0a26570db83f00c51793f96586608490b947a846	False
0x6003099a86921e392656b163a43369853d6d00dd	True
0xd0b20f67c7b5d1d9323d371079c85489a56c06c0	True
0xfd7efc7a35a231da106a5c33981f6570b90f7a7f	True
0xbf537d992d56411c79e30a4422556df191027b78	True
0xef00bb29c5c5f661dae563b35d2cace1a504d68d	True
0x072feb2baf6198d8571399911313d514700e42f0	True
0x5f0ffa2d910d77499dfb7f2eeb1c0e0a465065a2	True
0xdd21347efecf3e3e104cd5ffe5ed85284d1a89b8	True
0x2f00fdb4653f7559bca4c1a03eb5b1346df5bfcd	True
0xfcd1973f11c12631fa95d9fd1470aa677508716f	True
0x5f1aa1eea683656bbdd276b17f86284390aaf816	False
0xd0e6b99f7e7829bff8480baa9984d3cea87a5955	False
0xc7245dc6d90b27f9e0aa7b06a95181ed5274417b	True
0xaf986b9e989e4ff7915847e72d6150f8317da449	True
0x2ce5f1125d49e6ba05f019295bf720c147824739	True
0x50650eeeda97df86ac178e1cb0056e467cec94d3	True
0x4ddd257b862ad8a7c4ded59fb6762cec29ccdeaa	True
0x5cfc50ef05637ade8393e223b50b13dec9311b0b	False
0x7f85be31b60c2ab1b5318e08b8f29b59f9c93bad	True
0xe9f240cb0bc7f5df0d8c4205635bcc4d1746a13d	True
0x556563f0a428001b3a3ebb8d310ccecfd34c5939	False
0x11e80c39132fd809ade45fcc1956a64ad163742c	False
0xa865502e0f3e9d9a0ffd23b7653aa0842ddd16ea	True
0xd5939edfb722931b907fa285994edd9b102a0080	True
0xfa42ff2bc07ae0c34bdd8066c74ad3a7d87239f2	True
0xb254a245d387804d3a335d1bc0661fb156ccb903	True
0x4bbcf382fd3fdf87c2e02f8062598adf7bc447b7	True
0xe4a5a0416f3c52cd899cefb149fd0e0405196cbd	True
0x119f09a627b1b29831903681de7cbeb131fb3c21	True
0x1c5b3fde9f593aa0159d7d5465e888f3a733205a	False
0xa84009ac72947b632b5bb95b1633b452102f43bb	True
0xc138751a321069759427c3c72c52d62dae5d0fb2	True
0x71bb835f68927e6a0d9c2f7569a6115ab13c83e0	True
0xbd429f6a1c5850e95901b316bfa4a7091632d654	True
0xc33f2f9c30be2731eb128ee6303224ed8e1e2523	True
0xfe0db25d3f45abd1072bbba56c4abe4d235bfa8a	False
0xaba231e571b6d8c0212f5b15c45793af7690aa3f	True
0xcbba84fa1fb750d7f6936d6b878bc485e21f5d62	True
0x8328e74f09cf249dbba23963ba83d3122db38872	True
0xcdf6fb3dd84b91db92870c10fcf20cfdbe4f03bc	True
0x6eb6d16f58a29243a0b185ff83a5b3be934ae61d	False
0xdfe732f1d0c6181d28a37182d47280d68d1c1777	True
0x0706741363da6863b28d8f501761b0ef8d0fe78f	True
0x0e0acf1b37dc9e38b1e337316b86cf26d210dfcc	True
0x7e9856f1750aca6e25ac8b8d660604d57fa89635	True
0x5a38cb9d914f936b7f342524996eef4686b5dbe1	True
0xf292b9fe645ffbc9ec7c456644c09ef7c8d987cf	False
0x00e8a7c19459e4cac8046a5a541690be3a5588c7	True
0x1755a767f09dce7800b18ac19a5369cd74b2a30e	True
0x27601c3d3237bb0502e7d9b591c8c939f2265dc8	False
0x98892706ea0c35da091ad75f3f1d5ab35cf815bb	True
0x94133fb8a1a66c3249fc33991ec4d1175731ef8f	False
0xdd8c70a50569f3b32e3f1e77b6d87762528a86b4	True
0x8ae8840e320b3411dd6000c2d9c0ee616478b580	False
0xa161178291f9f128df3e04ce307255833f7c0e1a	True
0x3e8cd5fffac4e51177fe7d8b967ddef5e003d5e0	True
0x4119a5d219691e0b0182215fcb85b88442c10667	True
0x9f74297128b84529b415394af7a625353194b2a2	True
0xcfbe3fe1bc468cbb639dfc618444605e5e161015	True
0x2c87e2c96b7fbc3a3e55fef1212148136f26d403	True
0x3821b1148abd0ca3309e3f61f306f696bb306a45	True
0x75135f05b5d54094978c654a78abbbec822dc9d2	True
0x7a5f40c363374d31cd4e9c936395c7132f85a6bc	True
0x5b93c14295e4c33ad45d7a30b614fcd0d2274e62	True
0x09b9f8933dd919af1dfa90dcc1e20f5bc4a58ed9	True
0xe604b9d0fafcd0c0d5f7ccc2d8db6683c45218aa	True
0x7bea73affe59c9f5e43abb0d2d719569e36d0c90	True
0xdaf63b7b70d67f6a4790b69c300254d85086c6ef	True
0x07e82cf33b6e80d18d489cb88df9c2bbdb9b32cc	True
0x4944e991804cd593f6af308950ea64b8c91ece52	False
0x93e290e631c7755bbf6fb41733247516940183d1	True
0xf3f05b1cad00aa5df88d14a4abfb4b8921241e68	False
0x644d594c1f79dcf2e5ae6170148f60aa7b0c17bd	True
0x45da2f97393f5502fc2134d8c0714d5b4a1d6e86	True
0x3a2de73a470852d22fd1dcea0d025639cf3e8bcd	False
0x64978f059500e496ab252b0a0486e19a8598dea3	False
0x26fc8d9672bf9c5725c8032ba568829238c5463e	True
0xa2d9dfe8cbed34ec33eeea8bdac5e9c6244658de	True
0x1dcbd8f4458eb6e8e22d0396b2c58fd2490414c0	False
0x21d4b69f86e9112f2d03322fb5903ad3c0d0a7ba	True
0xbab87603869690c5e9019b9aa6ec72ffec1ed187	True
0xc36c4e12e2459eddfc29161cd30e1c05a9141e21	True
0xe76b7210efa42520c3e97302bffca7b52c568684	True
0x151f5650ad21f9a5e711b3b8996da85a3d620aed	True
0xf745d23edb2a28409cae0e670131f02e32bdfa26	False
0x2ec0f21cd5f39c1b9a71ed8728bfaced238fe337	True
0x8e187342bb28b4fd5a1432540b50663f130eb250	True
0x45946411d68d1171683e0fa46c0b18e05405c9bf	True
0x62b5c5298a8637e40545f3178a96fe8c36165ef8	True
0xce5d3e5881b96558ea8bc5da079b94650fda287e	True
0x21dffe8f12aed2db4b4c1aeec6d7c1f42a3241bd	True
0x9c3792fbf2478451a5a83fd92a6ae7c6779f170f	True
0x47462efbb8e94fa1363ef9995f6363a1bb2e518f	True
0xa091131d3f226a6721f8beb01b03c6b8397f93a7	True
0xc1fd6b21abaa59c7515d56914fc6f73c4480e7f5	True
0x45a31dc0bb442a1b82282dbe80180fec62b78cc4	True
0x9fb325ed5c7144b745331921c7334defd0ba8c64	True
0xc994c23cc63073b3766fb4f27bf59a8588fc5be5	False
0x4b90ec11b47d77ef6df6d735982d51d5fd3493af	True
0x1ca5a76817768c660da9ff6b1fbfb4488c02f5e8	True
0x5ed47a4a5493a2db28a096c614adf326c447e067	False
0xd99a73a3747da0bfbd3ef6fc66b6c672e06902f1	True
0x8a48ebf118d73b8b48b4c70995d043e2a3797f52	False
0x3cce9eb25abdb5ee21942145544a716828dccc22	True
0xace1365f80b966b092c4b7d4b674094f6f77ba99	True
0x80afe3349c37b96ba8fadc7b9a7b55a5f33e4f26	False
0x4ffea2849b9ce10b2e5391379028ac3c33e99a19	True
0x3558741fb646c98d649352bdafb21bb0703b8b54	False
0xb6d7fc5798809342163648944b5576a5d6ffc788	True
0xb56291229ad75d97b3bc2dd3ba6353ba0c821332	True
0x0b4d8bb6b68d95d7a886ec8a21e4a05dd5aac76f	True
0x2b6041e0359176c16b36c0964931c20b8dde07d6	True
0xa3d2d36601de582b289f78b7c1c8b82ff3a8d523	False
0xa1d49930961f403e3085464c83360a3604e7ab75	True
0xed0823de419649c185312e5e206912a3d740003a	True
0x0dbd4b7660f8d156f64ecb94704c91b5ddae2976	True
0xa9bbb1c4d197934a00779e7fc5d2aacd2296780d	True
0x5dc11628cd5e268924d59851502348d0745e6ac2	True
0xa5b8781b29e21f606ae84d8673730d852f0423b5	True
0x17e95917095aa8865af2b66a32fad52d6d97294d	True
0xe5b86a1242a6f54963e760af63839b110d31b5e2	False
0x5a9b745143da4e61dd7a60165c606fa19ca5338b	True
0x438ae84943f77f30f9a5e1074db4b2d73e8765d6	False
0x16e80234c68d6ddb8e2f9153bcf34c77f3d2df2e	True
0x12714e2fbd9ffc1ad76fce444abecc263ff32c4b	True
0x5b7439f883c5a5b992f867497d4390468949db99	True
0x8b9549b1d772947af9f5df3d72207e4e7377b7de	True
0x8473c11fe5d60d408d349300b8b65f8516f40b65	False
0x4bf4d7710880e679db02214e91c517f717d4cb69	True
0x80d27f170fc8a08cfcc34d3028a2c1470b28118a	True
0x52ebf38330765bcf8db2f2254d22b320b5fcc7b2	True
0xa5ddee84ae576b24d49b0387aac2ae087b90ff39	True
0x06341e2efdc55e85250485b660e460e3f494592c	True
0xcc621dce77b9ce2fc493fe5df3a529aaa5d8592f	False
0x5f4929d600b0b085d5d9aa3a6277337b54945705	True
0x3fc6b17f077f0fbf73cbbb87709a11149eae6ca4	True
0x1a0c935392a24258ae6d0a9fe123797595f3e655	False
0x58325c0ecd91fdbf59bb10b1cd1ffd538d1b44b8	True
0xc947605cbf25d25c1575eb01e55c259e415879d8	True
0x4d15eed0c121b31f1da72257bb7cd2c34d258a4e	True
0xfe15e133ba016ce1ed4237549d7da216b992630c	True
0x9c7f540b5bded63239c330ba6f3fbb3e6116ecc0	True
0x794646ea584a6a4f463cd358fa77854a40abdf24	True
0xa1251eeae3e4f125d9511703c57acb737c8d98db	True
0x569539ee64fd326997e773f0006183613b824849	True
0x998e0944308ab4643b98b4a33ae47f4b628e64be	True
0x3ee3c79c7bc985d7b0f784d765e07931d1981339	True
0x5cfe8bd6411ba416386c728430132e05a7002df6	True
0x770e645c9c972335d4ac7ce54e5f1e2283d60c5d	True
0x82035159562f9b348576e428754d51a0e9dbd837	True
0x28719c1a945d7ab5cf102c420713378c37410900	True
0xf87e9faad98769c55d544a986e1756cc05e6f38e	True
0x5dadf8acc9ae6df7c155ec1b0357dd41e15ef502	True
0x600507431ebff4f3b08f6fdd982bf5c4d029f2d7	True
0xa32d659bba496e0cd92dd632af834f486c30a162	True
0x4e05ed300d66cebf6539d2338435701b3606d54a	True
0xcba75089f670bdf40df90fb70f9ea625dbf520e1	True
0x6a28037e17a3fc8fab5a581bd0314558a5ad968a	True
0xce88e6e091fc2eae0fcb1c13ca80574ad6f4645e	True
0x1134b951a8f1a29b8c8b202852accd3303e92a73	True
0x91939c7c9a617a3eaf6c8f2767f6467e96f5be2c	True
0x023ebf6f9ae2049fc46cd34f9796293b8ed9568d	True
0xfab26e29f62269bbcb0a7c75005006f6dfdd9d89	True
0x33dbe65e99a07aa5cdf31dc1371e8f02c94be2b8	True
0xaeea0773756c0f59cc764668017d2ccce259e3ac	True
0x867b59972a9484e5f83e385e59bdc6e339523b2a	True
0x02b655d61e393b9de40aa7832f1ed113bb4c5e27	True
0x0b30659beada97a1ddc9bfb2be828c6aa837cbce	True
0x84bc4b5ad7c566295fb53b32acf1066a6b0e5a31	True
0x9214cae3c5f6b2535216af021de44caeb1cd1405	True
0x9ee00ed6581a6c2c9640ab6c675d55114f3132e9	True
0x361e56bc4e2d9123ed227e1dd1ecb0c8969fa638	True
0x7833b1cce1727ed79937bbcb29068e76e657c2d8	True
0xf295d539fffa748abc5f98d615ab274bf8b00895	True
0x0e6d8c873054ced284bd4c61257cff3dc5071ea9	True
0xaef56a8f813ec1a0eabda1ee3d085289a8c567a3	True
0x37d5fbeb38de00b89a602c2c90502351b66b744e	True
0x15a214bc448ef3f7e684414a5109560bc830f723	True
0x3557861c743c7a65ef4befd5910a0220868eeb68	True
0x1cba403466338bd774e44e091e4e95f7edd72076	True
0xf5b44ad768d0a410819e014c8cbcb8df30e4d0ad	True
0x910e28fd4398812e1a697b8dd7b2da8e42ecf41a	True
0x45d98b2493dec7f58f8150d6aa4ef4f6451cf9ff	True
0x88ba8227121c2e743448fc1c5877c4a29fbb4ab6	True
0x8c25a685d74b27bd2e92d24fb5830898d8718e46	True
0x1a7a79ccde89f0f759f48a3d025ebbfb4a268352	True
0xf55f7c711349cabce8f919fb1691807526b1d970	True
0x10e64e90b32b13e3f288652c5517580360b798c5	True
0x21fe6883b208f8f8322fc15e019c54404075e3db	True
0x92616e33f8929e868c6f081b9095d04c306f27e5	True
0x701a77f9a043802907e4a216f7eee477d770ccda	True
0x3614b2aa7b8a28c194f3a3f8303e3f345055bd37	True
0x5ce7e0275a66874d1bfe1bc379dc6ff650ce720e	True
0x0649d9d1d93317705b98a1193bbc203ff32fe2fb	True
0x6c1fdfeb4e05473fabda983f3fd4fa0540e57eaf	True
0xd82a6cf0a439523d7f0a83d6c02a271612fae65e	True
0x27d277514bf5eb8a1c328938e3dcba244e1221ed	True
0x72d5e0e458b0eff5decf1f7d4ffffb91b39d1cd3	True
0x5fda4c64bcb1ea8568993e94d53b650259c0ba1e	True
0xea291ad42b549c5f71165c9ef4e4d295c01113c3	True
0xfcf8c75f8eb09e23a54cb092f7da0960455943ed	True
0x4349c20ad33d50e582e192c04bf5ce3210936bcc	True
0x4ca22cda8708366e7ebba6e13d09ed2702b765a4	True
0x51bcd96c4a4d5bb1b75f33f8026b0d9e27315707	True
0x9d16af08fe10a6f5e9c6b04f2de6066192bceed2	True
0x44d022d228839520eb46c08dd7bd81734fa27e9f	True
0x3495700e889c0688ecabafe277a95800d8ba3099	False
0x19d2544b4b306ba69e12f3df2c33c898aebae91b	True
0xd91d9e8e3fd6765c8084d752246894616304975d	True
0xba92b18f0228e0e4eba64f3be05a2e0840acb017	True
0x8b5a131beb302c33cc6e90b7c80c2699d42c4087	True
0x3129f9685fbb2deaad3c1e0208c16f6353010fd5	True
0x7b9c2b3ab38a8dbf35cc6b06638af79f14e33cca	True
0x658358f1f1daf534593e01f120d7ec59fbb20daa	True
0x3aec004f4f9ddfb68798cc899a07497586da50df	True
0xd1fff7793520f7905cd56c661f30ea83fae44a08	True
0xc9d9f97837b311c5c3903deae5e1429d529cede0	True
0x23679504e6770f9b05f248cb2a0b7b547eb9a488	True
0x01410d95d85abc153a913fae6e3d842bca01741f	True
0xf41acbde5b95ce63a2b7a523d5ddc45824504433	True
0x6c80461e5c405a0104f18dfb2237a54c1e6a1726	True
0x8f6df9d43d4a02f27a4db761ad8e9e9c36306470	True
0x88a6e73b185237e35c273b7e219000df2f35daad	True
0xa557e20a632e303c330b48cbb28327daf3972d45	True
0xf45abf815576c1735bc73e2172b66d716b185685	True
0x8d5ccc38adffceb38295726d93c9b050e68c5062	True
0x8edabe77e16eba9594b0201b1a61d015164d2e33	True
0x4f475bb17ce61cad45fb879ef5ac954f17b18831	True
0x8e66475dc63d724199fa66c9734e2c1f8d6d7ba0	True
0xdd41815c7241a34fa42216657c9274dce31d0144	True
0x4a1e8368d8ef8efbe331681654f0600b67352b39	True
0xa99cb4367ec3cc25eb5a3308964685a96b9d2e6e	True
0xcd0560e54c93044e72fa97daca51de293ca9330b	True
0x0db1834fdfedcd67844726127aee929f74feb958	True
0x939e9bb0f1657f6559673eb895412336aa4889fc	True
0xc99f39db93b8b242ad914f87deb2c39b0a387e9f	True
0x0e00db492fc45a49ead46f034d1bb00f1b971230	True
0x89f52e96dcb2aeebf8ecdfcd6a6bfcf729d01b03	True
0xdc8718dde2fa6c038e4c2a3514ba4c309ae3478b	True
0xd258888c57250f9285b464c757f50ee0fc97c398	True
0x9cd02522817806bb380971e1e8505db36c2d99cd	True
0x55ffb0867144da72c98db1bd9f5e9184750e84ca	True
0x8d45f6d3d3c3c8b62e70f885e524cb14d82c6ceb	True
0x75dbc63633bfc0a32eb2e68e5522091830d2e672	True
0x70f373eae068ce0c1246e542461d328476341de0	True
0x6192341ac4d569f5b87529818b9ec7567b76bb2b	True
0x1207118f1d2a3b570dd6f15083c7c26057a4302a	True
0xfe24582030e35d1940416dc702e6ce27912e90ff	True
0x00339cdae963a4ce1897507c23a5a926f69432f8	True
0x156ebee8939d18e87dc6272e22e34bd3e3bb883e	True
0x09a3ee95953ee1b6443173547f1548f4f898ba55	True
0xe645b84e21342b0ea44dd301dad93abb3d520ee4	True
0x93095f15022210ed69761ed4f4dd262da91118db	True
0x40eac476311d13958de4981c44571a0e5635dfde	True
0xb89d6a6ba181cf157877b40ce8b7a01053f02fff	True
0x57c87946dcdb16e178847496a9f0f3fbd1befc37	True
0xc89f0788075fded40a6d2e59ecff2e71f9272c3b	True
0xc6058350ba14a901a42294feb67694a3dcc0217a	True
0xb41422c90988392799ea31e5060ae7f7963ce54a	True
0xc95482b227f5e47fca98aac60b1abdcbc32a1a6a	True
0x78adbaef85f1a02ab88fbb0f34163544d5124ad5	True
0x97f01acb3852f0b2c98b5ef9cbb3a9d4528d4121	True
0x56ba788cb68e6450021e9a423bcd997281509d05	True
0x96e6f93026ef263cecc46b4534a5f418363e0402	True
0x6557945bdfa102e68950b12b75db6dceb13cbdd6	True
0x347d877448af80882fcfb20eb7805d507aa85b4b	True
0x38b6cd9ee5bd49da86594793e46885717948b765	True
0xb2bef2298e3752c8258526351ec29fc1fe787e20	True
0xfaff8e8cfb00846f4f92b77887d969b51e41b220	True
0x33a3f9ead2f30ab977f8584b679de438fc080637	True
0x455404d0b21c20198a22ce007943b619a8a86580	True
0xbf270dda705d235a6efed52baef8ad8deae096e9	True
0x33d0439fe7b62ffb18fd23f597733d8951adaf59	True
0x48f5251850e343c55e285155891472aea58033ad	True
0xf9eb70f647fa27d677af0078f68938b9f6dfda72	True
0x3d40eb423d0aecf7aaee7b984f9f615722160727	True
0xa1bfd3908f3deeb59e20f49ac63a0516d27d9f18	True
0xc6dc4c7dc6acbac5eae4c92631fda16f597daf73	True
0xe922f996424f1954110e0119669c9d28f447e9ae	True
0xc810c372a642a57d02ffb96c2e6b57e24e5ba005	True
0x81d7509a70f1d4f07526f88cc3dabfd59f77ef78	True
0x1b84532ef3779127cf121fabe9ac12ba1b5ef89f	True
0x4a7309d5ff76cc1682372cf91bc6151316c89823	True
0x035aacd3fc81831400c46360f1de286030d15676	True
0x74c2f83988f4f255aba3be0c4aaeb8de1057ab28	True
0x97f79a9e353877c56e81de314850428ebcecfeee	True
0x9cafadc10791cd6775dfc4092c1da7e8955e768a	True
0x4d26bb53d09ce6748e9400dee1fb95995d6eb902	True
0xc171d4df720d5940719f7f7affbe37dc62e67354	True
0xf280c7e1ad98d42e1ddba78171c3f98e785ccdd2	True
0x9b18f0f1e10721388ec5b9f31ccbb4f17e80687e	True
0xeacaa1b80a46acd6f4c981d60e5ea0ef7cf1a114	True
0x8c4e5873747f24d7035cf8381febe4429ed1e734	True
0x9e0d3cda9f1f6a327b3a0cbe2e15355c65812274	True
0x0d945c39b503d6fcff1bc6be249ca03230f9b6d7	True
0x153d789867d5a03adf8b1ae1bd7c5f40d7782118	True
0x8131f4bdd10bf1516eb33309d459e6047e63170d	True
0x76b25e1bfe74bcf23f71ea61d6358eb21b502cc7	True
0xd28001108c2b33cff297fe8c029c28c52d8e5379	True
0x73ee5c1060778c1a2d3223d5404fbd41fe905c28	True
0x84ef213848ab632e81f9313b3108fea8bae9fbb2	True
0xb89e828d0f65f44dcd27842a2723e14067b5203a	True
0x209ce666978779756ae1e747608cd93e4dff45fd	True
0xa75ec3814109605a86dbb4a7fa8baec7904f7727	True
0xa483d95cb021161443c6abf27bc9c5678048fb4a	True
0x0748c0223ee351d3d995a55526f0483fdafaefe1	True
0xeb5a637906487a266d4b5d2a17300edc268d1a23	True
0x3de6b2ef6b515dfe8b6364f1f24c336c8d15b53b	True
0x24b8d10d0a0e5f4947c601d99bb0f24811e31440	True
0xebe1ef74a3dca9cff1c02bd2d9b5de31ae18283c	True
0xbfe26870043d512aa3970906ce541cb4ba1a16d2	True
0xef05de718fc470987383b7557e1e821ef03a8431	True
0x869fd7b61e0ce9d814c98fd96c31b974b8f4614e	True
0xe9f1db128a0bdd8c16e02a713ba1c0251eb1993d	True
0xa8d8265c60a4a53046a54e70efc43141b5788df2	True
0xc89173a40a0f2682698b346a6ff1de1e05df41a9	True
0xb703cf69f191f92e883173e01ab7a86ee57013cb	True
0x6dcf135a5d958f8c08912d18b1a0688481f5a602	True
0xbe2a97cfc20a5115edec23a84dfd3fd9fe1ae3c4	True
0xb12226bf9cb3d500f89e5dcdf7f7453d7316d658	True
0x1935c486675811f1e9297f5a3263970d0d09aa11	True
0xdcd4381acc3d7008f3f9919f46faf1930bad5f64	True
0x63208c753e2be4e969a57ac89367bfb5880c73ce	True
0x43840859e8687cf50d934e4d9f343a2c82c93959	True
0x7881f4b1b6a77c3d7051567f4298e83793ff8d0d	True
0x3e8abaf75664ceffb765d9c2f138375f81bdcfc0	True
0xd39c99cf79dfe4bb1352eef917e18302febb7d5a	True
0x86bb60954ad25b38d7efa8f5c66085e3b8e1f83a	True
0x8a00ee39ce1597b5624babdc2baaba2544bb4f49	True
0xfcc63dbf69c5f3fa8f1d7dddb28811600191acf7	True
0xb0feda9ba6e2d3e5bc6baa91babb5e4e1d752a68	True
0x41a0034070b7bc50066b92f79c67f33d5f5f31c7	True
0xd9afa228014e96e2d7387579ec957750ebcf75e3	True
0xdf3373889df2704076007a71fbc5b6a9e797756d	True
0x944a7b1fb492913a45a878ccf52a5040e5cf1903	True
0x79aacb1a1250fda2ce0a8eda4b0a20736f1955db	True
0x41fcba3e9080ac9f012e342b652d52ae70f19e04	True
0x530717ed1079f422d217e302704babb9cd764afb	True
0x7e7248771c471324ccc1b5b940122cbdc1578444	True
0x1543c43160194e7c24e9034a96460197373cdc88	True
0xd186b14fe06b91757db190451953c1e385c1caba	True
0x8652fb777cc2dad8b97f1cfc8d4e501ea164bd10	True
0x3d0e31e0e3c29a9d92e59d675b2ed39db46657d9	True
0x5306dd6dec14248388313af41c7757593f3270c5	True
0x05071ae1ec9d74619c9fdd683d89f2d89d481f3d	True
0xe066fcccfbde8ed88741554977cbf14e12285ace	True
0x6e8a044f4a21df7af9a17502a867a08af11984db	True
0x168171f98e376988cbf02c0f8846a88a2b893812	True
0x6e6263beb2cdf4727f7b9cae6927c4c2ba04f3fa	True
0xe49a269cc47cf8e5e3b904cce18da2f7e8afdafe	True
0xb5199e60b4abb14c253c32bb6e3318a5c1626e0a	True
0x36251c64991f36959ee09be6c494ae1a58e3a65d	True
0x913588d41c69a95cd9007ee1e498f0cc2dffa700	True
0x03874fdd1245249e73d4d118a62bde65c70ac9c2	True
0x7ae5b3345aac9812ef379f245a4f5626cc4f1b90	True
0xc865b35385baa5d4e1ae0372c69b638acfdf7643	True
0x5892cc1abcc83237108c3dfdbfc03f606544c060	True
0x7efcc76ca1b7ad9d91132a77f5261434e5f478c9	True
0xbede8ad4878e5ce441accce6a828ea7bc5be1ed0	True
0x643ca7d1b5a0dc09d4bbdb883bcb3701d7b79c0e	True
0x7e2aebb04ce05f3231a5f3a736bc23311f232ec4	True
0x13f8fe9bed398c495a8cd54ab3c2fc0c1b88d478	True
0x902b2054ed91720d78f59132217ee124121cd886	True
0x59d367c1a11d75d93710c65cec887cd3b1f88534	True
0x68d7abaa516f8edaa4fbb5e82af9bf580642efc9	True
0xd9185c1dd0a5554bb260db0a519107226e3210e2	True
0xb02321613f09024952aed2cdd79abba0a389bdca	True
0x799bc4d8fe1fd965122662ec50687311c3b5ed9e	True
0x15c514c0905553c216825e35fa4e51a5ef49917f	True
0xcdf23770ca15491b9ba4095ef7cc457acb3f124c	True
0x9a1f5895dbd7863248abf2487b79c455ac3935cd	True
0x3f28e93f09c44121d02cdf3e086bf9ea40a48acd	True
0x9cb82c53d49acc4cbf1a085dc7c34efa33b8d840	True
0x5863b64b997404614085826e784978a4996b75f9	True
0xa72fc76e4fbe171cce5d3e3a85ad27fe16ce0ca5	True
0x1647ed2db163c6659a36c2b052e3d8a3281f5921	True
0x5fb89233fb0eb2d05d8adc7749d7d33888778748	True
0x47d3dfe72d51b800f60579baf78eaa53af0768af	True
0xa31871f09d702fc95e4b0eace9e469a7d5144abd	True
0x89e8310fe5ee6c880bade9c7aff5ffd861c1fe84	True
0x639154f01f4a5aeeaf374f28e421d16c19bc2df8	True
0x6e1ecc59f4005d0f2707ab7a0a8cecbaba41c11e	True
0xfb914aed8713de10d41b440e0206dc3599f80a6e	True
0xd3967697c86de992076b5cca4d7b2fc35267d055	True
0x0170bd1db632859a4c31be2966f9f424df0d350f	False
0xfbf74a5aae858232de457e87d2f9cb3bf53a0127	False
0x1a454995db9b93701b61b87638ef866ac790b15f	True
0x079483d475f1832debec262a2a78d19f7b623d4b	True
0xa09228d4daf9f29c2c6b804212a5955c3c044ee4	False
0x681665e59009ec867a1bae01bb7416aa4095bd88	True
0xafd4c32a6e24242a71deb9b0963ce807ae13a38e	False
0x50b77340a2f5d12aec08fa45737d8fdac30e15be	True
0xc2a610a693dd95dac75e46d6e07f6fe741cd2ab1	True
0xc2a9b0835c43190a96eab98c0bd0f0733de8ba3f	True
0xe697dcb0398e3034fd1df0102bcd11f30d63afca	True
0x1625aa3fe60df98393d13db0a23fd33ed51ac7f4	True
0x45484a50e5b96b4a7b00af13d721ccbf8b86bf56	True
0x55cda278fe5b2db415895e7bd573fd17dab377ec	True
0x0ab971ef189d9750764bc5b13d8489b9f64988af	True
0x33a3eea06df50d4ad36d3601b9548a2c59894cd4	False
0x17a91d950ec49dbc1bf8dd56af63dfd12f6ef0c1	True
0x6ce0f8bfdc3f4f11034cf0faf5b00af85a987991	True
0x455e63ef43eca9ddf114fb3c60199fa555423661	True
0x0f8d71bb14ded0b92c079780691a8b63fa43f3ed	True
0xf660724d7481934674b9d41a73a2fe28071363fd	True
0xcbcbbf89ab04670fec44de234c644a449a0c7b2a	True
0x7feaeeff75b63878185042eb7e4900da713d7012	True
0xdeb9e3e2e7ebccce9f8a364bc888362bbc0ccdaa	True
0x6607c902b24ca2d357fab50abbab8c48285ff038	True
0xdf01e103a65b3019694c07e0c8708fad484424cc	False
0x40880f095d9c421301c5cc6a0d8df1d9ddac1dc3	True
0x0f94c5b7dddf2b8b12ae89eaee354c1b9e6c08ff	True
0x84de42c7e1cec950198cff701e78dbc054dda030	True
0x305735d08b21f0ecfdad15877766c082b65fbd95	True
0x3584d0fbe96a345782fa2d5aac3e2398b395c15c	True
0x889681011d3957224dfb8b60b6a51c4c81160785	True
0x154f5a4642194ec3f9cc0e4dad99f46201945802	False
0xaf9169cb60ea0b4cdb68f34d894a5b8e9715b3f5	True
0x2489271251daff4b87377c03c6b7a26c98b22fab	True
0xadadfcbe18cd1c343c897b7156f77f6511d11f51	False
0xe5478ad03ade50e26b66dce6a6898f59c6266b3b	True
0xcb5db71d355c22d76b620fb922901ef68482a422	True
0xde62d544ef6f06373cf9d610859e270fe621825b	True
0x5346c893becd8b228514cf4ed0310af553616596	False
0x9089e1b1e10d4ce8f7afd628637fe8238f002c8e	True
0xc6bd5ecb30b40971874c6b534ff5c319f24078bb	True
0xabe90933fcbc308d3249ef582497d2c64722263b	False
0xe58ee8cebd6533f2ccc4a8a184a974b45f6fc984	True
0x3a571db98a92ff121af1c8b4183d002a9015a891	True
0x8b9b69faf1dd4d181c731a7a1a4a1931dfa60248	True
0x66f01df42e3c7ba8df74d8d27a1f9e9ca7345a76	True
0x7287ea22cb371512704aacc84446b244eb965c57	False
0xf368468ac07f3a78545bf2b03d9800953c692b2b	True
0xb3a54815c10eef343c36e7a6caa372f4475d5320	True
0x8d8a0c980fd07b3df567efeade4a915ca82882e7	True
0x6740b564b43f639c80e96b6c7aca65f9f5f3eee8	True
0x1bc8c4a4813b9c2bd1087364f0930ab38241c1d4	True
0x8a98ea30b54bd8077a95e83d09838b834a4f32d9	False
0x2f339d9c8bbda794c469f26dbae986ec45134ac9	True
0x59bd7680997101cc44d1b57ddbc5472a89da1885	True
0x7d830b6fa67445c62b66f35f79494d89e5036ccd	True
0xe5e478424ec207ea4587d2999171f65901e81504	False
0x575f19aac0569893a09c6e1b82ad1dfc38546025	True
0xf48287039062735f34f8e2fee0ebe41c2c6cd773	True
0x048431543fad8d1c56cdf68af5fede0cf5d42eeb	False
0x2d7cd0966d0e16e362006cd30f09516d64e742a8	True
0xf46e63061c690617badaff1b5bbdaf79228a9f7c	True
0x1a0de4ee6c69373abdaca6904fa145015e8db300	True
0xe40de6f7246a21d1a7c71bad395f92a17d9920c1	True
0x9026704cb6215b38845adb3b3f60122558330457	True
0xbae3409c4cb434804fdafa7d621772bc6bc4685b	True
0x06eb44b125a90a85021a467a93a959d2fac45995	True
0xf21f3dd11f98780f9c8c130c27728480ff8f56cf	True
0x29171911df5d31ccb71025057d18ad1627254145	True
0xc9ec65ae4708782f4c3f91d9bb9508bb243b0b4d	True
0xc9182dea58b02bc40ee345dd85b310161f5005f6	False
0x943663c29077645f461f845d61592fd6caab8805	True
0x65dae83d3795d95270e2af9e8e6361b041eaae5e	True
0x40574ffa53aab8e6176e08490324bc94a4212527	True
0x16fdf7c6f3c0b5a6a6df050711a8e70956d46bb8	True
0xc469a622a7cd59dbb6835ed52bd2a04648b74f4a	True
0xc3a830772e069317d5b8b749a5f854d581515108	True
0x3f81cbb206497dac37167ee9ccf56474c6660994	True
0xd3a53f6f74e071b532d75c2905602f0b1e5213cc	True
0x7419a35f7aaa9d13b03b7af94ae050ce910fbd82	True
0x8a88beabc4c7416edf75cf09bef16dcf968e8fb8	True
0x69dfc878745a24cb78f7c201f513ebdf1065e03a	True
0xb9429a3150c457e829931f160f22153060a54b33	True
0x0f1954b8f64100bd2398fa07807e880876ac9713	True
0x8fe0d637d71b32adcec3e31e33deec59011ef52c	True
0x9939942548cc6e8aba43f4d51141439c9b8c5e75	True
0x0b9c3d9f22b48605fdb6b85d03cf0b65765a134d	True
0x039b0f1cdc51ba0bba6bb2d38b74fffd2a5c5b94	True
0x0c556cc6c71594cf429afdaa376809767688de75	True
0xd15a053a6acf996f94d1c609bd502a0ead4c066f	True
0x9d50ac7e0091f95d2f755f162387d6fd69e37763	True
0x4419b544d0d907baa8daf982e92a5763c522ef23	True
0x0c7ff1ebfd9b9be9a50cb9f6de3fcb87a6bd4249	True
0x2df71a9bcf3cac90da157489d0b6c5e316d72d0a	True
0x8eaec42da41435eb27be39add9ac963f2c05d18c	True
0x9eb4d4a10bde74edb254821fcf53dd77e4f96362	True
0x8859b8b806cf82c90bd3c0739c32b66719ae072a	True
0xee4f675790a0e151fb645859bad365299d6e515e	True
0x647d9afba95f583d0606669fa3754e60a0e4bbc5	True
0xcbe7b32b3bf18f2a9a95aab6fb9751bda7924503	True
0x0af1a92d31a2630405ce1476afc807ae3bf2d054	True
0xa29a8dcc25e2abb358d6e277de3221d9a3390fe0	True
0x2b0dc5ab320691137e9b4a0ca7367da1c758b293	True
0x500563b005dc7280de3d1d6b628176aa345c35b5	True
0x2bd4490e1f87a1593cd3a59e0f4d2e08de5a8769	True
0x3130445781ce76bddbdbfa84f4805a76783c2f15	True
0x55e92fade4f81aff53aa4e372b21bed308003695	True
0x6d81ecdd6168cef135285f1d45b79b3708090dc0	True
0xdba356d1e634489f023f8ba07979941e75f08867	True
0xd47c883a88bbf119d03ba0cc286cb53fdc2c3e75	True
0x13644e0ac513ee3c249ce821078fbbc482546fb2	True
0x8b2ed178d8768404d3318afea91619b65b982939	True
0xe3179060fb5dd4c3487d76aaf922dc0b7cd1d98f	True
0x1823e6c0acdb599c1824bb56e13e92ac18111cae	True
0x8d6f6c9fc59f5c45fd3c7f9b04e029bb90928aac	True
0x374d6f9fb661f8b801f1a1ea7f4e89d83bffd028	False
0x69ebff75a7361813af21300a84360a048f130165	False
0xa07b2d477e291db04abea5f7791a80d77de33027	False
0xa026cd064d2a053a37ac55e08b3c2666d3294cca	True
0x90f4de8be92fdc3df70bef752b0f720d0844b2de	True
0x00899efab5c7371f4f3d432f7b3fbb25e64f0dec	True
0x425e9e8a018a08e8cefd266088e92971c847a9be	True
0xa5b801cbf313841091bff1b230a501a590df7738	True
0x34f4c26bb6c00d7f1eb18c2f6a0b315b178fb151	False
0x2ec04d55c47cec75273f791d05199c8470b8d4d7	True
0xd7816b8a445899679b9f5d9aa567025ef1bdf4de	True
0x462215d637be8e2fc48507dba1e4995fc406a589	True
0xbcc75c270e4575a8af597efc4b686822238addbe	True
0x0a442a4ce20f29086e59e5392cb09f99b8716051	True
0xb0809ae9d7ed0841912da27315fce582f3a9220a	True
0x607aa20a920521174691fa904088541be1af75a0	True
0x6cee4909e11fc6d3ceeb80394a1f076c605973ee	True
0xf71873991efd9da0ccbce403564391a1b4420ae3	True
0xc38205d669d6e673a60309c34fdd3ac9337e5797	True
0x5c1c10390e70b658bda02cdc6a5862b1448a5b78	True
0x0b0240185f5247684764db7a792f4025b7e242be	False
0x456f22c9db2eacb3caeedff728cfee6f2437badc	True
0x7d538d4699ccf529de66cc88c35e98e30c0c283c	True
0x2683dc00083ecf26443362664cbc92f7514ebe62	True
0x3d8ed0e25e73f3f249bb703495d3942d8e416b21	False
0x59e9c1d6334d503c3dc7a87a7f8a41e87694292a	True
0x72fdd6c356ef72b7fced32121b58f4effd2a9cc7	True
0x347ae16edc284dc1d68bb1839b32291b458c4604	False
0x79955bd5f9511fdff2259fff65a504835b1fd89a	True
0x7ea208522062f2b7869d4bcfaca8e152f33e382d	True
0x81212afab042911f765e32aacffbc1d7a1c80211	False
0x429336be4882c02933ac2a9cc373004c17ac045b	True
0x79ab9b0d80c9f2a223ebe516e6789752bc5a4b7e	False
0xf07e7a79ce4ac2a4a3a6df19cc3fab3bc88aab25	True
0x4852e08b83831e5a91d76ef3c6a48c24fc146ac5	True
0x712c48eec0077c8f9e2e0729b2b8dad9a38a3258	True
0x11f736ef3441dff8fdef80306997b22e184c4130	False
0x04fa4f307d57a009c110299b1790e1e5fafab90d	False
0x49e2708ac62e9fdbd87be014bbf77e84c3aba789	True
0xfc2a51b326057e86da24563a8225b35a5f31a1d7	True
0x01c063218d4a80059e8234671465ed7452140224	True
0x2320e618936376170a42669c9078c3adb3b5cae4	False
0x07a78bf61e63c69036c9eddff661871f1955800b	True
0x299a185cc14c12652464ee6b84baab5a2226cdf7	True
0xe3b73a51c23fbd0b952acf33ff30518b0479464e	False
0x64dd4388ad3ecd5fcabc631e17cc9afdee4c59cc	True
0x8b07cfa8494243d5fb90cd6a87de95006f726f9f	False
0x4f0549f11cc5d883cb642f1899cfe984c391ea89	False
0x7c0d3744e773cede9c8b9f11b3e5c56f95576947	True
0x60c5b716ab8dd544a17056172744ee42333cbd19	False
0x4df6334669cbf1b30a10db4402517e6e5555b5a3	True
0x060f5a1ae2eecdd13c18745bb56fd412d53a425f	True
0x7684d585ec264963c7d0dc34f2d0275ecd04e1c1	True
0x2288b5fb165ffa224b76fb5793d7b5d7f7b595d9	True
0x48f9699f3385279d23ba0002a2a6576bd1b46c67	True
0x596b433edf404cd6652c3118d7fd1d2eecf57a20	True
0xccab7afaf04c29d24e63f3f36f184ad7d4e35aa5	False
0x8aadb8a87e932315d111d362906ce47b3ea6c9ed	False
0x6d8d332e20c320227ad8184deda92ca559a8e4d3	True
0x6e757c31008ab554678855afe72a6fd7f78da75d	True
0x19ed79afaefdc0349d1eee888b36493ce48a008b	True
0x20785824b3ef2780127d8909ec8e9e72ee9edeb0	True
0x207dbb416ddf720d38cf152d994d3fba2234eaf2	True
0x09ab0cade211fa9d2f6f69eb336a0d76d0e3b619	True
0x6fcbb826083b0cfe02a050dfd41b8e5fed5800a3	False
0x37dc1d523cc075382d863169ae6fa6f8ba2abdb6	False
0x8732b2e2fb4be3805747f524e423d8c40c6088c5	True
0xcfa365b7d917ce41162ba1f75162c1360666ba08	True
0x776b5d686c1be032cb11433da2d54f7c1daccd0b	True
0x47c3435677a3a3d371145e651f399ef52b012c23	True
0x6be9bd0f34b87bf9c8d6350e613b05254b58a452	True
0x3408809f640ee08d31dd2bcf5d7c2892d23baf3a	True
0x4cd127df1aeed8b0d6237bb8c587e417ccf45d08	True
0x4ec33edb7353df1a5a72d91cb9f635d43d8da855	False
0xa5215113d93e85eb2958d8c5182085cea0cae0a7	True
0x2b729d4fba5fa00b72c4d2e6d4f9ef6cbde61924	True
0xbeb246024e9329171dec17998e4295c56aa62ac2	True
0x43745d585beee747cd2d18a0748c919de96b752c	True
0x1d63eb299c75d781614a1dbdaddd2ef320341350	True
0x7304fa27c4089ea02a50ca0856df22aae146fdbf	True
0x7912fca3b78dc6c48a52a888606356e4c34b2880	True
0xb7b5779e815e49225d0e312e962d2de0ef4f7be4	True
0x175bc096b8dce6d9993cdb84f2c06a1ac6ff8fbc	False
0x690d0c6209346814465d99e6ed7e41766544304c	True
0x01cb38a2c036a81746721fac3cac0b89494fef27	True
0xa618a963bef74488eadbad1ef0fbe56ecd624bac	True
0x105ebf32714acefb8b3da1cbfbfa71c43630f29d	True
0xcd3f290ee5358f9370b4f10c3a4a27e0879792dc	True
0xe3e99e87489990240f0d0afe5ad6e6d021d5f67a	True
0x5ae077eaa2ba0f477e4a953bb49b4d4bd1ca8989	True
0xd1f0601a4a04ae53661bb0ff4f3c4f932850d774	False
0xf9d7275dbcb01d2daf487f45fb66cf01b5cd7c4a	False
0x7ed20d68b18585a84b9b38487befc39dcfd5c7ca	True
0x430c7e3744dbf572d1d19ee1821c9444447a1787	False
0x5480ea53430811a4fd79391f01b677891c6a15a4	True
0x09c9ec41a99eaae86ea3c4df2c003770bc8d4419	True
0x8356a486b25b020c04e67309b758d0e0fb092786	True
0x56ed414425a75be53e30068ffbe27b8646288dde	False
0x000a74fb5efae53b8a8052021d02ce170af07631	False
0xc440a550035f434acd2711967a5127a9d7c8946d	True
0xda527a40e6ff575ec20dbdd0868fc2ab1c8fb6f4	False
0xb2f8d927a2c696ac832b0b6ad6e72411b0f71356	True
0x8cfd1aeb441acf5de801d286b56078f14ce7f636	False
0x7f195b60a6457c40bb3e0fbb7b6c1b9a74d0ca45	False
0x7b5a1164bd44e5bc2039797a9510962fccf8859f	False
0x975f49adcf651e1d493528e404aac14e1e521d43	False
0x16d9bed2ef2f5f7fd13d27c3003910d5e2acda95	True
0x1e67c32b7967825b04f307e6990a366ca45ce66a	True
0x43a4aeb14bc4d89683b67291138fa8fe2f40d855	False
0x673f95a1df492e1cd767dd63a5bbd830b05e3176	False
0x2aa5a85ac3ddda7d32e9f8ba9337dca6b3427cda	False
0x191441e2861fb073346d77ba9b0f6d04b0e56514	False
0x39e608caedbfd077b933a6ddc0c47ca34e91c9e8	True
0x0ceb59d903cc6b6ff06035e6eabe52acd205280a	False
0x82a94dfe49fae276710b84aed5842bdb1d77a2fd	False
0x0a6131f4fee67fce777ec498d57090403831b89d	True
0x6ef737cf1474c234678b08b386db07f1ff2a7a41	True
0x114c9c19e94ce019697461accc88ea39262328fd	False
0xd7a70289b8a9d237a131d67d8e158e0a2de5e567	False
0x5f5f358e7120d7b6dcf4a16e3aa621bb14b8ce68	False
0x2e5fa32d17909dc9aa0cf8f28d379c94696ee6d4	False
0xe76684610cbaa8679556b87bd9b2256ed2104182	False
0x74b8a16801a3f8b5b7c96026eb60c844a2290318	False
0xbe99ebfbca79a90a1c25c10dcfc88c47377196e6	True
0xa7312bac52e668362e6f08880d03f17256e86b95	False
0xc1abc53be880dcbf186f02a26b54aa84231fe01a	True
0x4bf24a2949724b404cc4078405a1dba263202936	False
0x3e5f8f7d0f780bb47d61047b092d1be41662e04c	False
0xe955f3d5678c4db9a1b92173938d633082f62dd8	True
0x8535a15762668d4ce595ab9ee2bf58a1e82ca597	True
0xdb82f40059f3abd5f02bd755d91e9d87c4392a59	False
0xf5e3bb78dd4ba092f941eef7813c86c27e4b9c81	False
0x5f2a9ef2b70b8e3c6c3e34402f22fe088592c480	False
0xba792dc11a6c6e9e0074e624002cf0205e6ebd46	True
0xca923f276257fdf17bb68486bc16b22dff3e75f1	False
0x4d66f76af76d2a5b4f2464ae818183cfcac1e285	False
0x4fbe2404d84ee155a48c5c7e51569e9e7b7dda24	True
0x7c252faae4cf22c545840730608f06b71446e04e	True
0xe8b6d651f2367369562ecf8785a2da7fda01f8f6	False
0x7e1069f1be4a36aa239a9d4271840d84fc37881a	False
0x97b5d93902fccfb56e070a6b4d1b584f32fcea6c	False
0x8136dc50f316c20b5aa85cf2eb62d126a7363800	False
0x0c9c565d490f467908e8457919ceed0bd9979fee	False
0x40a9886b3a8c81e6ba227e6180139dfc79af15cf	True
0x54f48b44fa46e1aa0403f767eee45173d41564c3	False
0xd7b6661dc694fcd31d82192282decb1f5d9e3e24	True
0x1aca37255d8c462dc61b3145ea3bd392d4d27c55	True
0xafeeb71c6fa580788fddb6fd0b696fa095e8044a	True
0x8062a499332917caec7751a3a815ba2f98e21ec5	True
0x5294d69fe43c48adb9a7121985d7d14611f78e2f	False
0xb4dc503001646604d73c779d39047b3d2cdb9098	True
0x4c89807adbc81dfa612d27b330e2bbdf12c3a278	True
0xc5cfbb5dea59087780b84e85207fdac35ea5d776	True
0xf5bbd24e8e8eb125b9d3d4004a11e5b7116f7d94	True
0x0ef12d6c7ed5d900d8aa40a947ff67044d160e43	True
0x138986ede816e94852d880b5c25f8fa42358b0e4	True
0x9fcdc7a5a60198dc965db02f462d56d6f77ba83b	True
0x972618fff02f438ef7d37fa222f4c403c576a221	True
0xf52e576cf1a94666390453423c0634ee1725b3f9	False
0x47031d06cbee8c1ffe948cecf2abd0ab7a236819	True
0x9a69f6bfb4eb1dc1ba092f5994b6f405e4e34d07	True
0xf7341e4639ba9d796266ee56dd2bdfb09ab97adf	True
0x282d36e63a57b5fdc9e1fc062dc85e97ec70da51	True
0xc52968634490752e181ae212613c4d69c2bede9a	False
0x41ddfde8b5113b769987bef4e1e965871fc55449	False
0x16761c341ef06d8bca760d6ba6a9420cfcb75260	True
0x1fe2ade667bbbfff62e7793e69d8846b465a4e16	True
0xdada53b22c42c10a6a17871e5174d1f42007528e	False
0x43868aa095fc4d51413546ec833c3ee12977cde9	True
0x68e44d02b89f152a3c5a28350d343d1f93d5229a	False
0x3264260f9a12630a85e46b0bd602149d68a7766b	True
0x96f9f4e204a3b2f9dd59d0ad7a93eb4d5004deac	True
0x97d00a3d2ce2eafbbebdea416714b9752422f33a	True
0xd316917b9adc39c55ab56f768d3183922fac19b0	True
0xf8d3a4c857648a9294ae9167dbe2f9ff4a28c870	True
0xdf6ead95e41dc6863087bec4a00c06640b0410af	True
0x033b966770fb1cef304309bb2dd8217dc5c9b380	True
0x0548a88b2496b1dd292e915c895f21d612d3cc1d	True
0x1f32001222642ad833d8f3e1f262764284e8818f	True
0x328b1c4c0b961ed03a3bbaca8b91021fcf339c09	True
0xf96bb6da152013873a78f8dff7492c4d2d7a7137	False
0x140425b25c199d799fb4871349509e8c471c01a5	False
0xc934f356074f7223eb3cf024eddcda6788d2279e	True
0x99ddbbf50f93a07fad5852abafd0c8befd2300c4	True
0x18609d4f43ca8f5cc0002857eb3588a39e9b8534	True
0x2300c45c34e2c05a183f0e7690fb27e83600365f	True
0x43fd3b2e5ba092b27066c1ec4877cbc1fb38a854	False
0xfc31ece2dfc6d6a87e5d8bc9e757f0c77fb937be	True
0xc12f68adf0a5ea2f7b5585e3583656817a00fb43	True
0x8034845b156bf200e014c97e0d73d3e0e1d8eb0d	True
0x2ca30ed7652017fa906054fcd8b46e79b357f482	False
0x471165dd4e4dee00e509cb59876dd4e2dfd24b76	False
0xfa27d2ce673d532dcbff5e88974c86b9a88df31e	False
0x68ccce66edd07db1a9990a776310b9efec29b12b	True
0xe2b9790996e5e496c5437ce62e72f941ff097567	False
0xcd2bbb3f6ad27827fda7e64a8080dad8cd40f922	False
0x9e5f120e117ed90d822b77e0de1198ceee00cd4c	True
0x6bc5355ad3b13a409c6aed44b50db7a4b22faa75	True
0x55e71bc821f1e6035724e828d00aada50ddd6f56	True
0xa656eb01a3e2eb1c82cac0645ef1e86ae2bba049	False
0x0cc6deb0cfc80a125efbf63359dacfc487e1e4c3	True
0xacd8d7e269e533130b322069a699509f8a344d91	False
0xaf6018d35b82a4667cea8a28dc31b97e79017b8b	True
0x90205d8534427749c29777b999dc2a70ea7da57e	True
0x31dec6fa46a2000279a391e01e95e924904e50df	True
0xe720e59160bad9d57ed813a63cd32c1baa8dbd51	False
0x9fe82f0e219f6cad47cce64b092796cebf251bc6	True
0x9fe287111934fc8353b65a20558529d90173c12f	True
0xffdd840a702a2fc36f4847e8537af5004a18cb16	True
0xe137f466c979bb42092d61f8cb9e8395688e0ca7	False
0xa52553e7952185f8cc4806e64124db8675d780ec	False
0x71eee32c836b10714c4f6f3f89b86a90346cb07f	False
0xb0628482571a6bb6df68960951e420991cd24c9f	True
0x78d0c06a1490d50be7baa804e602bca5f0224213	True
0x234d8121e322288ba0f159e1e2b25f173013beab	False
0xc4e5e53435214ca114dbe8d3505c54726908043c	True
0x171eae3abb7326e4f86e963bd733353d853d2f2b	True
0xf172ee4bd1b09b8aa6159e6af14734fece4c066b	True
0x066407ca2c3f41c6a357f230fe84b25d61e62171	True
0x3d34f6aca45775feec26677e9c0faa3e80e7ade7	True
0xbd4f8aefae0dede994aecc25ab7acb9d743e9302	True
0x221c22aacbf7c1efcabcc74ce581b37517705f11	False
0x1e9c141fc71575fd66bcac4b1472515a94267974	True
0xfb6f3e1868c4cc824329ed79ce8339e69131e21e	True
0xdfd06d0c336d78b689206baa6c2164a177c5b234	True
0x9f70382c87155692c1618896d2f7b712b78b7e9d	False
0xf153e446dc539c2e38aaa33ee3e6402a2fb4d143	False
0x83fd5f4b47eff5d752be877a5809cd60d10d8947	False
0xec322f54f9d2747826ea6f681c9f1b2cb812d78a	False
0x61f562aa372ca0178802b90276ded3e56ff79a67	True
0xb196eafe1d30c424dc3d34f270cc01cfd0f04731	True
0x86962d7a4185f00a9e2ad9c96831358b96d05e8c	False
0x427421bd7a05b18f8449c343de2567e19ff76ffa	True
0xc10c636091ef5b77c003d6ea4ec05f34501d7a16	False
0xbbed1fd5a5749f4a56e9c963b3bac5547188c700	False
0x2ebccd558bb24a7c16bdddc97471e7a586d0a788	True
0x8f01645a9d0e4461d74b242d3067812d02531bd2	True
0xaf07976696c7a8131a68231d20d12a46af3cb0be	False
0x03abafdbd2421fb7fa055efd94815d3abffa5be6	True
0x40e1724d58ba72ddbc57912e964078cc3052d631	True
0xb957c15caf97b31bdd2cab381de9eee62e29cc7a	True
0xaffebaeccf224e4a47b458a8c010f6ce9ae073d9	False
0x613c0bfceb11d54a495947eaa2339891c917d20c	False
0x70b57e5469209d182ff2448dd373509b10d077ec	True
0xfdff9af93e578aedc51f36ad2d50f6315fa407e8	False
0xa4e54610775345bb095ced16d2f935e7b3171234	False
0x364cdc526328c48f8857c4e620e785eea7c4e8af	True
0x0642b6fee09b530a5e29d77495ceeceb039cbf9c	True
0x4a16f55edef10007c3b1dbdc641eaa86ee63b8dd	True
0x7e430111cdee1da682c6b0e5fb74e38df2b75ab5	True
0xe71a52dc678d5a1684991560218979b2eda6e5cc	True
0x942c440b5c5b71b3a5106adc9e8ba7d878f1b555	False
0x2bad316a116fa88fb23f7441734bdd29fb917025	True
0x5f4e0c8625e548f412f101ca5e6981632202697b	False
0x4d3c7573782d4d4b021b9155cf25cb6c6cdd5041	True
0xf41011c64c19322f7e43e33c75b8e3646d5b7982	True
0x4dd7c9ca8bae25ead5961eaa23b3736d4efddbb0	True
0x657abb65b91b9198ba5452e5b9d3a97075048b2a	False
0x8e23be93fb81e3eb16c5151c396e7ae28d43c128	False
0x18af3f60583404ce0ba9fa68b03227333c91e4cd	False
0x23ed89189ea32ea5b24efbccdcefd805dc9cff9f	True
0x2a57a9727b703d5ad933d07040848b68f789ad48	False
0xafad39110fb4367c4afcd2f7896dbf5246a55d23	False
0xea3e48f22abfdb3e608eb221ad79f792a7630a0f	False
0x976f0e0168bc82acd59c64ad8c08aa1e2937ef57	False
0x1ae6593db3e5fecb9d1ef5c4ebc81eb46999d6e8	False
0xc3e68e8bcda8ac20733a872fade829ad28adfc4d	False
0x9032d9ae2fc119840123f4ce29add2bc83a72ed9	False
0xdc42936e100857bb69127717419c567ad836e34b	False
0xd5d44d6aa7e049eab7b4f71bd1db38de34b8d288	False
0x9c056206211d90339b6e6d329927197d499f88bc	False
0x9574b41332d6450e6b37a8b739f62fbdc2781dd5	True
0xef8cbde2879d3235966cfd5eb6f4cfaa3b9226e5	False
0x99b2f8ae41cf2d97ff04b9586a14606794522d1e	False
0x199f5418551db3afa002470c11c2f7eba5154a43	False
0xa5e8b62d8c0782f520a08e0369f5fc184cc97782	False
0x9ab95a577cee62b87ddd4ec1eba2966a546d72ba	False
0x177af8c5c96373cb727b8636b331785f49ba24e2	False
0x093cebb0ab050e1ab675e037a403040bb145dc65	True
0x9089be279829c84f66bb4066329bec290cf23254	False
0x72b5a7190a352029de346c60fe69c6ccc01be6ab	False
0x09ef14d5776b02681269bb1aeef1285ee417f35a	False
0xf5e529a6c868b98269ff6566b4ae93444509c51b	False
0xb75dfa245a0e0bc7d3771f4ea93362e7d0c0b73d	False
0x4e7e1f7608db586502e5ed8302aacf5572798149	False
0x0aa9818f2c0569bffe4346206bfe5b44f15783a1	False
0x4c710fdf53bfd34b0b7b6678331709be6f5c7d17	True
0xb66925b00714121e06187ee02ef8f76d64e4a519	False
0x2f625fae4ce7ed020c5291a7ac2e07a59de593f6	False
0x446f8bba93e9593343f0c6511a3c9a1958b0a6ae	False
0x6abd3627b95492fa4a56830c131ff1a572f5fd1c	False
0x5081cc6500a40ce1dc758b441f3bcb87d0f04213	False
0x87771f357a3f481dbe3244bc99ac4d4df8dd86e9	False
0x8912a75183ee4df40ce06eaff18e4d86ea43aff4	False
0x1e5026c1f1ca4f9414797844550ff251adec31d9	False
0x8d76f9132166f79e35eed1b81c262b7ea42f2c7d	False
0xac02cc00400794b7b66259611e1dfad6249a834c	True
0xb897b46ba6af4a002eaa522d68c62e8894ee9527	True
0x7eacbf6063308daa39f690566b9805fc35db298f	True
0x1942b7163be646265b990d9979a7e2040e542709	True
0xf8fcca923296cfb4e603ed0aa18959f40080799f	False
0xf96f4f7756bb2dde2f608743c7265198fba0acae	False
0x6c409c8545266b8ab78668718f32152d98244f89	True
0x1562d887034cad21020abd1570138f61dadd447d	True
0x75c3cb8b6010601ece3452ac0f7054b3dfe6a823	True
0x623e31a979267e15d40831d1daf9509de373b045	False
0x60d0af62566e84f5ee0ecb2f8510d624074dd371	False
0xbd715045beb4df4214c36e9a334b393b2d0763d2	False
0x7dd752ed670891b3a80163032aef14e6b1b4fbbd	False
0xe9586808751e21d88db6d6571b96c0139ed60d13	False
0x0eff03f7a6ec89e917d6c6d8f303b3e143d6078c	False
0x5676033f8e99a8b6195107f598bbd6befced918b	False
0x95e2ae60fe77d42044c25dbbee50bf0c60223351	False
0xe1fa6449f1e453abc33bdc3f90fb806954f627d1	False
0x31cae617c2805b4aeaaa231f026391c5eecb90f1	True
0x98ca41940a7a5b7fbdd060853bea2d29dcd1e784	False
0x28390d710f82c5925e9988928a40e8a60d9e9342	False
0x8d36569897e22e01522e6d41455bb5d9d98227dc	False
0xed40a25fe4d6131afb9fbb184ae5a241ae40e323	False
0x71bf4bb5da369153bbdd9125a2905570b941c6be	False
0x7defc558e0c8901ff98f9d38d18e900da47a7697	False
0x41c21befc85a4a7a5fb6a3432258f3ed6c694e1d	False
0x72b82f4f362e8e2af1efdbdf5c4b1c4e0c382c8a	True
0x08be81c80615fbf5ef135d2203d244218c6a450a	True
0xf4ad911d4103bda91da218c14f1927dc8a63a1e7	True
0x59b6668f78fd4b4453c4f0f02db26e0f6de263ad	False
0x9d1b88819e2b388230b355cb3414464db3892c92	False
0x2017a21a08b854f8b42f9c7bb1d8d621546dee47	True
0x52e85a6f3959353bb856335d41415be593403cd9	False
0x0f8b8dcfc08191c74aa38da34426a0e7d1f30deb	True
0x8aaab78b43085f489bd9ee677189180199c43777	False
0x8925df35541853672cd9e8671c6f3d92c00332bc	True
0x0553068da66181524b528c808f22319c6b761817	True
0xd2553ce2f55411fbb8b639d369f60d56a893b32e	True
0xb2b187e456389c640ef105f0b0fcf66954134659	False
0xbc3493fbc42ac9101fbfcd9790681e73857826cd	True
0x40fd5c202b0cd60c78e9a6eddc9bfd4b3348f636	False
0x725e98b97d03c953219aca06bd41cd8d02d7f4a4	True
0x4d3a69abbeb70c61533f2259188b343b84617bc6	False
0xd450a5d905648819ae0a04b229fd46e472464a46	False
0xed7ce05ce63de3b7444b6dd9523429e1b4e33f5d	False
0x88d824468c1b0cb23746a6e1eb2a946e9861436d	False
0xaed14ffa93fbe3bd323dca159801c5594aef08d9	False
0xa15dc16eaef340227f36ca694d50576affe83721	False
0xebddcd99fbef32faf65cc1c6c0a11e028db2a5fe	False
0x6fea2d96f6eae6f831c5bbe6407e031ec2e14d4a	True
0x3667446bc06a3ec8bb0901b2357791ce24a067b3	False
0xc6571274ca9d6e3658aadb69e2f1de799288818f	True
0x8606075928ef3fe7b9a1cd6045cee11bbc0738be	False
0x99bb36def94bf38ec60b0ba0df219ec07a423fef	True
0x899c9def1a5e818c94f1d95e2f914ee8d911cc80	False
0x1018377415b9ca170a6913165569d9f94c0ac514	False
0xe29c02980b13503d83ef61efb58055c9d041d7f7	True
0x024da99e5fecc30ea7b9486366a4b48a0e8d5b4a	False
0x1579ef8b2b39e07b84bcc4dca596fda88e6dd566	False
0x6fabde87647c81f0950c7dea8504e9260558449b	False
0x0dddb4239c23b9fb636c319d8c9f1c73e6bd18ce	True
0x57224f16c8ff16e8305113f9f50b9913f3582cc3	False
0x4fb53a392b7f3a035c6f746f26d5d1fc8a75ce14	False
0x3c254734743f037545e7eb9326301a8c80d83d55	False
0xc613a6eb188199b39274fc7f10a10140c895a303	False
0xe66525e6736d2759a570dd167c51b8480124ea60	False
0x068ea00a8fafc89b0573a1e2936d35654da0f182	False
0x1f8b96bb075984c9b1c8624cd555f4a10ffceb86	True
0x0e705034d4c25bfbdc0302a84a0eb1e6ebf7fb2f	False
0xc015f4391da2bfdba730adb6472f1e377a068b1f	True
0xf26b3eec767ae2846ed55967a00d038ae682b5e8	False
0x990b9fb3fdf7613e4afc527bf3bfd9dff3e2e35f	False
0x4d3d2ec298e107cd561cb95cc876f1bf1a6adf68	False
0xc95c7dd79be57f8cb11c7218b2fa4a4668655d11	False
0x9ef53476024b827771426fd7e4817ae5d9cf0357	False
0x1577881f7c8ed4288068df0ba8c2260aa7e7ccab	False
0x933cc181b1744c3a413fed46ebc44e321d065305	True
0xcece64d6125dff49cb984593739c2f7f166fbf0e	True
0x320df181e39d99ff36b43b10c99c374d15f8f1e1	False
0xe9cade149d1a99f7678120d316b46fedddf5e837	False
0x1814c7a5c9e3962700b1ed8d1182e3ec76e7ed54	True
0x6383a00508f53ed0f2ecfb45013b7881c7ac1ad3	True
0xf816cb674e0f541326746124e2a2d2c204b0ea50	False
0xaa5146ff1d588f8850f66df0c6bb43cd494a06e8	False
0x6437667d500e2c530f9fb604b7a7c6f9dd2fdf96	False
0x5f2f231734b20ac0933f9362760b320008682bdd	True
0xcb6ae8a0d6558b0cf76694b5ad0d7a471442e819	True
0x77cdba7e325785e43b84700e8048baac10c8a390	False
0x136eacd84ec468728e50570b247bf4915d6abe9a	False
0xe36a9009a2235ac1e6591dae60130620c031e7ad	False
0x4f1880ed1da68e8a5bef03295729f32299205ac6	False
0xa9ebe718d309eb44368b92ceb9f82dff0dc164b7	False
0x7a8bae601a7c45fbc07c3bdffe436b0b504e1e06	True
0xa0750ffcbf23f4546fc6298a1001f254d21ed5ab	False
0x154c525544e82f9f272f3f32fc6829f6c50db0b8	False
0xd040bdc1a4df35f3eb0ddeff2e9550061de396ac	False
0xa52b627c727e9c0509e446f4d8b31d80500f11a4	False
0xb1db01f8cea63e5761f3eb71f0d8c92a4c99c447	True
0x0a7b297aaae212952b5b375d20814d613312649f	True
0x54ec3e80de1d8b2f6f52922139b40670fbf0dac5	False
0x449a76fd665c257a1ac497c2300fe403365fcb18	False
0x3dcc9ae8b73b3ff6e3ef6f130ab32d9dba596734	False
0x48d3ab5e5f05d72bd8791c631877f82fa3da42e5	False
0x9b2edea691de3d3cb95a8aafb066837e18de56e4	True
0x23b9a6f541861b998c0e6506a183e08461c1d691	True
0x63c435b5fcc51eb1d5ba2fc9d6d1eb60348f018f	False
0x4bb07aa56d54c3cbe3c3d8a604cad5d9e8a8c09d	False
0xfebefab7ef4f678a9570b38ca66a3252bfd389f9	True
0x0ebb45c476a2390be7ce7b9166bcfe20e287f02d	False
0x4c77c1d3a57b25499ff409ae0079136c87e3c202	False
0x574fca10bcd8f0244c67cdc806f684feefea439b	False
0xf3f28ab8daf2670544fb277b15d6464050d517e9	False
0xbc4359c1b81fafbce77b216b3b1b948de04f8d32	True
0x8307c1717d66a24b89ea4aa2669c5d40bae28110	True
0x41199c02257b4f3724dfa7b8138ba8c1de7a8cb7	False
0x889b22916e918adac670ba06d63e5d48c1d4dae3	False
0xdc0e3ca084aa34c324052fa3d6b37f41093342bb	False
0x4d59bfbcc9e57e4a3e26fdf146d61c309ac838d5	False
0x3ed83503a700cf806b45fa496da7da5e294db89d	False
0xae276df764b7881ed23e000aa90992a747cc2877	True
0x6358c03288cd016cd4dd034f430beb88143e5cd4	False
0x18079903333bc168d07b638fd6450b75082b49b3	True
0x34c7cc4c3366dd4b5bafdfdd586d5baed20eab71	False
0x82452869fe035a940e04d0c38a5b14a05e44fe0f	False
0x9e6bf93f7ec5d300ae3333f115f27f5041575af7	False
0xe4d0d123b179d428d3ff2e0e87acb7653d0ef7cc	False
0x11015672552c7a184d5220afd7eda30b929cf186	True
0x97d1ae10a1a12b363a2a95943d06cf09261c4ac0	False
0xa34a270e8e0830c3d2b8b2e7acb375ab6f71692d	False
0xafc6ee41424726a1a9284be4ce5eecdfd9b269c1	True
0x7e8d5e46fe5ba667caff55ca169d25123dbfacc1	False
0xf6c5eeaa6842be0c79694b2fb89734ac3922fd8f	False
0xf32a904a90e151f7595752c7584ee72f99ef58d3	True
0xd39b5c0684ac3c6d9fa8101a52faccdc48476753	False
0x4e278d4938c3d6aa799941f8e2bf605a61f99140	False
0xf2aefbbd97f3920e05080e9d6d2dc3fd09a7dab7	True
0xc3da23a12a9389c7b84120959e09c6096b7956bc	True
0xf2e438fdb0b9db3cc2780a60bfd33db4c3e951ca	False
0xa4aac2a1b7cc86a09c474797bf9c1b776fe0a285	False
0xbc8304c743ef1bb77407c0463eabb130223f28ca	True
0x215b0a22b433acf7ad2b038b5355d6df2a98c0b8	False
0x58dc29728e89bc09e6bb2a8a5c030bca351c6af7	False
0xb8c16918b6f80e4cafd5d18f29295b8eec74cfb1	True
0x59f79c930770cb8779dc5e26a3fb41fba714fdf2	False
0xd574f92169810afc82292117a257467c520c1210	False
0xbe7b1f1c9a596f1bafe71b0f45af828fb3766fc4	False
0xb72e40cfb96dddd4d40fc06ab66269bcc49a1382	False
0x4495b62d984e83d22566d9f2bd9106c2f9e7e3ae	False
0x41a87ece33164cb55b12664db42942cd95e02932	False
0xb43398fbd978d76aadad3c70cc7793ce1b31b879	False
0xde9e9428c73ce77f74deb1bfd67c41054b3e05c0	False
0x3183e0d9a3a7a573b70ea4cf7792e754de14689c	False
0x930205a2e6d8d5b21a7bd0062038ea25c0c768fe	True
0xd6b8c67e8fed46cb041bf6b5ae39e965927a4c1f	False
0xac7b9358ab323c4ee7681902a2e180193d995569	False
0x37f539dfe56e255b01f2644c09eb03240bc8aa79	True
0xf672ebf7719b0bcb7194bfb0640112b7800ae43a	False
0x09420fa5c1c0d1d9055d229165e2c0f201b481d6	True
0x6846d4efbb6f2a7862efa2721ed9eb7e4eff08f4	False
0x3ca6cdfd85f6c02e549279e8e51b235c996ec656	False
0x87411964c37f6f5e148627c9eccdd35ab3591608	True
0xce78de41a0dadc3cf4df5fc11bb0b1d5e897c85b	False
0x6b1a13ab8c5e33ce83b273656da670e44506c120	True
0x6cf0ddf850e87b31f2eb68a7b458ccd7d8f65e00	True
0x9ac9e914247c5fac48a20d69a03220f3f1090b68	False
0xd92564a6967922bfa48ff20c2373ca5844027a27	False
0x0e4ae1bdbcc961e01e21af9732f09acb5d4ac0f0	True
0xf72819a8ea4bfd8face63e59682d33fb1f93f8d5	False
0xe35add57b5f9a1894a6af924a35b8309fbf6a298	True
0xfc12ba8ffcb65b996248c9556342d1e35b3184c2	False
0x1f58895600a1ddb4a6666be6fe86cd2fe06a5ea4	False
0x570fb53b0bbdf49c0699258565ae281fffa8d2bd	False
0xe1392caaf573e1d6a0b4e67a76097afc00531259	True
0x4ebf077091fe379a8c792e95a7f1e6e8a9c2e1ba	False
0x86590c4dab8d8b9c294cd79f1fb1a8266915282d	False
0x9218e07bed5984c1e85af118a4c1e073f2949555	True
0x6b4962fac32d87c89f50a93202efd98148db9778	False
0x9a40516af259bec096bd8017f88403a575be9e7c	False
0x5ac0562c492ac18be7f81a583f6f624043adb625	True
0x113c94b737660227379fd5e153e4a05b8bc6fbe3	False
0x6215140052d7d1932a9a8b3c0bbe4e8c0b040dcd	True
0xb3d5d5279cd7aee7151e7c7d2e8d21068da3ac5f	False
0xf3a44b1bcfedb454633e12394d0d3fb5b3c3a486	True
0x306339eb3f7eb8a5e394dba7d6736b87ca2f777a	False
0x8c57774696ad32f230b2299eab13a19dc54baef6	True
0x20ab5d9ee3017564b0841901d0d8383f8cccd51b	False
0x1bb1310842a8c2e715b3331d3981e5e57ca7447e	False
0xaa2b0741d36703f3c14ca0e1e57e932d9176e9c2	False
0x1303e4cf56d4caa798ed5dcfc7880d3aaf7849ac	False
0x78650d51c726b9742a6d4883d27766b38fb8450c	False
0x929a8af7215f849f05366b41ba12c3114c188db1	False
0x65308cedeca2b81a547da579f0dc988c1dc0c802	False
0x36943864360b3e31c1d3fa26306badb86c3435cf	False
0xc602b474881c053662d72d8884af910cd6b43378	False
0xd2f9f00880f20363b6773dfef84bdc582b028ddc	False
0x326486d6e41d214e854ce7e6484badd4e638631f	False
0xf07ff1a72e1f71b38f07ea278fb95dc8ea029889	False
0x955c2c7060027a42bea04c9e235dbe2b5ff075e4	False
0x8d371a3df1a4fa4c0aaa8965c22be05a6b6b53f5	True
0x7fcaf1f98963b5a254ad0c501c0558d1769a56af	False
0xcbf949f966c69c0bb84c7f1eccf30a13a2d2e9d1	True
0xb2482633601176be53d323803eba4b80d51e1c16	False
0xcb31faaa93dadbfbe3743bfb91a6127242e1130b	False
0xcab04056b89a84674efd8666a0e8124bc9051921	False
0xb876cf427307b1984b5e0c9e9280aa3b2fb0d7b6	False
0xc167dde163a0e11ee936ec1e0313c11b6ed164eb	False
0xff6a53fe8e6ed9842a180f2ea62062b1abbd277f	False
0x508bb8f4a05e09eceac219bf46c2d2830c2ca235	False
0x3fb6e1b7e573322b5442980a83d16506ae4af22e	False
0x1ff11609c63dca24e7a32098c59c974486f4ed07	False
0x69f64e02f07a5c7d4096b3e91d9bb77d81820c2d	False
0x3adb6b0ee263cb9151cf419d324b4ee6e803aecc	True
0xa50c7d960e3234863a4a69e605a11a6ce6b9bc02	False
0x85d2483e55a17eded37e0885d46a04b78d577760	True
0x81e0dc955550d3561504b3f694a72d9cbd30006e	True
0xcb9dc47d8e80f0c43e0d6c28b11a1b1d3baa3259	True
0x491082e8fbf82055f22523b4e565526d89d06056	True
0xcb78f4cc448acce717cb635762cb594487ed132c	False
0x05ead097b36e12afd1c09a8946f9679b4f75ce05	False
0xfbabf444bae74e033aa749111bb39407a0cf23a8	True
0x38c4b20621e7d69551acb54fec5fe1048c6bcf4c	False
0x4ce51cec5c2a6684800360f6b2292a5fa1611919	False
0x8cde366c640dc75417b1f248d2e6061b08a55ed8	False
0x9ccde78e65bf897b0a00ec918c052e9f6765ab10	False
0x9df03b01c55200a0a4ced5d0b9e04277b66ff1aa	False
0x574f2e545a3b4c36a92e9a9adf9c38722832cd03	True
0x5227062519c738ef9d85af9493fde4a55a816d91	False
0xe6560fc5d430f20a0187b12873423210781a43e6	False
0xbf5522fd201561278c6e4b451707ca77da098d44	False
0xfb949c1c642d17b36583dcbcd53358a32ab2b91a	True
0xa31c3049e3075990571b8fe4f863b40ddd732ca8	False
0x29eae9b0416f9c6ce7cd95be2efd2773c23f3ae7	True
0x74ca1b982db8e9d3a5b3b487330f4e2f2d95040e	True
0x0b99c271c61d0c61439c785d9fa5a54b360cc3b6	False
0xb002140ece48311374903b1d78ad2205cfc5e5e9	False
0xe45463113cf8d478dce0fa6895b60e8359700760	True
0x7b3496c279993dc526d6f5952ad623a375aa435b	False
0xa4f35ec17a170266a98bad17667bfbefc2ce0eac	False
0xbe6741f42f7423bc86348383088e71d623878425	False
0x3c397d58910e15e6e0926c36ee70d83890a30585	False
0x593042fd197e8c11924b104942feb22db0fde217	False
0x30fa10b0882b0be6e586994e119d77985d6a3da6	True
0xc74df44ec85cbc9c190ac77da11191781c35b164	False
0x56707b0b5057274efbeba5707d8c576c767f69ad	True
0x626257a8e5fc303d41e7332b443c251264111780	False
0xed0a0a21d7178be7febdcfd5f166b4cf0bbbd81e	False
0x2f28755a4f7d85fdd53185cc4c9e5fc182b8f8e0	True
0xf6f8c0240e92b2498099a0d1e60a2b79a94f2e22	False
0x6925836c30d2229947fc21b3fc6e406f30cb545b	True
0x29a45064c90dbaca9c5d5766a8dd413924292999	False
0x26f35308715bc43d4a5ac8df5ca20511f7571794	True
0xb52b4b6415cf19c3548adda62a2087d583e91b93	True
0xfe8f5a65e2d39af5a27c52f24752a94e204c52ff	False
0x6d3d9d00e32b7824bda9a4c7b8b6a545286b3c48	True
0xb9d7d4cdf8ce0c00d60205f3baa34924b2b3ff61	False
0x4eced72e593e82cc1bd9cb2ab1e8d53b3b3f7daa	False
0x7c883ba4c23e3728912e03ad300ac26661704a12	False
0xc714a876b3469781ace7ad62f341d545e9c20f57	True
0xc3c35c03259b95a3d0887a1b24bfa38a8106fb88	True
0x1bc5f738b2dad5adbab624f82223b2d5c789efd8	True
0xfb8e984e4211fe5e9b3a6374a350b35337b269a3	False
0xc00c004789ad9f7b67e2b5964f0c7bba9b636496	True
0x0c2a26a866285ea1122c503bf4994ec85bf805d0	False
0x95f249ad2810f1b6d5ceba0fbc7192d1691f4ae6	False
0xde4d8f2dafb7ea580807f81614be9829545a40c1	False
0x0788661bb918317364705bdbd5114b5314824124	True
0x7f9f612d843266d214878cd377ad40bb250883ae	True
0x9a78bd36df8a016b8b0c0f0e9a4ce042923ff9fa	False
0xea2620eae6673a174e65d2bc4a11ed143c2e7f59	False
0x3f9587edaf0c0a981b1fc5c97c2e5b1441cf28df	False
0x52ef9814091febdffdd079f53c8519eb14b8ef14	True
0x4c9021f6a460bcc93be5afb5f62fcbbd886f6efc	False
0xdb15897eaae2ce601c2592b4f91ef7931160fafc	False
0x753752ce7e0036d5fce109a081cb3780332fdf9b	False
0x20bd719a97adbb425a5135c7a4c37b8741e3d1a8	False
0x97615a018290bdd585d99637e205ae1d3e746786	False
0x3a009d7d531d241ac5c20a5c71892bfba00f5909	False
0xd7db307e8c758ee1781fff4ec8a7d2803adff249	False
0x1fe35d69d821bf54c3caae9db4be1d80b15edb3a	True
0xe6bc273dab362f240ae895dd290b6242cfc9f976	False
0x22c03833684e4b448a4567741896a67e6cb455bc	False
0x4c89977ab725ff1ab345d45cc7980752f24bd73b	False
0xc591cef39fc8a51fa3ab52b23ad68cd7931f80a0	False
0x2e761f6b0b9f9a5ba500ca0c645cd01a46c1b668	False
0xa5906b53b0be86fc62c4e491ae02105ef3cafdf2	False
0x3045474044a37d59d117200b7577af6532b80043	False
0xc54f1db9f23d961b1927f58e35c0d44111fd54bb	False
0xddb3c45279fbaac5babffb627bb2d89448ac849e	True
0x48dbb1b8fc9cf32fe6e97741aeb11c6e65b5cd1f	False
0xe81bb8f7a5fe950fff2538b77a7d562c2557dc4a	False
0xb3f17ffd0a9cf002472a2b4f7416ffcfbce34440	False
0x26653c3ecc4c8ed316068f2f3c63352ee043672d	True
0x1732299b13aa531ae2b9d1181173542b160a54c2	False
0x7cdc8a5a47b8d90834515f128affa14c214bf9fa	False
0xde269f4667ea03cc200580b8fe18a632c8cd5822	False
0x2cf28b3123a87df592ddf1162a99d62783ebfb59	False
0x8e50bdd5556433795b1c0f68ed9e4ec256f5aca9	False
0xabc4b7560cd416adb7538bc9051a2accaa4e1c97	False
0x606be7db60467dd3dbfc66f5a88cc4869597efa3	True
0x7bedbe7010ccff3e32a12d3d8338aad21f7ba8ff	False
0x4e6d491e6fd426cd690ac028956d2703984710a1	False
0x2539ac648a93db61f27e29c9a4f028416b4c3212	True
0x4a1b1873c59e7506008cc78aeeb2363f1acb3c75	True
0xa724dead62869f085d7e6568f813818301302b9a	False
0xf27a5e87d937a89885bcc7d8e3fc92fdaeeb76fe	False
0xba4d95f5b164e984e8c2e15d2fcaa2adf90ce860	False
0xb3546b9f1ce4a2cc30bf4046ab5b4efd4dfda1fc	False
0xd47bf33b5471b53d336e3faf0921353cd0ff9cd8	False
0xfd74a9bd617cca3b1b297f0dce4ae4aa84271c9d	False
0xf46d0487bc0ffa2629d144f49c5e9cb5b76618d9	True
0x211f110bda403caca9b3bb9b98a1f2ffebbd4c05	True
0x1ee8afddbdcf438bc7fe1ac7ad158ca442b517a4	False
0x7a0be6a670324b4b6e5a9d9be5134a3048e955fe	True
0xd05ba5118faaf05395512b6a8e14644676d3797d	False
0x78a3264221466567f4c0a078a234452fb9404475	False
0x71bd611e82c0b765b5eef8d185af18a5525b9cf3	False
0x6ffb2e89dbfced717ad2767be878f1669ea019d6	True
0xc20057ea0e9c198289c40c5f16fb7409a33e686c	False
0x87b4c2ce048556995856c92f29e92202908b5449	False
0x0a690b0fd7d4a4075fccc546a16fb7c38856e9ce	True
0x7eb06125cee4af501de800cbfe22960598e4d7a0	False
0x987b30432084fd0843130ba65f90137b818548a5	True
0x1ec12215d0b9757c9d77124bb02c949a0377ac94	False
0xfe20b9b7e5fb5e6f43e6637ee15592fa136d87d0	False
0x01b1aaf45c0948b5b6181f83eefc0e13ec1d2699	False
0xa6ca85a59cb3481495f97f897dc3cf8cc69e69ee	False
0xba89945cf428644f317a05ee29119f69130babeb	False
0x9480d9c0377a283f8024d09982e843718262e694	False
0x6c88f63647ab65dc4187c091351fff8d98d8dccb	False
0x74ffaa35d05f67c778e1749de8168450c29de1b0	True
0x8bbfdca830ebe30946dc3ca8d239427e1333b6cb	True
0x8c6d77af2e8c32dedbee1111c6bf17db58e6a026	False
0x8916d3cfd66980b12784edd0c010e2b5013d1de3	True
0x4b3ef2225e1246ec49d78fa7bddf4cee6039769b	False
0xa4c490f6fa064c425631b2252903b547ea4fab92	False
0xc54f13e20ab913e44e0415e2d4c9580f4ac789cb	False
0xddda036d5f1bc5d4d198b37cdb5ecd9103c8aa0e	False
0x13545af9656889b45115c3094328a7f5271342a2	True
0x9d325247841c21b412f5e06c62d230c7f3caecc1	True
0x7777e46d6168ea12a26350e87dc88f53d40c37f7	False
0x17a81a2c55f6c91ee8c14e3e2ca8f4fc36ca3184	False
0x713946ac93f2fbee5efb8421da8227d86f8d0b6e	False
0xe9e9cf5cb1d54d9e836d65ec663847fc8aa9cdc9	True
0x4af9fd6d49925a5ef0aa5615cbdfa1935d689182	False
0x4d4591087d5fdf6495bec9beeda669db4ddf7ee6	False
0x9220c5628bb5ee28ef573d8d0a80ccaf9316cc51	False
0x8c788d783bbf0904fee978eb5b74216bb10e5ffe	False
0x4f4db3436bb66a7bc76472bad4cadf80fbb5812d	False
0xd1609ee8568ab006e90ea8234f718b8f462a54eb	True
0xf919558c16a7005675f647c792dd49b999d68e53	True
0x292ea4f6ebe64ae8090d08ff4064d0b3744f0e18	False
0x6906eb11e78b7869ce1690b1eeebe05c9ca7d99e	False
0xc8f127078b8a2b08b72fb37304985eca11da53aa	False
0x2a4722265362f554e3a9ff0c0aad299e5120d174	False
0xb73d89610e65a40c040181a155909633b53ec09f	False
0xfb923b37bbae44d65dd2dca8480b379d98c063cf	True
0xd2479faf9322f7b2dc4e69d2597d18b8280a98ff	True
0xb1a4eecf844421e112634bf8231b69531a0698d9	True
0x70457a820091c57fe8f04a7d1587b50e190ce868	False
0x87b52daa1cb064a98109fbc82c13108c6c1919fc	False
0xaaaf10bde02952e32aa75837f9d55b4cdae72d9d	True
0x788d04f98019dd1607eed4f89f62906d40750518	False
0x8c35d3c24c7856791d20412de4b34ae494095924	False
0xd2e1b25649c9bfe37d2893ed572b06bcd9adb7e1	False
0x5b4207ff74300289e9ff63e5f5ccaeb9d82d8168	False
0x9bea61f5156282b096f14c63149e665cdf188e1d	False
0xa6df745a38970d1be345859c23c734e01ef33f56	False
0xbf38aac8036651808b321a61390b8df5f4c08e21	False
0x0ecc90aa2af935f1d1a29feb70b9cc4aa04cbb36	False
0x4774075dd06e66396069d61d9a727774367e7664	False
0x82dfc4dab7831b9721cf856e304133bcc467e0bd	True
0xba43f73acdfb2d8ad0f20a679df75349d7368469	False
0x9b566fd095b5d8bd6cfb95453b9de9204af29c2f	False
0x2c6db467ed915c6fce66dc4bfc33b3c17b738a55	True
0xe63be3419d1da94d346bb7ed91acec96bac70f04	False
0xe04d93d3185b04bf0a28dae2b39d5d3a44937f8c	False
0x275df362e90c1b1aabaa3b7c71694453e85b04d8	False
0xee4c681bb736ee82a148eb5f2cc9cefc2166f828	False
0x3ae334bd588883b9155f4aa8e2472db56b0ac816	False
0x8f5d5d5d589b0f21bd52b7348a77b5dcf32a3b1c	True
0xce0dbf1aee57d418f94c70456eb42d5d0135b430	False
0xb215da3d6236e2f032ecdd8b1048ef76cc16412d	False
0xb825659eaee5afae868d6622bd1d334d68684e86	True
0xe5cfa208c39b2cb6f409105d880eeb63dc672cdb	True
0x50cd78b9d7d6eb186243cf6cd4f1ab46855880c6	False
0x4ade21f22ff71615f1f62903a88e9737e8ee4280	False
0x56a779f5cb0b7504e24fdcc6a452d6df4990b3f0	True
0xecbfd319538ba49960aa6afa80203f85595439c6	True
0x8613767f51108b198508670f622883cb3e0f1bd0	False
0xe60f3482a8df632ad8d2d0af8b3ac721c8516b5a	False
0xb5f8397743ca2ed57cbff50505a8d185e4710521	False
0xf109b563aedd012a2ec903f7169c72a31b63c474	False
0xe6d68d8ca443fca02bbeabd127d7b5f41600ce5c	False
0x5a17613ec3265055c45c55e7fef5c25375391db4	False
0xab9ed7b9734471249255b4d969b32995015116d9	False
0x61fe9adb4fa5d82439bbc52b3f0677c9669194ba	False
0x9d638e56fc512f1eebeeedca56b6036cc731c3cf	False
0x096650c871d81e7b0b60c50707fa495357aceed3	False
0x5376f5237eabaa2780d8ed7ff8abc53fd37af457	False
0xbc05678512ac832e8586e06e7283d6b2cc93cea7	False
0x4b114ce10cc7edcf82c151d61c5b5bda17307e50	False
0xc2a92ebe48f0457d3af8aab0a1e1d1ff9eb9a3c2	False
0xfb57dd4152640fdd17059fd117f3eb78a2739348	True
0x42ddb52917fb60d8fcca0d15b712fce6ce860b07	False
0xc28dd49899133884e5b056b08178e096f53d51b2	False
0x0cb9c97ef3d902531004b948f2c19f1367c25a9e	False
0xd20f5b3c3eefece1418a685fe08e882200f389f4	False
0x2f3b47c41110ec789983a0476740eb7e4391862f	False
0x19aa876080b2fa53334a27c175d2e2dd171ca465	False
0xcca2105d4e3add227a3bada6c47405b5e3070b7d	True
0xf011b27aa7b632cad53476a9a24d96373e0782ed	False
0x4291617eba166fe87904ce4b192c5251ae6737dc	False
0xf18ebb9f6f5e81587065f012b1ca4c2f108c8f6f	True
0x0faa46d4e1ce2ff34576a83d74e31f625184a031	False
0xbb788ca5dfff802437e91c3e02e311d7969c51d6	True
0xcde60a9538a653dad5556b7b2687dfa2eec50dfb	False
0x8956fa5434277c831a52b7dc08833ca71583fee7	False
0x3d8e3a67c7f14547c89732b968086fed6303d022	False
0xa0f43a833a44e56b84ee1e28e478c0db43aa11b4	True
0x5fe543590f3ea7094aad597d0e9925c906b6376e	False
0x4e0af8a909b318da6367fd5df070ca393ef1fdc9	False
0xd0065edb617f5f5b5e2c20de080549401ad1e311	True
0x50c526c9b2846d0c2c89ff5463b2e1ee61828b2f	False
0x248d469cea647225abe3650a8d92acb841f8f9ec	False
0xb233c65724378cec1409dc5f8e4cc97aff7806b7	True
0xb3baefe0d167cba4af84ea6e6fa97ab589bd08cf	False
0x89a1a8644463917fae1b5125a03450b5f7fcfe0a	False
0xf8fbddaf9570bff1ce403f42221d953943d59e1c	False
0x0f66d6262dca2d1be9cea59dd8eed28225ca9aa4	True
0x17ba308347c80b9f50c4becad5d2d68621126c4e	True
0xa4a217eea0f492a43fbbd2d18622dd93ab1c236e	False
0xd0dbcb556f9da8583f66f3bd9fe148f3eaf53762	False
0xf9b0ede213fb4dd8a26025537ca70fb4f15e5ec0	True
0x598c4ccedff113810f2a994f17e27760f62dbdec	True
0x73f2de434125ca93e08d490c605a61471440650e	True
0x6a87c3020669bac758518f0f7968720aecd62c85	False
0xae6b237fdb7023aa01776183c5fd55e69a74fc2f	False
0x4fb78efea8a0dd53cb35a249860fb8703a5c1622	True
0x9d568d14e328386b4e934b835a49246f1739958b	True
0xf3c3c5ea8421ad1af9e6e5f6ed256c332f32910e	True
0xc6fe88184d746435b4906a1d1a891013c2b1cfda	False
0x461f58049141e1cdc977aff2ee06889b83548890	False
0x38b3074d3480ed907aeb83bacab4cc5e420d6eca	False
0x63e39dbdead04831bf7f319dcd6f8494bbbfc61e	False
0xd1bf1188268567f83aa1d20c6fe6bb7ea0cbfa23	True
0x071a06599f5b89815e2dea839685e9b1314cfa90	False
0x277f2293e5a64647b92c5fc23f423c06da0069a5	False
0x210fe96ee7cb224e385de7b5f4fa84931f01b025	True
0x4cf819c9db233a98595fd18206c3a8e57a570eb1	False
0x431862d2e7ffb1f2de36b040ed3603a68267dd58	False
0xadc60305b9df338f1b5adc09e2cba69178465739	False
0xa687f2a947e7afd38c80502ac2e9b431891b41c0	False
0xfd17b2e2bfbd246f24e9587bcce99d84f8cbcbae	True
0xe9f18f1af646eeec1892f044c82dac50c94c8c35	False
0x33b71c87bff1541672ef8fbe3989da9bbeb9c96d	True
0x658ec2eee121fa9ae97e7280191603afc1d1d533	False
0xf0ac8843c258fcc39e0ec0afe3cd57494145355f	False
0x5e4adf31277a6fa79e2a81adf985d5fd78b05969	True
0x948896780941adb88715230a4291a696eda5dd74	True
0x2325ca783358a57a453f557da19cf9e4fc4bdee6	False
0xa59350460acf374ba0cfec9f6700ef27db995dc7	True
0x484c4bf1b8648e2d78c0bd235bedcc0c9961e48e	False
0x3e573768201cbcae757e47c523e097d29750e6d6	False
0xf82a57c13d1acce4872e58c5c033f2db74522f98	True
0x3f350f8a6105baa90b1e3fd25e2505a9e2add75c	True
0x94a44291cecc8f3a918239efbe65ce06bc2b4853	True
0xe0aed4337ec18b9d4c2b5f8f34eb24600d9f375a	False
0xc5f7735d90e207c0f0357aed0d9f9149e4f68693	False
0x7fec0fa205214cb45e4f614123f6276834a4750f	False
0xba6ab3f360449b2c324131908335716814d56cbf	False
0xf104c7ace07a35fcefdc0a0e83dc67b10f56a2a1	False
0x2e1b30eebf9afe6b9e6adb83dafd5214a6094162	False
0xd1d7f5d87fd06c808a8a7b1f71d1e00c27ec3cb9	False
0x0013a93b6d081d9d41863bc0085d0b71fb6a1ff2	True
0xc785d4b7994b7f6fc98240d918482354f5d80558	False
0xad807ef33c62bd953945bcc8abb71c8c23fa4b9d	False
0x1342655764980ac89a499e794511afb7fb916f49	False
0xc31b656982929361ce94e7680a8af6c5de54a7e5	False
0x217e72457c57f14d37d37b8daedcf94b6bc5c3f7	True
0x5ac94420bb5836e8800847a5d4a0d59e30bd44f4	True
0xe7ea54baf23e900f45ea57dd7c917f214be2b19d	True
0x95b78a2982889927726c12178b4d9b0452033cc0	False
0x4fd63eb00f6dc9a9a747330de60de0e03406d44b	True
0x17b1891557ace9ddcd804cf068ac2bb45e29fc86	False
0x53e0026aeb75cb8ea9a910621a9ab602b3baf630	False
0x196f9da41ef6f9de5fb72a23f2db4256370f9b8d	False
0x933eac55ddb9e7e7739ceea8ce0bab262a357a7a	False
0xc2a7d505f37c3b7259374ea47d1b50b5e1021dd4	False
0x7e9c042ec2833b3335dd49b5dbad04a46d8e69c5	True
0x8692a7264ac1315e884190c82e1ee6542a040d0f	False
0x84cca1220d56bfb946436165c357b455b1194222	False
0x3587283ad4afb8c99e93f5703de275279e0bcb0a	True
0xbe073f7a029a2f8a3ec5ec96d537a84a361264bf	True
0x0c8d933f51289230e4c51d30de8fffa2910b5cdc	False
0xe2d4cf2321bd66237db2f93f10465265eda46a04	False
0x641e529710af1a376e0bb2d13abd2e543e37e77c	False
0xe643e7f1346e3b9e626596ae64a9dd03d13c8dcf	False
0x9afd28bab30d5c9c27663cb8bd52964d39ce09c6	False
0x0b9b5c98c10fa591876b8a9693e13b806ee16310	True
0xdcb18056cb2dae6d18437bbf9276f29317c33a75	True
0x9dd6a29b5f623f4356047bd26c36383d6d62c2b9	False
0x9e89f780b62f907fe9214f570f97a2c79c4754b7	False
0x3eab9531211e236540205c4a46e490efba356402	True
0x79306bdf166a7d35bd8cc1db48ef4b83c8b1a4ce	False
0x987bc3b239d24d6c5e9ba70b9535400d99d55f54	True
0x87d62769cc4dba017f013e480bed7650bb756355	True
0xfcd7abc81a0e538f7909c2e12a3733431c9fa25b	False
0x8f10398f297cb9ccc8a982f3e5f32e2b87a72b22	False
0x771f9eb70d89092194fc2b73d098fb9ce561e473	False
0xe4f9a5de6930de0149ec6c0382c3cd953eb46c0d	False
0x5341980a5289ee6f9f63358e084555e747cc9dce	False
0xe002f4e33b54e7bc10c7b327e94a2431c8fd64a4	True
0x7499e10516df577f3079a0a4f326ac43f7091b60	False
0x53240f7b9e018717dca9ed4381553832d6fe4292	True
0x24dcff78fb88694e6a996c15804df611683fd0ab	False
0x3c2e3c4be30cc7f2dcdb65e616c5f3e4c3d3e55a	False
0x724f5738cc9dec1e35688045a5485944cb517078	True
0x7a974b387eae135323d91309830f8119be4f9b46	True
0x7ace6c620cbdfe9a123fe04056c44dd5fe66e9ab	False
0x969dfaf0c9bd8b17582b4b34e2f378748287e048	False
0x5419da63f260e3a7343cd6314d39d9ff19db3a83	True
0xbaf51605b5311e90a92f41ec5ed1afabc139a05b	True
0xa7ff633ffbe0c6633feaf010ed323468a0cb6c7f	True
0x86f09d89e5f9fe6ba013caa024a4645547e43305	True
0x4c2926aff8b8fbece6581592d450ebace04e5bb5	True
0x0f064c345646c69201b382d65d9513884b1d22c3	True
0x279c51dc4e60803df0aa31ded541c5d8e9d89766	False
0x3da9902da9a2b07e9450aa992a4e14b188cd1aad	True
0x808b4d78eb11961363c91425f8e3b54a9da64f35	False
0xa146ca1ba5abfa826af086a13eaa20aec494dd47	False
0x09b9e4901634bb8a6f10234aa9d59f5294c8fde0	False
0xb368c62a6df0781206f55c978445900479f3c342	True
0x3bbdaedc993a17fff90bc6229fbdef35bf5184b0	True
0x10e0cfb3a31b2e082e79d3eea2c26067d0896f73	False
0x5ebc5eb33a6c1f1f2087d9fffb0f14294b9f774b	False
0x3b498927b45ba9efbe5e79063bb6403ebe3152c8	False
0xa13a89ab47fd29417be3fe6cf8977e074d57e910	False
0x833fbee6df3d4a4d97f0087db001fd69c953f619	False
0x6b1293e43fdc01464b5c09f3125f3decd0254b67	False
0x31cbbb8bc5d490f7cc6ed42fbcfa0f9bf30d4140	False
0x1c232d4b68299bdb8b901fdc98c34b252494bd9d	False
0xd3b0c6334cdd5f3754e22257606241e28eaebe14	False
0xd7acc63bad393d0030a32895e48fbd70c4eebe4a	False
0xf31efe2f49a206f8aba1c276013fe9e67c925757	True
0xaa117bb118b0d003b496df5a31ef8c297f8f2ce0	True
0xa3398813be1a5c61ca297f2701534d18e5723be4	False
0xf4714e9dab91a43bfef8d5a6c41a2603adc2d649	False
0x68b66dd383bd0b07ac285060e4f1e8d973f0f913	False
0x488682a30ae9b6305cc456b50e2116bf1ac8b28a	True
0x83abc883a57ec99556c79dd8e3adce1ed828c362	False
0x0e5a8dd9159a0e70b0bc31e73f4ab0fde33dc078	False
0x15f56cf4aa052af3b8b60fbf31f6337f7db8e13b	False
0x180b0dd59b830f499e7a958dfcc80cce5bccf9c0	False
0xb17043080d6246e62519ca7d579ac8ba56d14d1f	False
0xdbca0f226556f61c619a738ca70a74a047e54bf4	True
0x4eab1709a0a46bb984c9ceccbc707f3131dcde92	False
0xf212cb78c43b3d4c4b3c1011c88a598b5ddb85ee	False
0xec6fd23b03695816301b9bda756fa2af37e5a796	False
0x0d4e647f77c4eacdbe000260a824197163004efe	False
0xe358a62070950328a84ce840d6214164b7e6e3b4	False
0x5668f6e159bcaf60fccca3b7ef7824a635711377	False
0xbba89b580d22c84e156b9bfb5642b6ef7d38ef3f	False
0x0d91f7b312706e45aafd3e9abadcf148de6509c3	False
0x64a9bb7cfe0885d7654fda154e0d41c036870049	True
0x6afd4793eb7ee30b2c6a519bea53f9a933b7869e	True
0x8c2a67e661ac0fe366226fc5a320be1928b1feeb	False
0x2f22f22cb062ec52d16396b1634b595371e1fc7a	False
0x1b2caaf273d713ed383592b94e661a2ca4887c0f	False
0x8943fc655080009607230783757cc58160ccef37	False
0xed4a674cb28a2f5c91426d988f9d6ab262086c10	False
0x7b287f0f3885e38e7177518def605bbc5e45ca94	False
0x9aaaff6e9f71de56a6e9c9b4e687c923e121c994	False
0x82dd4c4ff682195a6d38c34502efe48b38d14112	False
0xe8592cde5f5c2c078586632fbd94659b2745151b	False
0xa00d72824eca5c6a8e22d264a2606056e321a071	False
0x242c02bb65f03a55005c74e338ce6af01237e7d7	False
0x77056160c040c9331752846672d9a839d8b33a96	False
0x3e9060fed1794bbeb7c1cda01b337227b464fb7d	False
0xbf08cf4938f9452dbf6324984384eba464e4b839	True
0xc1d047a655605ce2a79e8630dd12f6f179969cfd	False
0x6d99b7b76b3a9d54076db0960b148b74c7105fc0	False
0xbca338b245dafa6d284a6e624f9ef033e84b72fd	False
0xd7aefe06ac0b46a9629fdd4eb5acf5e674674f51	False
0x1590be4a1f8b1c35052eb49ca7cadecd5d824a87	False
0x9e64a762d1c2aec365fafbd8b4096b19836d59b9	False
0x1d7308e5ba43d916f2534ff00ec793754b7e74a1	True
0x76246c358d4dce4b0f5ea00f3a6ab468db7cccab	False
0x5e73ef217dcc4892fa2d6b73bd7117fe9cdbb82c	False
0x0b16fdfc71d0bf0fddfd7cfb6cbef7a4f671172e	False
0x4efe723003ff934bd47879076943718059bdc943	False
0x6e3e7d49828b03f07a2db21a62f2a6eb526ef1f3	False
0xa9b21c984dfe582494865a364e8429138cf3fbd2	True
0x575270d901319edd2fd35a5968ff5a64858fcff0	False
0x1236814d02de0d4a76cb5fce9b2c6bb7d8bdeba9	False
0xe9496b030f6396fdd5ca6ab6e635d04fff628e47	False
0x2dc6085bce34b9c09fe3cccd6d8781675360a4ed	True
0xaf69045daa43049236334828447612db64eefba7	True
0xa66442779e126dadec413dc3316b71786cd0face	False
0xdbce179cf2fae19c2261c8cb88ea9470e61815f0	False
0xb6d4ce8cb86bd7058ae99e0cb468fb0be450d9e6	True
0xe2177c9bc6213b33d928abe5780b5ffa25cbf6e1	True
0xe4760d0c640d36d6fb1e3e94a12c8cbd655b5d2d	False
0x1dd03f7060f3330bf1f5448f7b648ec2924e59d1	True
0x3fc5a5d510e39f46f55a242bc3bad4868a9bb65f	False
0x394ac1519ac1f2f7b456d6a9adc41b6f40d1c66e	True
0x16f3fbcfad592305adb1c843c854a6d8454bc7be	True
0x30ff22175808a4e9c980e97298a38deb046b6fea	False
0x59a97f171338311044e6f9b325e9a7bedefb77c8	False
0xa55675982857acadc63582aa3a867c17cd656a4f	True
0x21b2f503dc940a0991d27684c306f3ddd48973b7	True
0x714db74bda0b114a90b38538a52b6ded63970c13	True
0x98317e7b9c209a49f9c3138b2efead7c4491b558	False
0x22826d5ce7ed797e63eda45c686140bf3b82bc60	True
0x46b6b4bf265cca19d17ed5538626d47d9477eed0	False
0x10f6bbadcece23b8cdbad825b57d8f07077f5e82	False
0x46edaceb8d3020f12c4ab3aef653a1d00272f79f	False
0x29bd8ec4d53cd8acd357dc5727c8a117f01cb7d6	True
0xc53b28dc9f0e23d4139844a3f61ae9a7080d6c73	True
0xf288d0ce4ff910589e1edc87b67d47da19353d32	False
0x7eec430a1fabf6d3a257b58cb7b7ad8b6d808cb3	False
0xe621fd2fe6d3ff0a2d28b87bd26f3e43bd6421bc	False
0xfb49eef1b8d9ff9ab0576d66fac60848b874702b	False
0x20f35f257af6361929779cfc976875a2095c1643	False
0xf4573f3b5c0132b69419219d77925f6f1e3f4f80	False
0x577d7fe91b948640a0e52e5d2774f48ea398edf9	True
0x45d55238b9fd85e21b5f0431f87b2b26ca9c808a	False
0x321659211d52280039aab3ce5666bf132641c20e	False
0xb12e9987dde69adcfdaf5cce384e178ce63e0dde	True
0x5d0c994d69aa64449e69f8c7052684bcd3901d63	False
0x5b187e6eb90f1d6ea28097979d63d744e722c0b0	False
0x973789fc0f3ac313a6725dd423751b2e5358cece	False
0xfa20edccf056cde037f131d904a26551305d70ba	True
0x93e4630f91991652af99869bb0bb64b25b490a98	False
0x76f320c12819c984c4b9a79f6ad756feb6ef1969	False
0xaaa749c5dd9d2ecf21def38ca97a6f9156947ef8	False
0x62fbcdf6e38b486c032ab23062227ec96e3447ce	False
0x1e8ac8d9de78f540ad8c0aeefdafe6021d19885d	True
0x15ab918886b35b896cc2d8d6525b29738f7a345c	False
0xadf44b4f6991529cad6879da84d74e06c4d69feb	False
0xa7ecfeb638fafcde57343fbe8a5c7f4c30443ae3	True
0x5f8ecb3ba7853e5136e2a35d056d47fc3efc7fe2	True
0xacda7c71b682d4e7d705f6ef625f1199bf72cfa9	False
0x0ee6a15ab569af52b45508744be4c129139fc370	False
0x776c6992a69182dd4acabb1a52db7b29c9541188	True
0x1e28646f367952ae0d5d9288e2d2687b93b5c137	False
0xb27189b733b76443cabae4e53d48e449fd4b2e86	False
0x527e8571e377b6917a6f22834eb42fddd29d2826	False
0x6d206d1e57014a023e2d3195a57330ee3f26b9db	False
0x20fe05c4e1ac6ec812239805dfc7de6e9b6c7a5c	True
0x9c1d90e8bdbcdb160c5850a5bb50e2d304e3c230	True
0x43c2175d29fa275777b9517283eeffa01ce064a2	True
0xedd83b243cea6d32e3592f843cbbeecb4b3455a7	False
0x93917c52925a93508d60c0de7a3d29d48725849f	False
0xfd5faebcdb0b83bda175110198ae30940daed98e	False
0xb1f14094f12938b5c6a9675adcd6dc2a4f9a16ab	False
0xe2147e9d0ad3478b30e1e0666f2c6ba326ab0674	True
0x843b43c0d30264428eee959d33fe6802eecfd03c	False
0x2c927770dc1e7ac1c4410024431c9a5e53e99fd9	False
0xdb2f1d6e10ebeae3f040c67711b3546569055c55	True
0xf32e17c26322b8767b1945f122b8e144296a1f22	False
0x772504ce485b82533f2194e7cca82409696f0f8a	False
0xae96c5a9ade5f3e55802e96008f7124965b0d126	True
0xcf9cedff1079f40e8be5f88cf721aba57648700a	False
0xb2a7ddc3427c23681747be874e222d318182bf1b	False
0x45f0e66fc629145b708e75707faf877393916ca4	True
0xb708d47fb035e6cf3b6c7f4f7b49154ed2e0d492	True
0xa3c5be58c9dbfedc939f1d742c6fb5234d083ce6	False
0x6b0c1d93bfb1dbe420ae5342d81a62323f5c811f	False
0x1af90bec700039c157053ae8a95f9c3242b3e945	False
0x5924d307608352989e5f451fe9f4bab13cdc6769	True
0x62183b72a3ac1ea6cd4d4135e17b122188d87910	True
0xd059a58fcff1eb73b3652243b9baad74d4e9f973	False
0x082bda21b24865e9f89935da884a37c34b7e2a19	True
0x13c655d66d80508679dd345fdb519a582bb3bf15	False
0x1dab9b85511cb76244409ecccfb44efb3c5c3ff2	True
0x25271fad43f59614c0928f63e0e7e10c2b280e89	False
0xa8969a481d53084c88cd5b8e1056c41dc715922f	False
0xb126841e29f76091308e7155f221ed90af01999f	False
0x5014a072826a805f34ff2e1f5bd3c06aba3dceff	False
0x1a28a0239a3104d5e22fdd797a06b611e21b84e5	False
0x8a33436719cab2588be8cb8a1992ba0b1fff14f2	False
0x78e3bb922ad8ee0fbedf598434caf06d544e89e1	True
0x8a3e1ff8413eebbe2573328adcf9e6a80cfc715c	False
0xdf81bff5199f801ca74aee56330cba5608b34e4c	False
0x583d88cc2d42b356a5e4f33ea4e51ff8f9710477	False
0x66d410de585130149fa237dc393c9efdc44053bb	True
0x0a8876465bbfcaf4ea7012b6484c86f7c89f562c	False
0xe0c0e1bf921004d4c760ca1a72a0c91d9d6cd15c	False
0x5bd6890db9035caa9a4853a9c4cf49fd76801908	False
0xb9eb8868abbbc7f22a7343b0888265ccf697edce	False
0x5fb4f5416fbba3d72a3f3c55ee979ac39d32e455	False
0x55b3763ddcd4eaa2c51dbd0117f2a792b531bbfd	False
0xbeaa0f9392ad822638467957e4215feb29cfea54	False
0x9d4adae4d4384eda1978bc3f403bb4f74a9c62e5	False
0xb18a3d3315fcd5f6a1c131e0128a734a669a5a03	True
0xe5c1f6d58eab6e56bd383b95476ce0ce47f8e7d1	True
0xf9565d501c9b115345c8c24746edaa3d6cd835f6	True
0xe341281d48d9e54ca570c093bca05c901575ba16	False
0x4c429935b4b3115130044c98bde905ec11c4e865	False
0x4997d47f80a25a85e87b5199235eaa0457542a01	False
0xe898215d845d337673280fc76732d8feeed1d788	False
0xa495b63594fa9bdd5d04c6371d7c4f455edacf90	True
0xe60d2907cfa5370b1bc1dba86bb40b559e6c1fd6	False
0xcb4f9b7ae11538918edb03aca68805136a59ea27	False
0x28793407de27ee283b472e3117485c1a97f4d0b2	True
0xabf0d1315e73cb8c7d165ab00d8594b9f7c88d1d	False
0x7761b56608530a4958b0e4483ab39038f83d7c39	False
0x07a224aa3fb4e98ddf9629138fb12e41615a1312	True
0x22d7b55b9b703417bb269e411be102ff18a28df3	True
0x8a234aee7b3dd38293e5930cb01a660b16c58e9a	False
0x8fb93ecb58be02f2d78de467e93e1b3474cc561d	False
0x57f14fbe42bc7e002c831ecbb007e2d4b8e9febb	False
0x64b657f0590b6eb48f8874e4ddfc252a2427cfbd	False
0x001accd2e94612ecb7bd938a021657c248de16cd	False
0x15790fd4aeed8b28a02f72787c77b1be43a196f5	False
0xcecf1e6d65ab018494976b68529257246a7b8d03	False
0x6165fcb6564f19fcbb1a8fdf6934a6d302f47e8a	False
0x66d739c8ae8c531419febb7952ddddea77ada48b	False
0x919158c3a737cfd265929a3e1af05531c9a6b823	False
0x9cbb84fcfc54c6d24640cc4c0aeb090704a700b5	False
0xe90feb1c8930c66a432fe334cd8cf5e1d7796bcd	False
0x48a5b308e030834730a43db10b48c0178fc37ae7	True
0x7edc95e6456c7223351a05df85d7d4b9385b3657	False
0x42eee038dbfdc963516b2f6f77cfee848236288b	False
0xa91c106599a7195335e38a8a6a1757edfe94583f	False
0xf918f4b118b29c839ed749869b3af01edabda0a3	False
0x6d2dd496ff152508b5bd0406766ed00cb748889f	False
0xa7751e46bad019701e6b095fafe8ec98449363a1	True
0x3651c04e48713ccbfd376e1adaec930d8b553536	False
0xa1cec3e2c82dfe19c08db628d6c1b1bebfd20774	False
0xfb9ccbaaeab034d705c7bcb48f058f26cb47769c	True
0x80c9036d308cbfb3791de1995d27a0ffbf470047	False
0xf1ede52c2cc58af626668356f0df8f844719d07c	False
0xac423fd43215b7005129d487b737be3bd6b5919a	False
0x57d64e06fd264f5a6b341143e4928a640fd97e65	True
0xee2fd0b195765e1dedef2819d377e2ccf29fff8f	False
0xc5456ce317e532eb6d0f7bef4a2d6822c51ef339	False
0x8d0c4a4dd564d5c644c7355f80ed834f12227f19	False
0xe11451411c102e3a2cc0dd628cbb38e06ce87dc1	False
0x510a79bf0e04f67060b799113be8851b266c0067	True
0x435b68ff64900218a640ef80cda342ac517a9b53	False
0x1fd2fc83a28ce2d8500b7d16a2407a9a0d978882	True
0x6770565fb6840a3055d1718de140af7b4e3406d1	False
0x5b3b3f9cb64ab92c480ab03f673b68ef6e5afcbb	False
0xdab871f17e98847d3844c46c2c7cd6071649182a	False
0x4f2f707e47b90cb5533702b55cbf1d4b57986b23	True
0x8ff6fbcac637a494d63fc7f73e91055f0fa74b55	False
0xecb87d65435c83fdfeed43fe35c0553d8d6c6177	False
0x28bd66da556a0161fa5ddce00e76af9c4c0f934e	False
0x7c9334e6871607b6597c72ed2cf3ea55d11bafe0	False
0xa630d3f129dbdf4da096b6806eb902a766a52a2d	True
0xea0b101e3972c327e6b8157a8401be0980026353	False
0x28ca0002ceb62e234964aeb9fbbcacf64c37e557	False
0xc355a668895deb4fdaae7e826a2f162ae755e584	False
0xbbc3639a268ea6be6749349fa595b6fbc147e09d	True
0x4afe05d8addd8a8c933ac0ea71c72c4a9ce7be2d	False
0x267b860980ecc02b49953a349d4e221ffe17d546	True
0x911e16ec6cf79de07c3556c66b7c23f83122a8c8	False
0xccadb3fb8768206846e7ca1aec4799cc2f4e382e	True
0xa9c16045ac274811bc15744750b425514d43d6e8	False
0xad7c51fa4ea7346257390ddaa07c8844cf8f8ecb	False
0x3fdc2b3f4a2df4b2447783560abed20ffdf18a2a	False
0xe47a928dfb6f688a421b91f81bc759c0fa9c3a13	True
0xfa1332948316b49cd69dcae21269d0a69e997518	False
0xcf0890b8736e85b22dfb03fbb1979b58d015ede4	True
0xcf4535ef1d5f8837a603f8650e9caf57dc392eb4	True
0xbea1cf4431b5193291899ec0de1153bd5af26ee0	True
0x35ad335decbe1f01be30620126cec6370f995728	True
0x6684c696048048dc202d9a9bd807d92aa0e9dc5c	False
0xa102bc8bc743cd924a886023bba0c10d2db0b2a6	False
0x2cdc85a4bebe285dc6d446fc48eb5503af91905e	False
0x65061eafee6e4d49c40497a7dcd86865541f6960	False
0x39b582a0dd444a58046cd468db533516a0ccb66a	True
0x97430fd4cbb0ee98c9e87bdb786e7600884d839e	True
0x87dce6e7d5ece1e79842bd2ecda2aaf69cd53e0c	True
0x3cb08e9ac271ca33142fbe6c80b2d4c78b41ae4f	True
0x6a42d594fd96b7440d5686a455bfad38f0a7f70b	True
0x8be0564d3d63707a80cced1408f3e17a03a6b995	False
0xbe111d129fc05272bbe4d9158cb312bc5d912f7e	False
0xed5a7cbd609ee1d152181d2750879e777a729def	False
0x43313f0321d997a01b48b1ded5579065b8d1ffde	False
0x85b5bd374c11d8f6e0864a3927028c33bb39646e	False
0xf9cfaf116e45283602baf74dd3875f5442a02181	False
0x354e13391729e74c3d2c2933eaca27c4989980ec	True
0x76a757e754f7d9627b75f928cfac6868bb9e8113	False
0xeb2e71cecb46e80c40183b350b84c6958ef167ae	True
0xb362939c86db16ca23935476497ce53c8dd1bbf8	False
0xb3c80a9737a637a0722e7ea38bb8c4095d14604e	True
0x083030de725ffd487c9b8032b80046052fab4bbb	True
0x1f954a111ee2d3eb09b1dec27cb838f22a52c43c	True
0x910655f1c0d03279d63f87cf0d40edb36930035f	False
0x52ffbc55f0dffde3bd8ebe6eced6df38035283b1	False
0xef596d3b83028445ec3f1b14168add79df1579c2	True
0xba13e7c0a4b6a488524641117ec7eca0a59a35a9	True
0x04f5b1c5c38a4c4ee90decc5561e7a1e1606b404	False
0x08da2acb28ef8fbb951b14a48571a378c853129b	False
0x68680897399a6eba179ed2f829262a8de2b61198	False
0x4f0d1542bdc718355e19b80eee900082a04a1c7f	True
0x1a551f5ec8b3bc4684b5a1bf9d68a52d7cf39c9d	True
0xdac19cdaa4aee687c467f02710b9163f3cd6d579	True
0x5d27127b3c6a36e25c98fbd4cf5a0f5615847803	True
0xed97d77c29390e0a5c194a12b3c65720309f650e	True
0xf5157c79e43072ac258d2906ee1e3eaec3401569	False
0xf9a4cc5e0472f913aa2ea1ec5e9ade2d86dc5750	False
0x04a33d2c218d3776402dc1df7f83ae7961db50cd	False
0xb1e2bbd59f2172d50492194e5ade74871793cabc	False
0x8c921dc610dd314dda49c9a72d026adf240de8a5	False
0xedfe4bff8c88e4ca35a92c7389fdc9bcc3d176a2	False
0xbf2a7a4d3be1415fca9fd0b6d6f2b9df474b9c0f	True
0xdf013e3b40e4658506509a5619f1262f27d77650	False
0x7d95e6f4ba15c12816345a79b78e793816fdf434	True
0xe397769c2c832290a5f0c0132fa98250c7288264	True
0x4bdde07378e2f3e58813138a86463b84008f16ea	False
0xf3540c3b48da9877336c0bc871ebd60e97284733	False
0xc08492651d5c84e568f2c1d4b38f7e2525598866	True
0x739518de172bb75105dcfdecd519f2a089aab9c4	True
0x93eeebb89303824bd0dcbeb4969e9e368b71bb5f	True
0xf8c0d8fe0735dc075122caa27a3735ef06e77176	False
0x2847143e8e500678987498ecc2271475c3d3dbc6	False
0xa4e8f6c953938e0c5dcf56db821de54ad9081500	False
0xbde011221b42426b96fecedabb46090301e5047a	False
0xd358dd6ecfc8fa627118e8f8f2c0174211983d66	False
0x44b33f7179f9a73663a49caa58e336929a04ea6b	False
0x7f0a3d82badc2723a363a587f44306cad7f6b655	False
0xb2d7efa051192c3f5efb0798fcbb036c6f4ac0ad	False
0x3fc71c1a934cf1463375e3e97af2fef281080558	True
0x551725420d40eeedd841bded98ab1ed3b05cfd21	False
0xe2b033deaeeb527ab999df4e2726b85d843c63e2	True
0x81a0f5ed53325666702dbf357734b6c8fdd0effb	False
0x8248e3a65f6d742e0ec0b267f091a54d8f57b9bc	False
0x03f6d1fdeb8e09a413f8861644cf05075610f309	True
0xf7e84ea0506a0d713bbd819e65dc29ead34b29eb	False
0x3a00a6aec6150b3254c20a1a73fbcd97e03b99a5	False
0xb7dadd77bcacdabd16154e94c030f3d9f8409e02	True
0x232215979b2716440245f1af562f715441d5a8e8	False
0x77ddbacc0052b038eb3b6262ad8f118c46b7e846	False
0xa2fbc1173363cb6c6d39d0c957d64cdd219ade48	True
0x274b09e60a4ce665e051023f63957a0ce2e72a4d	False
0x4b2de2a875e5d1668a88c083c7bfd920c1c1942b	False
0x40297a5636322cb3f8c9dbd631091388621d5a43	False
0x485a3ceabd5173ba1edecb22f28908caf2ed2711	True
0x9d4d46ac55d193cfabc0e109e41e61a9b631259c	False
0xe4d7a4e2662f37285a057da3cb9f005c2907998a	True
0xe0260590a30dcbe611d141cbbe9fa8af03a560af	False
0xbeb86551d097da8a72a0792e6c51e236497666fd	False
0x6412638eb6cec07f4378de0c796ee341257cb6d1	True
0x394e3ec8dce57068fda81f659d4c7e2c783d2c69	True
0xe75276213f248826a5e8c5a5005f4f9cf4568fab	False
0xd3eec189302e53598c7b291635be8b85c2fd98f7	False
0xba49e3a34de599290eb6b53d05a85321379ab8cc	False
0x86c80c969bb0700e317a0b749a89bd3f05678905	False
0xa3915795cfb58e8e59bbc5b9723ee3661529dff0	False
0x00df0aa1103843df38056df295f2b986b54ba430	False
0xcbff591a0b8b24caf2b11c4ff674dcb27047196f	False
0x979448a4eafc89c22c1363c8edcf8bafa4009690	True
0x7c162d734eee73666ce34143147ad46fb0725438	False
0xf1d6e2b649fea887e132a8755ec62ae2114aa908	True
0x478837cdb9b0dcf6c2d1892803476a8cb6f3de0a	True
0x21d8c385fc86b0850a46ff2a3d0d4a5881761329	True
0x8e36fe1027fbc40f62183c813f8316d76617d98f	False
0xa8c86c86ac1a8b3fc7d4ad7245354ac4d8c1780c	False
0xf9fb39825f8dff4a39d34f5659a1e3e0b5bfd24d	True
0xe14b6be8a8730c8b56565384451706f5629aab90	False
0x91d34bfca17b79fb041ddf382afb2791c99abc28	False
0x26aa57b32d630492eb5cee69c4c4e7768e2c3be6	False
0x2d972d36af86a3c3225f55a03992238375717907	False
0x3923cbb516be34c562c1194e4b799a21da34ba30	False
0xd9ca05b60ff0fe22db342f7d7c71fa8858b6d91e	False
0x6ed7169e9dcf304353663f409d44557f3d132408	False
0xa839511ebd862126245b9839fabf51f453899e9d	True
0xc10f0563d42f5975f91918deb159849227a31ce4	False
0x33adadbe5c9d72d429703c8b00479550d4d868bc	True
0x4486a426cbafb2971b30b2296b1a8bf5f61ee038	True
0xe2ec9b7a0704504a92cbf04bcea9a19ef11881b4	True
0x0d8211065835ea0379f718ccf6c6a60b35692971	True
0xef7789433e83bbcf88ee2251bc8a0ae64a192a79	True
0x77c159a06ba8f676e358387600cec3e3744d57f5	False
0xa5dc81061aeb81527d34427c712c119a17cd9d6a	True
0x63f6975b4a9d2f1335578d0564ca986d582499d7	False
0x0759912cf0c8a3ff6d1f6ef745e3411935489a19	False
0x648758d043896294ca2c5ceaa665c73ac27c5da7	False
0x4e36956c6f43c7dae90007661b8a52bc68ec1c63	False
0x6867a0be2d07aa641aa662d47bbab72748beb4df	False
0xa263f84e9e36e1e186e9b1b8d39fe66d410c9d86	False
0xe785afd390bccc9110923b81d8ab04edafacb971	False
0x690069dfde5e12f335baf24bdd1afe1bb57b3b1e	False
0x8ea3eeda3fc416097699ff6ea4016a298b290855	False
0x7da839f1ee280932d98c30d6ee84dbd9ace8210e	True
0x609519edcef801d46fc9d4707352ce2631fad3c9	False
0xf8c91954ba8fa24a303fa1ff0db253d9a95b9d34	False
0x576f92a142a53a6b75b900608cc5be1a0f4125b6	False
0x8542288f4b925fa9367614cfdc5abc1ea96a11a6	False
0x27f9f6b51ae45dfd61e5dade9baf43c9838f70a2	True
0x5cfaee3c38167e1589e05e21505b56cb307b8830	True
0x7e3c86558509ceaac7928eccffde28c8ad2655ac	True
0x792a37cb5ee12bee579ab0aa42458015150a55e6	False
0x0d6034e2428d24ba8e9c13d64fa26b2c493118b3	True
0xd5903bec11d6647ac7eed2d539c209051c36f03c	False
0x1fa4ba51f61cd3021b4bea5231fedec72f6e799d	True
0x8e64763007daebb19fb87a2f562a873854017990	True
0x838d9f143f1e1b2ec1ad186304daa28412981e2b	False
0x32e921c3947a9ea8058d94c0cf3f450182705507	True
0xf0ed8966761d514dfe247bcaad66969d7b377632	True
0xb28160670cbb55ecf6b0350322929eb4619108fe	False
0xe3c32f94ea287b46418571d02aa8708c502803e8	False
0xaa2aaf416d0de4d944f05691a7ea05d5a6a48c31	False
0x4b17a890e16a00b9c76f69b77bbac8e9fc9d51b1	False
0xbd731d49839bd6021675c569f214d1bd4ad0fdf4	False
0x7a2b846054f235eb20a555ac0bd4d3fbe160866f	False
0xdd074b9ab4f64d0d31c0b8a7fa73689dc23c46fb	False
0x89b5f536784e7dc3f445d8dda0e1363449cd32ec	False
0x87e130bf8054035eab15397d6a73a99619672007	False
0x88b69f6947a8a98bf7e74abe5e6ea8cd372725bc	True
0xb8a58ddee90ceacaa01b2f13167f1db2d69cb17e	False
0x52791b4dae153214ed4ae890810491414c7ae2db	False
0xe07f5b353d8fb1c5fd68b1aeb4a7ca148c672b31	False
0xbc666735c4a4e487e9f34d6a873a9c4fb022a008	False
0x6082b6cc478c4a71c865ec3b219b9dcc6a2a9384	False
0x242d14b26ffcee466a85a2ffa30d53c308cf0724	True
0xb64ee315ae22cf3f763a49ba9bcbdc44a6de7f9f	False
0x2be5d8603446036ae82a37e4f2e8bedd57777836	True
0x6f682218f6b6cc39bd6d3a9881cbf938aff1f12d	False
0xd2a2246863437fa57eb6ca94e7411eaafb7721ca	False
0x5b0cc80217288bbeb73a059e85c006af84b363db	True
0xda376da87c746c9f7cbf1ba2876d56f05114333e	False
0x8fd1999787a319e267e546e366c11b0fda09ecbc	False
0x8a3d40d28f74df68a8d50b802ef4f9c6f98708f8	False
0xdd2286bbbfaee12ac2daaf5ed47f4f9790fba1d1	False
0x7f45d967874fbcfc5a25ae940fa852c347e144ce	True
0x1f1485658ed57a737d257d556999cceb62194fe8	False
0xd5b3c03431bd0d555ecfa6c44d4f66aca93f9da0	False
0x9bde717ed5e9f953bf36542a61be4e3d4eb5d4a9	True
0x8b63e546aebf6899fc2bb7f9e2a1bfb7b6839beb	False
0xf8f3de70a2e80d474fd9ceb39df270c67794425b	False
0xb249a8725eec1a327c124aa42cc15eca55eeac40	True
0xe66815209656acee4f6511b4d9f1f7093f144320	False
0xfdb357ce5a4e7549e3b35b03d104376121b31207	True
0xc812cfdbdd82a44c6b3a1e86912abc9a36360a28	True
0x3684120c2358756e95dbb815dfa5c3bce78bdcb3	False
0x25fde221ddf88bee359df4eb04b45cc3e56c54fa	True
0xaa930b3d78aace6e91fb51e06fca437ba3e8b555	True
0xa1f4a34cb0fc3517cd85b1a129d73a36a9b7aa3f	True
0xb66dddc1d8e2f4340adfa48c9dba1aecde48df24	False
0x66d5a6f02432f916cc9fd307ba9cd97d7346374f	False
0xb87b061f7a8e3d79eb7b2c07c5012a7211a8efc5	False
0x98f7a309bff2aa6573b14aa4e09d80f3c7673665	True
0x254090821dbb75085e036bf250e286a9436ab08b	False
0x82ee6ebd635052a16874ce4c30950af0dd5b86a6	True
0x3a49e61530600da452619d3300ccdd34969452ff	False
0x4fc6438d4ec41060c3132f3d033ac783edad19ef	True
0x3b623c80b4ba7b527d0a6c43634310ddabfa030f	False
0x260d1629e6ba91a83a7eefecf2b4bb00f74d5c40	False
0xb46b2a0af095d3f1d7e521d6049f5b34e4dceb39	False
0x72db64c48c6e1422d9d8897242db7b23244f0e6d	False
0x69465d92a83772a392794df6598b304c47dbef7e	True
0xd62fe184121841f55c77b93560dd7e6abdd90e98	False
0x7d46020d056a5936711659d10393dc87e3b0828f	False
0x8e598fa0c694bd5d34c3d1417abd262e3988b417	False
0x26b1fdacc68e7e9121c0df4f91c0cadc39a1bd57	False
0xb3365ce49f62af2a341bb69698f3661b7d133296	False
0x3e754acaa05829fe6287af77cb7f3e58a186b2ee	False
0xfe9dfeefd408216e759d0c99bae6398d56d1598d	False
0xe5698671405d6df1e1cd18e139287682085ce792	False
0x2e34e7c8ef19ac4d8c1af82a763d8611147a4406	False
0x5b664165b555a00e33f2b4fb83a71d77d6319f7f	False
0xfcab39f46fe13adfc87ab97cce64deb03f3f0978	True
0xfdfe8e673b4b4d63600a8dd2b18a6957a8814c6d	False
0xfc703baf283db73edb091acb1131c4936b9f6d95	False
0x27b4ef784c7712abe710ab69b3474d1e0264c251	False
0x91b9cf8e124d3fbd48d46960a86ac58326d23345	False
0xc6dd0a8ed79efb7a81c289b6683fedd7a6969d85	False
0x72d0af32d6eea8cbd6bc232c59cee383973d987c	False
0x2029ac0e4d7f59c3587636064b4ae60bdd56132c	False
0x079c1f3d45b7bb8787546470e800bc06183eb7b7	True
0x5720d2a47f1404e6325bbaa0b891b4c1538f31df	False
0x499b373f23209b2d1e3e9b169337e4430d28f78a	False
0xbe476d57a04fe0a06f33536b4ece9791562b31e3	False
0x599d158fdcf978ec18c5dfa7bd151881e709ad30	False
0x63ad268cde3ec6f5bcdf10537bbab7321d8a315b	False
0x2b4989ad817ad6d2aac6d11783ed87baab068ac5	False
0x75296ea1473ddb0ccba41137013ea766494a824b	False
0x22059830ae62d49ed8a229ac70b614d033877232	False
0xd4a1982a63a273173d2942c629aba046ac94c652	True
0xd2de3cdda8a4673526c896a101f0d2b52b67d0f1	True
0x8ddf282ff3eb5790acbab3031b66459ec276d03c	False
0x7a49865d1637c7be45909657d3bf0c001499c0e2	False
0x5667b2b1c6eac937c525fc244831acdd05538de5	False
0x5f8742b485fddcd0cda5691428106f9f0c3daa49	False
0x11d5eca4de3b2aaa3f74ff27686a2c22b8eaed27	False
0x39266155d393acdcc897f304b8797dc3d655a689	True
0x64795d2a21240159e759577331477490363f6dc8	True
0x6eab10a35a905f1525e7d116b5e8348bc83a9577	False
0x1ce9d66e978b7da543d584599bcc6c5e2eb4fafa	False
0x84d88640d19ae15f7a3e8a5a068d7d10fd5f48e1	True
0x8fd49238a142c3506f7fd7dc8fd6233c8821c041	True
0x0d8921e42ffdc6dcc630496ef7981e953dfeb13e	False
0x5f9bc1bb8823c35a4d7c09f86e2563b8ffbad120	False
0x3134da1e0dca041f8c7f621137fc8b0f5429d250	False
0x98991c7d743b6b429386f99a4d3e61b61ecd3e56	False
0x4ce3773970e82c9b872c263c560d0b3e88b4fd73	False
0xd10ea37486f18f5a31353a59ec2acf46ec478787	False
0x4c725380558e0699aefc7e62d80c16230c5c182f	True
0x3d9fd0ee31aefa6cfc0aa8125e51763510ce3491	False
0xf3528c204b9e22c5254d8eadd2a68705ecd06722	False
0x2601f988b70c1deab32b0c0644f248bd87f4aacb	False
0x3587b4b59a8aa9a88e8afc8fd91393adfc35dfcb	True
0x4fb812e16be69ad041dbe1f8968f893544466b22	False
0xf9ad34acb82c7df4c4b4b5d2a7ba334e83bf96d3	True
0x76dd9222d310252cb3cf7bdfd777031f8d5036d1	True
0x1b558bff8a1757ef570b26c66cc370a0c8032291	False
0xf4fe5b0aaeb469d059c4147c314d28ccae939298	False
0x2eacf49b0c80d883cc699883e50a0ce10a453c7f	False
0xa35faf6be7398d47fd2074f85aa32f6f1e1354ad	True
0x6e76644b0fbdcc728eaec51869ab8f04ef5d5c04	False
0xe773559b4cf202a0a69e3119248282621d963a6e	False
0xa50019470051a00e04fa135e85fe4570c24f3c1a	False
0xa4b5bf07f9f0300b8190fb7bc6376e86582e3f3e	False
0xd13773e2ea583e7f86274a2578e5a3aa69da35b5	True
0x65540a7445292048ec858953627afa5ac56d57f7	False
0xd2ecfd83eda2dc789c23f0d15d26936f8ba1fb66	False
0x2986b5fa6df9ff4b33a87bca703d37a80bb5cd6a	True
0xe7dcf456958d3fe75fb760da1ccacab4b8e71927	False
0x2f89a4aa5cb9e5ed930dc47915850949ad757ba1	True
0x3151ee734900fbf4682ded6dfbec94710d65e2cd	False
0x156d8f8ef6719e940393cc76fabbd919810d6f44	False
0x2c1a9c9fb8058926705a5020b54ddc06ab9bab70	False
0x66a8652956b1ef4d2a31405cb31c308fb36ce0f9	False
0x653f96566047868f076252444955dcb5a13dc75d	True
0x32376975798d981fe72bcaa861c5d341d838b8ff	False
0x66ce98e846bad92453a9ee96984cd12b7addc8ad	True
0xe165a89fc7299031380bfda3d4289a4f0014560d	False
0x70447c8e7470043acb4a4159cf3f45e87152dd3e	False
0x2c904990ce93e267539d83c94b090cfd36bde397	True
0xfd7fe19f248ad279bd8d23683fc45c77813a210b	False
0x831c4fcedd00e9d11d86c32c4bf0babd475729c9	False
0xf2a284ba8af5e33e62f2a3e9baf579d29cf058ae	False
0x647b877f51684a9a0aa08f4a7d500541ef876bd5	False
0xac4a8322b1966e66a2df216a60e0da8ef1a3e5b6	False
0x67f1aedd6284847fbe07fce08dd9cae75165ed17	False
0x47aae53e3af66d6ebb1c76591b8cd9f478d990c3	True
0xa45474ba2220352ae8035739ee58e2dbb58d0ac2	False
0x5d3030631f3b8a1258a2660bea8fe455050b5657	True
0xbd8ac9fe71b00197f0e5c0f6fa4b85e099fe0e20	False
0xcd62653be0bfc03563b39d683ef2d3f6e0f774d2	False
0x786622ec2f3fa0760e6e8059c9363286c06e2512	True
0xef6e922dcf47a975e64095ef3118bcf343a8074e	False
0x9f60d4a4b5dd2376ce9c3293b42257f3a12e82e4	True
0xff94755ea7a41ec33a3c5b09f9e0eb091404ae5d	True
0x383af52af00ede7f5a2c55bbd254c55f079856e5	True
0x7f842c4e719f2285a6bfbb71cf28aec062d420aa	False
0xe0791266a78c269157daede809f0ef6c20a16fe8	False
0x0b8e0c8ee243b79f3af3dd620d216add249ce619	False
0x87904056f5b7b76e5ff8278453c1869e73711311	False
0xf01edf7eeec3bde64f3b27cee22e4f9dc97065f6	False
0x53860befa2378b32bd91dec357cb2d4fc6b92775	True
0x9858249f3f35cdd6318b5e68116345b76dc7933e	False
0x79a8cfc4b11cb58ec0117ea4347d23500feb6508	False
0x931ee65fcce48064bbb14e1b84ea0335e9775364	False
0x2bfe8878eb09d8fe0cc13c77d2c4e0ccb33af951	False
0x22c6c1f13895f0e6062481c4eb3bcd971d4469d1	False
0x47f25d15d68260c7e572939a253c7eadd953c9d0	False
0x524e51f2a8793b619d3db29e4348da6e2063a2e0	False
0x9a44d685e7704198a58fdf82b25fcfa8c4482cb9	True
0x7e3dc3cff374e8820bddf9944de2c34e2bd129d9	False
0xc35a0aef49069abffbad543cb81fda3412f80034	False
0x1103ac7b74f3b9983d589bc7e392f4ab128d979d	False
0x09d0288a67ba73787c720c87d34233d16a9c9089	True
0x7b6c659ee86d9c8ed069e0f72e8ce248732eb7cb	True
0x1fe9bc15e791e053de9d252ded669a7ff4b68a2f	False
0xd8236195cb6f11ce9589fef1661ff7f3b9cae8b2	False
0x736305da67acc77441820bde1eccc82699ac61cb	True
0x7404b3a2fcf81e8221eb6ac6ea073bcd4bc83bef	False
0x11bdc49e70d365813da300169f32675303db5f62	True
0xe74cd7746f4ab91a72ad812d79055de4b65c8db0	False
0xcf337c8ee14590a73e197d0d249b7172be5a9f90	False
0xc3129829df186a9c063bc1f08d6ff7d053ed8cfc	True
0x0b112901938d0906c6ebb0eea219182eaece3991	False
0xa1bfa67cc28ab92e85c41bc26f4f8bc203838343	False
0x85262c313303bcacf004ee509eadfc73f9c69df7	False
0xc821e88106e54c76f0f6f7b9878d6a3d0ff0198e	True
0x24e473d902952d840a24771cd2d16789f8a79567	False
0xbf9188d5bfc5df942a35a1b550de05ed2227f6c3	False
0x9b533c2bf7be990d224ebf958d6b0d97f82794bb	False
0x59babcb359d12eaea7bb8e5be417b93df0f23793	False
0x5e26ae21cc0dc7c8c1f0fe329fe30d4757f4880a	True
0x13785aafe46339658c70f13dc49fafb83067ddd9	False
0x8fb62152e6dfaaf98d846bbbe7a9a8799d411110	False
0x599e5c13c30755c57747f639b469377719e902e9	False
0x3295118acfe5f4150b90a22de8c5b2225e15add2	False
0xe870c7c71acbfffb82a335d9aac6241a5c6ddc7e	False
0x1d5ffca49a5fe30292511ba5ae1607601b6b61a1	False
0x25f0d46eaf8d4c3fbbe113e40d1ccb35bbdf49c9	True
0x827c6467233ed8c4622b1f75236ff1c2e9268204	False
0xe218a25f1575267beea1f705681078ee535585b0	False
0x984aaa4b717a9111fecc7cb015a3f01b191466e4	True
0xc794df987794a8dc7d1ae2e0689c554d3dcc22d1	True
0x0c96f99a7676cdccf0dd9c321dcde1ac93870db8	False
0xba7f43051687e26b83329603f69cc28e819a5f35	False
0x46557f3c52757fd3e7206d09c684df95474e1121	False
0x3c88525a594f28704abba4fd9957acd19e6da8d4	True
0xfa0dee816364275becdf8b3779b0d9e54a5f5b98	False
0xe1ad2ee4af6a0c2d5f097da7738fdbf0c24c96e6	True
0x706d51a4efd6de503c90a445a11f25ef3489f8d0	False
0x5a4409488fae331fd09911f0ca48069fd49976cd	False
0x7b0c3327d3db4031400bf32211427bcd4681921d	False
0xf66f380059470264b8b921881db2a8b89c420f29	True
0x1126369b03a160c1a40383bbe4e42f91c2e74a4b	False
0xd299cdbcb912d9a98d38ea60f3b662d27fe859d1	False
0x05e1e4db896934d97857d1702c2befd066b01d3b	False
0xef069d36df90655b3f9fa41a691c25c3062028d8	False
0x5321894cccb93991a0b75a5e1f879d47433f8872	False
0xaf88e653297869f0c1b0e31a430b4b180b927b53	True
0xefe2431011aa6abb8ae9f7978859c910235fdee4	False
0xf47c975049cee52e640b8eb41474f86a0436155a	False
0xb0b6d2fd316de883395239e23b0bab97475d5baf	True
0x3232e692996a8241698cf102b9a2ec8ecb15975c	False
0x4030979478f1cd157b34ec54b721702c708ef24a	True
0x0c4bd3cc734d6662f7291efdab87fe96939047ad	False
0xd26325d03e62e0f2ec3a8fd01401838228bc5c6b	False
0x0a99fde52792d4229b5204087f45dff46ca42101	False
0x0540912a921e8e4a212beb8db94ff44ce0b0aeb8	False
0x7d369739d7e5fb80d3b1e4e1b6f84cfae1ae126b	False
0x9022dea879bc9dd4e307c13af07d6c9130322f74	False
0xd6f25b513fb79324cb1e4ed246a3a2a4473e13e0	True
0xff1fb51275de50de538b98967adae3f8ad1f859d	False
0x5faf93cf62c490c973000f9f1a273af6187e29b6	True
0x5bbef39747422e21991f5c8dc7e8b0c938c9970a	True
0x251d1608aaf4f293da648aeceaca1e799148c960	True
0x5a4c7eaa85f2f70ed0d0837e76bd87807e5b8823	False
0x8f6d28323c09b7780a1442f90bb3cfa5e9b5729f	False
0x133841d07424b46e8f68d19c7fc276d8f9e5c9e4	False
0xaf62f6336b180492f2ede135bc5026df5a2d9f15	False
0x3c1d7165b3f2ee144d3a152e324f0135f223f170	False
0xe784edb04ed8379daeed349862f5bcdf1e2ef992	False
0x2ae1e7fbe6c72bc091e9883d3f341b6ea7700a0e	True
0xc8047a890ab108c92ee47f68228715a8c1d7fd67	False
0x6c35df732dd9a9a75c8004c84e4e26e6f20d265f	False
0x10c56f82685fff2a81cd434aa345f66778ca40bf	False
0x4ef11bbce6b3b2d53fe29c695ac80bc3a6b5c93a	False
0x0a42612ae9de670410ebdbb4d2bc1bfc8893d5c4	False
0xbd6e51b6239ff5c0faa7333d59ab1264aa6a6361	False
0x3be9a9c4703c9278bc8632dae601be64e3593cc3	False
0x7f3dc4a890ad6000f1ab910e6125c5ad21d023ea	False
0xf8b154f09f365049014ea929edacc0c8025fc896	True
0x5beef12e6110776119daa8897e65c4bff111f2bd	False
0x9fcce2b6edfa0f4323b0b2952bbc5b5c08f78547	False
0x0390a3390e9dc6d3dc605419e7ec5e13a4bf62fd	True
0x20caf35bbca6271ce3fb231c709c5c74ea9c7e18	False
0xede71ac50d9b1f50c939f135d1f8391fb7856333	False
0xde961cce023123b9ee44fc4dddd7fa38ae4ec909	False
0xde0f6fd7df11f7df57a8705f7ea5ea6f8021f82d	False
0x6a9d9200107db4de1da34553d4cdb710ca7196e4	False
0x7df74d6b559faa57656ecd045acfd0cbf935e1c7	True
0x41d5a950f032228f618fddedddd6315cde40d189	False
0xbc15b9ba02dadd02d4a02eff808087c75fd6dc6d	False
0xa9135526c8ee2b06d5f8f6762caf15259fb541ca	True
0xfd807008c146b88ba6069b7a101cfcdb2d5f7c6b	False
0xbc94a2bd6187aa8d982e46c447c91fecb6deb0aa	False
0x673f01361566b6f2b402cdaa4951719a27c738c3	False
0x3f05b81719d08143e234846bf3097d1d2c44f4c1	False
0xcc75f1944417ad27578d7b696de52a719a89b650	True
0x61bb2132bffc3bdd4346859ae044dfea40345a16	False
0x7870f38bf48f864569b7e5c25c7b487fffc7a568	True
0xa20e221d0a51c13fe516d8a5a21ca166a8895dfc	False
0x2dbbab926dc800f957c1d92170ff2951763c105d	False
0x990827cae0063dd982482a4fca621c757aa9d175	False
0x55a5fc6f6cfd0c709c295ef42ee3d664bcc1764d	False
0x22f4d474f48eef934f84e69d35ef904cf1cb300b	False
0x005e72971667be0747fb848ac0d496ea45fc828a	False
0x0a7c420fc464f61642fb07aca883cb12105cdf90	False
0x4b8f5f23242e897d663798707e66e071aceb94a5	True
0xa998a6f5b32562a84fc4fe14546af05f8f5f084b	False
0xff4ac67edbcff611b985b4e43ae3a254993a2077	True
0x59a5292239bf652c716483cda4c389566291db89	False
0x5c6950d8dec560bc04a7f1c63a7e2842c216f9c1	True
0x539b703b21d235639b3128767369879e616900ea	False
0x5cb72c8ea769ed68a3697be122f4534e67fe9cc3	False
0xb294c04c8bc88136f7bd6e362da91c08463b92f6	False
0xbc2f15ce35bbb538a07740888d8c74dd8fc52831	True
0xc9211c0003e62f47f89392490587175c49fd67bd	True
0x4c52d0a009b4757a53155cbedad4379b4b855811	False
0x571ff03ef5ccdae5eec8eab860f54fad090494de	False
0x09beb84f889419097cb343e926d5452356c34a27	False
0x188c07feb4eb67d10fcdb82ec953a1735c992ca6	False
0xed926aaf26afbd6d7bb32b608f3a01206352c445	False
0x1202c97c7e2fc7c5807cbaa0670861cfdb31606f	False
0xbdc44c329e14135784751121bf7d75c047de6e79	False
0xdcf37c26c92935198b44a099b8e48455c7d14559	False
0x21759d48a6d64ca672c4c549fb3d323188e5bbbd	True
0x812063e8fcce5386ce3f70d900a4a698052e7e4c	True
0xb7a13e2aaba5a1211f53346994f4338fe15e6c2f	True
0x3833e38703802fe311b6fcb16bd9bb275af738a4	False
0x6107bf13a67893004d3dc271557967a08d345e3f	True
0x6ded348b454652601f116f36ec54f1d8cf709264	False
0xb037be1fdcc7d040edba14cea1cac27edf188617	False
0x5b9ec48f5ce336a0927a31a4f112ef16125718d7	True
0xf22505ae0e6d006bada9dfd3b0ed16782663c29b	False
0x03eb76e2e40a5c1eaf150dc42cb7073ebe8d9208	True
0x914f1b73d5e90b5c1ab8cea54224b8718df7d284	True
0x98de488a38b44141eccd78f082049e2b2a9c88e3	False
0xdbb86725f059eee6a3b2a67365c7180bfef5783c	False
0x0c22909acf604702600736249cf042578d603165	False
0x59fa8533c92cd6d96cbee1650b7c00c1c97cbeae	True
0xefe270be3f4534a2ab3673abc083ab758f5cfa0c	False
0x9cd0ca4f140e1097a74f655357431e0b0730736f	False
0x6a41ff00770778dfd98225b1937b9b1acea23bfa	False
0x17b23926fb15075ac631e8ee7e62c7df7e2be877	False
0x379881f9b228bc5d3f4e13727976e8f23229f656	True
0x45c51edd1853efb04e23d9479687fe76cf4a8a37	False
0x64102bce118f8ede2c4743e7a8daf61168f464a7	False
0x38b1e61d0897ba13ac101bec5cc75bff0b96fe6a	False
0xbdfb21198b09b3d902c79c726b1dc18434106800	False
0xcc10a64b73a490e487c2c810f75dce14b808dca9	False
0xc26b3ae29ccc9b420a5d5574b99a46d06c13aec2	True
0x14ae407a34bad68e518e8fc503b71f6cd2b38767	False
0xa5a33780558b6bb80f99c0a1d1a441e57ab00a36	False
0xfa84c0231368c0db796cee756c1d4b42baa0dfba	False
0xcdb6c0b29892cfa7fea35cfc0a4d09139cc9091c	False
0x7401364d1a4d3548ef1691f39d5af3aa51ed053b	False
0xfb6ae541716434844bab4d08d071f709dc7524b7	True
0x7d6d32b31e39a48e154b914dc4eb2523a4a49482	True
0x71ec64fba062900ebecad7266cb0f41669e2cb03	True
0x4ee0e143c3fbff0f42ad7443fe87e29655da6214	False
0x433604922fefc1bd09c5ca528743b83fa4bbcb92	False
0x67152a2b11c59128f1391dbda42778810f07aec7	False
0xaa51845cc1f9323069b81469b4f68995b90b4345	True
0xd13795f17ec94edb5fc65d6b8ac0b81ecfe85add	False
0xd132821a5c1a9c7fd3793d59d907512be8919816	True
0x7821da7428f6f838c344b89b6e03e51bcb856dd5	True
0x8417dd819db2da6df4d0ef43346692b5c3d22b85	True
0xd4b86695bed0a9391a2b3e9118e6c0957d91db76	False
0x24f4633c635a9b65039cf6c5ddde9697d4c15a1d	False
0x88f511b74eaa3b2f163dae703e07a47858bab48c	False
0x1cf89d8d5d983e7f7bee1f90481bf8a276cc8de1	False
0x88535eb0be6fe825c87ef8fb7c3cf66a7088779e	False
0x9748f13a9716630fdea91a913f3e05fad7f23480	False
0x7073a5e2360c73cb972c357d9b1e9456e58d9682	False
0x599fda758d9d6c1601961a6bfe76a6d354782fd7	True
0xcf77e4757e38364fa31018f984cb82f3883f274d	False
0x2fecef831fab3c7a5f15f09390d446cd80604397	False
0x47c2a2e71277a29a173087d9a450d3bc10e7497d	False
0xd3646fc3853bf64990b4100c524cd41e407a8eea	False
0x6f9bdc20729fb9d21cc73719a8938bb0e0d05eb0	False
0xb31bd853da3c607314b5bb357a03927c85d69e4b	True
0x9c18ffe095a5b680fbeaf1489d3b8f09508452b8	False
0x6d915d8f4fddf455c2e3cfa0805670786d8b0b2b	True
0x96215129c7cc865ef7191fd25218982d23f38436	False
0x204d1e36e0a2e9e1224a2ecaea8048ec16aae42a	False
0x519d1346214c8f92a2315d4097d74b140fc46fba	False
0xd579dc4eb39c5f882cb8b51e88dda97ea0f785de	True
0xdb8699c32a05f690a833c745f63c1500c07efb74	True
0xb563824a281f00699c2c0049d0ddc0cbdf691e0d	False
0x522bf9a3344abffab5c6421ff8805ab17006abce	False
0xd8588b1ac6b0d380e3f34e7cd4e9a8b73db51992	False
0xe569f88ae663222407052d2d9beaaefefd7c6e35	False
0x5bf6e19d87dad1dc1cd641a534b923ead8cb121d	False
0x10316fa56cc6adb5e0ac5bc27518628ceda36345	True
0x6e301983dbbc033aace12b5589f1cde093eaaf49	False
0xf263684f63feb43376642563a46af5518d70d317	False
0x53eef086e1af33fc089ee6fec6ff686b7b6f8d81	False
0x7e805423038866dd92fc144925e8ca2b506053c3	False
0xed048eb7792560cef770ed1294bcc808a37d4e42	False
0x180a394139d5dd4142db961c4b5043c3a0c7688d	False
0x0e86b91fe3bcb5a0e6abb0d666e79dc6fd760f6e	True
0xa7ed243d4e1637a3c9f0cf59908abe21f7a46064	False
0x6b0c2f42ae50f51ccab7bd20ee8274b69ed7030c	False
0xfea6b609abe1d36dea8dae37d5924b2a8000d27e	True
0x4e67a7372694dfb4c3e1e6df4dacac79f523c4e7	False
0x54624ba8cde15648bb1e29c27b99299644c146d5	False
0xf73c3710a8316b1d2b42cc7e59f1f5c2396a546f	False
0xbd110e1a672cac3efb9bd4205ff04f7a5ea62e53	False
0x9378faf31bf39e33588952a65c31ac708572bb89	True
0xdf54d8b405104405a05fd02a7f86bed0618d20d7	True
0xa8c4aa8d7a4a4b106759201f6f8ee264a4462728	False
0x318bca87b02b7776b70a126631f3c364f6e945c5	False
0xb85a3e2c30e23f5184336fa0561fb047804f78ea	False
0xda3534a3b7822a07fb64083b57ab130965ee8e07	False
0x773f36b9cada2bed56b7b746b0cba7490c0333d5	True
0x87f6edaf7e754105892e7a236a782cdf07d8e80f	False
0x24dbfa1a880bebb90e83972cff028ce99a6458dc	True
0x7760ee2bccd055e58cbce0fbb24e805615f6c438	False
0xa12ecedccf5a1f3e0ff777d471df240500c6c3cb	False
0xdf658e8a0070f4633bf6a4bc102336e801c82ec1	False
0xca58d4f7334815c5437a93e16cf77df25459b8ed	False
0x78c096251537047496ac7c55f611d9d3777de88f	False
0x7df1660122889c124974b3afa810efb9e16383ca	False
0x2a1df34c01983d57c2ef8660f63c8801979939df	False
0x0cb22e3ff3d5226e0cc767ab4613151766fe5535	False
0xf562f20fd658eba351972617af044a46fff26362	False
0xef5e9734b050bbf5144a2fc1df19a2b4c7337705	False
0x9d664ec54b3d1549045cd57d67998687a0dd371a	False
0x9bcd871edf8105faf0818e6be5dae0a8849232c8	True
0x2d4d1544a425a1d8c1e7021bcf6b79409fc2426c	False
0xf580db6fafd835dae284c81f78820fd7aa6db808	False
0x4b8f09af15285cae75fc6dc060f827313d1ab211	True
0x1655ec02474738e6c62c38944750bbd8fd16d50e	False
0x5c652404704140a506eb1080f86286bd7e1c0d06	False
0x7e0e87c93a4a4e037cb56536d6eca186543e2c73	True
0x6f723ebbbe21321370cd46f45c06d2a36aef3e29	False
0x6a98bc9f233027b57c1d8c19a3dbbdb7fed64dcb	False
0x25993d11d50f8be484abe2e5ab0761f3585c2672	False
0xcef693d33dc0f01dbc09566fb342c7d284c57a8f	False
0x1a5d80f32ff8a310b8ff5072b29ac62364181a61	False
0x3e9d4b81d9087f5c79ddac66035b5eb6c21bde74	True
0x30ea8bf998049d9cdcf75ed252e599766f965460	False
0x72574dbd725fa156848d803d223bf1adbce503e0	True
0xf54a0321996d7d8437975ed63cbd93ffabdb4c4b	False
0x3fc657ebdc08f91f8ec4dabd139d0edcf8f4b679	False
0x4999a24cf45bf77ae6c7daf873e8e90bccd0c771	True
0xd0f966679e7c82851f9a20d00dbeaceb5b78856b	True
0x32313b9dc924a0da72c57cf8579da9caa420b21b	True
0x4e9176d9dcc5208fcc0f64ab951b396815be6188	False
0x33db36d331b9583d3b7d7bf63e0d2467de7440a9	True
0xa0a6093e4d3ce245e1849231f396e8b20d3ba341	False
0x4de3fdfe88d10867425668f9bddc8f99eaa757d9	False
0xa7a671fa494fc18ae1423f50aa8ce8e349a9bd48	True
0xaa6b31c759e98d38d5a6ddbb4ed58f076183115c	False
0xa02e45a45dc6cb24c4c7fdd38102673bea5dc9c0	True
0x129eb6fc06a39239f106d3f459d8f8c8bad8c036	False
0xe0e88883d3836b8d595c1118aedd36524bc4f907	True
0x74e228812998471d8f738fce4af189836a191551	False
0xfe28b0d70a32e3c4b772c6db5678ffb73163dc09	False
0x96c8b003358db7cc68e11190c28cea940a0a7b08	False
0x08c6ef3ce7b2bad5bf25062def46382bbd01c5e9	False
0x2989e246983906293afe01921168bd6fa89d8624	True
0x026a9b507b200bb93f7984c6bfdffdb2c8773978	True
0xb184f19201b85963daea980243c8049575e685fb	False
0xb5fb8f07f1db5a608b2692785ae6b25da3df02ca	False
0x00490692f9a1ddee3d963f9c27b00ab95bbacb9c	False
0xe9b8552dfd0b8bd82e3bc4a75bf8bf3593bc4d8c	True
0xbb0540729ae538cb9fdbe27732f564985547e85b	False
0xc7e8845167be1fc1e1b3cc41310647a4d658ee4c	False
0x459a56013b4fa3940207cf29b8b1941f226449db	False
0xeb3e5fc2f47eec58b8ac9f109c676e5ed8afffb2	False
0x2ea8a8c3bd0b40ab8a4522571c56d7c191c34c85	True
0x5d748012b670a5445cf5eb730f3cb0d632e008c8	False
0x213059f2b3e0b15f4915ffab394965acf8d21b31	False
0xff561f4c3ae84b15fefded4e0a55f2b936016647	False
0x11687af52e6bf9e7dcc5c9930a0ba33e52b377b5	False
0xd6aa4e380064ac0c0effa84646592a84c5505792	False
0x7a49297d391743b58b46e7e36e817148af4965d2	False
0xcb0b4f8beb29afab95ee1cd5efb139dd1e37315d	False
0x21980a3b0eae5c797e410f5a9b7f6251ce56002b	False
0x903223847fa286ee62a628fdd234bf25a4428aa6	True
0xae01b3659e3326d8ac0f070a7a8c8866a3932646	False
0xf6f1f6ba9919e7e1164dbc0916f63dce44fdcc7d	False
0x6cb2f116162d6e964b794f8ec86d15d9a3b6cf8f	False
0xa5cfb1036e38c050a3ab21fe428f94261eda33a6	True
0x00cb2126587d6b377156fe64dd8c913eae06a563	True
0x910b7a338db6ac42bea4942cf51ae112b4a3baaa	True
0x65c48a210ef4608bd86ac3864b0e08f540ce1873	True
0x8c0848d5056beb68927ba0461421cafcb6f29128	False
0xe83cd2d148c1d35bc06f2d60ebed80161063be21	False
0xdf3f9776a6ad69be95842c5928cf7761902f7d7a	True
0xddc858ff9e8210c1083f8171d1ebabc321dc4195	True
0x5348343e0bc3436f0c838c7caf41faf84d3566da	False
0xf77196778e572d6ee7c1c1fb77c38ba8c33e3693	False
0x24e9b19b120a3176dfb4777f48d558b3dfcbde72	False
0xd43da58cce04150d5c9040211fd43ee3794d6861	False
0x20a1acd836685c2de4c6c49de5489958e2fc52c6	False
0x1eea4b185b2134ce98d25aa321f9ec2a41c7213e	False
0xc1e9db8deab404c3abd722991a8ef9ff7c8581ae	False
0xef83f36cec96426a9a193f800a35ca423060f4da	False
0xf156e511f32ff2e59568af2538311a1dcbd326e4	True
0xa6147ed32cc10cb54a895b1655e0e650d983478e	False
0x3f6a7c8fba4d257ad1d05a03f9f62256a5a711dd	False
0xd364818fb2751b9f3350894fb870f1aaab1e8884	False
0xcdb0e437565b3a92affe0314b81b033f15e7c0d5	True
0x0f66a71000beca90224a3cd110e0701bbce70517	False
0x2f8a570415e9c6a3876677700526e387c8ebe0ae	False
0x49ad7d352a25bf6c17e0cff2a0681aecdc008250	False
0x59e6dbfaa5f379e9867d73f5040995ecbc62130f	False
0x4f2f7dea7c0687ed66846a03a245b0b83dcc71bd	False
0xb28c67d52a95fbcb5810f810c5cd32c32ca577f6	False
0x7fe9aebbb0268e5b7e7d0b1e3d777236773f6c76	False
0xe675a7921c76eaab6f99412b53920e299b8b80a8	False
0x3dbf429288b5e65fb5bcd8bc35fcfb24e9bba91a	False
0x700adaaffd7b4859ef652533f601a4a807a77520	False
0x75367e2ee267cec64b7a3e7bed60a316d08606ee	False
0x768128b51f3563fba406e2ef0cc81e73a754fe48	False
0x7950516d4d50a7cb9734c7c7e898756de237a285	True
0x6cad9d0cae95bd143c040f2b5a4352dc2a4999e3	False
0x95b678ea67b47d5b2a6a0553fc20cdecb898f9bb	False
0xb464718e829035338fdd4beaa95b1ab25843c98a	True
0xdd23988a7330daa836030304f7edc6ba07b6d771	True
0x598a99fa9908400700519245b7c27f883340b62c	False
0x555dc4ca299a9c2ef3f9f7625d331251c0f57621	False
0x01252b36a8b7ae277f7fa30febdbc9175505794e	False
0xf320aa053e11829ffa600220ee6c02cca28cdf65	True
0x817f38377c6d9582741cff2080c6798ea354679c	True
0x7281f804b1508b73d7370170e195fbf3adfc28ee	False
0xa92eb6e01dc549b734551af4158cdc41757ebcf1	False
0xb659fd2f474891536fe027b2d5e669855e053677	False
0xdb15e7b7fd136baa9172f507670f737f67e1ea78	False
0x2bb55258e4bfcef99299baec1188b80a75fa2d48	False
0x56f8669b6a8111cbdee31c9624ed3b918d8dbc2f	True
0x0a5ec5911639bc6f49818f9eadb961fb462e8323	False
0xcb5e1c97e4306127c031146064f533a001c318bc	False
0xa0a78a35123786771933d9137cc8567ae4aba38d	True
0xd23518d19a3d27c1942717a90e5198695936466b	False
0x564887aecfc6c7e357e9827b90b531ede0b9fc46	False
0xf4c522e1d2eb165838609c1eee606eb0a0578638	False
0x73f01661f488a612144b262f8336f3194d74a35b	False
0x2877c50c2695f36f37ab1610836404a0bb317d34	False
0x03a8bd5b1d000a24787ae11771f7252554121d50	False
0x05a045df9748a9604b4cd20fb21ae7c15a29cbf6	False
0x5fbeac3c17da5b07c117fef4fa044b177e4eb6df	False
0xd075b06b1a8caca436df3d262762f82a6c775112	False
0x57165a16bbd43dcefbdcd0a2522d2277f8a13d70	False
0x091dbe5177562dd3f1104490365073ac1468d148	False
0xdd0c5b92faad82b82b750aa2ae68b261b556d0a5	False
0x57a160196a5ddcd9fb8d2ff5a5342a0e7d66c1c2	False
0x8589ede64b95531a672ec5876ce4e5777110403c	False
0x05ee5009f32b3036d3acd7301d72347a6799562c	False
0xe897012f67b9ee1cec2725f0c3c3400e1de77350	False
0x0f62e3209cd64299f5f97943c01e15e196bcbd44	False
0x9b3f8ea8ad9e1c1265c01462a08ea6745748ce2e	False
0xa61beed785811e9028ae5de01106c174c47342d9	False
0x997d063cddfcd1072e0d46e26f9cb13f2f087cfa	True
0x4162465a8d32208c94b98110eb077d704f6761d4	True
0x91080cceb4c138a14c16a94d2079d08589ab6ad5	True
0xb4d107d7652b2b1624a5e3c71caed91ac3a52481	True
0x8f7453d9efeb362fd027b8fd2ea4e5f169b13138	False
0x3606bfca79ccb60667be489c60afa543595cd50b	False
0x83a5fc1e4b69e28cd172fc79c7e8f4f8009cef95	False
0x293db9fd7e7cfd4a3f53d44e8d398b273186ff69	False
0xc66e4a21cb883691803f3a4ed04b7057a8c12354	False
0xc0709f954939ba99776b6912d920e75eb43ecd45	False
0x54f392f30cc27906c353023f53d1f72c0fa4dd4b	False
0x572d8db7d734f6568498438937ab44afdbec290f	True
0x11c908762c8a39e4b90990d1e0adffb49a1bfca9	False
0x7b85bace08159fff204125150d4a6c021cb558a4	True
0xd7375aecee402ed21794f0da9c362e5832478e9e	True
0x3639f6dd42a699ae1b1c4a393f1e40cd44202b76	True
0x0f41291c59a5a06f62e2f976de60f14f5acc378f	False
0xc48335a48ee8297a94050a5f0da27b2722c6584b	True
0x0ed3799af6b04d6c9608dd8b929c1c8b88f59c38	True
0x951179dc1e78f65ceeab21c4e9d0a34deea73a8b	False
0x0b100685934a013d91934efc6f2e4850f4685f66	False
0xdd798151a71bef102ef44f834403b6ad9879f371	True
0x53ba542943470b4b351b615c6552f6a77b936c39	False
0x0e683cf6b10b18eae4576a26897f419b1011899b	False
0xc205656c89f4c56090e4300186cc930d3514dd3d	False
0xc1b1bb03e97e98700ec765fbe80eeca04639b9d3	False
0xfcc17213980d73d01fca046229bc1c5b9ac5c784	False
0xa546b2c9e60a78a0fb144b3c2cb549eb81745207	False
0xc77812e1e248c8945a80da73dd11c17d2c7c57fd	False
0x1a7a72efbb8ffa63be3abb8627834cc3c8853092	True
0xd99c87fab99e4c610330629bd15632d032095637	False
0xe31a677c734002d74ceefcae256513416bca89c1	False
0x4aafd9782ab3467424e560a67df206185b3cede4	True
0x262623fc8cf6c03d04afcc8217382fd94ae89c7c	True
0x8af66fb054b0ba69279c82c05597da70b5a05b7a	False
0x6bf2aa587615a0c15c6dd52f751fb5c23d267930	False
0xba1a9878edd84bdda8a4fdc39077aad3d7e815fb	False
0x232b3ec1073ef89bec808ca9b8ce1a5152c16700	False
0x17f55bf767904c5fdf9ce727e346abb9e1594bd2	False
0xdee256a5fc24f21cd35412bf09cee81110f79ab2	False
0xa66803b32fb6dff9eb4eec93cdd6a042237df8b2	False
0x5b28034cfd1ce4228c55190395269cc748f3f320	True
0x6d9731e046ba8c4636ad2cd7ce9fa193612bbc1d	True
0xb97c3a4a749574b864f41930b7af97dc3c37135d	True
0xa73e3bc772fca9ffca2b17748f41c45449bcb97d	False
0xa787a64fa4280105934fdfcd83ffc1331adb2802	True
0x3c41533bf343027534b81d3b587dc227669ec5c8	False
0x9da48a5e54365a0ee58100ab0bee15e7c0dd4b11	False
0x4ace63a1c329f025f3036d11546578348b5bb1d2	False
0xf997c38d3f2302964845a45698ce57da339f812b	False
0x4e55463dce884595e78130fd20afa419138751a4	False
0x3de88af914b2b0d73b0a3a4eb68cd3aa6c9af27b	True
0xde672bc2f3603bc106c0b4c25ccbaf22274c7bb3	False
0xf63470707e3a5bec95c4ef23937edb6622bb1df6	False
0xdcf3d6e3cd5e4ff7082bb1aace6808042af7a2bc	True
0xb3a1a96dcceceb3cac26254df4ca5fb2d15bcf8b	False
0xfca372c1099e2f06c8d752ff2edd5769860b2366	False
0x5cdd6be80bc969f775934d2f68d5cb98376beca0	False
0x64425ae259bbcdd25e93cc5499a1430e64c5675f	True
0x6443e0cd0266ff4b1d33f814818e29dac67a7616	True
0xaecdc777f6c65dc40ad24f4de8d0c7d7fc55ac7a	False
0x47c56f6c94b52a31f98b1674c981fb4843ec165c	False
0xe167a4e9c1ffddaa4baef9e71092ab81462099e0	False
0xece310409a484a90121d1395fd930340ea9028f9	True
0xdb6d9e6570ade64d30be70fbaddc28f97bcd968a	False
0xf30dd490e9ca02ae25491bd848ec7819995367d1	False
0x5e295e3310aa0a5e1e6014eb2dc5cf05fd4cdeff	False
0x5a95acb5c8f9b9d05c523e7c5b0d6b1fefdff823	False
0xf6c08aa0ffd3e988a6d5403c6c741a590b99e328	False
0x2fa3a974acce0c42aa69229bd0cede0ec8d96d3d	False
0x4f281ce4b861489f970dbfc9a3139bb0b42b7919	False
0x33d06cceaa83b5aed1cf91d032d944167e74911d	True
0xf6d1c003672ab5c4d3e46c63b7037bb7635990e7	True
0x595d2598a0193c5b7d827ffe1f2c06e3557e645b	False
0x32ca45b2f5ed34d9d199c5a3d9a3fdef6c989a86	False
0x2da38dfbdbc0ea8e0c0d481f0015f203f9e3e019	False
0x6fdc95c6f40c2ec44a8bba82bd096e862e4b4560	True
0xef27fce3bc2ddcc061deed2dac0efa072a59823e	False
0x29dc3e166c1e08d93b082eb59992685f0b13f06c	False
0xf1877dd5b1bd5d1988944a3c5d51ce504e96295e	False
0x6acabd155b020e68f13cede348cfa527b099f037	False
0xa577ca12aaa90b4dda9984ecd87db57f88f0bc04	False
0xde83268bbe57478bf51c587223fcd6f74e66d60a	False
0xd07bc9b5ff9d4c7931a50da9722ad3ad55e9145a	False
0x28bd17e7032145a7fb8cb0310c28752c20b8be11	False
0xe184248d8435109ce81e5ff4862ef6c3c1a9a123	False
0x81bb9afea37fdc6982ba4e480ca43c4b36e41de6	True
0xf5d2fb56c396f66c475520e3fd774dc301891aea	False
0x0ca0d4ee0dd4bbafd75f6bd15f195823fe6e585b	False
0xce67b2b97056f18533a8de0f780ac0a2f6a46056	True
0x52630e6e5d683a6c22a8c0546aee947df818652e	True
0xe4531c9c17717595752688339052ddb2f5800f2f	False
0x947183a87c6a82229498805b760dd43b4f9e0c7e	False
0xd81c4111a3d68bfad66842c2b8b62e434d78b9f5	False
0xdfdc35e33130928ee0081021a56916b4b3727033	False
0x94bb321c7ccfdfc3939eb6dae916be7be154c615	False
0xcdac989be1b82955e03b04d6f0273dd679cd51b0	False
0xb14dd54214e45685817f2afc964af7b30126a468	False
0xaf24785391dffd5b1cb8ca70ea34248eb81c63da	False
0xcd8b11dcdb4c8f28ccadff38eaf314c43e564502	False
0x7bf5e38a1d3f239d9a6630a120c6f3ba2e60bf84	True
0x9de82517248bf3fbcdb3d796e826da7ef1276b7e	False
0xf3e5e82224f259ca6bc67a68ec491e0212c4d515	True
0x5c38317a112fc57d6183be0c1f6769ba62fe1a85	True
0xb57497b095c9a3b705e0cfd724eafc0617ac6390	False
0x6739290834f7df4b33c704e5fe845e82632c1d41	False
0x0668790b324d5e24dcf7e0af1ae04719113af38b	True
0x3aea671aebab64c014ec06b518aaf0de69a188de	False
0xdbbfa68cc561c697c6c30b82ac6d9ce6f45f7184	True
0xca6e40799b061d3a2d0a096015878407a82d5fd1	False
0x0abeff855aaab632ab37b1842c367491a182dd5c	False
0xc44eeadf0fb13587ca69cdf8550e602094c9a180	False
0xa21c76b3a0cbbb0d12e9bd37a6d58708a0c1c5bd	False
0x578881fb194cc97b877f2b45e51a46b23e3844e5	False
0x565cc0976d4f278947fab04eff83cafe49f6ff05	True
0x7c7606d54e56b719024e0abe37041c6e8b21f284	False
0xcdeff56d50f30c7ad3d0056c13e16d8a6df6f4f5	True
0x9169b06c6d14bd441393bf0aa3aa7e07d3d69211	True
0x3f107dedb822cb54ae39ff7c4bf40e7a818b8051	False
0x85fec4ab888c65fdd86f99b140776990ed968669	True
0xf293caba198f1da3b41d7f2b85d58497790f523c	False
0x7a1a18d736f8ba824dca14f136becfbce47e5c75	False
0x4f0d1c63aa3d6002c759937a9b83757f531d98ae	False
0xa5f11684509c393009e24104b8c6a9da598f3e2d	False
0x0f6fd5d7af3a54cff8d765a40e2b0bde94be73b0	False
0x17a4ffb9608ceeffcc9ebf646a507c4451e5ac0b	False
0xab7e9a979b34ab96d01f753820f79e5af97c06a0	True
0xccba2439fbbb1025b8d77f080b3d5c2bf38a0251	True
0xccf238e55f18f46b4bdb64309645712f7f731e0d	True
0x38fff26236c404152ac646143a4bbbf30c3b0faf	False
0x99cd713774da8f08b2af5cd06007d8dde73fcd71	True
0xe5c45226683345b6a94b1ebfbcb0abe6594d8f6b	True
0xfe611fba9a29ff47897c14079058bb5f7166ac58	False
0x1acc0d8749133d6310ca113835843d4899550911	False
0xfc8e4e3b2519143afea2afec9170b994b4555a47	False
0x4d81a74e05c2d8e4f4eb0ba4f8c25f37bea92b27	False
0xc1e9147418498cb6744a4d30e4b0b4e57ae320be	False
0x588612feae58e4f470444e1b76be1aa5fd1a0c30	False
0xc8d8ab4e75bb08a0edd70e0e1f3dec7d18e3da40	False
0xbc21575f58ca52751b24b66a51c8020d42c61a40	False
0x8eedea0e0004530c8a5f86a44837397d5b11004e	False
0x69a110f39be5d6b182ca3f0021929b5420457343	False
0x032295be3e7c74788d529baff8603cb6d550f710	False
0xcc8a1e41f4c8ca38cf6685a5b9f717c71c76765d	False
0x2f52c085daa8213e1577bb02ded6049b14a05a1c	True
0x0d99bd162ffa5149e97f76af7e7012d15a95581d	True
0x02af68b9df900524470956e00399214ddf8e8128	False
0xc1a9afe48e07220a9ad7eee3b6a2c9714e5ef266	True
0x0e78aeda1276f20d4b8ffbf721ca28e81cb40efd	False
0x2fdcd13f0d96e7af5535fc9facec0ce702f9c4b5	False
0xcbaf17398523e86e86f920b0f7373b48fef2c3d8	False
0x5fa45c53d41e390d2777b357cd34bfdae113a696	False
0x7b4482edde7f81c1bfc6891f760f2b4054a1ed72	True
0x3a48b3f5fbc795285e6ac2e531fc9131d79a894a	False
0x9fe6a54f8d7d07e9a43069dd26718f396db30a62	False
0x90cbafdf68261aa72a428b126489449676532ea6	False
0x49c2086b63823c4899d3e28a843413ab26d47a7f	False
0xb65d325a435214e5922d18810f0c7ed83c5ea7bb	False
0xf25bfc5b349af85bb4a41b03c9b0eb1530c93a2f	False
0x307849b04c1edde559ba9880a592fd3981cb3b10	False
0x8a3875e908466ab19b1f3372063e8a0751ee9c22	False
0x5ea9e3b5fae68e77113b4c904efd6e5c640e371b	False
0x1e6a988173becaefed7ff5e2b77f31fa59421e51	False
0x28be64e36d929a1048d7254ae9c727a578242162	False
0xaacc5cfa7a2d9fbe4a12157a5dec2928dedab08d	False
0x8388392b3f5a65c7886f65b2c1e54626cef50117	False
0x3ebb2bec4689dda61886649ea3f24331065af58a	False
0xd9ee7a349d0eb70ba66ce10499b8973bc1ddd339	False
0x5b03a6b527b56fdd6016b23ef857a27bad51dac3	False
0x68ea278962c38fbb87e76f6fecb9c7ec4506c0c6	True
0x0b74d3d1dc2bdf02b15810ba88216d53ec7a7122	True
0x30b97bf618479b762da8ded50d19e63b0106c7b3	False
0x7d4fdbc7f45b70f44003ded75cb9ddef28ff120e	True
0x644ebb362091615f268150c1ef57fcd029d8d5b7	True
0x8fa68a1f512dd5d22b79eba44cf9b36b6baf71e9	False
0xa538117a8a67e594e30b03c3aef022bfa50cf54d	False
0x6ec6c22ad303c9085b52407dc621c79c9d5a0e42	False
0xbce24dd889bbe2df9bcff6d5ecc8fda10ca16594	False
0x98642a648bd87e572b520993579b4aecfe68b2a7	True
0x8fbf6e26a531ba0a96de56cca210eaec6b741704	False
0x6117c7f9b2a9f65fd4ae0407103bb95702dce924	False
0xf1785d55810b2848d3c93709a7705f688c9b1113	False
0x0c4f342a70df6d7d7beda3d8456fbb7553d4f9c0	False
0xac41821338fefb209473244064478b445ba482f1	False
0xb6fc8b109fc86ba48974ad185b365c33eb2f48f2	False
0x242149c36c96af893d129caee908fae77266d98b	False
0xbc3d26747e9833cbd05146552efaae631505b8d7	False
0x8810ea57c4f9685f76345c41a7d6b92241d0bc7d	True
0x31cc49af82feb4842b0aadd5972bdf3e9a7f6058	False
0xd08fbe5cb6402429ed74b44887720973327d907b	False
0x44c87d1225c0661b261de83f2a41d615cf2d99ce	False
0xaa181a9fd423403b62d3fb2b1e53ba890e692dfc	True
0x8c0e6fed86c4c8ad3ee6fa80219cea95c822fae8	True
0xe68f97a8421fc4752b48ff40ba7e52b864053987	True
0x401505d71f464ddf003d0e6d75c0f140640d4913	True
0x7625dcd64ac64844a2b3fe16c32263ec20d73e0d	False
0x027b06be0c23664c52c60c07106560fe78c706ff	False
0xcf7c91522cbf20be682fa00c770b1b9a039506aa	False
0x7e5c686fb8a6093fe05e247a1e4cf0d24bfed59f	False
0xc1d08416969be3486f50c38e2f74f065a6ca9b20	True
0x16b1e16494e9386ed7ea266fa647dd4b3c86244c	False
0x1ecfb8d7161933afbeb7b628d6c6cac282711c33	False
0x2c5815685fde37a864aefc7f29b512e5db81a84a	False
0xf4bcaaa26dbc22ed78c18cb35871a4d31460f910	False
0x191c4d5c6b7a7b04ebff82294cb273a67eafc22e	False
0x275b7e94e043394dbab2e3f49970e73de87018fd	False
0x956a797578e2694303b4245971d69924ddec0ce8	False
0xfe2aae84226a4c5b44a96196e8d6e18e0b88fcab	False
0x787f87b2ff34f469738b7b05952bea6aaea7f339	False
0xe5e0465a88f490ca5ac21ff1cb90826b8432e99c	True
0x19e0fdf3c017d4ea82ae110f74adf170c91e8c7d	False
0xabf1445f6dde97dce2c0fa3a6fcbfd2abad269d1	True
0x54f527f80816719406d00a6da536ac0cd7e0e702	False
0x1161ae22b69a8af5b761d62b1799f5b7440f15a1	True
0x69c8cd9ffe004a2ddcb7a20e08d3ffe7d3d81eee	True
0x2a643cd0e9f65d4d11ffc142ebc45017e76dbf0d	False
0xee2bcf16ae92445646095c0e21ad0c8252797e7b	False
0x3ab7c02f1efc27371b7fe795ce494e1a05f75b00	True
0x9d5379329e031d2aa443ac9e2cf3bc6239b25ea0	True
0x13ebfeb873a1fc4a6c740d9ad80e376ca6eef9a7	False
0x597a685ba877d3d21ff243f00f6be8916b447e4b	False
0x6fd427c61d84b127341a842d786f320820072b88	True
0xe3dffb1868433a770c4ab025bb3caff8d1be13b0	False
0x71b405415e09833e23b29d697a9bfc67bfa3c2e9	True
0xae28b4f92d901ed9b6857528a0504ae4281cfac3	False
0x948f4fc92543838bfc3f175d7f89c2099f0fdc33	True
0xd7ee23cf0b8a3659a3da26c38fc92d1d88b6142e	True
0x69d4fd3119f314a67fd2dbd54cb1e282e4ab15d9	False
0xd02ca8193fad0b9afae43ee297aa57f15045e0af	False
0x0009235d99816e02ba94353f853eeead8cd6b910	True
0xb5f2aa190ea7e00f709ce93d538fe0af2e69b743	False
0xd43a577adaab5221ffaeac9d4132d4cf25e021e8	False
0x8ee4a10bd8bac1c4047b8898463e5a53df7fd308	True
0x3065b3d20ed732097638bf9eff5b43105ea22e3e	False
0xf6a3acc3b574501c87c27ee849d2423910473a72	False
0x30f257ccd0397b6a06ab58eb49edcdaf1896497e	False
0xd8c5ba977d8e58af8c9795b87f53e2328981d54b	True
0x55983d26c814fba9d7410b9605452ad26b302943	True
0xf0e99ddb1fcb7dbf7fc71ebaaeb32b5638874ec8	False
0xd59db697e078d577b695657b10c9b73d5a098c49	False
0x3919b15b571e9d192ab136be1643bb16ba94a6a7	True
0x85d967ad84eb5904a5b7ee5565f63e10778f1b82	False
0xdc8ce7ba5a173735ec140ea4952e06d4910ab58c	False
0xf99cbd7fca6b4704bfa42818325bfddb32b985f1	False
0xc3a25809fdb7c44e3e22c25b9d5e468a7476593c	False
0xfdef6b9740bff7c7142629a3596d3f0fd51a88a7	False
0x977a32dc8f6409c009aeb284b994676da6b5e72f	False
0xf0ba87075a52f5c79210a66f6baba5ec271e5dd7	False
0x5a49b31453346041b63885301b9936eebc136296	False
0xb5e779dc64af08bf2a69f0833831de952dfeedc2	True
0x53b9815c83a6306cbfa9e87c56fd0275b5da394b	False
0xc45bb3d3cb60d6935ebd6640cf824af8ac00a5a2	True
0x5d33f86f54c606e3ae6f8ef333f15f7eda158a9e	False
0x271b7c3bafb4eb23c93cbeb415d8231569944d58	False
0x82b34bd419a8a7f61576d878c671ad15438ecff5	False
0x27a9b5f7d9605c534406e83e396613e9b2970930	True
0xed225c94d11bf202b47d90c08546844943d54e13	True
0x3f088cb4a565c7adeee230944933b90998fa4f55	False
0xf09e5faade34cd9a6cfe1861b08f3492ec9e2e48	False
0x6b321c1f6f94ae1641e03bdf0752061fba71924d	True
0xaa8f31630610802458a899f869e17b13314c8f0e	False
0xa15cd6789b2110ed9cba3b3532ad987ac43a637b	False
0x8f2af7fcc6c9a637faf6e0b4cc7b4526ca0818d5	False
0x0ee0f553c2c372c1350a497412cd2909e7827cb4	False
0xbe77df2ec4bcb84e8f4ae3ca8c76c47ae471b42d	False
0xd7153dd07746ebe23fbd7297879702f7b0fdb3cf	False
0x6d33556a2e951b3f60d58d4bf6d902ac955ad7fe	False
0xa2d5cf4333445451cb24355ee3c5493f01977a16	False
0x97ca7568a050e63926c328abad12e34a2eabc46e	False
0xc793798201c0e92a0173a1b69143ee6476311f8f	False
0xd4b12cfe79790fb5773c5dac5a58c7948441f47b	False
0x3beb9182780b3f7df9956cda07b55049449a89bc	True
0x017e33b9d0e68ec330431866aa3929b3ea67df9d	True
0x2bb3d727bbeacd5150dda402db98c35ed14f4435	False
0xd7d69212e9d0d28ac5aeba1cabd0c4e800bb7d41	False
0xe95f9d8c660d07449b5063c39e30ef9e8e12617b	False
0xb9534d57ef03f9c5b838e473d22664e32fb43f2c	True
0x180363f8ad88d7398819d96f022eb44f1c4cdb08	False
0x3ffd2eb23fc063901f395f393623c2a255d2d98f	True
0x463360fa2167851bf96955bfe5cb46c7e7134c32	False
0x3f33eb5cd9e8fddd8951298564eefcf99d485ed7	False
0xb6e51d9b3b43aa0b46fcf092a7852e2b7b1de268	False
0x2cc100136773b85f98c934f40503b4ceedbf72e5	True
0x604b4525abe6fc12e5ed04c61a884b4d5ec0fc37	True
0x1fc51b4e60ffdb63a191e885d5a344c73e809e6b	False
0xa9fad1c62849c10856a844511c643cd9ffefedcf	False
0x7b0715fb3b38f8afed0b9e7ed7acdb7b073a278f	False
0x8816bd773cadaed98946c31f7ba03366356dc318	True
0xd1e0b4849ee08dacab3608566fecde38ae5f3433	True
0x0a47b58239618fb45bc6f9df1b02a909d7fd8bb8	True
0xc10d7d0c7b650b4572411a055e4a9246c507dfc0	False
0x22a0ae1442ca601e417717d2cb47bcd93601c400	False
0xfb3705e4764fec589cd5aec6b3f9974a8709b8e9	True
0x28e64f764ac4d5b0b58cae08ed2b4e1d187591e3	False
0x3d47f783cd3e7ee2d767cdeeae94d98dbe81efae	False
0x8ebca7bb2a1794a2ef7cb60fbb97d9a8aeae19e8	True
0x232835993d3c11d66727ee7112e08ae728810e35	False
0x6ee4a2b9c18fae30ecaf4da538dadfa0e08d102a	False
0xb3698329a722d50f97df91a87a8a89d543f3a97d	False
0xce0445686a73dd758171b6f00fd5a31be0b61b12	False
0xe95f46994fe32f86b31423f737e7e19166ec7899	True
0x507aa8362f1463807a460dedffce699b002c4eb4	False
0xb4918b12d5cfc63f5f6956b06b5d1d2b65e1afd6	False
0x0332b704f1a3c2ca064c183cd6a2548e7fdd56ee	False
0x3893cfbd07a04e36502f4d104bff23b864ea67c8	False
0x837242b5506954b9141d297b30d874abc5843a0f	False
0x3d121c8789778fb3718af4f53937e81486f61c4f	False
0xad402b4be4132590216ceea82b89e8d359dc294e	False
0x03561cc8ba86da015f91eac5f08d6e2c9161a54c	False
0x4f8ca05b623075c0077d253920164317d779cd97	False
0x7096fff1b09644fa55af6ca0dca443701bac35b9	False
0x8411735d15d8d6695de054b864d689bfb226c805	True
0x8ca386c3d9cf1c92e84c6b2b6cfea25898844202	False
0x2878183dc77ae5fcba046fa044aa54818456b700	True
0x69799e382aef154d148dc0b2b0f22b84c5e68b17	False
0xc93ba86a8fc2de85eac58528cf56a40172d6c545	True
0x58813d7f46966929d2c2d0d8b6d4ce4a9eb8d1a1	False
0xf302b06280b771bf157df0738fe0f41c1f021eac	False
0xfdb5faaf94df6f0a0fee300048037cfd597e0f2d	True
0xea80845797f30ca73d0a3232494e973ad64e39df	False
0xcbae6302466a3bb2237c815f62510bd4f988dab6	False
0x6ea243c879f46188c21949bb6774216d020f0a19	True
0xae774436709e9427a491d8bb822ad05d105ccd4f	False
0xd2361e5d6a31c9c8b585d065e7671b8fd0c231c8	False
0x8b867a5e7d647c1a402a000878eb92369240764b	False
0xa041394b97e685be0deb8896456af049ab14417b	False
0x549f94285a4c3f033052000933b78485c5283c2a	True
0xe73f841595d973e3a201cbe9a8737bc5c3ba1cbe	False
0xe34ce39ea37a64bd24ff57a900a18e33640701f1	False
0xa766b06e2a00a9bc8768b3629daeadd0fe138621	False
0xa750fc1358df03ffe03a2208d0bca980f96ac588	True
0x39d74af73c38affb404e96bb83e09a2d830acccf	False
0x767f08b825b37cf8ccefdf7016cb80620339d7fd	False
0xa6c33cffada7db7000a8a49ba5d2a25aa0433c6d	False
0xd6c8af17b3bb5ee5d69733adef6cc4e00997b772	False
0xcb499cfcec11724a766739bb1083a9cd151b3f44	False
0x47fbb8e5e860eee87fb9ad911d0aaf2257d19b3b	False
0xda50b6434eb7e31efb8cf0924c03842b5395122e	True
0xfa506138b82a3dce79cdb2418b2aacc3d97d5c97	False
0x47b0b1b90e1f8e25cd42200596693a9c787066a1	False
0x03d3036003487abc200b098ef7be85baf5a4bd0b	True
0xa399ab436a17e819d47a2d3d710960e316c251c1	False
0x4d6233465299f8ffbed5394a81f582faf23a9dde	True
0xa600d737242b3ee2360c7d495bbaaaf4030b1032	False
0xaf9e4ae75fcdbdcbdc27070b54a8cb549fc8eea1	False
0x3a627a9140475a9268b8f33dd8db688971fea35b	True
0xf2653a4c2c93ac67b8c5b6d3678d40a7469f4cc2	True
0xe6ec6693f2a10933423247912f32d662d34c85b1	False
0x28f26294187d5f6ce9217c56635976272a81c8e5	False
0x9e55446e9e76e24707c2bb0f7f5e43741a91d6dc	False
0xba96b49b27f55b956075b1c534425522aebd1f0a	False
0x5c27df7ce6796fddb1cc959398e336e84bce4a94	True
0x04d6cbcc1db56ec5d220788c589a7a4d3f83f747	False
0x2c69d0fe799c6022a1ce618e32882f34452c89eb	True
0x0d2aee364f14ace47106b5f454f9c92390ca19c5	False
0x54f4cc16b1c594affcb7976bf0c38a968ce47175	False
0x9b8ac9e2e2d8d241c78520fe50d092b87872b5ab	False
0x0291ad12aabd3aee286e6bb9bcd8050d7ac9aabb	False
0x9555c50f8d6f2b3e9126bc00837b4f5270adc325	False
0xf9e697ae465663d8baa660a01764833cf050c5de	False
0x3478c1db3aa3eebe07624ba75a68014278b4b432	False
0x552174c54e02d81bd3d4d1fb14cf958ed39b2a61	True
0x126a74f5ddb301ef2dd6f86cd42bd1ca0d15c5a3	False
0x7551d24cfafce540becc21b7c87e6b7ff083a9e1	True
0x92579d26ce1be724331ec57fb64cba09e459e16c	True
0x272fb26606a23a71af61bc79738a2d369f71c663	False
0xfe573ed40e195730e934becade6e247b42af10c8	False
0x31dbb7cdb1e34d3b142a1e170d30eb1c43418c70	True
0x74f246e3cb2e675d4538aadfda5eb9da6e13b6db	False
0x67338320952b17a66bcae8212f89093af9ddb993	True
0xe999795995ca2b0cd442eae7f3507c4a81081404	False
0xf2423a8cdec3fea05452575ad2bf87736f8f16b3	False
0xa4d49afd701114cddab82cbdbcf30db11c3e9dad	False
0xf7e35effad028d36b580ecd00589b22c1fc25718	False
0x47bf253f7c505051f8b7c7d495bd7a9b6bd56754	False
0xf42c15437048c13599b62e0d7b1fc2db7adb342c	False
0x762b6657dabf86e943125e3ae884db17d18756d3	False
0x354451a79a0827595504dcc601213f2303efbf73	False
0xc806ac8390ab035c276a5b5afdfdb3b2de46e742	False
0x7dd4e7cea7b45a294ddc774edd6dddcbec52ddab	False
0x9973db1507c2b3d67e1bdb6ed6f7778238e2c993	False
0x4bc75c17f00a498ab8769a9d89c432cede4ac35f	True
0x0ce8a5c70f737270db1634dff31674774acfca9a	False
0xf3f81bb802d3922d146fa5604686c682204bf328	False
0x559d9bc29b270667741fedd4b88d5ba5b464ccfe	True
0xf86657360fd7203b3dd693dde304f5a697123d04	False
0x0f10551e7171ed905cda90ddfa77bd2b016dd693	False
0x76374cd5e2ddbab56351dd600500156b4663d888	False
0x52b68a835aca64262845ccad4e18d58e10f0f521	False
0xd9c21028be5c4ad5227d40e75e9f11573a270875	False
0x97f94cd3073241ec9fe60f5816202854034a99aa	True
0xfc1fc91d48371427905ee68c733ed8e5c638f480	False
0x372cb6fac56d555fca3065161c943a95c1a462e8	True
0x722f381b184049fb1525b93858c054c81604e938	False
0x4cfc3a41d652af5cd5f1c3e729048890b0173123	True
0xa89579ef7ed3770e18b432826a87e4560d06658d	False
0x256f101f93086f06ec7327ee06a27ebda4da184c	False
0xfaff5f687faeb430cf9db97f4dc1fe33a2dae731	False
0xc505c5f2ed732147993e020c74a551bc6a608109	True
0xd7eed9a53dea80c0fe9316dede81a3634b9f14ce	False
0x03466bc3d55e6569c6af753b45ac260227230284	True
0xe7399c0b30f1da8aab90ce7f1cfcb2805f13ad38	False
0x022fa8b3906d0ba4d04a45cfef762d1d2f689d91	False
0xb3ae5aafb5009c954a58b66c52c63c202b8faac6	False
0x5ec2c0f56bf6b15ffb744312dfcf8a5fbece8bda	True
0x68963ee31e5f31d21f6ffbf79bfd1ca12d39a89d	False
0xb646cb8f82ce43319ede99bbc403b8a02662f0ef	False
0xcfd42497418daf17bd2f7feaf676bb78c2df855c	False
0xeaea883fa1b16441dc5c8f325249ba6fb2fd4e10	False
0xe6deb1733096ba7a0bd9fdc0a761bfb72fdadeb5	False
0xcc3e0da26870301e37998956c016d15e34260ce8	True
0x8c99ae728ee353610b371d8511ce2da238437691	False
0xcdd37c04600cce26de9c4aa343954b3ec497c5af	False
0xd2c7787ec4e882e540ab64ebe13407b775813ee1	True
0x45ee5d88cd176f1c3a1eb95ed2885cc8fed2c75c	False
0xf45dfdb16a843ca7d55294969f593ea58ffa223d	False
0xe2f6fff22b345a09239609e106c28c059c179bc6	True
0x3ff39472375c8aaa0afabcc8eece9557f23c036c	False
0x4d60d9550bad3d832e66a37139a9de70c16de929	False
0x0da45ab3a498cd8af9e7022033d094c8677fd667	False
0xa6f2ff0a18699624165101afa5739edbb5ff66af	True
0xc855834b3c3cd9c27f797302a809d5ac99c6272d	False
0x1914f027ace3f15d15f8ad87f736af79e4ce57c3	False
0xe0fa641ac67a365168ee080899ef0db215054330	False
0x892e483516616f61ec161c8350a120fe3c9bfff9	False
0x907c78d34aa1faeb4b8937c26fe451959adcc13a	False
0xc7f6e9ad2443c7d081bdcc8ba71da83a28a88ee6	False
0xf12ef3c7958c8898374a6982e1b401af0d22eda2	False
0x848a9b445c5fcc0aeb16be1d3b67f8f5a6610606	False
0x03a04c240366dcecc485b6ff1d522a9ed83eda91	False
0x19e40db08a80b01a9b0e1c49eef9bdd4402169b1	False
0x109c9bb63f41bf5a89718b67c32faf119cca3f2f	False
0x3eba9f265b06a5cc0d7f40fa5efa5015d8446717	False
0x0188f1f3030147b453ad43aa5ca1661e5347f162	False
0x687d01d817d12cddb34567111c1296df1dff17a7	False
0xf168b0d8d9ce8f4ad2e1678bdba4f67f5689bfcf	False
0x183bb793e723d20d039d0a2ace9b1fc1c9b708d1	False
0x77d99ff3a6537f536ce419546eaa14a34770f98b	False
0x76d288cf0878a0c038cdc2a6466f6f099d1fc859	False
0x5c620a00d18cedfd23163d7e9c48a39d49ff4e38	True
0xd2ce79c0d454f556729d631a219cc736f341da45	True
0x6c41116edcb2dcebff6c8f40d53e85d62db3baf6	False
0x14791081c6750c26c0a0db46b45cd147d370c74b	True
0xe733439ae07db3d20f2abf77e5574e4c4319b39d	True
0x43ff30ce165f632adaa90a87d4cb8e62632abfe6	True
0xa92bbd015a96c6e7b4c28fea630f857f82dbfb3b	True
0x4acb2591ef63d0927e7e2c3a303cf86b2fb47b61	False
0x4ee2513dc4e4b3999ca4f79566b1f8f66f64fd93	False
0x25f32a7c7a9e2370c59eaff5cf23b761db7941fb	False
0xdd6b8716df6d901d9fab4f70608b4b280cda14e3	False
0xa7181a054784ce223a5bb231831e8d660d1f8658	True
0x780a5033555c222796d285e8a4d882797a09a8b7	False
0x6ce99708c4fd25150c3b74e80714add837532afe	False
0xb5ba3b1037bd08986109a326ea5dbf1f269d09c5	False
0x6fb17ca4faec3e2941ecfa33f6b7b558e1b4e442	False
0x996592efe9398f5169b7b785ae68a67ef3822d2b	True
0x7abe1fb8ea5d863a3a32ea3ab755c89a60c8c630	False
0x87a70688421780297dcce54571c6e18272a435ca	False
0x20d5ea3fcdb22c16b89a09c42e4794e5b9244e8f	False
0xfa3799ff39585e61be3eb4b8e99c89dea1df7a83	False
0x94f9fcfcb2638ceca042f576ac7351af1e328676	True
0xf0170abe4e8516f745012c2d35ca23a8e5266a81	False
0x64bd2066eb9a9f2efc6f7f74710da8e03cdf76a5	True
0x495cca7573499eaa505d8fec7d1cdcd71269260d	False
0x1585dde96bbd28c8741888002d218ea758bdf8c2	False
0xdb52315e5bbf6e1dd436b9c47625144cf326be22	False
0xa26f5ed3128253738cf919039489723a18003341	False
0xe04b98b0a2c6d5add49306f184ec9850fc1b49c2	False
0xf3513e9bd19f674bdef6a7fb37c3e1fae9ea6592	False
0xccd50fffec363b8e11359e9a03f6410b1a8597e3	False
0x27d14ae44fae3009c2d4e132fb610a2eb628e3e9	False
0xf23337bd10ae87fb353b61c990847d51ea5abe74	False
0xca93b8b8a1587a36cfdfcb4c6de694398ff97ed2	False
0x0cf75cda05914d5f2e4795ac4159e0146b57097b	False
0x312bfae431c0613f81b2debe5be64ec83218ffc6	False
0x1449e1ba66e6df65ce2c97db3d53828c51cc2fa8	False
0x4bc901ba6e07ec78f26dea962e1d59bef5622918	False
0xe218dcec6cf3ab9f1f750e6add1326fd1c5910d6	False
0xa41432a1daaef7fcf1535f4e98287fb87deb4f89	False
0x9e6973c77522f2cfff8ca3c45cf4f76581496976	False
0xffb9ae9a82a49b7dc913a35f334236bf03ca76e9	False
0x70a32e3769fb7fea7258b5d2aae5fafff4875b21	False
0x730a797ba5fa016a68433f4f1df4dac3cb8b3de5	True
0x944d4e277f7bfe5c6eeb4de96d880460b5955e7c	False
0xcf73e3fcd08df2fcb72a35c571756e3d35e53e48	False
0x62bf3561ae3c82b6c05c57cce0c33b5e34e5dffd	False
0xcf2849ce6b2bca9cc7dddc814e63cacb2668dab8	False
0x607c1a79f4847ad088c7931ead4cc2178f762684	True
0x22d4cad5a32671d311bcbb850d4f55f2bbbd9351	False
0xaa8abd4e99635ea5b44986766fd9f31cced31af7	True
0xfb8442a09ff6c36d61973a1f7adc074da0060378	True
0xe173c5b5f9b8c28e48b5860af1e6b1cca177a8a3	False
0x916e3e876a90ccb1a8d7c1afe984f6c52ea0de79	True
0x245637e772301a355682573e924337c481b480c5	False
0xa9ffc944b1e6db21030f6dfd41a1c4b9b2e8e3ba	False
0x7e65f4627b5cdd123e09bea4c43fd39dff4239f3	False
0x00c178fcf0eb70898a6c378a08c86760574fca4c	False
0x6dcf9d50f64f43848b887b66d21ba6564c5046f9	False
0xd0e1a1b2d3668cb529f0c241a23597af26724549	False
0x64e998f634261d26afdd286caa8fc7787349c3dc	True
0xab71bf3674456ea650976cfe9e4e4e55eeae15a0	False
0x43ff3214520b9b61cc7b495472d3161ef7861f7a	True
0xd899e8fdac88a6cfa3ce7dfc0d460b4d661c263a	False
0xb1e30241a5e68ec05620d6b6d56047754f7ab6cc	True
0x82ce91c3e59f360c475deae9d99c11aae02b7e00	True
0x581afcd46b1a28912505a1eaba3163e9c2034ba2	True
0xcc44c64a82ac24cfeaf469ef2e14e8fbc25ed63b	False
0x65507a097daf6d492af30b9be314d91622da3a06	False
0x151744be6d8d679543adaba201162820a82c2b9d	False
0xbc7e8bf4050a98b1d93fea9f04a0b02e53fd7c85	True
0x5f96a00c8eda1d3243d41ef68153a05d41c94ddc	False
0x79587b0d22b4db403ea7360822cbeee5da1ea6b7	False
0x94ad47732633542f226140fb65dc1d5fd947001c	False
0xf53064413f372361aa57b902d60cd9a2964e80ac	False
0xa4fcb82698eb5e728003c2bbafd0431c386462d6	False
0xf3b7d50c9c2df62dbda1bb41506b7f0fc0ca359b	False
0x345f10953443a94558957148ade49349736e3773	False
0xfea20745911e1242e42c9103790623eb27b22e1c	False
0xc9363409068e9b6e2b4676e734fa1b4a6ca151e3	False
0xce894b148d00f24123f9f07a227d14673b133b2a	False
0xea7fbf4a1b6c16b9a06846a91d819e44064bbaf3	False
0xca8f8a532177cbb6eb686832d0c456542568e6b9	False
0x08476d852ee6daa66bbf8d509bc74ee72108c660	False
0x82d71f95ea6bd6ded6e87766c33e9662fb2c9884	True
0x9bed64dac8f963608a37c37aff9928ef13347d2a	False
0x986bd8d0feb0c0e4ec23a4e67ac506c26c9cdfae	True
0xa85bd8f0f8701418f37b30f2e25786ce31cc2161	False
0xa0f724f5d2b021afefb4a4ecb6058164c34355da	False
0x9f1a7ef83b882b235aa7b421a9c7b395499cfb15	False
0x04c4d4f4e94716a9cd5b1545223df03406755660	True
0xdd202f4ac5d1d432025796c7ab20a58fa88edc1c	False
0x3f1220528e98201697d007fdb5408d0b0804a3d5	False
0x43ab8c29579b22986398d886c8009f038d1f2875	False
0xc5a3edc8c7d3460b5fad2edb1ba7faff68a8bf0f	True
0xcd419dc2065bcae9d83e25b96e893fd03fa8ef33	False
0xe1b0064098d315c8f7a6b7f55c37c288be3f9a94	True
0xd9d829a115940a533fef7590b3fb5890ffbddb2c	False
0xf7c39b2208fa5697c4bf77955e15d8cc4c63cc89	True
0x605f91b38084b85c36b6e15bb3e54d9d3bd5e32b	True
0x53cb4ea2be5dc3dc96de876640a8553efe21da90	False
0x153a91f959a3310e6944a8419d5df9617bc8e636	False
0x6a1f3fbb7f44acf0506722693214a86cb63f5718	True
0xbda440a60ca4c83880e9cfacf3bcb7cafab647b0	False
0xfad1066212140b545afd8456d3ecc5e9cb093e22	True
0x72c6004b474ec70ffca3740b8dd3cae939feea2b	True
0xd5b31c0c08963bc04973e599be594b62f5b69968	True
0xbf84183dee74c49b776bf36bcdfa3c9d1a474804	False
0xd6884e6834c7d181b63ad1e25e54ebc28313fc24	True
0x689618c1544f6062108b41f0c2a2af7a39489b1b	False
0xde263ba79215083f7f0cd94482540603fc69cbcf	False
0xd63b8c5e9e30b96087848d96a5845de731657d1a	False
0xddf363a80ce201b045509934e70eced7b8bf0591	False
0xf1d825f9110e4130ba1497c780810aca788eacce	False
0x26aec57ebea86710e6ff063129e276d946505891	False
0xb2a6e69a14d81eacca0701cb829ab758d522471b	False
0x6475f55b7051b1fb0e01012433a3df3991b7c005	False
0xcf5a1cd619a87264e2ed19c9f7299a84d3e38215	True
0xc2d2ac0a057b0c236855010436226bb14c497ad9	False
0x2dcbb8e8d9afc69056a898dac7fb73b47e8f6199	True
0x148d9a6a14d9ca20ffac639674fbf39a75765ef5	False
0xafc35bb87d8ce2477f1b647f112beb165c7ca449	True
0x9d3966eff7a46084f753bce001d8d69c233c138e	False
0xe574b66a1b09027a5faff4dd17fe44c72f198487	False
0x70a97248a07588fba8449a6624cfecc53ca685e5	True
0x018080fddcaa238f4e850e3da223575719ad2462	False
0x7ecc68ccd235b823d927d6ac0dd8e6f85da37304	True
0xb4ca8ad104f5fef3c7f10bcf1a43f8ac3503d41e	True
0x60ac721a3f4c11d22114bb61334f3d287d279182	False
0xaa1061e0393416a18ed87856900a95dd6b67c36b	False
0x303fbb0a4ac8c460cf94693b1c52c4cf7d53efbd	False
0x7c11d64d9120da2dcf02847673d2e6cbc5e445d9	False
0xa1f995e1ac02575e9919240025b985db4d22923d	False
0x689b545263ba9f7383c5e1392d4b1c548427df52	False
0xd83034191c6a08e9b2781e36cdcadd28e5c9844a	False
0x23331000f64e7341e8d803d4d594e94847ee946f	True
0x9a6585a1683f18339f51e7278d6301624d73dff5	False
0x6a32c92c668b4fb4a755c0d4a7743317ea867cd1	False
0xc12ec45cf9de5c58fe40e09f4f2db8df6120945b	False
0x1a869e5f6075d474ab9a580886f8c470591e8fa1	False
0x117c9063b096b8557e8935f7410b8ab782652bac	False
0x892dc13e951759ab10160464eaefe4444d5a1f71	True
0x08e82dfa3d143ac9b5de880236b305dd39ea0139	False
0xe296ba7f38da7e5d5b53482e63a1d1af5243890b	True
0x0ab9dba73c70b3abaec5297a58a4c930edb3e03f	False
0x4793ad2957988d5a91626aabeff6d3267070501a	False
0x1554b3e30510bb8f935a3288c74c2d2dcd966691	False
0x4bb476ebddb5315040a13de83a7c519e23454401	False
0x0c16d1e5c01728517de34a88e711eb06d0477f61	False
0xf6827dc3c838262cc6e4e01690d962f43dcf927f	False
0x81604dd8fb7d5cec666d51672c9caa340fe4f697	True
0x9f4d0fdfc755fe4dd1885418be2f63981d6c0858	True
0x86e3da5cde1d6fc73985e26596310196b890dcfc	True
0xcb3c260d95aab08b30f89f2f608f8446e3d967d5	False
0xf3880ae710840b38af1bec544ef4485b605c4caa	True
0x938162638322f7ce676034fe89eba6a8bfac7f41	True
0x1a855de6d902cbd5a936abbb5201283bddef1337	True
0x64b4f6b423bafbb4a7432a29016a1a102f94f23a	True
0x562035fc7e826b13c08298330a11cee2930e2b4f	True
0xa0632e59efd267d11185c38f210879d5ce4ce2e1	False
0x58726dab1b11465c12502c2022bc7a1d657f05e6	False
0x5ae9108ab6b718a8ae415e1369499602dba38965	True
0x4f64f4c3fc6a2d307bc9ae840f00dac8221088a4	False
0x229e0c513a3e28c2d1292aae1113fdbf5dfbc72c	False
0x0814d4bac501dd0bef3976adaf7cc932fa867524	False
0x1ade273cea0b8a8229cff417b456b727219920df	False
0xcdee0969e3977b0216b8b5a896eb367f82f6ba8b	False
0x88d94dc6e13f228d9e48fd522b5f07e6af2e7a89	True
0x7a2ebc2118caeed262df62981bd36b78dec4b001	False
0x5e7ab452a8809df0219cd1e6640667e38bf0de2c	False
0x23d8bd30593027b8887bf619b90ff7bf291df399	False
0x1320ca0fc5e2746c0250dcb0e322d0cfd1b12efe	False
0x7136b28a84716facf9e9e9c622ae3e1c540126a9	False
0xe71f2b23282684a77e0218781c58e09cb863fc08	False
0x4151da618e79c7eb20f47856e966a88f59d8827f	False
0x5741b53c38a7a65ea8c5767706ae8b3145447565	False
0x9813dd67478d6b15b782ceb070c6b6addca24508	True
0x763727e7e8623ed501dc15ae6291867e09cbd9a3	False
0x77843e19fb150a9eb48bb5deae3acce17b2a33b5	False
0xa613d91950f0ec02927a93adb9bfb2bc5a80e383	False
0x321c972046f3ce9484e30a3fd658b40bff400fec	False
0xe977dd64e761c651722e28e86601a3b142591e11	False
0x4ccbffbce0e82f411ef6389b816cd68c6eed110b	True
0x3dc61f1b91eec797c0edddfeff4c4e21c2453d3e	True
0x43919d96f02c744a8dbe72220097c28dae14675b	False
0xc116e6bb9aa725e9cc640eb389d451e9535fa5d3	True
0xbd484a8f0f9733f8be3519b65346bdb4f5f2a00e	True
0x21d9a6cf97775ee327d406e8f339018115cc0d70	False
0x27f35ba981ed441ef76c350a5ba34fcc682fd8fb	True
0x47da1137c06bb9dd25cab8b141b0ef9009512e8d	True
0x9cb477d1c6218823d1e8935e638f7a7ceb0f4c9c	False
0x241193f5808d6c8249fbca70051fcc4d41b9181c	False
0x8fc97be3f9cb569d25629d2dedfd5b2070a5a794	True
0x6c997e3424b6453fa383684202a7b329d5c9a279	False
0xddd379b5d56448b93fb3e5c60061197a62bddeaa	False
0x9235845e3ecfef92169fb7dad7939c581aedf136	False
0xeec950b4b8c6c8b3d6278122c4e25bcef325c31b	False
0x439ce7d97a859df0341e78cfc2f8017f82d4e128	True
0x58c6b57e075ba2b7cbfc4bd01d189b563c4cb71f	True
0x93482a1e3af05cf8192ae579a7b3b082ebb97e06	False
0x5f0f7f239028ba0ec53bb9c786f13de97716c7b3	False
0x45f230c4de3dda532dd81db84b5729926f09d108	False
0x1f557f9f2f85d781ce735840d3a8a160b1b33637	False
0x45513ed0e5744ab1b1c0a63b59ca9b3c49f32036	False
0xade80107eb2e8112f0596faa27504d4643e06f30	False
0xb5fe205eef3c82d37f22b0496903585872d83389	True
0xf117b8bbb5bbad9f3336248e3ae9fda5440473ee	False
0x189c92c5b9b9b2c67941c4178d875d0c7368c4ec	False
0x7527e85c4b224ad0301b99d2e5a09085661ae8f3	False
0xf71ee2060e2daa27d7039bbf9f34f60faee55aa5	False
0xe7a27bf738df5405d85523a6da7adb0bd53b0d0a	False
0x5fc4d69af2b202925a2ab4881c4acac33ba7eda4	False
0x10fd2bee79613eaae708f2e153833ad0b939bf28	False
0x09480477ed35c11517db24cf2024231f46f002f8	False
0x7a4f55d0be2f61985c082393fa81d8f2977a289e	False
0xa8e5ca3c1b1d2268b416db45c50817d78a80e11c	False
0x5d93cf30bc6bd6315595c86d2c01916f853462f5	False
0x67be6838169c73e720b700e1c7b23a47188062e6	False
0x11c91ab01260995f0621e6a3f608f23fc16b2b6b	False
0x054de01b720208625bf523fc711bb7973cb73df6	False
0xc24a777ffe4a04b59390f8ef14c29baca03cfcc7	False
0x9b1b59358c5f49c1a0eea80392f6202640122567	False
0x1dc67fc4786d70d2e011d6366813cc9112f65dc3	False
0x5068ac843b18ac30caad6f6e9f54125859ef2859	True
0xd8eee57cf08cf779009dffe72b9202f9fa1bd218	False
0x73810cd277670b9f9234219badf7c0212b4d3652	False
0xa3a640ec9d190c6524781db3d77ef1238a4c64a2	False
0x2cc1f62bf9abb7a0d4933d87f2b1fd987145b84c	False
0x4aabfbeac2fc00d590acfa1decd8a8969eede8d0	False
0xefe4fdec5f98b5a4755c385adc67502b0668f5e8	False
0x76e5987bc7c295a2f45caaeca377389433c76b94	False
0xbd4ab595f66d2f13983160964b70bf9b0d4c0cc3	True
0xe7389e72399aa2440c26ad455c9085f400ebb156	False
0xe74531637ff29ee87fcc00719fb646da1b2353f4	False
0x789408fb6f1fba417cbd5561b959d5213360a1e3	False
0xbe3af7a1c0de9108dde2a4c17020bd1b458e1bcf	False
0xfa9f98be5cc5661179aeeb7b648153566aac850e	False
0x0eaa78e6c914b27bb2db56f1dbdec9cde34f02f3	False
0x8ea7cdcba64c9e919eb0ccf88c63a96992b09361	True
0x4241e32b16e64dd97506509721a999fd1b1c20f7	True
0xc4dac5546b2de2940c44bb29dfe43776b73faf4d	False
0x7449afeeb974d1bc43bdac43a21c6c410c0f6277	False
0x99a7e67076e471971bde2932a55edc5004859d54	False
0x9ec626e8c60e0f58dd917cc536f676269c3279e6	False
0xb140d423c51f5a1e567bea8c65fe0e4c0ea08ea4	False
0x6b2a5d9d451c425591cc91da8f8e7e4538c5cd29	False
0x0378938d202f5fda636eae6c00380177d3a9d466	True
0x694cbdfedf9f5c838aeaaa8e79afc7a8b0217ea1	False
0xde211d11fb546a6e9a9b40823b42c24f51306daf	True
0x26225d5d36a71a750fcbf177ab1bc59b4199d59d	False
0xfb7d7e4a7622c10ad36fcdc489597555a8aa3820	False
0x37fa64a4bbe0547e261919bfc36842c337019be0	False
0x04d12c619d3aa4124f036e61c456acf130fb8c89	False
0xaf65747e9aaedd96ca0362d083d292ba541ef993	False
0x13a4e0749523f860d4ed70e4f46a42d73e269392	False
0xcfabd357cc3892e6d873e5b6f0d6bbf81d744dfe	True
0x18ec9a2057f37ac5eceb19f4ac52c74873f7e8f7	False
0xf388c7ded7260d26d46ca098984aa71085beb548	True
0xefa377cce89221c43f56ecaaf5b449a8d48a7be2	False
0xfe3fbd4da04d7c051ba871628047518b88e6fd2c	True
0xdc5f26e81ff6b2bbb656638884bea8496f577b78	False
0x3c0fda60fe46fa1e0652c95f73d837f66cd4ebb7	False
0x0e3ffb601319aa366600590894ce93b9ee95ccd0	True
0xd1e87a12dc10093c29e36d37894165a62f1ab3ec	False
0x19d5da3d6b3df1dc14749c819b0d445ae30d9c52	False
0x67dcd055ea1d4c65e7f036120001370b83422d48	True
0xaf915312ed15cb0e7c0c054fa30bcfa3709d3ccb	True
0x7cbb6ed873546e438b2084b35c75e4d4ae0a28bb	True
0xdbcbc6325a89aa145b7c6813e274f0dd749a8498	True
0x687f6a62e274050b30d0a2609786090f480ebfef	False
0x0941c2e747b2e3a79e155be261c76e84979789c7	False
0x89dfb886189540449650cdf4a27ca378c37fb683	False
0xeff88eef819d0b15563327618f9267adb7f3e09c	True
0x0c4925efe3dffc84e82141a489cf584c968a29fc	False
0x296749978aea0134f712bfe3d83c3f65d1e85aea	True
0x1a85c7f49d38d421a8ef941044928ad476adad4a	False
0x4a7186d311ce417efb981d77a967402d004fd106	True
0x3a91f1a06bdd3778f45fd36bb902926de81c8a31	False
0x3f5b13d09d79c83a177f2275c8484078205910a0	False
0xd8d8701505f88e87276064687e618b6e32ed4380	False
0x0e0cdf13d9e56dbabd7fac6e3b9321fcbda866b1	True
0x8e6824bc310516e9481998c94963e9c25c7fe1fb	False
0x88cc0036cd2f4d4fa4ee76308769554d2c6ac212	False
0xdbf74488ae41a72dd8c0bcb2bbea701417e9fcc8	True
0xa622ad7f47a86fd432cc904711d754e59a7625f2	False
0x4bc4e96b7c8c7f83d90282d28bd5c282ca057c96	False
0x5de84961c029e4cd4dedf6f8fb2d9bf2d046cf73	True
0x4212c679ebe0da3adc3b3cd6f47366179498aee8	False
0x5a6773bd89595fd93ea16f8c7e9dfdff8f318471	False
0x345d03604fc56ee1549bb4fca1178e13db4eafa0	True
0x4b30487871c41ea9d14c6892f9f5d41008f7f4a3	False
0xbd6c6f0c92b3a4ef72bbca59cd07b113abc77ab8	True
0x51798220b8d374d9eb42ad7bb4e9b54e15cd045b	False
0x531c7895478ac0fd2c03e8b4a60e69493f7655c8	False
0x0001bfdb0010f4c7f667d970cd7d0891dcd51f72	False
0x0ac124478096a5ed53f95e7e65fc682d6890be24	False
0x1d5020f3c28bd6197280dbc83015460d3e772220	False
0xde7d74c10db047cf38bda09fce35bcb8f52386cb	True
0xe270d3aa1cb4a5d9e6b067f01da2881766070224	False
0xcca2e023571046eb6a87a236305e5530cfee7210	False
0xb9612b0dd0806ff0d47279baa1b900514d3939c9	True
0x2b9dd809699c7c48dbd8345ecda33071978ca315	True
0x950633f4827cc3d5d8ce6ef163784091c0b74a5a	True
0x6df49dfbc2cf91a8ed41eac7ce5607ef94351310	True
0x43a1a3c0d22d3fd55f5c5f277a4b6161cf0fe920	False
0x206acc7390f1ce7083a7ef65b9943a90d92e258f	True
0x4b2b1491ebde9392328f13e809a157c95994952d	False
0x715668c643bca5477dfcc631bbd00f10436463a5	True
0x840ea51d59ec946eb11edd3ed93d2a9986af249c	True
0xbdb42c41fd4b1d05ac041c0c0121144103c346ec	True
0xd606dc3ae564b10687982d5acf58aca7132fa0d3	False
0x6beba56ec634dd3cb1824e73af14a51cab94f763	False
0x23c7367bfba59792556be0c68a5a43953146f99d	False
0x2d332cd8cec9433456765f15f334e6cfea5c5b75	True
0xb777032b5180efbcfe2e5a14ffd6dc029458d06c	False
0xb1072d84c8686015d6140856e1cfb89a25e5f63d	False
0xccd32db8cf34e761527fe1fcd59dfdf11699fdf2	False
0x8864c6ccc702096e8e6881396331b3de547a0711	False
0x33df4ca6a999dddcc8c595dd333a9bff098707af	False
0xe90b1451487373a7cf639b1737a0bfe76e1eea21	False
0xbf620bfdecc4a42bd5cdcc6e2b2c86b5cfd2cdeb	False
0x94ced16c595fbd236e9faec617c2ae6a2857c9ef	False
0xd0e9729d86e889bcdcd8c35dde3e2032da884b5a	False
0x5c21f31f28f2728eb0745284e9f7789af8ca2da9	False
0x7519d7b992c2a4efcdddda4ff3ec1102dc3483df	True
0x5b07f66464082d39fd9909c057f211ac6408bd43	False
0x02cc44faa4c55ad20b05a062ed50370b82ad7766	True
0xe1803613328b1a5bd43224075c8187f21a826ddc	False
0xcc508d2c524ff37d1bbc4aeb4296c42cdb1043b4	True
0xee506faa078cf875718fb38f1ffda63293ed3f69	True
0xa92eb2643d2def646e97d603f45f4f07da81c8e5	False
0xbacb96b91bd27c452ca5882193f794ebcf606e84	False
0x056fe577a514b842b75cc6bc096aa4979db67bb0	False
0xb5c0c1c24ef4f0a54fe1888438576f668cddb89a	False
0x6b74bfe067f363acf8811ad44315358976826efb	False
0xefae0594d39dc9a72f85462e1b33c32b94f4be8e	False
0x9831f71ed9e5015e62d3412716ffb8aae122ef2a	False
0x2d4450f8c004e3fbca44d0a9858851c8e8200df8	False
0x2707206cda1a7a07936001759fe753437e6a7607	False
0xbefd7b720984c0d76ca5761043dc709a51508784	True
0x2affab6ca5752ad1b64739572fffe300e2e1865c	True
0x83e1c4d9201678e58a78c013727a67880538e847	False
0xf7c135470d8f6da28e7c34a25bfdb1f2c60a29af	True
0x57b90ae9ff41d5c4d79115ec8c168b7ff10750e2	False
0x51dcd065896a553666f69dfe1d39c0cfbdd15e54	False
0x51e6a4720dbdb59370a204aa6cff9ac531b80d3a	True
0x982e60e2ecc8139a649637ecb00331e2514ba326	False
0xa9cf782ac5699c5c616fab6dc5724fea13daf221	False
0xec59d3840437bd3f57693967d4b73309ecfd3132	False
0x0924c65884be5f52149a8295332a8d5675419869	True
0x48780684d83d46a3d3ec0a13677cb3a002d6c635	True
0x4ecbee339dcb16ab0d31bb1202c38885187534f4	False
0x002530390339ae26ff48913f43736183fd7a68ff	True
0xd8c238663bb0b210a59d25f0d62b917d2ee5e01c	False
0x48e82a74651351f23150aba19586199c857bdd62	False
0x676a8d1415e7e8c06abf0a3419ba21f61d7e931e	False
0x62c0058e3c23ca348a6c491786b1c3df57029d20	False
0x13257b248d28de9c6c8172600c52968b242ee108	True
0x12c2a2bf7a87e8d46fc319ff004a19531621130a	False
0xa5ec3831dbbf5b5dfe2d24c79ec8055e43556fee	False
0x723241c9ff5d78a6843f644ee96a4df6bbe13fcd	False
0xf2c13caccef121183f823076f7b55049ce0aa417	True
0x6a8eca2e41e71603c101d84b1fe31875936ac36a	True
0xde41149358f6e7427500d7e26baed26412e8e1a8	True
0x9c2563ee806bc2fc15d384b70cf4cb549c616122	False
0x3e6cb4112c33c3480ba298633b06bba39d6c91ab	False
0xbb622edeadda85c3615a262b679864f07fbef417	False
0x0bf6ae53e23a75c90d28cdbec640212817dc8d86	True
0x29b94f41b80749fe8e397ed84d2209bc7d40e2da	True
0x4a22edec7c21af6c9b442a9bafd18c9afd02625f	True
0x3b6984c57aee882964c3e226ee66cd18d153adaf	False
0x7b5adf0955e98a3b0009e814db89bc46b1f0d5c3	False
0x76aced3edeb980389515cab89fa43b3ecaca025c	False
0x8a3246c23875e2bd7483c655127194d5235d3196	False
0x3a97127ce92a00a34bb594a44478a1cb91826fb3	False
0xce93af5e7d2b5ac0e0d323b51cc82a49af0c3971	True
0x1a6ee522398b9541ca7889823648ccb4b65ff4cf	False
0x14deff38adaa3daf2f4df84c0f936ef2d5d19a39	True
0x17edce7d35c1a5ab6d5e21f1c6f587e0515ecb91	True
0x61ccec1c242c3261e6b275eab50eb351541dc45b	False
0x7dea5b26c0afc633403a3843511099d309c34e30	True
0xa0cd4dc9f2a7582dc4c137fe3f7d8218ec8e9af5	False
0x1fd5e158b639c0347a1a4c8a3517d180965b8da0	False
0xcbaa7d2055433cd536e903f1787cf3200e837eb7	False
0x8fe412ce893a16e26890a9390af49508b966f6ae	False
0x51c136892735c8ff30abc51c71ce94e03efbea12	False
0x18799479e4d84b5cdc3ad7e9c5e197c90f7cfa87	False
0x159f854e7e0ce7b7300a6d73cfcc421142cb42ee	False
0x073addce8febb4282c8d1398cb12ef4c58913fda	False
0x2651af6e8a25f4c93911e64727f76c90f3e4072b	False
0xf3abfb040e775c453249f59565486b282d47c3b2	True
0x4a7939c57904769479225d81fdbad07507b1e07f	True
0x8a85d62466921c2c5affb492a6bf6f2db3c0e9de	True
0x6d3cc94e4ad070fcc0adcc389b75b1f874300d6e	False
0xafdb5922f651a7da9ab69c06cfdadc88fe6abb9d	False
0xf557eeb1ee5ca1a336f44395c20ee87ed805f70a	False
0xaf50be598494cade1576a76374c318f937ceea83	False
0xbcf78385bb8b60a1e0cf37cf4db817948d7f3f9e	False
0x7d3f774e0e07a2a9b6bcf83491d44fa826ec1d40	False
0x3a5ccfeb1c0a6481f9c40d0c23dbe1067428f91a	True
0x311139c2a5170a19ade3e5494e21245152a2b300	False
0x99bd67913ad8e7439dffe11b73f4da69247e5e18	False
0x44b5b685d7daaddc5c8b42bd72755312409f44fd	False
0xd3fdaeac03cd397b37f98375dfac9308c933afa8	False
0x9a64d7f840bdb34c3e8eacb5182d997d6db2c8b9	True
0xdce693b1fe57c1ef3673c386c5e508aa7b2abbef	False
0xd6116bb3adb577964dba9f04ff74cec229bdbfa7	False
0x47a83a28f56576a5deb109f150a20baaef88654c	True
0x97eb041391c05b41b4eb8447e9a8e315e4cf60f9	False
0x24d7a4550209c17ea5c2b20b8633685a5c43e8e0	False
0x71761f903f8e7d4f07aa4ca3671204a405d3d94a	False
0xefbffc6e688cab2361436a48c0d97a1f7c485cbc	False
0xaca63d1a3dd0a896f26d794f9fcf58f940ad8412	False
0x3a70ebdf554155624fd2bed607756a6f4416012d	False
0xc8e3668bba99a86e59c82f0a97b24a069db27455	False
0x37d3b33e469c7b99882e22768a3fc7c7b9da49ef	False
0x1b5d65b8125ce68bcb46477ed14f7047b15f513a	False
0x715c8ba1cde70a36cc4a9bb6d7cba3e4a1315a0c	True
0x845ad33d307b9278c80aca5e88a0d2198b64430c	False
0xa6d75311178c3a95bbc2411588288f48c7ddd3f5	True
0x1045173fb733d5d1377116f5bf3db764b97e3ba2	False
0x9e4f51302f6603c15e7dfde402b7d6d394e38c9e	False
0x5b4043f41f5f77e7d6d875a3ff70e684c7d17518	False
0x8ef58428f0175384e1edde0e1d145bec77b76608	False
0xb72cc2b8e06632064dd435fbb500600a3b9dd749	True
0x378161ec8e5651c81a3c867ae36125e63c4b710b	False
0x90459d133e3ed67391d04331bf2139b22d7f1e4c	False
0xeee46efde7186afc08ee164c28c86d6539b48cde	False
0xeddc2b04bcc909d7db3d869557111c134bc4125d	False
0xec7597d8dcea1d588c2a95193190a41e06c18732	False
0xb8b67a718cce71f97a2acda651055a03405f54cc	True
0x979ac06fdf8397f434f441b8d26570ec6d60c648	False
0xfd4d7b587bbb5477d14e495875987fcf2d8e8297	False
0x27e82077eac3229a361a31205fe2bea51e96ffc1	True
0xf491c75a0c6848372a23fea29b25dd742b5a7f24	False
0x4984bb987b98a28050b8f896d114738972fcdd03	True
0xbdf19d68cd33d3d93f38e1299fccb60174182cad	True
0xfec34015ae28d7081eb52b2085dd6df252ec8a47	False
0x43d83b2a54f351686511d950fd0d2d294e3ad554	True
0x67c6add8b31f96151421517aef6f29a7e450b257	False
0x80be2551db514f47c141b45bc91dceeb521af69a	False
0x9ba9524fcd305723e94fb70360178c14298dffbb	False
0xe461920afa9dc3019ff8803480497edbf6ce02d8	False
0xfe44d06d48195e47c84bc692ca53885ead28b107	True
0xf11b524fe7abbf575df609e4a417d820e9df02e6	False
0x2a54950a942ebc08898bb97328c71dbaabfb60f2	False
0x783c16cdb460e53467ca7216bfa9a54d2e73d2cd	False
0xb0ad3b39e3bd9a59d76905197f8c2d8afc3764b7	True
0x371f20101e1d2c36dba220c62dd3488d69b3e860	False
0x08589e544ecc36ac9a4997c0122d700fa12d8449	True
0xf988eb3dec13deb3c4b629ca827d3c2f4948fc14	False
0x23c7178acc36d0feb0546f9cf33c1f53996e0a0d	False
0xb6200b2204305468a28c201f593611e139934b6b	True
0xfcac68180ee0be5c5b123c632c53ce8db99b8157	True
0xd3fb5604e997ab5c58b511e3e316bd76a039db6f	True
0x140f747091d70e88f4575d65a3712b6c7d353022	False
0x45610a573b355b47eea9361f0777d17a4fe6464f	False
0xa2a4efc14550b31aac260412f45a57a8549ec834	False
0x61e88f56095692baaaf296f2c3fba0be0eccac2e	False
0xbb949e3d04715103482a25d69ac6a150fe4947e2	False
0x737dac481bc9eb2ce1bf68ee1a5898868813f0b7	False
0xd301888aaad6eef83484807f58416df21daef01d	False
0x590c1d21b02be6264d6c9122dd4f5a5d041d5f6c	False
0xc08cd6848c9a28475cf171a105bc19444eb25dc7	False
0x8e7415424faffe0bd35ba386c9deb1652facef4a	False
0xbadc1fe448cecf3fd9dec36faa03a72188eae16d	False
0x7ff888fac0411880b2e193691acf19e47b7219d8	False
0x616d91bf7e5c0b646e3e7fef99fe78e19958e9c6	False
0xbe9a9fe8538394233410338250802061b398a001	False
0x3caaaf9d5f78781d5a53cbd0269f22523657c1a7	False
0xd03fcf348da48b6b2dbb7f286631629f27343177	True
0xc782f997b7a519a6f49ee7154f3a551180f0c3d2	False
0xd51ed5ecde00c06e5f48dd53feb5c0deac019b94	True
0xb1b455ecccd7db7f030cd0c86fb5ef13b48dd622	False
0xcd0fb7526e01a967f3e75d6358b6193797898f3c	False
0xe976c921f2ca35da1e2e25a0f811d611fedad9a2	True
0xf1ebe97f8949b8c59d4fb89f08ac5f10948d6d0b	False
0xabe4ebac6d1eca5478729838888a2290592442db	False
0xc37ded605ff8ae5c52a2f68d20b529b25620699e	False
0x8f1b0edd6f9ffbf618e9e9be73a7fe36d4520a0d	False
0xc4e3086eb361b22f98feeee1c149849549a7f72e	True
0xb60475c5208aaa3a038f46807a2f171db821710f	False
0x00a63fbcac03f216eb1fa455634d2fcdfefa8bcb	False
0x1d37233a3a2eb775085245e98b25221d2d565c7a	False
0x801e6db4cc08f436032297bc32d1eede67133515	False
0x8bc3a36aed574b70711af49a1e6e17f71e50dae0	True
0x437cc68d45ab37d9b8dcc94a93cb94d9083c4a12	False
0x1211ffab08d5587d56cac8f2ed0489cd9f50f3f6	False
0x210ffd0cd0da236a45d641b0253965e594306655	False
0x8fddd24ee25519397a722955fc837b949987a236	False
0x6eccbfbf88af0f1550a9a78fcc9fce7079a6b6b7	False
0x128ea508831ecacd9f70eed974952939a94d5730	True
0xa43eeb990c0681ac5fd2be660d5eb0a88d59ecde	False
0x782d82c81dfae694b5a320dfa2ed955bd969e9c3	False
0xcaeadf1c08f65fb4cacf19cc94cf836621c1d8de	True
0xbc02ab01cf814cc3b6e3a003395b7773a8e5292e	True
0x30bceeee2117c7cd01793b36a4aa2cea5c89b6e2	False
0x0d273efefa9e83c4b4e513fa5c26dc71cee6e4b9	False
0xba5231d5df6c70850f850038456d0e085d8f4657	False
0x53b7d9602c1f8d242b0993ddeabc3375751ba6da	True
0x7555584d075cce3fc77eecbe1011a01666fc9a1a	True
0x41fa30aab5af251d2f08edf600d072a8c0792d16	False
0x10f6836e03b0ab7423a5df3c7b47328e012fc87d	False
0x0103ef28e2ba166b13479bce997832687d64d047	True
0x73b929ef3492c386f5201bc902a317ebf9539ae7	True
0x91ee8974626d1de044befeb8f39a0305bc1c31f3	True
0x9a0c05728b448c23738ae4d278e5fb4247fb87d9	False
0x8f86390963f1faba99468a8857e65e48ef2832ec	False
0x14d26cac986c76dbfd7e29a731c8a7085c582683	True
0x9d663a186eebe927d0ec432e6f7b202e99bf4f74	False
0x6643c5b1044e9a3e22144ce67ea3592245d419e8	False
0xf1a9acdc4e4054b5bee5fd6320a8d633d1b73986	False
0x9cde7b0a934db926342c39150adf77ecf31b1ec8	False
0x7b8b56167090fd842ea5ca7fa67b4c689e879fe7	False
0xef0d30d9e71ff0d122d87e4be2404744c474c158	False
0x20d1c9e5eddc13ef0cb8f2af0bb1da504d14154e	False
0x48a73b2398d9cce86d33d77f2cde49ae75506e32	True
0x3085d1d714d605848cd42c5cd52f703e921f999e	False
0xd3af6f4c835eea2d253dfcf562f9f192daedbc5b	False
0x1e629233a7289ea78482f039df9fa4a95bb261b7	False
0xbe4f9237b03e5dab07dd0b8b9a2f2ff717e3b065	True
0x030c79bb0496b6d0d8aeedef8835a2b80b8de9a1	False
0xaa35bb874f2c32b46cb5614f69bd31c7132a55e4	True
0x95ce3f6a5ada593d3738c05c45cba8291debc4bb	False
0x17d1f3f38fb0dac413b24ba20bebd7ec435999a8	True
0x7cc7de545aab21d8a8990981bb7c95142981af4e	False
0xc35f4aaefcb9f17d99ccec3da7bbecd5c7b4a6dc	False
0xf54b6b8d2aae90e5c63afe81e72c0431bd80489d	True
0x88a3fd40c41b5be49fc3bd08e55d7c2b057ed54c	False
0x7b80f5f70add2061a5e18453159536e4198c89bc	False
0xfd56be2a33de90cbeef8d77f17bd484783261501	False
0xc64b15af00b87b71048de723d5ec6619c02e9beb	False
0x2e1026c6c3393c3b875144ed8f272718fb2921dd	False
0x4a29950c980ef31afaf3e1609565fca90f1cd7d2	True
0xa324fbf8d0d185a603e517976c4d435b31efd209	False
0x2de050c582352cc00545cd2c1c8f781cc5825bb4	False
0xdd6d2c5efd05263920adf168c3a6589111bcc450	False
0x5c49fd43948cce3e2297b9198e8a17ac13f4d770	False
0x80d2d7c72ecdd5ea0de6d4d8714dcfb96d7b9b07	False
0x869ebb71029e02498287b2d35f752fb9c9abe545	True
0x139158142aaa42bb09ab073e6e2323244085cee2	True
0x255339f144c76778abbac9d2d59c36e6906aa638	True
0x834428f5fbcb0f4bf61f1645e50b1f05fabe6526	True
0x514e61c0a486433ab74b813a4413781c43b5b2a7	False
0xfcaecb15be4091eeaec8538223e7ca80a3c6ba80	True
0x3d796025e52136ee4ede8cc904cc8b7565c2a663	False
0xa5b3899425d548e08fd133364fe5955ce9d70a37	False
0x370762ded068c9a630ab51b75e539dd71749ce28	False
0xdb10b25d54a455cf26c7ca1a29eb8abcb7e0570e	True
0x089374aeae06fc3fe40d0674d6051e1e7d683abe	True
0x35bc588350bd8bda34fba45030002d94b08378c1	False
0x0f22da47e0e2afb92d15e0e33432e5da97d0a9db	True
0xce9825e0b67eb7a6ea36af10acf044a1eec31ff2	True
0x6079093bec369580441acb6a69db3982f6b5f630	True
0xcea2edce459be89e13134f6935dc62bb708e7a45	False
0xc9a7c8baef980054309acc039c612ec866b119ca	True
0x2038ab3d84844b1dbdba1bd12f80e74e3ba08b93	False
0x6e3c8847d59a055aa08632a27a215670e9ad0e03	False
0x2dad1245baeeafa1cb69136d3fc4106eb94d4c8f	False
0xa4ea4a09d483cdd620f7c464bb9754ccbea4b5c9	False
0xc662a47ac65c789fd51711d51ede46be4b1df7b2	False
0x04d78d953f5217f8f6ea3c7968cc9122a7d59c68	False
0x2c8c5411cb4a9e58fe0830dcd5645ac3b2ec467c	False
0xed6c6a3342e4c4e94636895575c553c90579ecba	False
0x38c43aa87b08deed392a965988210a6e90846ea9	True
0x6240e78da28096df89e1dfb694533394fdb5375e	False
0xa3e7af2821976d73f01934a42aa327d34896e502	False
0xadca59644fccda89a4c3b1e6b98bfea198f2b0cc	False
0x55accae693b204a8b34b67654cfef5394f59f3d6	True
0xf7aa3d54b447d95528bb2c58213d75dfdc7c9814	True
0x456a5772dca9416533bba35fcf66200278a702b5	False
0x9bdf106fa0c0f8fb4e22b6a05b45a9561372d3fc	True
0x6eed68e473e1ab18de82be716921e8273c7ec417	False
0x20dcb371d5f070094838f16de9bbd5ac33b5986f	False
0x0510c92ca16b5ac771f7d3370f00fe3e17b6df06	True
0xf92330a55242f6d2f3841af0dc253941a700ae4c	True
0x861539cc013dfab7b81454c61802167f486439b8	False
0x6b90f9621938f817fe012b885690899fe931d0df	False
0x739a761dcf36507a05c2631eb2355e0f6a22f0e1	False
0xafcf02b6956287c62892b524598bf8b825e7ec20	False
0x3264292909d2bb3eee743c9a9f2ad2255d83d539	False
0xfbd1de7c8fc90f801726da0f991e72185b981e4c	False
0x3614b4f9e5e6c66643e30e246693fdfeebc90879	False
0x6144417263ca73ef0b04f166bdebaabf9327131b	False
0xc1921cb1ca91b9a8da32fa301db19177c6d08290	False
0x5d79134d1c478018ad2c9919f93c2914c0dccc08	True
0x7f12f3655557927243536a1967230b53698e0f71	False
0xa4272fd56b5ca4a66a7cff8cbe7e0e7c590705d1	False
0xadb44e1e8411a816ebb0e815cc47fdf6b4738a66	False
0xc510e82828cda44309d178e3a6d6986f0d85d0de	False
0x07afdcb170dcf76ea8060ff59258173d0391e8f1	True
0xb6d6e8ad41c2421d49929aa07f2cd9d4d2a79f1e	False
0xb2ad740619980248d38db9ac9f89b2c125c63ecc	False
0x6da5e362360958282b8e963a50d36e91f6b16cc6	True
0x25187c353134007ddfd1364412a1bd257293db93	True
0x9b54e03cb137e4157029e915fa00d76830251072	True
0x315e42d2602086ed526cefd5fb961cda7f363fc2	False
0x002669eff0c3ecef0bbea690cc85163cd6459eb5	True
0x3dcb844113e73d1965d11b0b55c3686a20bc53cb	False
0x23fdda42b94a24dbbf03e58a531c3b837aa9ae5e	False
0x83c1a2f30acd92cc705a4c85a168f73b2cbc75c0	False
0x95442a5029c6a9073e2008204e11de426123e7c2	True
0xe97fa93223ab4eb4cd5e0c942a2caf13922dbbaa	True
0x011dfcc7210e444c487bd4bf22c2a2643e6870b0	False
0x213e66ea44b5e8de4375a5ab0a0de8232d8f3845	False
0x944ec73772157298793f48d2f1e6bffdee2d35a0	True
0xa8366de34ae0273bb92175b1532b0426742a2957	True
0x815e361164ccd2578bd59d7615bcefe6e2d6b999	False
0xe5ed0b230cfe9b639820b56153bcf268b4c7b2f3	True
0x1b94dd8b4beac56b55b42250bc0fb955d453f0a8	True
0x4132093b800e6f2d84f0be38ffefff1a78efb92e	False
0x74449fc98c9f8376e242b708f45eeb9a79806748	True
0x8e277fb10f76c73f97241fe16aece0f817e487de	True
0x3bc412d7ff61bbbe1a4fa88075d1dd6d2d05851e	True
0xe0709706999e0f9cd285e65bc3b2197e4d8181f6	False
0xb490b73d000de7e7ec2e8561b470c9b573d9a565	False
0xda5aed8a9a9d46dd9f2c3258250b7caac05b0c17	True
0x3561ee0e8bee069961a2f3b8efeb47c306c3fa52	False
0x62973c73270cce549f397ad32f7dbc41136c914f	False
0xc854af17b6003f10ee21b0ed78912203368181b8	True
0xe246dd2d07ff88fa3c975e7acc69cd49d291a32b	False
0x38378fd26b16311b4258249a881b50d3b06f962e	False
0x001ba7dc2ddfa893c17b6b478c9853b83fc8594c	False
0x725a41f11040e6c864a60024eebe9febb0296984	False
0xa622c5c46d108c121e6b8f09ee15aaa106c27b96	False
0xf61475905c8ca27035d27996f3d1486ce569e93c	True
0xa91b4e26f98e488deeec3b783cd0d2c821284111	False
0x7c9bb229c18380e0e76629610ad7fb4e6fad20bc	True
0xb1cfb5b2c95a0317abbb44dee99f4e7d820188e1	False
0x02043ad19b306660d583965abaa13d78bf655115	False
0x4890599650bc97d9a19df1886a33faa589b60c80	True
0xdcc51076a4d5fdd7e69c6cce809bcd413ed2adb2	False
0x72d70d73176065ae3e3e1a3d0a5b462c2ec1ed29	True
0x7e302e0784916ee15aa52abd9fb53c2cc60c1342	True
0x5b178c9a6ea7c7e2f318af15e85327c18043b679	False
0xffc789e612493fdf77741c17e2122c906900d3a7	False
0x6c074b549ee7e1e8b59c838e6fcddabde7f76b66	False
0xad4d9a071760789dff83d6f32962ed0890608f63	False
0x9dbbf0adca718d3abde49103794ccefd8b4d5ef1	True
0xc78e1af893c8fa762ec072e220e831f267670484	False
0x3d18c9da018fced10cff1901b93ccbb9e91efb93	False
0x10c60b67de79b20fb94cfabfe2b9541a5f67cfad	False
0xd4aee1ca45973c38e6aba94b63307fa3756c5237	True
0x30764156695105c930349ed98114fc4a56b79b79	False
0x49ef17995062459fc0d16ae1a1e5ea7f1133554b	False
0xabebc02177422f4a31cf37986748dfa0852c2a6b	False
0x2dc0afc53bda4586b289f49ec23b0d419e4d417d	True
0x3bb1139e4f335cd63b732f710683b23bae759df7	False
0x5738ab5a2df70a1a981372a622522feabdd05c96	False
0x27f5feef727b8cf80be551544deb6121147ea6a7	True
0xd7ee5801cee8406b6441ffd092bcb48a8c2a5d70	False
0x5b4644f48d194c5ee23459af6d9cc61982e8025e	True
0xa3a8e56be303a9e34e5d3b60b16de876c881223c	False
0x83dc619f2801b3358f6e348d5163a5ea611abb9d	False
0xe1b334f1ac1bf7089d1695517ec366a8ab37ed81	False
0xe346a3d4cc8e76439f887fe3d31d5a931c480649	True
0x1671fab6f535fdcab2eee26809c4b11741348cff	True
0x333cc68e1039ae025d50da8546b2862e1de6eaee	True
0x40aaf2f7279335f426ae4d9ecec22c9a745abaf2	True
0x1a2556d120fee019e6cf73c15a0b53d0f7bd81f6	False
0x373501bbe2b558db47307ddce919412e2c711aed	False
0xcb9a32791696fa4f7a9e20a236b638741368ae9c	False
0x05734db3af029df1855683daecb4eb85e8ea99ef	False
0x5e64c49f7372890ad9b675af41c8a9212063ed3d	False
0x6649fac221a135be98944432bca3d5da2f082069	True
0x1e658a1be929c9a5e03625b94256277df9642729	True
0xd39c36966e48ab13d619ef6f8fa2236570118728	True
0x8166f15767d2d5e5ea0981b454e9a4d6e02e7e0f	False
0x795cc3e8bcef563639daea76ef973c46a92300b5	True
0x2cb639c1bba007f819b4d327fe3387d11565443a	False
0x55080ec7aa7b99f7678f062c971d7d170f2da568	False
0xa61b48052fb2df962706d670dc4d6d07634d85c3	False
0xd4e88f2bae772936d6287ed68cccf475fd7e04d0	True
0x73c4e013187109a5dcfbd6df8b87cf108f81c2ce	False
0xfd6ecc29fa4e414cbb6d46c3ade43e86c9e38a67	False
0x268f6c56a884361905ae837d62258a802d1a684b	True
0xaa964d83acc30277b08e4050fa71f991947985f7	True
0xf8e63372c5c6e8946714cb3cffc6ca31e91611ad	True
0xe94d9c4b805570586044fbcae036bafa69a73ee0	True
0x81c1a5bed678d867e283a686a34d7d84ad7877d9	False
0xf30df071d611c3288119e6ab6fb72509110b5e85	False
0x93efb7d09bb3379b1c597dbdf90e785f9f84d3a5	False
0xa0443d41823f7cba282074031ec11cb6204b9da3	False
0x490c579ecc91bccd3fd3dd89382d611061c85008	False
0x156f826ddc1089ad8ba70e080b3ffdd703b7c694	True
0x2d703663ff3b7aaeed50d98283600a5ff6da8fc8	False
0x490dd836f6663c09a70e7067597d0a4ad0d52e6b	False
0x148f2255c46897b4d27872ea02bf66c61cd6becc	False
0x59d60495e5bdbfaa59e7d16f66d467a8919c4713	False
0x03fcdc5410d87a04ff45c744efe53a8a48e4e2b0	True
0x28c03218dc92ac5753606747e81ef3ef8f6df077	False
0xc806d09b4fc1b732f83ea7a1a96ff3f27306c088	True
0x76ced3a52831785ea5a292cb0802ed8abaefa862	False
0x8615fe846e55752c3857204a47b493123c8423a8	False
0xa9c8bfa9c430a438303dc591a07ae5f55a2a2ff8	False
0xe78a529353dd2262056f8c1453a88218fc9da0e2	False
0xa82168f3d04ec265c25a7580c16af55d6732c382	False
0x9373383742815b474e9ace6a694599e7952e0900	False
0xf66c37f5e1b71d6a4d47e4b20952db959bb1101e	True
0x736a1ee5893e215249bf167e91777134a2a6e96a	False
0x74f074a99d6bf8cb6964dcd0058cef80ecd858b6	False
0x032c335066c3720679e83b21688c73ef5db6c6e7	False
0x157dd261714aae1a5fcf0dee91b798ecbfe32c10	False
0x47468902a62e6736fff4ea794262748884bc333e	True
0x487b453d40ee271205900a3bb8874c85979c2184	False
0xd2b79ce87de02d904bd5cb88da31fce2eea9891a	False
0x6db4c4f8655d090a480ca5e7c9007089907968a1	False
0xbfc3ed90dd01404843d777ece0d45b47479163ff	False
0x89ddb3bedeccaafbbd78d32ec8aa01fc88a48dfe	False
0x3863306d156794ca0cd1731cf2ef62754a4307b5	False
0xbfd57f25134f6f2257c3a34694c8b3827278963e	False
0x8515cb87041c64da860ac17462efba641ca36311	False
0xd555b9dac10fad7ec09cac960eea9fe0f22a14a4	False
0xd7714953169771f01aeafc119e8ed91f423d279e	True
0xab19e97ec5c6d644c39d4431df5e06a0951ad004	False
0xda6abe9bb996eee67b408d55fdca0c5abb33e201	True
0xd1535db41b5cecbbf075d24fe85628529c101c21	True
0xd7c700db935f4969fa945b70b94a9fff7c256e0a	False
0x16de02dc9ecb17a089a80df6c216adfa07dde417	True
0x986dbb1a3de82d66fd411e1da96dc6dd519bea39	True
0x2cb8d6bee82ac69aaa7be800f6386d6e2e7d73bf	False
0x4c46d60765fcf8b7a6f2c008ee2505e9762f9795	False
0x01c4fb0cc06d93da4f9966e6a3b6a999b0c09838	True
0x6254bbeec3c6f824f30aa6947b20296dde59b723	True
0x9030e2680861289294a202237f4cd397270c511a	False
0x3cc9ffdf72f8e1022b1e5b38501ac4eebb5783c3	False
0x7438bd75672706b82ea0db571e09c980f5f4e1f7	False
0xcbb0c501788012057c9733096072b7ee17ff306f	False
0x5ea9e876a7764631167927ee5dca593c8a2e1ba5	False
0xe3824f28450076e6538a2593d9cc930fffd66b3a	False
0x4781b025fc185518b6a71d300ae1b5794d805c0b	False
0x36d6800c45ceaaccf180198f0086bc0657490e03	False
0x7ab469a78242fcd7a9fc19dbfaca5b1bf9202374	False
0x18708162abc54f71dea397b0ec853b6abb0a81ea	True
0x8f07ae807a0f7e3463ae4d0ba8c59fa318800d1e	False
0xcdf8a6551778a28bdbf1ee6533b6efcacb79c5d2	True
0x09de98671ff87a8e1fe4ab8e1dd70ea48325b319	True
0x3174a484a3ed4d271b09fb1f28be532aa3e12388	True
0x2257c10ca18efa8ce46145712d5daef4fc38a15a	True
0x0c1ab77913dab07d7c6e5153cf3ea0d210eeb919	False
0xfb72e7b9af89c226eedbf9d0489d5c93ae469afd	True
0x1d4781a46a6cf79651931afe3edc13625f2f96a8	True
0xb0d90460968ebd3687ace46132d51867b59bb86c	True
0x12a9fa9375444d0686963b06b4c68c6b03aa1ea2	True
0xdc3ffebba3bc1c8232b274b164a12ffafc2fd880	True
0x64294bc8a7cae36f137114fcc26d3cab88b71aae	True
0x8bc11d71589d113d1e315523bff0ce3bae78430c	False
0xd5f82fe688b665fe9942c8e545e634e83b00cb55	False
0xa52d4134bf778d52b8f56c5e2acfb1c9ff934415	False
0xcd6f973887fb5968cc562839a764b641f09bb4b2	True
0x6e0bdbdc5cf27ce8c8ad54fe4f11ae91088429d9	False
0x637dd9b21cd6d9bba6abe744d632dab43901479b	True
0x1ba3ac257d88d245e52f737e3e61055ab921f044	False
0x30ea34b0dadaf7a950a846f76cc6153867656e16	False
0x23b8cd694aa557e1ef697e440b8941e34d535c56	True
0x87cf011225ce753fe2370e4f0900218618632ba2	False
0x3f12960ac31fc8c633e6061de6d25cbe6de8fd9c	False
0xa48068070f3a5cc9da3f69472c713e0c781d3686	False
0xab761c589b86c25fdcdd1a7a1d3c16be62e87083	True
0x2fe5c5ece05f7f7c12a81043776aecd950319577	False
0x5d6b16a5af31ae6021b49eb654b78d1f3174ce01	True
0x1e5d35681447ae1aef46160b5145f9c5795b2512	False
0x9861da132eabdb0bdba8b6e32b6533f7bac6fb0c	False
0xd3afa360580a9b114d387369796fb18eccd13ed3	False
0x104b0d08fd1e20472e48b5454b6b0854ad9e748d	False
0xee50d5a8cf42b6b7b8a5466a5b1dffcad22e1fc1	False
0x31c5c527efbda746898f4cb9b5290f76d15bba06	False
0x81d30bfe9cb955374ab0645b5f03d399777216f3	False
0x516d4a3b79a4c462b9e4e12e3384fee7ca157f1c	False
0x8ee7a14cbead02b79f5cf5f3c7fc001fe3a2a744	False
0xada0d569daca02a8c220ab1ce3822fbb0c422604	False
0x1d8374747c340c262a50a3c9b5a8fd1d606ebb21	False
0xb0732b63b075e3ebf5995b1d994096d175dcf1e4	False
0xd7cd8ad8ae5d5e972fe8e47e03971f8f805a57e1	False
0x47717fa324f513275ec1085151bf875471ca4cd0	False
0xec329a734275f69df41665cde17382fc070b1832	True
0x8114e9783c7843a20e152d16265745e92b849295	False
0x81ac211bf75b1d161de723f3be508478046a4dca	True
0x812b33303dfd3d46a41144980aee2cb046ef43d0	False
0x6268428fd3f3d42ebc56a3a050ac945a171e6455	False
0x7d04fd0300ec37b9bf753b5e1eb83eb7b0fe42bb	False
0x06dd2075f3ea2e1d81e6414fe2177b1faac096d1	True
0xc333c5e1591170c2813c7990b3b14c143701f0fa	True
0x522b8f5696a1ce59b525ecf78101a66b3aa65fec	True
0x90145e972df4c4785192ae1922c3fd46a879b097	False
0x263ac5fa07afd08d746021ed3a845587802b4717	False
0xc934cba180b144dc99d70b5bf96077c099a14d2d	False
0x308a4c0390710e92f73d2f1f772b6b9f2f14eb23	False
0x3427b2b238fd94a5cce545437fc66c6bd6e414dc	True
0x215b09886027a39918e9854d0c641c7b40ec65a7	False
0xe916d8335c2ca34d334e61c1e0499de7782c62cc	False
0x197f52f6a9166e0b028ffa0206b0abde623403f6	True
0x3ccb1310f9f74be7ec4582b6561545474b252091	False
0xa25a293dd4c252dbd8ef18ffb82924d820b0544e	False
0x902eec88de841817aeb4a33d5385e26d08f9fe62	False
0xc48f2ec526daac7531e5f9a513856fdf2dacaa79	False
0x20ca9c9814c22d9d157679b734ac179eb538702c	True
0x7c2ae4f21a9da90b370ad6989868ff4cc653bb88	True
0xa869041570b1df9fb89c8bbb5048a4ad5cf4cdaf	False
0x813865af2f2b075ccc49da2d474f96f97827bb5c	False
0xaae095bbb79e8b2f90ee36e49d0eec3e8567b06f	False
0x2c767c6598f7c60ecb92a939b4c0da34a9c01548	True
0x8bdc9263d6efc598adcfbb4de35176fb1c20ce41	False
0x42cef6686ad95684a53b35a877313c28745f57f0	True
0x3f62e545b1f5267a1c1bb9cb009b9d886dfb9378	False
0xe777dcc434a0be9c3f9f4e9f9c47ab2dc3869584	True
0x488fe1ca1a746f3c4eaee670e2599de634dd4ff6	True
0xbf07be208ae664b35b397dd61435be0c2269fe89	False
0x19b68394a1fef894d7630c7177eca918a50db246	False
0x3c651a1ef9c9e784b4894fe36c5e4e1a770a55bc	False
0xf84bee7859405e32c6fa02756376ba8dfabebb78	False
0xac12483a7efcbd6023d5ac90b73aac9063d79f6e	True
0x8e5848e649da97c4380e495cbaa3614c05958eb1	False
0xfa3fd29148e1819903b84597a2922cf18ae0e113	False
0xcc0a5a3c21da9b6839d1a96883c6e9a464fc01f3	False
0x48dd643d6745393e0e8b32c6884586b5de54fe41	False
0xc6ea122a7eba08fe59121dd17b2145ff8b6e4ff2	False
0x99d763e1e2fca7c5723cf0f2fe97995148adb6c4	False
0xc4a9a739e79b8f727fbbefa5670dba568c58bf0b	False
0xbaee6311df6c3b412495f8b898812453b75a0486	True
0x339f297639986f638ccfbb3e20e42b4789fc437c	False
0x6e5f26d87e01baf6b88769bb251260e6dbd153b0	False
0xf2f2a08792ffeea4ae9e5f8c52e4f3efe8ac8f64	False
0x4bda7335b96d0decd87f61edb0614a3986b27c39	False
0xcfdc920d51c329acec9e2d907fee75b7ad02baad	False
0xee22cb7c94ead5466c3d6f23fc8ca473cf9cf25b	True
0x65239719f17a2eac792fa4db6b4c2eac1f4714ef	False
0x0a46315a68b786b086dfff2e04c710f31113b2fb	False
0x6d5d10c8f6c46a272068d0c2abe418a924eb92a5	True
0x8f5460544b57bdcdca3635dfca977ab762142a4e	False
0x70f132c9153556b00cb77e746a9e49af9cbfe867	False
0xfaa34fa0369f67a6a75dc247cf428e80bcf0f655	False
0xf3129f4df83d80c9c470c3ed7c4e289ea4a66aaa	False
0xad46cd95f6739b0be72070c07fa903fa80f37b08	False
0xabc275bd7124ea909d42076bd48ca4250c55bb70	True
0xe1d36eb29e8d6c3265cad4a5dbc1d42e3d78e41e	True
0x178352958aa298a8ff1b16c4786197b69a52be3e	False
0x39065ec77a314d3baced628f68f4e1ce7e70e1cc	True
0x37398bd504f57fb089a954c0b6adfa0c950fc1df	False
0xd76b6c568baf45db9d1fd082b1fec0250d560294	False
0x469f8f0c921cb2736a6562c0182235dcba1f282d	False
0x2422db4d3f5f15142f83199ce68aed144ae1318c	False
0x80d1ea233e2ded130de99219f86f1fa8c3a7a3ea	False
0xe26e83b18d1b9342e44250204b3a79913f85107e	True
0x0ccd5f93f91484e5ca439c91f6987b9ef8192951	False
0x0f76d801863d58315f2820964e7e4358d8cebf12	True
0xdf2bfba1224ea99aabe223a4ea1ce55250164288	False
0x872d3a0147203f933f27d59c2f6f21082299f4ce	False
0x45119ea6a081c0ff9ee6c96af9a48828934c1b08	True
0x72a19c5585b4031d44b53a52e0290a1e26580285	True
0x3361da91d780c70588b143f1e6c9fa9eaff01ca5	False
0xf1f6cbe803a3e0d4719b302546d91d498b448e6b	False
0xa7a0d37b781aebad7df174d0bf7ece6f34e958b0	False
0xa84b6ecb8a6630d286d9e5d3ec81db32b0221427	False
0x3ca0b2cc67b021cb45ead99b381dfc3702701940	False
0x08c77631e3dd606609365b9df9cbe9ec40b8d17e	True
0x4fe7f97d034eb7214c8576afc85307f52ebc6860	True
0xa4a84e319810e3a75901da898ce955321170cfe5	False
0x3df1efe2d6ae58064dd77a83e5cb0c21dcd9fb46	False
0xfd2cb7349f58f1252638a3a2bd252a32dca8715c	True
0x24aa2b2e2f33bc95288b37101934c63860a4642e	False
0x9fdf1eed0467437132cd72144b5b6789d617ae12	False
0xc9dff9418b0c4654bf1e54828225e43724db0079	False
0xb83614e5b618349d59a21553e9de913429fb21c4	False
0x34f8d982faf0ff4c3d365ddfd98e3a8b440000ed	False
0x6f23df55a0bb42b19da941cd3d243d25c5bb13d9	False
0x328a60f1b5d248ad52ddbb2f21d8180daa0f080b	True
0x7d804861126efe61f2a5ef33e92d181c2f53ce96	False
0x1ddc274311701d44abe4a754743eb3290110186c	False
0xf5e3060afcf25b8f235e10bb834bc42da44febf9	False
0x8b5a491aa78a9df3481afc3ece601df5cbea71bd	True
0x7f16f5aa4bf4577402e035e518055be7c3c9bc28	False
0xbd183b709d6aba1e371e0f03daa2724a92530574	False
0x081f81d45acb988937021b916b55f15c73825b6a	False
0xee5b12bf5ed4b03864c4ec573ae6321573b45152	True
0xc45977ed890f450ed721251b2c6b284a161f1366	False
0x4a295d2ce4d685482b216b149629cfb0e6e695fb	False
0x08a439dc50dbf3fe7f10b67d3351eca8d73d25c2	False
0xbfafe8ee89ac5da752fe165a2aca83d5be58fa71	False
0x39508ea80c529a4fedfec858cc6763d3236b7a70	True
0xaf12994f922462a6b8696c0ce2c12e9ca3e9ba23	False
0x480e730deba76f04c144c7c3722e481dc397e428	True
0xcfb0e040b41550289bdc2930b226b4905d24438a	True
0x55d54ea469a1a896cdbb2b8fb0ad7eb72c981fa9	False
0x0bca20cdfa83988e3dbe186e38e3b3cc701011b8	False
0xa02edee1138a3d4a521ebabe4042e9851c2a0fbc	False
0x5434f237f418b6a03e99ca12a3cdc1c0d98a7852	False
0x0e120d5b8aa1ac4f119e568fe1d100da7ae1aaef	False
